candidate_index,candidate_id,canonical_feature_text,member_phrases,fixed_v3_1_b_cluster_id,fixed_v3_1_b_order,normalization_version,merge_review_status,fixed_v3_1_b_inventory_hash,source_words,source_prompt_families,source_models,source_rounds,source_ids,n_independent_responses,n_source_words,n_source_models,candidate_inventory_hash
0,v4_c3c8f7f56e36c4f3,can be formal or casual,"[""can be casual or formal"", ""can be formal or casual"", ""casual or formal""]",B_011a505df4e1,0,v4-proposition-exact-1,imported_locked_v3_1_b,316113ab46aea52cf5dc03d32c1d7d50d30658a7a42d56b6d5ba6043616cc55f,"[""blouse"", ""boots"", ""cap"", ""coat"", ""dress"", ""dungarees"", ""hat"", ""jeans"", ""pants"", ""pullover"", ""shirt"", ""shoes"", ""shorts"", ""skirt"", ""socks"", ""sweater"", ""t-shirt"", ""tie""]","[""A"", ""B"", ""C"", ""first_to_mind"", ""less_obvious_general""]","[""Qwen2.5-72B-Instruct""]","[""0"", ""1""]","[""v3_1_qwen2_5_72b_round0"", ""v3_qwen2_5_72b_round0"", ""v4_qwen2_5_72b_round1""]",919,18,1,316113ab46aea52cf5dc03d32c1d7d50d30658a7a42d56b6d5ba6043616cc55f
1,v4_4d3338b95f9370e2,long tail,"[""has a long tail"", ""long tail""]",B_020e6b6e6ccc,1,v4-proposition-exact-1,imported_locked_v3_1_b,316113ab46aea52cf5dc03d32c1d7d50d30658a7a42d56b6d5ba6043616cc55f,"[""alligator"", ""caiman"", ""cow"", ""crocodile"", ""cuckoo"", ""dinosaur"", ""donkey"", ""dragonfly"", ""elephant"", ""gecko"", ""giraffe"", ""horse"", ""iguana"", ""lion"", ""lizard"", ""magpie"", ""monitor lizard"", ""monkey"", ""mouse"", ""parakeet"", ""parrot"", ""peacock"", ""pheasant"", ""ray"", ""robin"", ""salamander"", ""tiger""]","[""A"", ""B"", ""C"", ""first_to_mind"", ""perceptual_structural""]","[""Qwen2.5-72B-Instruct""]","[""0"", ""1""]","[""v3_1_qwen2_5_72b_round0"", ""v3_qwen2_5_72b_round0"", ""v4_qwen2_5_72b_round1""]",731,27,1,316113ab46aea52cf5dc03d32c1d7d50d30658a7a42d56b6d5ba6043616cc55f
2,v4_8a2af8c36e42e914,used in classical music,"[""is often used in classical music"", ""often used in classical music"", ""used in classical music""]",B_03f831773837,2,v4-proposition-exact-1,imported_locked_v3_1_b,316113ab46aea52cf5dc03d32c1d7d50d30658a7a42d56b6d5ba6043616cc55f,"[""bassoon"", ""canon"", ""cello"", ""clarinet"", ""double bass"", ""flute"", ""harp"", ""harpsichord"", ""organ"", ""piano"", ""saxophone"", ""trumpet"", ""violin""]","[""A"", ""B"", ""C"", ""first_to_mind""]","[""Qwen2.5-72B-Instruct""]","[""0"", ""1""]","[""v3_1_qwen2_5_72b_round0"", ""v3_qwen2_5_72b_round0"", ""v4_qwen2_5_72b_round1""]",291,13,1,316113ab46aea52cf5dc03d32c1d7d50d30658a7a42d56b6d5ba6043616cc55f
3,v4_c76e5cee146d217c,often black or brown,"[""can be black or brown"", ""can be brown or black"", ""is often brown or black"", ""often black or brown""]",B_041d8e8e1ca6,3,v4-proposition-exact-1,imported_locked_v3_1_b,316113ab46aea52cf5dc03d32c1d7d50d30658a7a42d56b6d5ba6043616cc55f,"[""beetle"", ""blindworm"", ""boots"", ""cobra"", ""cow"", ""cricket"", ""earwig"", ""horse"", ""leech"", ""monkey"", ""sole"", ""spider""]","[""A"", ""B"", ""C"", ""first_to_mind""]","[""Qwen2.5-72B-Instruct""]","[""0"", ""1""]","[""v3_1_qwen2_5_72b_round0"", ""v3_qwen2_5_72b_round0"", ""v4_qwen2_5_72b_round1""]",123,12,1,316113ab46aea52cf5dc03d32c1d7d50d30658a7a42d56b6d5ba6043616cc55f
4,v4_44ab13e062ebd7f9,lives in forests,"[""lived in forests"", ""lives in forests""]",B_062bb869fefa,4,v4-proposition-exact-1,imported_locked_v3_1_b,316113ab46aea52cf5dc03d32c1d7d50d30658a7a42d56b6d5ba6043616cc55f,"[""deer"", ""dinosaur"", ""fox"", ""squirrel"", ""tiger"", ""viper"", ""wolf"", ""woodpecker""]","[""A"", ""B"", ""C"", ""first_to_mind""]","[""Qwen2.5-72B-Instruct""]","[""0"", ""1""]","[""v3_1_qwen2_5_72b_round0"", ""v3_qwen2_5_72b_round0"", ""v4_qwen2_5_72b_round1""]",120,8,1,316113ab46aea52cf5dc03d32c1d7d50d30658a7a42d56b6d5ba6043616cc55f
5,v4_290db14a37574b81,can be heavy,"[""can be heavy"", ""heavy"", ""is heavy"", ""often heavy""]",B_067e9b96dc88,5,v4-proposition-exact-1,imported_locked_v3_1_b,316113ab46aea52cf5dc03d32c1d7d50d30658a7a42d56b6d5ba6043616cc55f,"[""accordion"", ""adjustable spanner"", ""anvil"", ""axe"", ""boots"", ""canon"", ""chisel"", ""clamp"", ""club"", ""crowbar"", ""double barrelled shotgun"", ""drill"", ""grinding disc"", ""hammer"", ""knuckle dusters"", ""lawn mower"", ""machine gun"", ""pan"", ""piano"", ""pickaxe"", ""pike"", ""plough"", ""pot"", ""rhinoceros"", ""rifle"", ""saw"", ""shield"", ""shovel"", ""sword"", ""vacuum cleaner"", ""wok"", ""wrench""]","[""A"", ""B"", ""C"", ""first_to_mind"", ""perceptual_structural""]","[""Qwen2.5-72B-Instruct""]","[""0"", ""1""]","[""v3_1_qwen2_5_72b_round0"", ""v3_qwen2_5_72b_round0"", ""v4_qwen2_5_72b_round1""]",365,32,1,316113ab46aea52cf5dc03d32c1d7d50d30658a7a42d56b6d5ba6043616cc55f
6,v4_3b64096f1168861f,has a handle,"[""can have a handle"", ""handle"", ""handles"", ""has a handle"", ""has handles""]",B_08e5d691f89d,6,v4-proposition-exact-1,imported_locked_v3_1_b,316113ab46aea52cf5dc03d32c1d7d50d30658a7a42d56b6d5ba6043616cc55f,"[""adjustable spanner"", ""axe"", ""bat"", ""bow"", ""can opener"", ""cart"", ""chisel"", ""clamp"", ""club"", ""colander"", ""dagger"", ""electric kettle"", ""file"", ""filling knife"", ""fork"", ""grater"", ""grenade"", ""hammer"", ""kettle"", ""knife"", ""lawn mower"", ""level"", ""mug"", ""oilcan"", ""paint brush"", ""pan"", ""percolator"", ""plough"", ""pot"", ""saw"", ""scissors"", ""screwdriver"", ""shovel"", ""spatula"", ""spoon"", ""sword"", ""tambourine"", ""teaspoon"", ""wheelbarrow"", ""whip"", ""whisk"", ""wire brush"", ""wok"", ""wrench""]","[""A"", ""B"", ""C"", ""first_to_mind"", ""perceptual_structural""]","[""Qwen2.5-72B-Instruct""]","[""0"", ""1""]","[""v3_1_qwen2_5_72b_round0"", ""v3_qwen2_5_72b_round0"", ""v4_qwen2_5_72b_round1""]",1145,44,1,316113ab46aea52cf5dc03d32c1d7d50d30658a7a42d56b6d5ba6043616cc55f
7,v4_4b16a8705dfaf0d5,small insect,"[""is a small insect"", ""small insect""]",B_0a3764ddacbb,7,v4-proposition-exact-1,imported_locked_v3_1_b,316113ab46aea52cf5dc03d32c1d7d50d30658a7a42d56b6d5ba6043616cc55f,"[""ant"", ""cockroach"", ""cricket"", ""earwig"", ""fly"", ""fruit fly"", ""ladybug"", ""louse"", ""mosquito""]","[""A"", ""B"", ""C"", ""first_to_mind"", ""perceptual_structural""]","[""Qwen2.5-72B-Instruct""]","[""0"", ""1""]","[""v3_1_qwen2_5_72b_round0"", ""v3_qwen2_5_72b_round0"", ""v4_qwen2_5_72b_round1""]",412,9,1,316113ab46aea52cf5dc03d32c1d7d50d30658a7a42d56b6d5ba6043616cc55f
8,v4_f99ce7b44929a6ba,can be venomous,"[""can be venomous"", ""venomous""]",B_0a6ac8286a03,8,v4-proposition-exact-1,imported_locked_v3_1_b,316113ab46aea52cf5dc03d32c1d7d50d30658a7a42d56b6d5ba6043616cc55f,"[""centipede"", ""cobra"", ""python"", ""snake"", ""spider"", ""viper""]","[""A"", ""B"", ""C"", ""first_to_mind"", ""perceptual_structural""]","[""Qwen2.5-72B-Instruct""]","[""0"", ""1""]","[""v3_1_qwen2_5_72b_round0"", ""v3_qwen2_5_72b_round0"", ""v4_qwen2_5_72b_round1""]",282,6,1,316113ab46aea52cf5dc03d32c1d7d50d30658a7a42d56b6d5ba6043616cc55f
9,v4_8ea7be492069bdbc,lives in africa,"[""lives in africa""]",B_0c6991466b74,9,v4-proposition-exact-1,imported_locked_v3_1_b,316113ab46aea52cf5dc03d32c1d7d50d30658a7a42d56b6d5ba6043616cc55f,"[""giraffe"", ""hippopotamus"", ""lion"", ""ostrich"", ""zebra""]","[""A"", ""B"", ""C"", ""first_to_mind""]","[""Qwen2.5-72B-Instruct""]","[""0"", ""1""]","[""v3_1_qwen2_5_72b_round0"", ""v3_qwen2_5_72b_round0"", ""v4_qwen2_5_72b_round1""]",205,5,1,316113ab46aea52cf5dc03d32c1d7d50d30658a7a42d56b6d5ba6043616cc55f
10,v4_3a563810554e0ee1,white feathers,"[""white feathers""]",B_1031f1542b4f,10,v4-proposition-exact-1,imported_locked_v3_1_b,316113ab46aea52cf5dc03d32c1d7d50d30658a7a42d56b6d5ba6043616cc55f,"[""dove"", ""seagull"", ""stork"", ""swan""]","[""A"", ""B"", ""C"", ""first_to_mind"", ""perceptual_structural""]","[""Qwen2.5-72B-Instruct""]","[""0"", ""1""]","[""v3_1_qwen2_5_72b_round0"", ""v3_qwen2_5_72b_round0"", ""v4_qwen2_5_72b_round1""]",256,4,1,316113ab46aea52cf5dc03d32c1d7d50d30658a7a42d56b6d5ba6043616cc55f
11,v4_c55f29b31832154f,used for fishing,"[""can be used for fishing"", ""fish"", ""fishing"", ""is a fish"", ""used for fishing""]",B_1207df5c53e0,11,v4-proposition-exact-1,imported_locked_v3_1_b,316113ab46aea52cf5dc03d32c1d7d50d30658a7a42d56b6d5ba6043616cc55f,"[""boat"", ""carp"", ""cod"", ""eel"", ""pike"", ""shark"", ""spear"", ""trout"", ""worm""]","[""A"", ""B"", ""C"", ""first_to_mind""]","[""Qwen2.5-72B-Instruct""]","[""0"", ""1""]","[""v3_1_qwen2_5_72b_round0"", ""v3_qwen2_5_72b_round0"", ""v4_qwen2_5_72b_round1""]",171,9,1,316113ab46aea52cf5dc03d32c1d7d50d30658a7a42d56b6d5ba6043616cc55f
12,v4_dc02fbe3f98c385a,small,"[""is often small"", ""is small"", ""often small"", ""small""]",B_1551090d9972,12,v4-proposition-exact-1,imported_locked_v3_1_b,316113ab46aea52cf5dc03d32c1d7d50d30658a7a42d56b6d5ba6043616cc55f,"[""ant"", ""bee"", ""beetle"", ""butterfly"", ""chameleon"", ""fox"", ""fruit fly"", ""gecko"", ""goldfish"", ""grenade"", ""hamster"", ""hedgehog"", ""lizard"", ""mouse"", ""salamander"", ""squirrel"", ""swallow"", ""wood louse""]","[""B"", ""C"", ""first_to_mind""]","[""Qwen2.5-72B-Instruct""]","[""0"", ""1""]","[""v3_1_qwen2_5_72b_round0"", ""v3_qwen2_5_72b_round0"", ""v4_qwen2_5_72b_round1""]",114,18,1,316113ab46aea52cf5dc03d32c1d7d50d30658a7a42d56b6d5ba6043616cc55f
13,v4_df7036d28606dcbd,has wheels,"[""has a wheel"", ""has wheels"", ""wheels""]",B_1570ec28557d,13,v4-proposition-exact-1,imported_locked_v3_1_b,316113ab46aea52cf5dc03d32c1d7d50d30658a7a42d56b6d5ba6043616cc55f,"[""bus"", ""car"", ""carriage"", ""cart"", ""go-cart"", ""hamster"", ""lawn mower"", ""skateboard"", ""trailer"", ""truck"", ""wheelbarrow""]","[""A"", ""B"", ""C"", ""first_to_mind"", ""perceptual_structural""]","[""Qwen2.5-72B-Instruct""]","[""0"", ""1""]","[""v3_1_qwen2_5_72b_round0"", ""v3_qwen2_5_72b_round0"", ""v4_qwen2_5_72b_round1""]",575,11,1,316113ab46aea52cf5dc03d32c1d7d50d30658a7a42d56b6d5ba6043616cc55f
14,v4_1d1d05c7503d34a8,portable,"[""can be portable"", ""is portable"", ""often portable"", ""portable""]",B_16b65c664060,14,v4-proposition-exact-1,imported_locked_v3_1_b,316113ab46aea52cf5dc03d32c1d7d50d30658a7a42d56b6d5ba6043616cc55f,"[""accordion"", ""banjo"", ""bass guitar"", ""bazooka"", ""can opener"", ""dagger"", ""drum"", ""file"", ""flute"", ""guitar"", ""harp"", ""kick scooter"", ""knife"", ""mixer"", ""pan flute"", ""recorder"", ""rifle"", ""saxophone"", ""scales"", ""scooter"", ""screwdriver"", ""shovel"", ""sieve"", ""skateboard"", ""slingshot"", ""synthesizer"", ""tambourine"", ""trailer"", ""trombone"", ""trumpet"", ""vacuum cleaner"", ""violin"", ""wheelbarrow""]","[""A"", ""B"", ""C"", ""first_to_mind"", ""less_obvious_general"", ""perceptual_structural""]","[""Qwen2.5-72B-Instruct""]","[""0"", ""1""]","[""v3_1_qwen2_5_72b_round0"", ""v3_qwen2_5_72b_round0"", ""v4_qwen2_5_72b_round1""]",202,33,1,316113ab46aea52cf5dc03d32c1d7d50d30658a7a42d56b6d5ba6043616cc55f
15,v4_7c375a676a05750b,powerful jaws,"[""has powerful jaws"", ""powerful jaws""]",B_17167d445ef6,15,v4-proposition-exact-1,imported_locked_v3_1_b,316113ab46aea52cf5dc03d32c1d7d50d30658a7a42d56b6d5ba6043616cc55f,"[""alligator"", ""caiman"", ""crocodile"", ""hippopotamus"", ""lion"", ""monitor lizard"", ""piranha"", ""wolf""]","[""A"", ""B"", ""C"", ""first_to_mind"", ""perceptual_structural""]","[""Qwen2.5-72B-Instruct""]","[""0"", ""1""]","[""v3_1_qwen2_5_72b_round0"", ""v3_qwen2_5_72b_round0"", ""v4_qwen2_5_72b_round1""]",184,8,1,316113ab46aea52cf5dc03d32c1d7d50d30658a7a42d56b6d5ba6043616cc55f
16,v4_1855838920b28aa7,comes in many colors,"[""come in many colors"", ""comes in many colors""]",B_17fad5883065,16,v4-proposition-exact-1,imported_locked_v3_1_b,316113ab46aea52cf5dc03d32c1d7d50d30658a7a42d56b6d5ba6043616cc55f,"[""beanie"", ""beetle"", ""blouse"", ""cap"", ""cat"", ""coat"", ""dress"", ""duck"", ""hat"", ""motorbike"", ""mouse"", ""panties"", ""scarf"", ""shirt"", ""shorts"", ""skirt"", ""snake"", ""sweater"", ""t-shirt""]","[""A"", ""B"", ""C""]","[""Qwen2.5-72B-Instruct""]","[""0""]","[""v3_1_qwen2_5_72b_round0"", ""v3_qwen2_5_72b_round0""]",233,19,1,316113ab46aea52cf5dc03d32c1d7d50d30658a7a42d56b6d5ba6043616cc55f
17,v4_68e83494c3c14ad8,small size,"[""small size""]",B_1ca79afd244f,17,v4-proposition-exact-1,imported_locked_v3_1_b,316113ab46aea52cf5dc03d32c1d7d50d30658a7a42d56b6d5ba6043616cc55f,"[""ant"", ""bee"", ""beetle"", ""blindworm"", ""canary"", ""dagger"", ""earwig"", ""fly"", ""fox"", ""fruit fly"", ""goldfish"", ""grasshopper"", ""hedgehog"", ""ladybug"", ""lizard"", ""louse"", ""maybug"", ""mosquito"", ""mouse"", ""piranha"", ""robin"", ""salamander"", ""scooter"", ""squirrel"", ""swallow"", ""teaspoon"", ""top""]","[""A"", ""B"", ""C"", ""perceptual_structural""]","[""Qwen2.5-72B-Instruct""]","[""0"", ""1""]","[""v3_1_qwen2_5_72b_round0"", ""v3_qwen2_5_72b_round0"", ""v4_qwen2_5_72b_round1""]",267,27,1,316113ab46aea52cf5dc03d32c1d7d50d30658a7a42d56b6d5ba6043616cc55f
18,v4_f4b3f42edc46d7c2,knitted,"[""can be knitted"", ""knitted""]",B_1d380a2c8700,18,v4-proposition-exact-1,imported_locked_v3_1_b,316113ab46aea52cf5dc03d32c1d7d50d30658a7a42d56b6d5ba6043616cc55f,"[""beanie"", ""hat"", ""mittens"", ""scarf"", ""socks"", ""sweater""]","[""A"", ""B"", ""C"", ""first_to_mind""]","[""Qwen2.5-72B-Instruct""]","[""0"", ""1""]","[""v3_1_qwen2_5_72b_round0"", ""v3_qwen2_5_72b_round0"", ""v4_qwen2_5_72b_round1""]",69,6,1,316113ab46aea52cf5dc03d32c1d7d50d30658a7a42d56b6d5ba6043616cc55f
19,v4_8fdc37864792fb3b,lays eggs,"[""egg laying"", ""lay eggs"", ""lays eggs""]",B_208ac244eb15,19,v4-proposition-exact-1,imported_locked_v3_1_b,316113ab46aea52cf5dc03d32c1d7d50d30658a7a42d56b6d5ba6043616cc55f,"[""alligator"", ""bee"", ""beetle"", ""blackbird"", ""blindworm"", ""boa"", ""bumblebee"", ""butterfly"", ""caiman"", ""canary"", ""caterpillar"", ""centipede"", ""chameleon"", ""chicken"", ""cobra"", ""cockroach"", ""cricket"", ""crocodile"", ""crow"", ""dove"", ""duck"", ""eagle"", ""eel"", ""falcon"", ""fly"", ""frog"", ""fruit fly"", ""gecko"", ""goldfish"", ""grasshopper"", ""horsefly"", ""iguana"", ""ladybug"", ""lizard"", ""louse"", ""monitor lizard"", ""moth"", ""owl"", ""parakeet"", ""parrot"", ""pelican"", ""penguin"", ""pheasant"", ""python"", ""rabbit"", ""robin"", ""salamander"", ""salmon"", ""seagull"", ""snake"", ""sparrow"", ""spider"", ""stickleback"", ""swallow"", ""swan"", ""toad"", ""tortoise"", ""trout"", ""turtle"", ""viper"", ""vulture"", ""wasp"", ""worm""]","[""A"", ""B"", ""C"", ""first_to_mind"", ""perceptual_structural""]","[""Qwen2.5-72B-Instruct""]","[""0"", ""1""]","[""v3_1_qwen2_5_72b_round0"", ""v3_qwen2_5_72b_round0"", ""v4_qwen2_5_72b_round1""]",2755,63,1,316113ab46aea52cf5dc03d32c1d7d50d30658a7a42d56b6d5ba6043616cc55f
20,v4_ac5b07d40e20b915,swims well,"[""can swim well"", ""swims well""]",B_2180eaad1f88,20,v4-proposition-exact-1,imported_locked_v3_1_b,316113ab46aea52cf5dc03d32c1d7d50d30658a7a42d56b6d5ba6043616cc55f,"[""alligator"", ""beaver"", ""boa"", ""crocodile"", ""duck"", ""iguana"", ""monitor lizard"", ""pelican"", ""penguin"", ""polar bear"", ""seagull"", ""tiger""]","[""A"", ""B"", ""C"", ""first_to_mind""]","[""Qwen2.5-72B-Instruct""]","[""0"", ""1""]","[""v3_1_qwen2_5_72b_round0"", ""v3_qwen2_5_72b_round0"", ""v4_qwen2_5_72b_round1""]",389,12,1,316113ab46aea52cf5dc03d32c1d7d50d30658a7a42d56b6d5ba6043616cc55f
21,v4_9027b94e5f81a39a,has keys,"[""has keys""]",B_229e0e42fef6,21,v4-proposition-exact-1,imported_locked_v3_1_b,316113ab46aea52cf5dc03d32c1d7d50d30658a7a42d56b6d5ba6043616cc55f,"[""accordion"", ""flute"", ""piano"", ""saxophone""]","[""B"", ""C"", ""first_to_mind""]","[""Qwen2.5-72B-Instruct""]","[""0"", ""1""]","[""v3_1_qwen2_5_72b_round0"", ""v3_qwen2_5_72b_round0"", ""v4_qwen2_5_72b_round1""]",84,4,1,316113ab46aea52cf5dc03d32c1d7d50d30658a7a42d56b6d5ba6043616cc55f
22,v4_3b86ec8f18a0a8ac,swims in water,"[""swims in water""]",B_22beb8b6a024,22,v4-proposition-exact-1,imported_locked_v3_1_b,316113ab46aea52cf5dc03d32c1d7d50d30658a7a42d56b6d5ba6043616cc55f,"[""alligator"", ""caiman"", ""dolphin"", ""duck"", ""eel"", ""goldfish""]","[""A"", ""B"", ""C"", ""first_to_mind""]","[""Qwen2.5-72B-Instruct""]","[""0"", ""1""]","[""v3_1_qwen2_5_72b_round0"", ""v3_qwen2_5_72b_round0"", ""v4_qwen2_5_72b_round1""]",95,6,1,316113ab46aea52cf5dc03d32c1d7d50d30658a7a42d56b6d5ba6043616cc55f
23,v4_057d72f87863804c,gray,"[""gray"", ""is gray"", ""is often gray""]",B_24b834d689b1,23,v4-proposition-exact-1,imported_locked_v3_1_b,316113ab46aea52cf5dc03d32c1d7d50d30658a7a42d56b6d5ba6043616cc55f,"[""donkey"", ""elephant"", ""hippopotamus"", ""mouse"", ""rhinoceros"", ""wolf"", ""wood louse""]","[""B"", ""C""]","[""Qwen2.5-72B-Instruct""]","[""0""]","[""v3_1_qwen2_5_72b_round0""]",53,7,1,316113ab46aea52cf5dc03d32c1d7d50d30658a7a42d56b6d5ba6043616cc55f
24,v4_4bc40f0c4c14cfc7,used for farming,"[""can be farmed"", ""often farmed"", ""used for farming""]",B_25420d85f842,24,v4-proposition-exact-1,imported_locked_v3_1_b,316113ab46aea52cf5dc03d32c1d7d50d30658a7a42d56b6d5ba6043616cc55f,"[""cod"", ""cow"", ""flatfish"", ""herring"", ""plaice"", ""plough"", ""salmon"", ""tractor"", ""trout""]","[""A"", ""B"", ""C"", ""first_to_mind""]","[""Qwen2.5-72B-Instruct""]","[""0"", ""1""]","[""v3_1_qwen2_5_72b_round0"", ""v3_qwen2_5_72b_round0"", ""v4_qwen2_5_72b_round1""]",105,9,1,316113ab46aea52cf5dc03d32c1d7d50d30658a7a42d56b6d5ba6043616cc55f
25,v4_01553ea42acc4da9,often found in toolboxes,"[""can be found in toolboxes"", ""commonly found in toolboxes"", ""found in toolboxes"", ""is found in toolboxes"", ""often found in toolboxes""]",B_25b778dbe72e,25,v4-proposition-exact-1,imported_locked_v3_1_b,316113ab46aea52cf5dc03d32c1d7d50d30658a7a42d56b6d5ba6043616cc55f,"[""adjustable spanner"", ""chisel"", ""clamp"", ""crowbar"", ""drill"", ""hammer"", ""level"", ""nail"", ""saw"", ""screwdriver"", ""wire brush"", ""wrench""]","[""A"", ""B"", ""C"", ""first_to_mind"", ""less_obvious_general""]","[""Qwen2.5-72B-Instruct""]","[""0"", ""1""]","[""v3_1_qwen2_5_72b_round0"", ""v3_qwen2_5_72b_round0"", ""v4_qwen2_5_72b_round1""]",370,12,1,316113ab46aea52cf5dc03d32c1d7d50d30658a7a42d56b6d5ba6043616cc55f
26,v4_12a101f737e695f9,often has a handle,"[""often has a handle"", ""usually has a handle""]",B_267efdab985b,26,v4-proposition-exact-1,imported_locked_v3_1_b,316113ab46aea52cf5dc03d32c1d7d50d30658a7a42d56b6d5ba6043616cc55f,"[""adjustable spanner"", ""bowl"", ""can opener"", ""cart"", ""chisel"", ""clamp"", ""club"", ""colander"", ""dagger"", ""electric kettle"", ""file"", ""fork"", ""grater"", ""kettle"", ""knife"", ""lawn mower"", ""mug"", ""nutcracker"", ""oilcan"", ""paint brush"", ""pan"", ""percolator"", ""pot"", ""saw"", ""sieve"", ""spoon"", ""whip"", ""whisk"", ""wire brush"", ""wrench""]","[""A"", ""B"", ""C"", ""first_to_mind"", ""perceptual_structural""]","[""Qwen2.5-72B-Instruct""]","[""0"", ""1""]","[""v3_1_qwen2_5_72b_round0"", ""v3_qwen2_5_72b_round0"", ""v4_qwen2_5_72b_round1""]",389,30,1,316113ab46aea52cf5dc03d32c1d7d50d30658a7a42d56b6d5ba6043616cc55f
27,v4_e75013c19f4af13b,found in forests,"[""can be found in forests"", ""found in forests"", ""is found in forests"", ""often found in forests""]",B_2a2cad0c8691,27,v4-proposition-exact-1,imported_locked_v3_1_b,316113ab46aea52cf5dc03d32c1d7d50d30658a7a42d56b6d5ba6043616cc55f,"[""chickadee"", ""deer"", ""fox"", ""monkey"", ""salamander"", ""squirrel"", ""stick"", ""wolf"", ""woodpecker""]","[""A"", ""B"", ""C"", ""first_to_mind""]","[""Qwen2.5-72B-Instruct""]","[""0"", ""1""]","[""v3_1_qwen2_5_72b_round0"", ""v3_qwen2_5_72b_round0"", ""v4_qwen2_5_72b_round1""]",135,9,1,316113ab46aea52cf5dc03d32c1d7d50d30658a7a42d56b6d5ba6043616cc55f
28,v4_b724a91518a0b9cb,can be handheld,"[""can be handheld"", ""handheld""]",B_2aaa044555bb,28,v4-proposition-exact-1,imported_locked_v3_1_b,316113ab46aea52cf5dc03d32c1d7d50d30658a7a42d56b6d5ba6043616cc55f,"[""axe"", ""can opener"", ""chisel"", ""drill"", ""file"", ""grater"", ""grenade"", ""pistol"", ""saw"", ""sieve"", ""slingshot"", ""tambourine"", ""whisk"", ""wire brush""]","[""A"", ""B"", ""C"", ""first_to_mind"", ""functional_affordance"", ""perceptual_structural""]","[""Qwen2.5-72B-Instruct""]","[""0"", ""1""]","[""v3_1_qwen2_5_72b_round0"", ""v3_qwen2_5_72b_round0"", ""v4_qwen2_5_72b_round1""]",119,14,1,316113ab46aea52cf5dc03d32c1d7d50d30658a7a42d56b6d5ba6043616cc55f
29,v4_71b1e1853e0bb756,lives in water,"[""live in water"", ""lives in water""]",B_2c1237ab0ac7,29,v4-proposition-exact-1,imported_locked_v3_1_b,316113ab46aea52cf5dc03d32c1d7d50d30658a7a42d56b6d5ba6043616cc55f,"[""alligator"", ""beaver"", ""caiman"", ""crocodile"", ""dolphin"", ""eel"", ""goldfish"", ""hippopotamus"", ""leech"", ""ray"", ""shark"", ""swan"", ""whale""]","[""A"", ""B"", ""C"", ""first_to_mind""]","[""Qwen2.5-72B-Instruct""]","[""0"", ""1""]","[""v3_1_qwen2_5_72b_round0"", ""v3_qwen2_5_72b_round0"", ""v4_qwen2_5_72b_round1""]",313,13,1,316113ab46aea52cf5dc03d32c1d7d50d30658a7a42d56b6d5ba6043616cc55f
30,v4_37a06534b9fa0563,long lifespan,"[""has a long lifespan"", ""long lifespan""]",B_2d4960b1e5f9,30,v4-proposition-exact-1,imported_locked_v3_1_b,316113ab46aea52cf5dc03d32c1d7d50d30658a7a42d56b6d5ba6043616cc55f,"[""alligator"", ""crocodile"", ""crow"", ""donkey"", ""eagle"", ""elephant"", ""orca"", ""parrot"", ""pelican"", ""sperm whale"", ""tortoise"", ""turtle"", ""whale""]","[""A"", ""B"", ""C"", ""first_to_mind"", ""perceptual_structural""]","[""Qwen2.5-72B-Instruct""]","[""0"", ""1""]","[""v3_1_qwen2_5_72b_round0"", ""v3_qwen2_5_72b_round0"", ""v4_qwen2_5_72b_round1""]",267,13,1,316113ab46aea52cf5dc03d32c1d7d50d30658a7a42d56b6d5ba6043616cc55f
31,v4_2be50817276ac5cb,carnivorous diet,"[""carnivorous diet""]",B_2d4f4ed46d21,31,v4-proposition-exact-1,imported_locked_v3_1_b,316113ab46aea52cf5dc03d32c1d7d50d30658a7a42d56b6d5ba6043616cc55f,"[""alligator"", ""caiman"", ""cobra"", ""crocodile"", ""eagle"", ""eel"", ""falcon"", ""fox"", ""lion"", ""lizard"", ""monitor lizard"", ""orca"", ""peacock"", ""pike"", ""piranha"", ""polar bear"", ""salamander"", ""swan"", ""swordfish"", ""tiger"", ""wolf""]","[""A"", ""B"", ""C"", ""first_to_mind""]","[""Qwen2.5-72B-Instruct""]","[""0"", ""1""]","[""v3_1_qwen2_5_72b_round0"", ""v3_qwen2_5_72b_round0"", ""v4_qwen2_5_72b_round1""]",460,21,1,316113ab46aea52cf5dc03d32c1d7d50d30658a7a42d56b6d5ba6043616cc55f
32,v4_3fd02e7e52c552df,found in gardens,"[""can be found in gardens"", ""found in gardens"", ""often found in gardens""]",B_30074097e15c,32,v4-proposition-exact-1,imported_locked_v3_1_b,316113ab46aea52cf5dc03d32c1d7d50d30658a7a42d56b6d5ba6043616cc55f,"[""beetle"", ""blackbird"", ""blindworm"", ""bumblebee"", ""butterfly"", ""caterpillar"", ""centipede"", ""earwig"", ""frog"", ""hedgehog"", ""ladybug"", ""maybug"", ""moth"", ""peacock"", ""shovel"", ""spider"", ""toad"", ""tortoise"", ""wasp"", ""wood louse"", ""worm""]","[""A"", ""B"", ""C"", ""first_to_mind""]","[""Qwen2.5-72B-Instruct""]","[""0"", ""1""]","[""v3_1_qwen2_5_72b_round0"", ""v3_qwen2_5_72b_round0"", ""v4_qwen2_5_72b_round1""]",260,21,1,316113ab46aea52cf5dc03d32c1d7d50d30658a7a42d56b6d5ba6043616cc55f
33,v4_0a6f49a6cd67ef8c,large size,"[""large size""]",B_3089603f232f,33,v4-proposition-exact-1,imported_locked_v3_1_b,316113ab46aea52cf5dc03d32c1d7d50d30658a7a42d56b6d5ba6043616cc55f,"[""dinosaur"", ""double bass"", ""elephant"", ""harp"", ""horsefly"", ""monitor lizard"", ""orca"", ""peacock"", ""polar bear"", ""swordfish"", ""tiger""]","[""B"", ""C""]","[""Qwen2.5-72B-Instruct""]","[""0""]","[""v3_1_qwen2_5_72b_round0"", ""v3_qwen2_5_72b_round0""]",126,11,1,316113ab46aea52cf5dc03d32c1d7d50d30658a7a42d56b6d5ba6043616cc55f
34,v4_09e1fed6d74bd678,has a hard shell,"[""hard shell"", ""has a hard shell""]",B_3118553b3e3d,34,v4-proposition-exact-1,imported_locked_v3_1_b,316113ab46aea52cf5dc03d32c1d7d50d30658a7a42d56b6d5ba6043616cc55f,"[""beetle"", ""ladybug"", ""maybug"", ""tortoise"", ""turtle"", ""wood louse""]","[""A"", ""B"", ""C"", ""first_to_mind""]","[""Qwen2.5-72B-Instruct""]","[""0"", ""1""]","[""v3_1_qwen2_5_72b_round0"", ""v3_qwen2_5_72b_round0"", ""v4_qwen2_5_72b_round1""]",220,6,1,316113ab46aea52cf5dc03d32c1d7d50d30658a7a42d56b6d5ba6043616cc55f
35,v4_9210ad0d2694cac8,often used in jazz,"[""is often used in jazz"", ""is used in jazz"", ""often used in jazz"", ""used in jazz""]",B_3415ecaed280,35,v4-proposition-exact-1,imported_locked_v3_1_b,316113ab46aea52cf5dc03d32c1d7d50d30658a7a42d56b6d5ba6043616cc55f,"[""clarinet"", ""double bass"", ""saxophone"", ""trumpet""]","[""B"", ""C""]","[""Qwen2.5-72B-Instruct""]","[""0""]","[""v3_1_qwen2_5_72b_round0"", ""v3_qwen2_5_72b_round0""]",49,4,1,316113ab46aea52cf5dc03d32c1d7d50d30658a7a42d56b6d5ba6043616cc55f
36,v4_ff2e99936cf26900,can be noisy,"[""can be noisy""]",B_34de07539725,36,v4-proposition-exact-1,imported_locked_v3_1_b,316113ab46aea52cf5dc03d32c1d7d50d30658a7a42d56b6d5ba6043616cc55f,"[""bus"", ""drill"", ""fridge"", ""go-cart"", ""helicopter"", ""hovercraft"", ""lawn mower"", ""mixer"", ""motorbike"", ""motorcycle"", ""parakeet"", ""parrot"", ""percolator"", ""saw"", ""skateboard"", ""subway train"", ""tractor"", ""tram"", ""vacuum cleaner""]","[""A"", ""B"", ""C""]","[""Qwen2.5-72B-Instruct""]","[""0""]","[""v3_1_qwen2_5_72b_round0"", ""v3_qwen2_5_72b_round0""]",211,19,1,316113ab46aea52cf5dc03d32c1d7d50d30658a7a42d56b6d5ba6043616cc55f
37,v4_808522b486ba0d43,has seats,"[""has seating"", ""has seats"", ""seat""]",B_351e55ea16be,37,v4-proposition-exact-1,imported_locked_v3_1_b,316113ab46aea52cf5dc03d32c1d7d50d30658a7a42d56b6d5ba6043616cc55f,"[""airplane"", ""bicycle"", ""bus"", ""car"", ""carriage"", ""motorbike"", ""motorcycle"", ""plane"", ""subway train"", ""train""]","[""B"", ""C""]","[""Qwen2.5-72B-Instruct""]","[""0""]","[""v3_1_qwen2_5_72b_round0"", ""v3_qwen2_5_72b_round0""]",64,10,1,316113ab46aea52cf5dc03d32c1d7d50d30658a7a42d56b6d5ba6043616cc55f
38,v4_191e971459c11b27,scales,"[""has scales"", ""scales""]",B_35b7103b694b,38,v4-proposition-exact-1,imported_locked_v3_1_b,316113ab46aea52cf5dc03d32c1d7d50d30658a7a42d56b6d5ba6043616cc55f,"[""caiman"", ""carp"", ""cobra"", ""dinosaur"", ""gecko"", ""goldfish"", ""iguana"", ""lizard"", ""monitor lizard"", ""python"", ""salmon"", ""snake"", ""trout"", ""viper""]","[""A"", ""B"", ""C"", ""first_to_mind""]","[""Qwen2.5-72B-Instruct""]","[""0"", ""1""]","[""v3_1_qwen2_5_72b_round0"", ""v3_qwen2_5_72b_round0"", ""v4_qwen2_5_72b_round1""]",252,14,1,316113ab46aea52cf5dc03d32c1d7d50d30658a7a42d56b6d5ba6043616cc55f
39,v4_69b8a0c44b520cb1,has many legs,"[""has many legs"", ""many legs""]",B_374a6367e1c4,39,v4-proposition-exact-1,imported_locked_v3_1_b,316113ab46aea52cf5dc03d32c1d7d50d30658a7a42d56b6d5ba6043616cc55f,"[""caterpillar"", ""centipede"", ""cockroach"", ""wood louse""]","[""A"", ""B"", ""C"", ""first_to_mind"", ""perceptual_structural""]","[""Qwen2.5-72B-Instruct""]","[""0"", ""1""]","[""v3_1_qwen2_5_72b_round0"", ""v3_qwen2_5_72b_round0"", ""v4_qwen2_5_72b_round1""]",266,4,1,316113ab46aea52cf5dc03d32c1d7d50d30658a7a42d56b6d5ba6043616cc55f
40,v4_ac28d5cb94e30a01,can be colorful,"[""can be colorful"", ""colorful"", ""often colorful"", ""usually colorful""]",B_37fdfb095520,40,v4-proposition-exact-1,imported_locked_v3_1_b,316113ab46aea52cf5dc03d32c1d7d50d30658a7a42d56b6d5ba6043616cc55f,"[""(hot air) balloon"", ""bra"", ""butterfly"", ""caterpillar"", ""dragonfly"", ""dress"", ""mittens"", ""moth"", ""pheasant"", ""piranha"", ""scarf"", ""socks"", ""spider"", ""towel""]","[""A"", ""B"", ""C"", ""first_to_mind""]","[""Qwen2.5-72B-Instruct""]","[""0"", ""1""]","[""v3_1_qwen2_5_72b_round0"", ""v3_qwen2_5_72b_round0"", ""v4_qwen2_5_72b_round1""]",130,14,1,316113ab46aea52cf5dc03d32c1d7d50d30658a7a42d56b6d5ba6043616cc55f
41,v4_afdf9d8934d3b705,has wings,"[""has wings"", ""wings""]",B_399a9a997acd,41,v4-proposition-exact-1,imported_locked_v3_1_b,316113ab46aea52cf5dc03d32c1d7d50d30658a7a42d56b6d5ba6043616cc55f,"[""airplane"", ""bat"", ""bee"", ""blackbird"", ""bumblebee"", ""butterfly"", ""chicken"", ""cricket"", ""dragonfly"", ""fly"", ""fruit fly"", ""grasshopper"", ""horsefly"", ""ladybug"", ""maybug"", ""mosquito"", ""moth"", ""plane"", ""wasp""]","[""A"", ""B"", ""C"", ""first_to_mind"", ""perceptual_structural""]","[""Qwen2.5-72B-Instruct""]","[""0"", ""1""]","[""v3_1_qwen2_5_72b_round0"", ""v3_qwen2_5_72b_round0"", ""v4_qwen2_5_72b_round1""]",871,19,1,316113ab46aea52cf5dc03d32c1d7d50d30658a7a42d56b6d5ba6043616cc55f
42,v4_7dd566304e292ec9,has four strings,"[""four strings"", ""has four strings""]",B_39f0235d741c,42,v4-proposition-exact-1,imported_locked_v3_1_b,316113ab46aea52cf5dc03d32c1d7d50d30658a7a42d56b6d5ba6043616cc55f,"[""bass guitar"", ""cello"", ""double bass"", ""violin""]","[""A"", ""B"", ""C"", ""first_to_mind"", ""perceptual_structural""]","[""Qwen2.5-72B-Instruct""]","[""0"", ""1""]","[""v3_1_qwen2_5_72b_round0"", ""v3_qwen2_5_72b_round0"", ""v4_qwen2_5_72b_round1""]",436,4,1,316113ab46aea52cf5dc03d32c1d7d50d30658a7a42d56b6d5ba6043616cc55f
43,v4_4b235033220b784c,has large eyes,"[""has large eyes"", ""large eyes""]",B_3a17d773ec64,43,v4-proposition-exact-1,imported_locked_v3_1_b,316113ab46aea52cf5dc03d32c1d7d50d30658a7a42d56b6d5ba6043616cc55f,"[""cat"", ""cod"", ""deer"", ""dragonfly"", ""dromedary"", ""fox"", ""gecko"", ""giraffe"", ""horsefly"", ""lion"", ""llama"", ""ostrich"", ""owl"", ""squid""]","[""A"", ""B"", ""C"", ""first_to_mind"", ""perceptual_structural""]","[""Qwen2.5-72B-Instruct""]","[""0"", ""1""]","[""v3_1_qwen2_5_72b_round0"", ""v3_qwen2_5_72b_round0"", ""v4_qwen2_5_72b_round1""]",215,14,1,316113ab46aea52cf5dc03d32c1d7d50d30658a7a42d56b6d5ba6043616cc55f
44,v4_9e2970166be09c16,buzzing sound,"[""buzzing sound""]",B_3c0bb8730e3d,44,v4-proposition-exact-1,imported_locked_v3_1_b,316113ab46aea52cf5dc03d32c1d7d50d30658a7a42d56b6d5ba6043616cc55f,"[""bee"", ""bumblebee"", ""fly"", ""fruit fly"", ""horsefly"", ""maybug"", ""mosquito"", ""wasp""]","[""A"", ""B"", ""C""]","[""Qwen2.5-72B-Instruct""]","[""0""]","[""v3_1_qwen2_5_72b_round0"", ""v3_qwen2_5_72b_round0""]",317,8,1,316113ab46aea52cf5dc03d32c1d7d50d30658a7a42d56b6d5ba6043616cc55f
45,v4_8e3a49ccca8cf76a,comes in different lengths,"[""come in different lengths"", ""comes in different lengths""]",B_3c5f10fbd5c4,45,v4-proposition-exact-1,imported_locked_v3_1_b,316113ab46aea52cf5dc03d32c1d7d50d30658a7a42d56b6d5ba6043616cc55f,"[""adjustable spanner"", ""coat"", ""crowbar"", ""dress"", ""level"", ""nail"", ""pants"", ""rope"", ""scarf"", ""shorts"", ""skirt"", ""socks"", ""tie""]","[""A"", ""B"", ""C"", ""first_to_mind""]","[""Qwen2.5-72B-Instruct""]","[""0"", ""1""]","[""v3_1_qwen2_5_72b_round0"", ""v3_qwen2_5_72b_round0"", ""v4_qwen2_5_72b_round1""]",118,13,1,316113ab46aea52cf5dc03d32c1d7d50d30658a7a42d56b6d5ba6043616cc55f
46,v4_df0428c80bc4981e,sharp blade,"[""has a sharp blade"", ""sharp blade"", ""sharp blades""]",B_3ca1ec0fdf55,46,v4-proposition-exact-1,imported_locked_v3_1_b,316113ab46aea52cf5dc03d32c1d7d50d30658a7a42d56b6d5ba6043616cc55f,"[""axe"", ""can opener"", ""chisel"", ""dagger"", ""knife"", ""pickaxe"", ""pike"", ""saw"", ""scissors"", ""sword""]","[""A"", ""B"", ""C"", ""first_to_mind"", ""perceptual_structural""]","[""Qwen2.5-72B-Instruct""]","[""0"", ""1""]","[""v3_1_qwen2_5_72b_round0"", ""v3_qwen2_5_72b_round0"", ""v4_qwen2_5_72b_round1""]",686,10,1,316113ab46aea52cf5dc03d32c1d7d50d30658a7a42d56b6d5ba6043616cc55f
47,v4_321b6c86eef14095,migratory,"[""migratory""]",B_3cbdf8e09b39,47,v4-proposition-exact-1,imported_locked_v3_1_b,316113ab46aea52cf5dc03d32c1d7d50d30658a7a42d56b6d5ba6043616cc55f,"[""blackbird"", ""cuckoo"", ""dove"", ""falcon"", ""herring"", ""pelican"", ""robin"", ""salmon"", ""stork"", ""swallow"", ""swan"", ""swordfish""]","[""A"", ""B"", ""C"", ""first_to_mind""]","[""Qwen2.5-72B-Instruct""]","[""0"", ""1""]","[""v3_1_qwen2_5_72b_round0"", ""v3_qwen2_5_72b_round0"", ""v4_qwen2_5_72b_round1""]",111,12,1,316113ab46aea52cf5dc03d32c1d7d50d30658a7a42d56b6d5ba6043616cc55f
48,v4_b97fc515ee999c99,snake,"[""snake""]",B_3d957dd719c5,48,v4-proposition-exact-1,imported_locked_v3_1_b,316113ab46aea52cf5dc03d32c1d7d50d30658a7a42d56b6d5ba6043616cc55f,"[""boa"", ""cobra"", ""python"", ""viper""]","[""B"", ""C""]","[""Qwen2.5-72B-Instruct""]","[""0""]","[""v3_1_qwen2_5_72b_round0"", ""v3_qwen2_5_72b_round0""]",49,4,1,316113ab46aea52cf5dc03d32c1d7d50d30658a7a42d56b6d5ba6043616cc55f
49,v4_51d6fbe4f773b125,makes a loud noise,"[""makes a loud noise"", ""makes loud noise"", ""makes loud noises""]",B_439d8ff183b9,49,v4-proposition-exact-1,imported_locked_v3_1_b,316113ab46aea52cf5dc03d32c1d7d50d30658a7a42d56b6d5ba6043616cc55f,"[""bazooka"", ""grenade"", ""helicopter"", ""lawn mower"", ""machine gun"", ""monkey"", ""motorbike"", ""pistol"", ""saw"", ""subway train"", ""train"", ""vacuum cleaner""]","[""A"", ""B"", ""C""]","[""Qwen2.5-72B-Instruct""]","[""0""]","[""v3_1_qwen2_5_72b_round0"", ""v3_qwen2_5_72b_round0""]",136,12,1,316113ab46aea52cf5dc03d32c1d7d50d30658a7a42d56b6d5ba6043616cc55f
50,v4_859e352aa22a1129,found in kitchens,"[""can be found in kitchens"", ""found in kitchens"", ""often found in kitchens"", ""usually found in kitchens""]",B_451b0c354cd4,50,v4-proposition-exact-1,imported_locked_v3_1_b,316113ab46aea52cf5dc03d32c1d7d50d30658a7a42d56b6d5ba6043616cc55f,"[""bottle"", ""bowl"", ""can opener"", ""cockroach"", ""colander"", ""electric kettle"", ""fork"", ""fridge"", ""fruit fly"", ""grater"", ""kettle"", ""knife"", ""microwave oven"", ""mixer"", ""mug"", ""nutcracker"", ""oven"", ""pan"", ""percolator"", ""plate"", ""pot"", ""scales"", ""scissors"", ""sieve"", ""spatula"", ""spoon"", ""stove"", ""toaster"", ""tongs"", ""whisk""]","[""A"", ""B"", ""C"", ""first_to_mind""]","[""Qwen2.5-72B-Instruct""]","[""0"", ""1""]","[""v3_1_qwen2_5_72b_round0"", ""v3_qwen2_5_72b_round0"", ""v4_qwen2_5_72b_round1""]",1066,30,1,316113ab46aea52cf5dc03d32c1d7d50d30658a7a42d56b6d5ba6043616cc55f
51,v4_bf3ca2dda5b675fe,brakes,"[""brakes"", ""can have brakes"", ""has a brake""]",B_46f2894ac8cc,51,v4-proposition-exact-1,imported_locked_v3_1_b,316113ab46aea52cf5dc03d32c1d7d50d30658a7a42d56b6d5ba6043616cc55f,"[""bicycle"", ""kick scooter"", ""motorbike"", ""motorcycle""]","[""B""]","[""Qwen2.5-72B-Instruct""]","[""0""]","[""v3_1_qwen2_5_72b_round0""]",24,4,1,316113ab46aea52cf5dc03d32c1d7d50d30658a7a42d56b6d5ba6043616cc55f
52,v4_4d7da89363045ec2,can be washed,"[""can be washed"", ""washed frequently""]",B_47b682907f3a,52,v4-proposition-exact-1,imported_locked_v3_1_b,316113ab46aea52cf5dc03d32c1d7d50d30658a7a42d56b6d5ba6043616cc55f,"[""apron"", ""bra"", ""jeans"", ""paint brush"", ""pan"", ""panties"", ""pants"", ""place mat"", ""plate"", ""pot"", ""pyjamas"", ""shirt"", ""sieve"", ""t-shirt""]","[""A"", ""B"", ""C"", ""first_to_mind""]","[""Qwen2.5-72B-Instruct""]","[""0"", ""1""]","[""v3_1_qwen2_5_72b_round0"", ""v3_qwen2_5_72b_round0"", ""v4_qwen2_5_72b_round1""]",160,14,1,316113ab46aea52cf5dc03d32c1d7d50d30658a7a42d56b6d5ba6043616cc55f
53,v4_d7006660fdbb680d,camouflage,"[""camouflage"", ""camouflaged"", ""camouflages"", ""can camouflage""]",B_4b51a9a52f5c,53,v4-proposition-exact-1,imported_locked_v3_1_b,316113ab46aea52cf5dc03d32c1d7d50d30658a7a42d56b6d5ba6043616cc55f,"[""alligator"", ""boa"", ""caiman"", ""caterpillar"", ""chameleon"", ""cobra"", ""crocodile"", ""eel"", ""fox"", ""frog"", ""gecko"", ""grasshopper"", ""lizard"", ""monitor lizard"", ""owl"", ""pheasant"", ""python"", ""snake"", ""submarine"", ""tank"", ""toad"", ""viper""]","[""A"", ""B"", ""C""]","[""Qwen2.5-72B-Instruct""]","[""0""]","[""v3_1_qwen2_5_72b_round0"", ""v3_qwen2_5_72b_round0""]",187,22,1,316113ab46aea52cf5dc03d32c1d7d50d30658a7a42d56b6d5ba6043616cc55f
54,v4_bccf257e1370987e,used in orchestras,"[""is used in orchestras"", ""often used in orchestras"", ""used in orchestras""]",B_4bb3b001e001,54,v4-proposition-exact-1,imported_locked_v3_1_b,316113ab46aea52cf5dc03d32c1d7d50d30658a7a42d56b6d5ba6043616cc55f,"[""bassoon"", ""cello"", ""clarinet"", ""cymbals"", ""double bass"", ""drum set"", ""flute"", ""harp"", ""saxophone"", ""trombone"", ""trumpet"", ""violin""]","[""A"", ""B"", ""C"", ""first_to_mind""]","[""Qwen2.5-72B-Instruct""]","[""0"", ""1""]","[""v3_1_qwen2_5_72b_round0"", ""v3_qwen2_5_72b_round0"", ""v4_qwen2_5_72b_round1""]",547,12,1,316113ab46aea52cf5dc03d32c1d7d50d30658a7a42d56b6d5ba6043616cc55f
55,v4_ebaeb7099a51782d,comes in different colors,"[""come in different colors"", ""comes in different colors""]",B_4bdba190f338,55,v4-proposition-exact-1,imported_locked_v3_1_b,316113ab46aea52cf5dc03d32c1d7d50d30658a7a42d56b6d5ba6043616cc55f,"[""apron"", ""belt"", ""boots"", ""bra"", ""cap"", ""car"", ""chicken"", ""coat"", ""dress"", ""duck"", ""electric kettle"", ""file"", ""fridge"", ""hamster"", ""hat"", ""horse"", ""kettle"", ""kick scooter"", ""mug"", ""panties"", ""pants"", ""plate"", ""pyjamas"", ""recorder"", ""rope"", ""scissors"", ""shirt"", ""shoes"", ""shorts"", ""skirt"", ""socks"", ""sole"", ""sweater"", ""toaster"", ""towel""]","[""A"", ""B"", ""C"", ""first_to_mind""]","[""Qwen2.5-72B-Instruct""]","[""0"", ""1""]","[""v3_1_qwen2_5_72b_round0"", ""v3_qwen2_5_72b_round0"", ""v4_qwen2_5_72b_round1""]",289,35,1,316113ab46aea52cf5dc03d32c1d7d50d30658a7a42d56b6d5ba6043616cc55f
56,v4_3c5eeadd30feb8cf,endangered species,"[""endangered species""]",B_4d2d7c312712,56,v4-proposition-exact-1,imported_locked_v3_1_b,316113ab46aea52cf5dc03d32c1d7d50d30658a7a42d56b6d5ba6043616cc55f,"[""bison"", ""elephant"", ""lion"", ""polar bear"", ""rhinoceros"", ""sperm whale"", ""tiger"", ""whale"", ""zebra""]","[""A"", ""B"", ""C""]","[""Qwen2.5-72B-Instruct""]","[""0""]","[""v3_1_qwen2_5_72b_round0"", ""v3_qwen2_5_72b_round0""]",197,9,1,316113ab46aea52cf5dc03d32c1d7d50d30658a7a42d56b6d5ba6043616cc55f
57,v4_fcd766561d411020,travels long distances,"[""can travel long distances"", ""is used for long-distance travel"", ""long distance travel"", ""travels long distances"", ""used for long-distance travel""]",B_4fa266e68f8f,57,v4-proposition-exact-1,imported_locked_v3_1_b,316113ab46aea52cf5dc03d32c1d7d50d30658a7a42d56b6d5ba6043616cc55f,"[""(hot air) balloon"", ""airplane"", ""bus"", ""plane"", ""polar bear"", ""submarine"", ""train""]","[""A"", ""B"", ""C"", ""first_to_mind""]","[""Qwen2.5-72B-Instruct""]","[""0"", ""1""]","[""v3_1_qwen2_5_72b_round0"", ""v3_qwen2_5_72b_round0"", ""v4_qwen2_5_72b_round1""]",351,7,1,316113ab46aea52cf5dc03d32c1d7d50d30658a7a42d56b6d5ba6043616cc55f
58,v4_58a99be196fde59b,sharp teeth,"[""has sharp teeth"", ""sharp teeth""]",B_53f4d8e41037,58,v4-proposition-exact-1,imported_locked_v3_1_b,316113ab46aea52cf5dc03d32c1d7d50d30658a7a42d56b6d5ba6043616cc55f,"[""alligator"", ""bat"", ""beaver"", ""caiman"", ""cat"", ""crocodile"", ""dinosaur"", ""dog"", ""eel"", ""fox"", ""hippopotamus"", ""iguana"", ""lion"", ""monitor lizard"", ""mouse"", ""orca"", ""pike"", ""piranha"", ""saw"", ""shark"", ""swordfish"", ""tiger"", ""wolf""]","[""A"", ""B"", ""C"", ""first_to_mind"", ""perceptual_structural""]","[""Qwen2.5-72B-Instruct""]","[""0"", ""1""]","[""v3_1_qwen2_5_72b_round0"", ""v3_qwen2_5_72b_round0"", ""v4_qwen2_5_72b_round1""]",812,23,1,316113ab46aea52cf5dc03d32c1d7d50d30658a7a42d56b6d5ba6043616cc55f
59,v4_cc9a88a920deb982,can be kept as a pet,"[""can be kept as a pet"", ""can be kept as pets"", ""is often kept as a pet"", ""kept as a pet"", ""kept as pet"", ""kept as pets"", ""often kept as a pet"", ""often kept as pets""]",B_54e40a3a3d76,59,v4-proposition-exact-1,imported_locked_v3_1_b,316113ab46aea52cf5dc03d32c1d7d50d30658a7a42d56b6d5ba6043616cc55f,"[""beetle"", ""boa"", ""canary"", ""cat"", ""centipede"", ""chameleon"", ""chicken"", ""cobra"", ""cricket"", ""cuckoo"", ""dog"", ""donkey"", ""duck"", ""eel"", ""gecko"", ""goldfish"", ""hamster"", ""hedgehog"", ""horse"", ""iguana"", ""kangaroo"", ""ladybug"", ""lizard"", ""monkey"", ""mouse"", ""parakeet"", ""parrot"", ""pig"", ""piranha"", ""python"", ""rabbit"", ""salamander"", ""snake"", ""toad"", ""tortoise"", ""turtle""]","[""A"", ""B"", ""C"", ""first_to_mind"", ""functional_affordance""]","[""Qwen2.5-72B-Instruct""]","[""0"", ""1""]","[""v3_1_qwen2_5_72b_round0"", ""v3_qwen2_5_72b_round0"", ""v4_qwen2_5_72b_round1""]",1111,36,1,316113ab46aea52cf5dc03d32c1d7d50d30658a7a42d56b6d5ba6043616cc55f
60,v4_f4f8a40bd585e16d,used in construction,"[""is used in construction"", ""often used in construction"", ""used in construction""]",B_55d710d034ec,60,v4-proposition-exact-1,imported_locked_v3_1_b,316113ab46aea52cf5dc03d32c1d7d50d30658a7a42d56b6d5ba6043616cc55f,"[""anvil"", ""axe"", ""chisel"", ""clamp"", ""crowbar"", ""drill"", ""grinding disc"", ""hammer"", ""level"", ""nail"", ""pickaxe"", ""rope"", ""saw"", ""screwdriver"", ""shovel"", ""sieve"", ""tractor"", ""trailer"", ""triangle"", ""truck"", ""wheelbarrow""]","[""A"", ""B"", ""C"", ""first_to_mind""]","[""Qwen2.5-72B-Instruct""]","[""0"", ""1""]","[""v3_1_qwen2_5_72b_round0"", ""v3_qwen2_5_72b_round0"", ""v4_qwen2_5_72b_round1""]",503,21,1,316113ab46aea52cf5dc03d32c1d7d50d30658a7a42d56b6d5ba6043616cc55f
61,v4_ecc098d995930b68,has horns,"[""has horns"", ""have horns"", ""horn"", ""horned"", ""horns""]",B_55f554225553,61,v4-proposition-exact-1,imported_locked_v3_1_b,316113ab46aea52cf5dc03d32c1d7d50d30658a7a42d56b6d5ba6043616cc55f,"[""bison"", ""cow"", ""rhinoceros"", ""sheep""]","[""A"", ""B"", ""C"", ""first_to_mind""]","[""Qwen2.5-72B-Instruct""]","[""0"", ""1""]","[""v3_1_qwen2_5_72b_round0"", ""v3_qwen2_5_72b_round0"", ""v4_qwen2_5_72b_round1""]",143,4,1,316113ab46aea52cf5dc03d32c1d7d50d30658a7a42d56b6d5ba6043616cc55f
62,v4_96775fda704d884e,handlebars,"[""handlebars"", ""has a handlebar"", ""has handlebars""]",B_59434dc7e503,62,v4-proposition-exact-1,imported_locked_v3_1_b,316113ab46aea52cf5dc03d32c1d7d50d30658a7a42d56b6d5ba6043616cc55f,"[""bicycle"", ""kick scooter"", ""motorbike"", ""motorcycle"", ""scooter""]","[""B"", ""C""]","[""Qwen2.5-72B-Instruct""]","[""0""]","[""v3_1_qwen2_5_72b_round0"", ""v3_qwen2_5_72b_round0""]",55,5,1,316113ab46aea52cf5dc03d32c1d7d50d30658a7a42d56b6d5ba6043616cc55f
63,v4_9418b2422cfa1593,worn by women,"[""commonly worn by women"", ""often worn by women"", ""typically worn by women"", ""worn by women""]",B_5b0c0f95bfcf,63,v4-proposition-exact-1,imported_locked_v3_1_b,316113ab46aea52cf5dc03d32c1d7d50d30658a7a42d56b6d5ba6043616cc55f,"[""blouse"", ""bra"", ""dress"", ""panties"", ""skirt""]","[""A"", ""B"", ""C"", ""first_to_mind""]","[""Qwen2.5-72B-Instruct""]","[""0"", ""1""]","[""v3_1_qwen2_5_72b_round0"", ""v3_qwen2_5_72b_round0"", ""v4_qwen2_5_72b_round1""]",192,5,1,316113ab46aea52cf5dc03d32c1d7d50d30658a7a42d56b6d5ba6043616cc55f
64,v4_8ba6b9ec93cf61b6,is a predator,"[""is a predator"", ""predator""]",B_5d3676b0fbc9,64,v4-proposition-exact-1,imported_locked_v3_1_b,316113ab46aea52cf5dc03d32c1d7d50d30658a7a42d56b6d5ba6043616cc55f,"[""caiman"", ""centipede"", ""cobra"", ""crocodile"", ""dolphin"", ""eel"", ""fox"", ""lion"", ""orca"", ""shark"", ""snake"", ""tiger"", ""viper"", ""wasp"", ""wolf""]","[""A"", ""B"", ""C"", ""first_to_mind""]","[""Qwen2.5-72B-Instruct""]","[""0"", ""1""]","[""v3_1_qwen2_5_72b_round0"", ""v3_qwen2_5_72b_round0"", ""v4_qwen2_5_72b_round1""]",190,15,1,316113ab46aea52cf5dc03d32c1d7d50d30658a7a42d56b6d5ba6043616cc55f
65,v4_a42ab3730d593df6,small bird,"[""small bird""]",B_5d4266a6d3cc,65,v4-proposition-exact-1,imported_locked_v3_1_b,316113ab46aea52cf5dc03d32c1d7d50d30658a7a42d56b6d5ba6043616cc55f,"[""blackbird"", ""canary"", ""chickadee"", ""dove"", ""parakeet"", ""robin"", ""sparrow"", ""swallow""]","[""A"", ""B"", ""C"", ""first_to_mind"", ""perceptual_structural""]","[""Qwen2.5-72B-Instruct""]","[""0"", ""1""]","[""v3_1_qwen2_5_72b_round0"", ""v3_qwen2_5_72b_round0"", ""v4_qwen2_5_72b_round1""]",694,8,1,316113ab46aea52cf5dc03d32c1d7d50d30658a7a42d56b6d5ba6043616cc55f
66,v4_4059d15783e70664,used in kitchens,"[""often used in kitchens"", ""often used in the kitchen"", ""used in kitchen"", ""used in kitchens"", ""used in the kitchen""]",B_5dea407323e2,66,v4-proposition-exact-1,imported_locked_v3_1_b,316113ab46aea52cf5dc03d32c1d7d50d30658a7a42d56b6d5ba6043616cc55f,"[""bowl"", ""can opener"", ""colander"", ""electric kettle"", ""fridge"", ""kettle"", ""knife"", ""microwave oven"", ""mixer"", ""mug"", ""nutcracker"", ""pan"", ""percolator"", ""pot"", ""scales"", ""spatula"", ""toaster"", ""tongs"", ""wire brush""]","[""A"", ""B"", ""C"", ""first_to_mind""]","[""Qwen2.5-72B-Instruct""]","[""0"", ""1""]","[""v3_1_qwen2_5_72b_round0"", ""v3_qwen2_5_72b_round0"", ""v4_qwen2_5_72b_round1""]",183,19,1,316113ab46aea52cf5dc03d32c1d7d50d30658a7a42d56b6d5ba6043616cc55f
67,v4_df3d7370bd819d91,long legs,"[""has long legs"", ""long legs""]",B_6116a17f3d3a,67,v4-proposition-exact-1,imported_locked_v3_1_b,316113ab46aea52cf5dc03d32c1d7d50d30658a7a42d56b6d5ba6043616cc55f,"[""deer"", ""dromedary"", ""frog"", ""giraffe"", ""grasshopper"", ""heron"", ""llama"", ""mosquito"", ""ostrich"", ""stork"", ""zebra""]","[""A"", ""B"", ""C"", ""first_to_mind"", ""perceptual_structural""]","[""Qwen2.5-72B-Instruct""]","[""0"", ""1""]","[""v3_1_qwen2_5_72b_round0"", ""v3_qwen2_5_72b_round0"", ""v4_qwen2_5_72b_round1""]",402,11,1,316113ab46aea52cf5dc03d32c1d7d50d30658a7a42d56b6d5ba6043616cc55f
68,v4_148249161c66a3ce,six legs,"[""has six legs"", ""six legs""]",B_639483221630,68,v4-proposition-exact-1,imported_locked_v3_1_b,316113ab46aea52cf5dc03d32c1d7d50d30658a7a42d56b6d5ba6043616cc55f,"[""ant"", ""bee"", ""beetle"", ""bumblebee"", ""butterfly"", ""cockroach"", ""cricket"", ""fly"", ""fruit fly"", ""ladybug"", ""louse"", ""mosquito"", ""wasp""]","[""A"", ""B"", ""C"", ""first_to_mind"", ""perceptual_structural""]","[""Qwen2.5-72B-Instruct""]","[""0"", ""1""]","[""v3_1_qwen2_5_72b_round0"", ""v3_qwen2_5_72b_round0"", ""v4_qwen2_5_72b_round1""]",517,13,1,316113ab46aea52cf5dc03d32c1d7d50d30658a7a42d56b6d5ba6043616cc55f
69,v4_31487a836caea041,feathers,"[""feathered"", ""feathers"", ""has feathers""]",B_64a71ea0f3f3,69,v4-proposition-exact-1,imported_locked_v3_1_b,316113ab46aea52cf5dc03d32c1d7d50d30658a7a42d56b6d5ba6043616cc55f,"[""chicken"", ""crow"", ""cuckoo"", ""dinosaur"", ""duck"", ""eagle"", ""falcon"", ""ostrich"", ""owl"", ""parakeet"", ""parrot"", ""pheasant"", ""robin"", ""rooster"", ""sparrow"", ""turkey""]","[""A"", ""B"", ""C"", ""first_to_mind"", ""perceptual_structural""]","[""Qwen2.5-72B-Instruct""]","[""0"", ""1""]","[""v3_1_qwen2_5_72b_round0"", ""v3_qwen2_5_72b_round0"", ""v4_qwen2_5_72b_round1""]",434,16,1,316113ab46aea52cf5dc03d32c1d7d50d30658a7a42d56b6d5ba6043616cc55f
70,v4_9bdee279ff33aabc,made of cotton,"[""can be made of cotton"", ""made of cotton"", ""often made of cotton"", ""usually made of cotton""]",B_66965af1aa1c,70,v4-proposition-exact-1,imported_locked_v3_1_b,316113ab46aea52cf5dc03d32c1d7d50d30658a7a42d56b6d5ba6043616cc55f,"[""apron"", ""blouse"", ""pants"", ""pyjamas"", ""shirt"", ""shorts"", ""socks"", ""t-shirt"", ""towel""]","[""A"", ""B"", ""C"", ""first_to_mind"", ""perceptual_structural""]","[""Qwen2.5-72B-Instruct""]","[""0"", ""1""]","[""v3_1_qwen2_5_72b_round0"", ""v3_qwen2_5_72b_round0"", ""v4_qwen2_5_72b_round1""]",179,9,1,316113ab46aea52cf5dc03d32c1d7d50d30658a7a42d56b6d5ba6043616cc55f
71,v4_c08b6bdab20b1c30,used for hunting,"[""can be hunted"", ""can be used for hunting"", ""hunting"", ""hunts"", ""often hunted"", ""used for hunting""]",B_66bdc2111a96,71,v4-proposition-exact-1,imported_locked_v3_1_b,316113ab46aea52cf5dc03d32c1d7d50d30658a7a42d56b6d5ba6043616cc55f,"[""bow"", ""deer"", ""dog"", ""double barrelled shotgun"", ""duck"", ""falcon"", ""lion"", ""pheasant"", ""pike"", ""python"", ""rifle"", ""slingshot"", ""spear""]","[""A"", ""B"", ""C"", ""first_to_mind""]","[""Qwen2.5-72B-Instruct""]","[""0"", ""1""]","[""v3_1_qwen2_5_72b_round0"", ""v3_qwen2_5_72b_round0"", ""v4_qwen2_5_72b_round1""]",251,13,1,316113ab46aea52cf5dc03d32c1d7d50d30658a7a42d56b6d5ba6043616cc55f
72,v4_85b11f037aa9e0d0,eats fish,"[""eats fish""]",B_670e83a1ca80,72,v4-proposition-exact-1,imported_locked_v3_1_b,316113ab46aea52cf5dc03d32c1d7d50d30658a7a42d56b6d5ba6043616cc55f,"[""alligator"", ""caiman"", ""cat"", ""crocodile"", ""eagle"", ""eel"", ""heron"", ""pelican"", ""penguin"", ""seagull"", ""shark"", ""stork""]","[""A"", ""B"", ""C"", ""first_to_mind""]","[""Qwen2.5-72B-Instruct""]","[""0"", ""1""]","[""v3_1_qwen2_5_72b_round0"", ""v3_qwen2_5_72b_round0"", ""v4_qwen2_5_72b_round1""]",241,12,1,316113ab46aea52cf5dc03d32c1d7d50d30658a7a42d56b6d5ba6043616cc55f
73,v4_355ccad72e35673d,long body,"[""has a long body"", ""long body""]",B_678b6f0086b5,73,v4-proposition-exact-1,imported_locked_v3_1_b,316113ab46aea52cf5dc03d32c1d7d50d30658a7a42d56b6d5ba6043616cc55f,"[""bassoon"", ""boa"", ""caterpillar"", ""centipede"", ""dragonfly"", ""earwig"", ""eel"", ""lizard"", ""python"", ""saxophone"", ""snake"", ""swordfish""]","[""A"", ""B"", ""C"", ""first_to_mind""]","[""Qwen2.5-72B-Instruct""]","[""0"", ""1""]","[""v3_1_qwen2_5_72b_round0"", ""v3_qwen2_5_72b_round0"", ""v4_qwen2_5_72b_round1""]",98,12,1,316113ab46aea52cf5dc03d32c1d7d50d30658a7a42d56b6d5ba6043616cc55f
74,v4_e8a309c3536537f8,can fly short distances,"[""can fly short distances"", ""flies short distances"", ""flying short distances""]",B_690501fbdd24,74,v4-proposition-exact-1,imported_locked_v3_1_b,316113ab46aea52cf5dc03d32c1d7d50d30658a7a42d56b6d5ba6043616cc55f,"[""bee"", ""chicken"", ""cockroach"", ""grasshopper"", ""ladybug"", ""mosquito"", ""parakeet"", ""peacock"", ""pheasant"", ""rooster"", ""sparrow"", ""turkey""]","[""A"", ""B"", ""C"", ""first_to_mind"", ""less_obvious_general"", ""perceptual_structural""]","[""Qwen2.5-72B-Instruct""]","[""0"", ""1""]","[""v3_1_qwen2_5_72b_round0"", ""v3_qwen2_5_72b_round0"", ""v4_qwen2_5_72b_round1""]",510,12,1,316113ab46aea52cf5dc03d32c1d7d50d30658a7a42d56b6d5ba6043616cc55f
75,v4_c7cb02502b4e7f66,eats grass,"[""eat grass"", ""eats grass""]",B_6add623ffc35,75,v4-proposition-exact-1,imported_locked_v3_1_b,316113ab46aea52cf5dc03d32c1d7d50d30658a7a42d56b6d5ba6043616cc55f,"[""cow"", ""donkey"", ""horse"", ""kangaroo"", ""llama"", ""sheep"", ""zebra""]","[""A"", ""B"", ""C"", ""first_to_mind""]","[""Qwen2.5-72B-Instruct""]","[""0"", ""1""]","[""v3_1_qwen2_5_72b_round0"", ""v3_qwen2_5_72b_round0"", ""v4_qwen2_5_72b_round1""]",126,7,1,316113ab46aea52cf5dc03d32c1d7d50d30658a7a42d56b6d5ba6043616cc55f
76,v4_e39ee37064f29fa4,can swim,"[""can swim"", ""swims""]",B_6b223542f267,76,v4-proposition-exact-1,imported_locked_v3_1_b,316113ab46aea52cf5dc03d32c1d7d50d30658a7a42d56b6d5ba6043616cc55f,"[""boa"", ""caiman"", ""carp"", ""deer"", ""duck"", ""eel"", ""elephant"", ""frog"", ""goldfish"", ""hedgehog"", ""iguana"", ""kangaroo"", ""monitor lizard"", ""pig"", ""seagull"", ""tiger"", ""trout""]","[""A"", ""B"", ""C"", ""first_to_mind""]","[""Qwen2.5-72B-Instruct""]","[""0"", ""1""]","[""v3_1_qwen2_5_72b_round0"", ""v3_qwen2_5_72b_round0"", ""v4_qwen2_5_72b_round1""]",256,17,1,316113ab46aea52cf5dc03d32c1d7d50d30658a7a42d56b6d5ba6043616cc55f
77,v4_8d808ab52b4a6afd,can be electric,"[""can be electric"", ""electric"", ""often electric"", ""usually electric""]",B_6b5b177de2d7,77,v4-proposition-exact-1,imported_locked_v3_1_b,316113ab46aea52cf5dc03d32c1d7d50d30658a7a42d56b6d5ba6043616cc55f,"[""bass guitar"", ""can opener"", ""car"", ""eel"", ""kettle"", ""lawn mower"", ""mixer"", ""percolator"", ""saw"", ""scooter"", ""tram"", ""whisk""]","[""A"", ""B"", ""C""]","[""Qwen2.5-72B-Instruct""]","[""0""]","[""v3_1_qwen2_5_72b_round0"", ""v3_qwen2_5_72b_round0""]",92,12,1,316113ab46aea52cf5dc03d32c1d7d50d30658a7a42d56b6d5ba6043616cc55f
78,v4_069b9556c7d062de,large,"[""can be large"", ""is large"", ""large""]",B_6f1aa3d4067e,78,v4-proposition-exact-1,imported_locked_v3_1_b,316113ab46aea52cf5dc03d32c1d7d50d30658a7a42d56b6d5ba6043616cc55f,"[""bison"", ""carp"", ""crocodile"", ""dinosaur"", ""elephant"", ""hippopotamus"", ""moth"", ""piano"", ""rhinoceros"", ""tiger"", ""tractor""]","[""B"", ""C"", ""perceptual_structural""]","[""Qwen2.5-72B-Instruct""]","[""0"", ""1""]","[""v3_1_qwen2_5_72b_round0"", ""v4_qwen2_5_72b_round1""]",83,11,1,316113ab46aea52cf5dc03d32c1d7d50d30658a7a42d56b6d5ba6043616cc55f
79,v4_59b96d2a39ecf30e,portable and lightweight,"[""lightweight and portable"", ""portable and lightweight""]",B_6f6bf0bf6ea3,79,v4-proposition-exact-1,imported_locked_v3_1_b,316113ab46aea52cf5dc03d32c1d7d50d30658a7a42d56b6d5ba6043616cc55f,"[""banjo"", ""bazooka"", ""cap"", ""clarinet"", ""dagger"", ""flute"", ""harmonica"", ""kick scooter"", ""oilcan"", ""pan flute"", ""recorder"", ""rifle"", ""scooter"", ""sieve"", ""skateboard"", ""slingshot"", ""stick"", ""tambourine""]","[""A"", ""B"", ""C"", ""first_to_mind"", ""perceptual_structural""]","[""Qwen2.5-72B-Instruct""]","[""0"", ""1""]","[""v3_1_qwen2_5_72b_round0"", ""v3_qwen2_5_72b_round0"", ""v4_qwen2_5_72b_round1""]",422,18,1,316113ab46aea52cf5dc03d32c1d7d50d30658a7a42d56b6d5ba6043616cc55f
80,v4_f58e17c8b1eb530c,can be used as a weapon,"[""can be used as a weapon"", ""used as a weapon""]",B_723971db530c,80,v4-proposition-exact-1,imported_locked_v3_1_b,316113ab46aea52cf5dc03d32c1d7d50d30658a7a42d56b6d5ba6043616cc55f,"[""anvil"", ""axe"", ""bat"", ""bow"", ""club"", ""crowbar"", ""dagger"", ""fork"", ""grenade"", ""hammer"", ""knife"", ""knuckle dusters"", ""pickaxe"", ""scissors"", ""shovel"", ""spear"", ""stick"", ""sword"", ""tongs"", ""whip""]","[""A"", ""B"", ""C"", ""first_to_mind"", ""less_obvious_general""]","[""Qwen2.5-72B-Instruct""]","[""0"", ""1""]","[""v3_1_qwen2_5_72b_round0"", ""v3_qwen2_5_72b_round0"", ""v4_qwen2_5_72b_round1""]",521,20,1,316113ab46aea52cf5dc03d32c1d7d50d30658a7a42d56b6d5ba6043616cc55f
81,v4_719a31e2eb020bc5,climbs trees,"[""can climb trees"", ""climbs trees"", ""often climbs trees""]",B_73f6063760d7,81,v4-proposition-exact-1,imported_locked_v3_1_b,316113ab46aea52cf5dc03d32c1d7d50d30658a7a42d56b6d5ba6043616cc55f,"[""cat"", ""chameleon"", ""fox"", ""iguana"", ""lion"", ""lizard"", ""monitor lizard"", ""monkey"", ""snake"", ""squirrel"", ""tiger"", ""woodpecker""]","[""A"", ""B"", ""C"", ""first_to_mind"", ""perceptual_structural""]","[""Qwen2.5-72B-Instruct""]","[""0"", ""1""]","[""v3_1_qwen2_5_72b_round0"", ""v3_qwen2_5_72b_round0"", ""v4_qwen2_5_72b_round1""]",375,12,1,316113ab46aea52cf5dc03d32c1d7d50d30658a7a42d56b6d5ba6043616cc55f
82,v4_9030af97a326242d,herbivore,"[""herbivore"", ""herbivorous"", ""is a herbivore""]",B_74d4e1ca5cea,82,v4-proposition-exact-1,imported_locked_v3_1_b,316113ab46aea52cf5dc03d32c1d7d50d30658a7a42d56b6d5ba6043616cc55f,"[""beaver"", ""bison"", ""cow"", ""deer"", ""dinosaur"", ""donkey"", ""elephant"", ""giraffe"", ""hippopotamus"", ""horse"", ""llama"", ""rabbit"", ""rhinoceros"", ""sheep"", ""tortoise"", ""zebra""]","[""A"", ""B"", ""C"", ""first_to_mind"", ""perceptual_structural"", ""taxonomic_definitional""]","[""Qwen2.5-72B-Instruct""]","[""0"", ""1""]","[""v3_1_qwen2_5_72b_round0"", ""v3_qwen2_5_72b_round0"", ""v4_qwen2_5_72b_round1""]",349,16,1,316113ab46aea52cf5dc03d32c1d7d50d30658a7a42d56b6d5ba6043616cc55f
83,v4_04d93ddb9864ac1c,made of metal and wood,"[""commonly made of metal and wood"", ""made of metal and wood"", ""made of wood and metal"", ""often made of wood and metal""]",B_76494bf41070,83,v4-proposition-exact-1,imported_locked_v3_1_b,316113ab46aea52cf5dc03d32c1d7d50d30658a7a42d56b6d5ba6043616cc55f,"[""accordion"", ""axe"", ""banjo"", ""carriage"", ""double barrelled shotgun"", ""hammer"", ""harmonica"", ""harp"", ""organ"", ""piano"", ""pickaxe"", ""pike"", ""plough"", ""rifle"", ""shovel"", ""skateboard"", ""spear"", ""wheelbarrow""]","[""A"", ""B"", ""C"", ""first_to_mind"", ""perceptual_structural""]","[""Qwen2.5-72B-Instruct""]","[""0"", ""1""]","[""v3_1_qwen2_5_72b_round0"", ""v3_qwen2_5_72b_round0"", ""v4_qwen2_5_72b_round1""]",412,18,1,316113ab46aea52cf5dc03d32c1d7d50d30658a7a42d56b6d5ba6043616cc55f
84,v4_03d3f5d0d48f845a,lives near water,"[""lives near water""]",B_77c27889c7b7,84,v4-proposition-exact-1,imported_locked_v3_1_b,316113ab46aea52cf5dc03d32c1d7d50d30658a7a42d56b6d5ba6043616cc55f,"[""beaver"", ""dragonfly"", ""duck"", ""frog"", ""heron"", ""mosquito"", ""pelican"", ""salamander"", ""seagull"", ""stork"", ""swan""]","[""A"", ""B"", ""C"", ""first_to_mind""]","[""Qwen2.5-72B-Instruct""]","[""0"", ""1""]","[""v3_1_qwen2_5_72b_round0"", ""v3_qwen2_5_72b_round0"", ""v4_qwen2_5_72b_round1""]",332,11,1,316113ab46aea52cf5dc03d32c1d7d50d30658a7a42d56b6d5ba6043616cc55f
85,v4_023d691a4e758811,long neck,"[""can have a long neck"", ""has a long neck"", ""long neck"", ""long necks"", ""long-necked""]",B_77f6a06690bb,85,v4-proposition-exact-1,imported_locked_v3_1_b,316113ab46aea52cf5dc03d32c1d7d50d30658a7a42d56b6d5ba6043616cc55f,"[""banjo"", ""bass guitar"", ""dinosaur"", ""double bass"", ""dromedary"", ""giraffe"", ""guitar"", ""heron"", ""llama"", ""monitor lizard"", ""ostrich"", ""peacock"", ""polar bear"", ""swan"", ""turkey"", ""turtle"", ""violin"", ""zebra""]","[""A"", ""B"", ""C"", ""first_to_mind"", ""perceptual_structural""]","[""Qwen2.5-72B-Instruct""]","[""0"", ""1""]","[""v3_1_qwen2_5_72b_round0"", ""v3_qwen2_5_72b_round0"", ""v4_qwen2_5_72b_round1""]",646,18,1,316113ab46aea52cf5dc03d32c1d7d50d30658a7a42d56b6d5ba6043616cc55f
86,v4_3d0933c52c0fe236,eats seeds,"[""eats seeds""]",B_784f7ae8c557,86,v4-proposition-exact-1,imported_locked_v3_1_b,316113ab46aea52cf5dc03d32c1d7d50d30658a7a42d56b6d5ba6043616cc55f,"[""canary"", ""chickadee"", ""dove"", ""duck"", ""hamster"", ""parakeet"", ""parrot"", ""sparrow""]","[""A"", ""B"", ""C"", ""first_to_mind""]","[""Qwen2.5-72B-Instruct""]","[""0"", ""1""]","[""v3_1_qwen2_5_72b_round0"", ""v3_qwen2_5_72b_round0"", ""v4_qwen2_5_72b_round1""]",151,8,1,316113ab46aea52cf5dc03d32c1d7d50d30658a7a42d56b6d5ba6043616cc55f
87,v4_d4ad7ab04d085311,often brightly colored,"[""brightly colored"", ""can be brightly colored"", ""is often brightly colored"", ""often brightly colored""]",B_7e5cbcf8fcfa,87,v4-proposition-exact-1,imported_locked_v3_1_b,316113ab46aea52cf5dc03d32c1d7d50d30658a7a42d56b6d5ba6043616cc55f,"[""(hot air) balloon"", ""bathing suit"", ""beetle"", ""butterfly"", ""canary"", ""caterpillar"", ""centipede"", ""dragonfly"", ""go-cart"", ""goldfish"", ""mittens"", ""parrot"", ""salamander"", ""top"", ""worm""]","[""A"", ""B"", ""C"", ""first_to_mind"", ""perceptual_structural""]","[""Qwen2.5-72B-Instruct""]","[""0"", ""1""]","[""v3_1_qwen2_5_72b_round0"", ""v3_qwen2_5_72b_round0"", ""v4_qwen2_5_72b_round1""]",292,15,1,316113ab46aea52cf5dc03d32c1d7d50d30658a7a42d56b6d5ba6043616cc55f
88,v4_28babbbe9dfc868f,has a beak,"[""beak"", ""has a beak"", ""has beak""]",B_8288a0f3f65f,88,v4-proposition-exact-1,imported_locked_v3_1_b,316113ab46aea52cf5dc03d32c1d7d50d30658a7a42d56b6d5ba6043616cc55f,"[""blackbird"", ""chicken"", ""falcon"", ""parakeet"", ""parrot"", ""penguin"", ""sparrow"", ""squid""]","[""A"", ""B"", ""C"", ""first_to_mind"", ""perceptual_structural""]","[""Qwen2.5-72B-Instruct""]","[""0"", ""1""]","[""v3_1_qwen2_5_72b_round0"", ""v3_qwen2_5_72b_round0"", ""v4_qwen2_5_72b_round1""]",152,8,1,316113ab46aea52cf5dc03d32c1d7d50d30658a7a42d56b6d5ba6043616cc55f
89,v4_468d856206c723ff,migrates seasonally,"[""migrates seasonally""]",B_82a3e46e22de,89,v4-proposition-exact-1,imported_locked_v3_1_b,316113ab46aea52cf5dc03d32c1d7d50d30658a7a42d56b6d5ba6043616cc55f,"[""blackbird"", ""crow"", ""cuckoo"", ""deer"", ""dove"", ""duck"", ""herring"", ""orca"", ""plaice"", ""polar bear"", ""robin"", ""seagull"", ""sparrow"", ""sperm whale"", ""stickleback"", ""stork"", ""swallow"", ""swan"", ""woodpecker""]","[""A"", ""B"", ""C"", ""first_to_mind"", ""functional_affordance""]","[""Qwen2.5-72B-Instruct""]","[""0"", ""1""]","[""v3_1_qwen2_5_72b_round0"", ""v3_qwen2_5_72b_round0"", ""v4_qwen2_5_72b_round1""]",274,19,1,316113ab46aea52cf5dc03d32c1d7d50d30658a7a42d56b6d5ba6043616cc55f
90,v4_f0d4a65ca73921e6,flies,"[""can fly"", ""flies"", ""flying""]",B_839eb7db3283,90,v4-proposition-exact-1,imported_locked_v3_1_b,316113ab46aea52cf5dc03d32c1d7d50d30658a7a42d56b6d5ba6043616cc55f,"[""bat"", ""bee"", ""beetle"", ""blackbird"", ""bumblebee"", ""butterfly"", ""cockroach"", ""crow"", ""cuckoo"", ""dove"", ""dragonfly"", ""duck"", ""eagle"", ""earwig"", ""falcon"", ""fly"", ""fruit fly"", ""heron"", ""horsefly"", ""ladybug"", ""maybug"", ""mosquito"", ""moth"", ""parakeet"", ""parrot"", ""pelican"", ""pheasant"", ""plane"", ""seagull"", ""sparrow"", ""stork"", ""swallow"", ""swan"", ""trout"", ""wasp"", ""woodpecker""]","[""A"", ""B"", ""C"", ""first_to_mind"", ""perceptual_structural""]","[""Qwen2.5-72B-Instruct""]","[""0"", ""1""]","[""v3_1_qwen2_5_72b_round0"", ""v3_qwen2_5_72b_round0"", ""v4_qwen2_5_72b_round1""]",769,36,1,316113ab46aea52cf5dc03d32c1d7d50d30658a7a42d56b6d5ba6043616cc55f
91,v4_2adf0237d919b44a,varies in size,"[""can vary in size"", ""varies in size"", ""vary in size""]",B_86ce35c2c116,91,v4-proposition-exact-1,imported_locked_v3_1_b,316113ab46aea52cf5dc03d32c1d7d50d30658a7a42d56b6d5ba6043616cc55f,"[""adjustable spanner"", ""airplane"", ""bat"", ""beetle"", ""boat"", ""bowl"", ""car"", ""cart"", ""centipede"", ""clamp"", ""club"", ""colander"", ""cymbals"", ""dog"", ""drill"", ""drum"", ""filling knife"", ""fork"", ""fridge"", ""goldfish"", ""grinding disc"", ""harp"", ""kettle"", ""knife"", ""leech"", ""lizard"", ""monkey"", ""moth"", ""mug"", ""nail"", ""nutcracker"", ""oilcan"", ""organ"", ""paint brush"", ""pan"", ""pan flute"", ""piano"", ""piranha"", ""plane"", ""plate"", ""pot"", ""saw"", ""scissors"", ""shield"", ""shovel"", ""sieve"", ""snake"", ""spatula"", ""spider"", ""spoon"", ""stove"", ""top"", ""tortoise"", ""trailer"", ""triangle"", ""truck"", ""turtle"", ""whisk"", ""wok"", ""worm""]","[""A"", ""B"", ""C"", ""first_to_mind"", ""perceptual_structural""]","[""Qwen2.5-72B-Instruct""]","[""0"", ""1""]","[""v3_1_qwen2_5_72b_round0"", ""v3_qwen2_5_72b_round0"", ""v4_qwen2_5_72b_round1""]",525,60,1,316113ab46aea52cf5dc03d32c1d7d50d30658a7a42d56b6d5ba6043616cc55f
92,v4_32d7a33320fd496c,scaly skin,"[""has scaly skin"", ""scaly skin""]",B_87b6bcf8d6bd,92,v4-proposition-exact-1,imported_locked_v3_1_b,316113ab46aea52cf5dc03d32c1d7d50d30658a7a42d56b6d5ba6043616cc55f,"[""alligator"", ""caiman"", ""carp"", ""crocodile"", ""dinosaur"", ""iguana"", ""lizard"", ""monitor lizard"", ""python"", ""tortoise""]","[""A"", ""B"", ""C"", ""first_to_mind"", ""perceptual_structural""]","[""Qwen2.5-72B-Instruct""]","[""0"", ""1""]","[""v3_1_qwen2_5_72b_round0"", ""v3_qwen2_5_72b_round0"", ""v4_qwen2_5_72b_round1""]",122,10,1,316113ab46aea52cf5dc03d32c1d7d50d30658a7a42d56b6d5ba6043616cc55f
93,v4_98afa6b4bdf76bf4,often seen in groups,"[""is often seen in groups"", ""often seen in groups""]",B_8aa2cfe43405,93,v4-proposition-exact-1,imported_locked_v3_1_b,316113ab46aea52cf5dc03d32c1d7d50d30658a7a42d56b6d5ba6043616cc55f,"[""cockroach"", ""crow"", ""deer"", ""dolphin"", ""kangaroo"", ""monkey"", ""penguin"", ""sparrow"", ""swallow"", ""vulture"", ""zebra""]","[""A"", ""B"", ""C"", ""first_to_mind"", ""perceptual_structural""]","[""Qwen2.5-72B-Instruct""]","[""0"", ""1""]","[""v3_1_qwen2_5_72b_round0"", ""v3_qwen2_5_72b_round0"", ""v4_qwen2_5_72b_round1""]",202,11,1,316113ab46aea52cf5dc03d32c1d7d50d30658a7a42d56b6d5ba6043616cc55f
94,v4_052dbff4db962683,comes in various colors,"[""come in various colors"", ""comes in various colors"", ""often comes in various colors""]",B_8b552931df7a,94,v4-proposition-exact-1,imported_locked_v3_1_b,316113ab46aea52cf5dc03d32c1d7d50d30658a7a42d56b6d5ba6043616cc55f,"[""apron"", ""beanie"", ""belt"", ""bicycle"", ""blouse"", ""boots"", ""bow"", ""bra"", ""cap"", ""car"", ""cat"", ""chicken"", ""coat"", ""dress"", ""duck"", ""electric kettle"", ""glass"", ""hamster"", ""hat"", ""jeans"", ""kick scooter"", ""mittens"", ""motorbike"", ""mouse"", ""mug"", ""panties"", ""pants"", ""place mat"", ""pullover"", ""pyjamas"", ""recorder"", ""rope"", ""scales"", ""scarf"", ""scooter"", ""shirt"", ""shoes"", ""shorts"", ""skirt"", ""snake"", ""sole"", ""squirrel"", ""suit"", ""sweater"", ""t-shirt"", ""tie"", ""toaster"", ""tongs"", ""towel"", ""tracksuit""]","[""A"", ""B"", ""C"", ""first_to_mind"", ""perceptual_structural""]","[""Qwen2.5-72B-Instruct""]","[""0"", ""1""]","[""v3_1_qwen2_5_72b_round0"", ""v3_qwen2_5_72b_round0"", ""v4_qwen2_5_72b_round1""]",643,50,1,316113ab46aea52cf5dc03d32c1d7d50d30658a7a42d56b6d5ba6043616cc55f
95,v4_0cb65f51764a1dad,carries passengers,"[""can carry passengers"", ""carries passengers""]",B_8bb4730e16b1,95,v4-proposition-exact-1,imported_locked_v3_1_b,316113ab46aea52cf5dc03d32c1d7d50d30658a7a42d56b6d5ba6043616cc55f,"[""(hot air) balloon"", ""airplane"", ""boat"", ""bus"", ""car"", ""carriage"", ""helicopter"", ""plane"", ""subway train"", ""train"", ""tram"", ""zeppelin""]","[""A"", ""B"", ""C"", ""first_to_mind""]","[""Qwen2.5-72B-Instruct""]","[""0"", ""1""]","[""v3_1_qwen2_5_72b_round0"", ""v3_qwen2_5_72b_round0"", ""v4_qwen2_5_72b_round1""]",353,12,1,316113ab46aea52cf5dc03d32c1d7d50d30658a7a42d56b6d5ba6043616cc55f
96,v4_3b804644d01bf01f,often has a collar,"[""often has a collar"", ""typically has a collar"", ""usually has a collar""]",B_8bbf35478007,96,v4-proposition-exact-1,imported_locked_v3_1_b,316113ab46aea52cf5dc03d32c1d7d50d30658a7a42d56b6d5ba6043616cc55f,"[""blouse"", ""coat"", ""dress"", ""pullover"", ""shirt"", ""sweater"", ""t-shirt""]","[""A"", ""B"", ""C"", ""first_to_mind"", ""less_obvious_general"", ""perceptual_structural""]","[""Qwen2.5-72B-Instruct""]","[""0"", ""1""]","[""v3_1_qwen2_5_72b_round0"", ""v3_qwen2_5_72b_round0"", ""v4_qwen2_5_72b_round1""]",299,7,1,316113ab46aea52cf5dc03d32c1d7d50d30658a7a42d56b6d5ba6043616cc55f
97,v4_9b80733e9d345ace,has a curved beak,"[""curved beak"", ""has a curved beak""]",B_8c9db1dde97b,97,v4-proposition-exact-1,imported_locked_v3_1_b,316113ab46aea52cf5dc03d32c1d7d50d30658a7a42d56b6d5ba6043616cc55f,"[""cuckoo"", ""falcon"", ""heron"", ""parakeet"", ""parrot"", ""robin"", ""seagull"", ""stork""]","[""A"", ""B"", ""C"", ""first_to_mind"", ""perceptual_structural""]","[""Qwen2.5-72B-Instruct""]","[""0"", ""1""]","[""v3_1_qwen2_5_72b_round0"", ""v3_qwen2_5_72b_round0"", ""v4_qwen2_5_72b_round1""]",192,8,1,316113ab46aea52cf5dc03d32c1d7d50d30658a7a42d56b6d5ba6043616cc55f
98,v4_3b1bb23b615ada38,large body,"[""has a large body"", ""large body""]",B_8e42431bd331,98,v4-proposition-exact-1,imported_locked_v3_1_b,316113ab46aea52cf5dc03d32c1d7d50d30658a7a42d56b6d5ba6043616cc55f,"[""bass guitar"", ""cow"", ""hippopotamus"", ""polar bear"", ""rhinoceros"", ""tiger"", ""whale""]","[""A"", ""B"", ""C"", ""first_to_mind"", ""perceptual_structural""]","[""Qwen2.5-72B-Instruct""]","[""0"", ""1""]","[""v3_1_qwen2_5_72b_round0"", ""v3_qwen2_5_72b_round0"", ""v4_qwen2_5_72b_round1""]",57,7,1,316113ab46aea52cf5dc03d32c1d7d50d30658a7a42d56b6d5ba6043616cc55f
99,v4_7c11f745705881f6,used in sports,"[""can be used in sports"", ""commonly used in sports"", ""used in sports""]",B_8ead78136c18,99,v4-proposition-exact-1,imported_locked_v3_1_b,316113ab46aea52cf5dc03d32c1d7d50d30658a7a42d56b6d5ba6043616cc55f,"[""bat"", ""cap"", ""club"", ""cricket"", ""horse"", ""pistol"", ""rope"", ""socks"", ""tracksuit""]","[""A"", ""B"", ""C"", ""first_to_mind""]","[""Qwen2.5-72B-Instruct""]","[""0"", ""1""]","[""v3_1_qwen2_5_72b_round0"", ""v3_qwen2_5_72b_round0"", ""v4_qwen2_5_72b_round1""]",151,9,1,316113ab46aea52cf5dc03d32c1d7d50d30658a7a42d56b6d5ba6043616cc55f
100,v4_806b6a5afc99d46d,eats plants,"[""eats plants""]",B_90bf7f77d8f6,100,v4-proposition-exact-1,imported_locked_v3_1_b,316113ab46aea52cf5dc03d32c1d7d50d30658a7a42d56b6d5ba6043616cc55f,"[""beetle"", ""cricket"", ""deer"", ""dromedary"", ""elephant"", ""grasshopper"", ""hippopotamus"", ""iguana"", ""kangaroo"", ""ostrich"", ""rabbit"", ""rhinoceros"", ""swan"", ""tortoise""]","[""A"", ""B"", ""C"", ""first_to_mind""]","[""Qwen2.5-72B-Instruct""]","[""0"", ""1""]","[""v3_1_qwen2_5_72b_round0"", ""v3_qwen2_5_72b_round0"", ""v4_qwen2_5_72b_round1""]",343,14,1,316113ab46aea52cf5dc03d32c1d7d50d30658a7a42d56b6d5ba6043616cc55f
101,v4_27b42360c4852d20,jumps,"[""can jump"", ""jumping"", ""jumps""]",B_92b77b94e173,101,v4-proposition-exact-1,imported_locked_v3_1_b,316113ab46aea52cf5dc03d32c1d7d50d30658a7a42d56b6d5ba6043616cc55f,"[""carp"", ""cat"", ""frog"", ""grasshopper"", ""spider"", ""squirrel"", ""toad""]","[""A"", ""B"", ""C""]","[""Qwen2.5-72B-Instruct""]","[""0""]","[""v3_1_qwen2_5_72b_round0"", ""v3_qwen2_5_72b_round0""]",114,7,1,316113ab46aea52cf5dc03d32c1d7d50d30658a7a42d56b6d5ba6043616cc55f
102,v4_a661e8eded9ef5f6,may have pockets,"[""may have pockets""]",B_933a47028da7,102,v4-proposition-exact-1,imported_locked_v3_1_b,316113ab46aea52cf5dc03d32c1d7d50d30658a7a42d56b6d5ba6043616cc55f,"[""blouse"", ""coat"", ""dress"", ""pants"", ""pullover"", ""pyjamas"", ""shirt"", ""shorts"", ""skirt"", ""tracksuit""]","[""A"", ""B"", ""C"", ""first_to_mind"", ""less_obvious_general"", ""perceptual_structural""]","[""Qwen2.5-72B-Instruct""]","[""0"", ""1""]","[""v3_1_qwen2_5_72b_round0"", ""v3_qwen2_5_72b_round0"", ""v4_qwen2_5_72b_round1""]",318,10,1,316113ab46aea52cf5dc03d32c1d7d50d30658a7a42d56b6d5ba6043616cc55f
103,v4_353c50c55a621653,cold-blooded,"[""cold-blooded"", ""is cold-blooded""]",B_93e8ac324b7c,103,v4-proposition-exact-1,imported_locked_v3_1_b,316113ab46aea52cf5dc03d32c1d7d50d30658a7a42d56b6d5ba6043616cc55f,"[""alligator"", ""blindworm"", ""butterfly"", ""caiman"", ""chameleon"", ""cobra"", ""cricket"", ""crocodile"", ""frog"", ""gecko"", ""herring"", ""iguana"", ""ladybug"", ""lizard"", ""monitor lizard"", ""python"", ""salamander"", ""salmon"", ""shark"", ""snake"", ""toad"", ""tortoise"", ""trout"", ""turtle"", ""viper""]","[""A"", ""B"", ""C"", ""first_to_mind"", ""perceptual_structural""]","[""Qwen2.5-72B-Instruct""]","[""0"", ""1""]","[""v3_1_qwen2_5_72b_round0"", ""v3_qwen2_5_72b_round0"", ""v4_qwen2_5_72b_round1""]",860,25,1,316113ab46aea52cf5dc03d32c1d7d50d30658a7a42d56b6d5ba6043616cc55f
104,v4_dad75071b2ea269a,has doors that open and close,"[""has a door that opens and closes"", ""has doors that open and close""]",B_955cb75d89f9,104,v4-proposition-exact-1,imported_locked_v3_1_b,316113ab46aea52cf5dc03d32c1d7d50d30658a7a42d56b6d5ba6043616cc55f,"[""bus"", ""car"", ""fridge"", ""microwave oven"", ""oven"", ""subway train"", ""tram""]","[""A"", ""B"", ""C"", ""first_to_mind"", ""perceptual_structural""]","[""Qwen2.5-72B-Instruct""]","[""0"", ""1""]","[""v3_1_qwen2_5_72b_round0"", ""v3_qwen2_5_72b_round0"", ""v4_qwen2_5_72b_round1""]",315,7,1,316113ab46aea52cf5dc03d32c1d7d50d30658a7a42d56b6d5ba6043616cc55f
105,v4_c2baf377b8955211,lays eggs in water,"[""laid eggs in water"", ""lay eggs in water"", ""lays eggs in water""]",B_96975afbf780,105,v4-proposition-exact-1,imported_locked_v3_1_b,316113ab46aea52cf5dc03d32c1d7d50d30658a7a42d56b6d5ba6043616cc55f,"[""dragonfly"", ""frog"", ""horsefly"", ""mosquito"", ""salamander"", ""swan"", ""toad""]","[""A"", ""B"", ""C"", ""first_to_mind"", ""perceptual_structural""]","[""Qwen2.5-72B-Instruct""]","[""0"", ""1""]","[""v3_1_qwen2_5_72b_round0"", ""v3_qwen2_5_72b_round0"", ""v4_qwen2_5_72b_round1""]",534,7,1,316113ab46aea52cf5dc03d32c1d7d50d30658a7a42d56b6d5ba6043616cc55f
106,v4_0bad4501eb351a44,green,"[""can be green"", ""green"", ""is green"", ""is often green"", ""often green""]",B_96df072ed5c0,106,v4-proposition-exact-1,imported_locked_v3_1_b,316113ab46aea52cf5dc03d32c1d7d50d30658a7a42d56b6d5ba6043616cc55f,"[""caterpillar"", ""crocodile"", ""frog"", ""grasshopper"", ""iguana""]","[""A"", ""B"", ""C""]","[""Qwen2.5-72B-Instruct""]","[""0""]","[""v3_1_qwen2_5_72b_round0"", ""v3_qwen2_5_72b_round0""]",84,5,1,316113ab46aea52cf5dc03d32c1d7d50d30658a7a42d56b6d5ba6043616cc55f
107,v4_22cc89295d63ea60,builds nests,"[""builds nest"", ""builds nests"", ""nest building""]",B_98a7e89da782,107,v4-proposition-exact-1,imported_locked_v3_1_b,316113ab46aea52cf5dc03d32c1d7d50d30658a7a42d56b6d5ba6043616cc55f,"[""ant"", ""dove"", ""robin"", ""sparrow"", ""stickleback"", ""swallow"", ""wasp""]","[""B"", ""C"", ""first_to_mind""]","[""Qwen2.5-72B-Instruct""]","[""0"", ""1""]","[""v3_1_qwen2_5_72b_round0"", ""v3_qwen2_5_72b_round0"", ""v4_qwen2_5_72b_round1""]",74,7,1,316113ab46aea52cf5dc03d32c1d7d50d30658a7a42d56b6d5ba6043616cc55f
108,v4_f155695506ba08c7,round shape,"[""has a round shape"", ""has a rounded shape"", ""round shape""]",B_9902dd6b6390,108,v4-proposition-exact-1,imported_locked_v3_1_b,316113ab46aea52cf5dc03d32c1d7d50d30658a7a42d56b6d5ba6043616cc55f,"[""bowl"", ""bumblebee"", ""cymbals"", ""drum"", ""grinding disc"", ""hippopotamus"", ""ladybug"", ""plate"", ""pot"", ""tambourine""]","[""A"", ""B"", ""C"", ""first_to_mind""]","[""Qwen2.5-72B-Instruct""]","[""0"", ""1""]","[""v3_1_qwen2_5_72b_round0"", ""v3_qwen2_5_72b_round0"", ""v4_qwen2_5_72b_round1""]",186,10,1,316113ab46aea52cf5dc03d32c1d7d50d30658a7a42d56b6d5ba6043616cc55f
109,v4_195b939f77892f05,portable and easy to carry,"[""portable and easy to carry""]",B_99b9d976d0b2,109,v4-proposition-exact-1,imported_locked_v3_1_b,316113ab46aea52cf5dc03d32c1d7d50d30658a7a42d56b6d5ba6043616cc55f,"[""accordion"", ""banjo"", ""bazooka"", ""dagger"", ""drum"", ""flute"", ""guitar"", ""harmonica"", ""kick scooter"", ""knife"", ""pan flute"", ""recorder"", ""scarf"", ""scooter"", ""skateboard"", ""slingshot"", ""tambourine""]","[""A"", ""B"", ""C"", ""first_to_mind"", ""functional_affordance"", ""less_obvious_general""]","[""Qwen2.5-72B-Instruct""]","[""0"", ""1""]","[""v3_1_qwen2_5_72b_round0"", ""v3_qwen2_5_72b_round0"", ""v4_qwen2_5_72b_round1""]",282,17,1,316113ab46aea52cf5dc03d32c1d7d50d30658a7a42d56b6d5ba6043616cc55f
110,v4_5690a9cdadc7a5e6,has antennae,"[""antennae"", ""has antennae"", ""have antennae""]",B_9b096fef66f3,110,v4-proposition-exact-1,imported_locked_v3_1_b,316113ab46aea52cf5dc03d32c1d7d50d30658a7a42d56b6d5ba6043616cc55f,"[""bee"", ""beetle"", ""bumblebee"", ""butterfly"", ""caterpillar"", ""centipede"", ""cockroach"", ""cricket"", ""fly"", ""maybug"", ""moth""]","[""A"", ""B"", ""C"", ""first_to_mind"", ""perceptual_structural""]","[""Qwen2.5-72B-Instruct""]","[""0"", ""1""]","[""v3_1_qwen2_5_72b_round0"", ""v3_qwen2_5_72b_round0"", ""v4_qwen2_5_72b_round1""]",131,11,1,316113ab46aea52cf5dc03d32c1d7d50d30658a7a42d56b6d5ba6043616cc55f
111,v4_ae88b2fa23d4f619,type of fish,"[""a type of fish"", ""can be a type of fish"", ""is a type of fish"", ""type of fish""]",B_9d8312dc5a67,111,v4-proposition-exact-1,imported_locked_v3_1_b,316113ab46aea52cf5dc03d32c1d7d50d30658a7a42d56b6d5ba6043616cc55f,"[""carp"", ""cod"", ""eel"", ""flatfish"", ""goldfish"", ""herring"", ""pike"", ""plaice"", ""ray"", ""salmon"", ""sardine"", ""stickleback"", ""trout""]","[""A"", ""B"", ""first_to_mind""]","[""Qwen2.5-72B-Instruct""]","[""0"", ""1""]","[""v3_1_qwen2_5_72b_round0"", ""v3_qwen2_5_72b_round0"", ""v4_qwen2_5_72b_round1""]",170,13,1,316113ab46aea52cf5dc03d32c1d7d50d30658a7a42d56b6d5ba6043616cc55f
112,v4_74bed5504ff024cd,aggressive,"[""aggressive"", ""can be aggressive""]",B_9f3f8b85d4d3,112,v4-proposition-exact-1,imported_locked_v3_1_b,316113ab46aea52cf5dc03d32c1d7d50d30658a7a42d56b6d5ba6043616cc55f,"[""alligator"", ""caiman"", ""cobra"", ""crocodile"", ""hippopotamus"", ""monitor lizard"", ""pike"", ""piranha"", ""rhinoceros"", ""rooster"", ""swan"", ""viper"", ""wasp"", ""zebra""]","[""A"", ""B"", ""C"", ""first_to_mind""]","[""Qwen2.5-72B-Instruct""]","[""0"", ""1""]","[""v3_1_qwen2_5_72b_round0"", ""v3_qwen2_5_72b_round0"", ""v4_qwen2_5_72b_round1""]",188,14,1,316113ab46aea52cf5dc03d32c1d7d50d30658a7a42d56b6d5ba6043616cc55f
113,v4_3ed132f62c9f41e2,has a spout,"[""has a spout""]",B_9feded76b7fe,113,v4-proposition-exact-1,imported_locked_v3_1_b,316113ab46aea52cf5dc03d32c1d7d50d30658a7a42d56b6d5ba6043616cc55f,"[""electric kettle"", ""kettle"", ""oilcan"", ""percolator""]","[""B"", ""C"", ""first_to_mind"", ""perceptual_structural""]","[""Qwen2.5-72B-Instruct""]","[""0"", ""1""]","[""v3_1_qwen2_5_72b_round0"", ""v3_qwen2_5_72b_round0"", ""v4_qwen2_5_72b_round1""]",106,4,1,316113ab46aea52cf5dc03d32c1d7d50d30658a7a42d56b6d5ba6043616cc55f
114,v4_572559dd509b689c,has sleeves,"[""can have sleeves"", ""has sleeves""]",B_a0282389defe,114,v4-proposition-exact-1,imported_locked_v3_1_b,316113ab46aea52cf5dc03d32c1d7d50d30658a7a42d56b6d5ba6043616cc55f,"[""blouse"", ""coat"", ""dress"", ""pullover"", ""shirt"", ""sweater"", ""t-shirt""]","[""A"", ""B"", ""C"", ""first_to_mind"", ""perceptual_structural""]","[""Qwen2.5-72B-Instruct""]","[""0"", ""1""]","[""v3_1_qwen2_5_72b_round0"", ""v3_qwen2_5_72b_round0"", ""v4_qwen2_5_72b_round1""]",223,7,1,316113ab46aea52cf5dc03d32c1d7d50d30658a7a42d56b6d5ba6043616cc55f
115,v4_51e8ebad56aa84eb,is a bird,"[""a bird"", ""bird"", ""is a bird""]",B_a0a693533606,115,v4-proposition-exact-1,imported_locked_v3_1_b,316113ab46aea52cf5dc03d32c1d7d50d30658a7a42d56b6d5ba6043616cc55f,"[""chicken"", ""crow"", ""cuckoo"", ""dove"", ""duck"", ""heron"", ""magpie"", ""ostrich"", ""owl"", ""parrot"", ""pelican"", ""penguin"", ""pheasant"", ""robin"", ""sparrow"", ""stork"", ""swallow"", ""swan"", ""turkey"", ""woodpecker""]","[""A"", ""B"", ""C"", ""first_to_mind""]","[""Qwen2.5-72B-Instruct""]","[""0"", ""1""]","[""v3_1_qwen2_5_72b_round0"", ""v3_qwen2_5_72b_round0"", ""v4_qwen2_5_72b_round1""]",238,20,1,316113ab46aea52cf5dc03d32c1d7d50d30658a7a42d56b6d5ba6043616cc55f
116,v4_11c7408ce7e4c612,carnivorous,"[""carnivore"", ""carnivorous""]",B_a36108aa206e,116,v4-proposition-exact-1,imported_locked_v3_1_b,316113ab46aea52cf5dc03d32c1d7d50d30658a7a42d56b6d5ba6043616cc55f,"[""alligator"", ""bat"", ""caiman"", ""cobra"", ""crocodile"", ""dinosaur"", ""dolphin"", ""falcon"", ""fox"", ""lion"", ""owl"", ""piranha"", ""python"", ""tiger"", ""viper"", ""wolf""]","[""A"", ""B""]","[""Qwen2.5-72B-Instruct""]","[""0""]","[""v3_1_qwen2_5_72b_round0"", ""v3_qwen2_5_72b_round0""]",140,16,1,316113ab46aea52cf5dc03d32c1d7d50d30658a7a42d56b6d5ba6043616cc55f
117,v4_0da5540cc8e0f0ca,used in military operations,"[""is used in military operations"", ""often used in military operations"", ""used in military operations""]",B_a3d668474836,117,v4-proposition-exact-1,imported_locked_v3_1_b,316113ab46aea52cf5dc03d32c1d7d50d30658a7a42d56b6d5ba6043616cc55f,"[""bazooka"", ""grenade"", ""helicopter"", ""hovercraft"", ""jeep"", ""machine gun"", ""plane"", ""rifle"", ""submarine"", ""tank"", ""zeppelin""]","[""A"", ""B"", ""C"", ""first_to_mind"", ""functional_affordance""]","[""Qwen2.5-72B-Instruct""]","[""0"", ""1""]","[""v3_1_qwen2_5_72b_round0"", ""v3_qwen2_5_72b_round0"", ""v4_qwen2_5_72b_round1""]",428,11,1,316113ab46aea52cf5dc03d32c1d7d50d30658a7a42d56b6d5ba6043616cc55f
118,v4_5f12538014eae7d4,long and thin,"[""is long and thin"", ""long and thin""]",B_a5547dcccba1,118,v4-proposition-exact-1,imported_locked_v3_1_b,316113ab46aea52cf5dc03d32c1d7d50d30658a7a42d56b6d5ba6043616cc55f,"[""flute"", ""stick"", ""whip"", ""worm""]","[""B"", ""C""]","[""Qwen2.5-72B-Instruct""]","[""0""]","[""v3_1_qwen2_5_72b_round0"", ""v3_qwen2_5_72b_round0""]",70,4,1,316113ab46aea52cf5dc03d32c1d7d50d30658a7a42d56b6d5ba6043616cc55f
119,v4_917cc6bba4e23669,makes chirping sounds,"[""can make chirping sounds"", ""make chirping sounds"", ""makes chirping sound"", ""makes chirping sounds""]",B_a85b0c6f00cc,119,v4-proposition-exact-1,imported_locked_v3_1_b,316113ab46aea52cf5dc03d32c1d7d50d30658a7a42d56b6d5ba6043616cc55f,"[""beetle"", ""cricket"", ""gecko"", ""grasshopper"", ""hedgehog"", ""monkey"", ""parakeet"", ""squirrel"", ""swallow""]","[""A"", ""B"", ""C"", ""first_to_mind"", ""perceptual_structural""]","[""Qwen2.5-72B-Instruct""]","[""0"", ""1""]","[""v3_1_qwen2_5_72b_round0"", ""v3_qwen2_5_72b_round0"", ""v4_qwen2_5_72b_round1""]",252,9,1,316113ab46aea52cf5dc03d32c1d7d50d30658a7a42d56b6d5ba6043616cc55f
120,v4_b2014f6b57523b84,used for meat,"[""is used for meat"", ""meat"", ""used for meat""]",B_a89fa3d414b0,120,v4-proposition-exact-1,imported_locked_v3_1_b,316113ab46aea52cf5dc03d32c1d7d50d30658a7a42d56b6d5ba6043616cc55f,"[""bison"", ""chicken"", ""cow"", ""llama"", ""pheasant"", ""pig"", ""sheep"", ""turkey""]","[""A"", ""B"", ""C"", ""first_to_mind""]","[""Qwen2.5-72B-Instruct""]","[""0"", ""1""]","[""v3_1_qwen2_5_72b_round0"", ""v3_qwen2_5_72b_round0"", ""v4_qwen2_5_72b_round1""]",155,8,1,316113ab46aea52cf5dc03d32c1d7d50d30658a7a42d56b6d5ba6043616cc55f
121,v4_f2b1c969291c62d4,made of wood,"[""can be made of wood"", ""is made of wood"", ""made of wood"", ""often made of wood"", ""usually made of wood""]",B_aae736af90c3,121,v4-proposition-exact-1,imported_locked_v3_1_b,316113ab46aea52cf5dc03d32c1d7d50d30658a7a42d56b6d5ba6043616cc55f,"[""bass guitar"", ""bassoon"", ""boat"", ""bow"", ""carriage"", ""cello"", ""club"", ""double bass"", ""drum"", ""fork"", ""guitar"", ""harp"", ""harpsichord"", ""piano"", ""pike"", ""skateboard"", ""slingshot"", ""spear"", ""spoon"", ""stick"", ""violin""]","[""A"", ""B"", ""C"", ""first_to_mind"", ""perceptual_structural""]","[""Qwen2.5-72B-Instruct""]","[""0"", ""1""]","[""v3_1_qwen2_5_72b_round0"", ""v3_qwen2_5_72b_round0"", ""v4_qwen2_5_72b_round1""]",566,21,1,316113ab46aea52cf5dc03d32c1d7d50d30658a7a42d56b6d5ba6043616cc55f
122,v4_e15422e9a3f74bdc,used in cooking,"[""can be used in cooking"", ""often used in cooking"", ""used in cooking""]",B_b02f777ea42f,122,v4-proposition-exact-1,imported_locked_v3_1_b,316113ab46aea52cf5dc03d32c1d7d50d30658a7a42d56b6d5ba6043616cc55f,"[""anchovy"", ""apron"", ""bowl"", ""chicken"", ""cod"", ""colander"", ""flatfish"", ""fork"", ""grater"", ""herring"", ""knife"", ""mixer"", ""oven"", ""pheasant"", ""sardine"", ""sieve"", ""sole"", ""spatula"", ""spoon"", ""squid"", ""swordfish"", ""teaspoon"", ""tongs"", ""whip"", ""whisk""]","[""A"", ""B"", ""C"", ""first_to_mind""]","[""Qwen2.5-72B-Instruct""]","[""0"", ""1""]","[""v3_1_qwen2_5_72b_round0"", ""v3_qwen2_5_72b_round0"", ""v4_qwen2_5_72b_round1""]",407,25,1,316113ab46aea52cf5dc03d32c1d7d50d30658a7a42d56b6d5ba6043616cc55f
123,v4_d3d5f0033438e533,can be customized,"[""can be customized"", ""customization""]",B_b6a40b6e9cd4,123,v4-proposition-exact-1,imported_locked_v3_1_b,316113ab46aea52cf5dc03d32c1d7d50d30658a7a42d56b6d5ba6043616cc55f,"[""bat"", ""drum set"", ""knuckle dusters"", ""motorbike"", ""motorcycle"", ""pistol"", ""rifle"", ""shoes"", ""skateboard"", ""sole"", ""truck"", ""van""]","[""A"", ""B"", ""C""]","[""Qwen2.5-72B-Instruct""]","[""0""]","[""v3_1_qwen2_5_72b_round0"", ""v3_qwen2_5_72b_round0""]",98,12,1,316113ab46aea52cf5dc03d32c1d7d50d30658a7a42d56b6d5ba6043616cc55f
124,v4_5f2b450916b34b6d,engine,"[""engine"", ""has a engine"", ""has an engine"", ""has engines""]",B_b7b4ea4583ae,124,v4-proposition-exact-1,imported_locked_v3_1_b,316113ab46aea52cf5dc03d32c1d7d50d30658a7a42d56b6d5ba6043616cc55f,"[""airplane"", ""car"", ""go-cart"", ""motorbike"", ""motorcycle"", ""plane"", ""train"", ""truck""]","[""A"", ""B"", ""C"", ""first_to_mind"", ""perceptual_structural""]","[""Qwen2.5-72B-Instruct""]","[""0"", ""1""]","[""v3_1_qwen2_5_72b_round0"", ""v3_qwen2_5_72b_round0"", ""v4_qwen2_5_72b_round1""]",135,8,1,316113ab46aea52cf5dc03d32c1d7d50d30658a7a42d56b6d5ba6043616cc55f
125,v4_914c0b68a0618b25,has a tail,"[""has a tail"", ""tail""]",B_bc57346dc25e,125,v4-proposition-exact-1,imported_locked_v3_1_b,316113ab46aea52cf5dc03d32c1d7d50d30658a7a42d56b6d5ba6043616cc55f,"[""airplane"", ""bat"", ""blackbird"", ""cat"", ""chicken"", ""cow"", ""deer"", ""dog"", ""elephant"", ""goldfish"", ""hamster"", ""horse"", ""lizard"", ""monkey"", ""mouse"", ""plane"", ""salamander"", ""sheep"", ""squirrel"", ""turtle"", ""zebra""]","[""A"", ""B"", ""C"", ""first_to_mind"", ""perceptual_structural""]","[""Qwen2.5-72B-Instruct""]","[""0"", ""1""]","[""v3_1_qwen2_5_72b_round0"", ""v3_qwen2_5_72b_round0"", ""v4_qwen2_5_72b_round1""]",516,21,1,316113ab46aea52cf5dc03d32c1d7d50d30658a7a42d56b6d5ba6043616cc55f
126,v4_9f47fce9d8d06600,can be a pet,"[""can be a pet"", ""can be pet"", ""can be pets"", ""is a pet"", ""is often a pet"", ""often a pet"", ""pet""]",B_bf9e219a11de,126,v4-proposition-exact-1,imported_locked_v3_1_b,316113ab46aea52cf5dc03d32c1d7d50d30658a7a42d56b6d5ba6043616cc55f,"[""cat"", ""chicken"", ""cricket"", ""dog"", ""duck"", ""frog"", ""goldfish"", ""hamster"", ""horse"", ""monkey"", ""mouse"", ""parakeet"", ""parrot"", ""pig"", ""python"", ""rabbit"", ""snake"", ""turtle""]","[""A"", ""B"", ""C"", ""first_to_mind""]","[""Qwen2.5-72B-Instruct""]","[""0"", ""1""]","[""v3_1_qwen2_5_72b_round0"", ""v3_qwen2_5_72b_round0"", ""v4_qwen2_5_72b_round1""]",318,18,1,316113ab46aea52cf5dc03d32c1d7d50d30658a7a42d56b6d5ba6043616cc55f
127,v4_5901d659c249fdb3,makes music,"[""makes music"", ""used for making music""]",B_c0231b080100,127,v4-proposition-exact-1,imported_locked_v3_1_b,316113ab46aea52cf5dc03d32c1d7d50d30658a7a42d56b6d5ba6043616cc55f,"[""accordion"", ""drum set"", ""flute"", ""piano"", ""saxophone""]","[""B"", ""C""]","[""Qwen2.5-72B-Instruct""]","[""0""]","[""v3_1_qwen2_5_72b_round0""]",95,5,1,316113ab46aea52cf5dc03d32c1d7d50d30658a7a42d56b6d5ba6043616cc55f
128,v4_6f569920d45b5442,intelligent,"[""can be intelligent"", ""intelligent"", ""is intelligent""]",B_c2fc197c72f9,128,v4-proposition-exact-1,imported_locked_v3_1_b,316113ab46aea52cf5dc03d32c1d7d50d30658a7a42d56b6d5ba6043616cc55f,"[""dolphin"", ""elephant"", ""monkey"", ""orca"", ""pig"", ""squid"", ""wolf""]","[""A"", ""B"", ""C"", ""first_to_mind""]","[""Qwen2.5-72B-Instruct""]","[""0"", ""1""]","[""v3_1_qwen2_5_72b_round0"", ""v3_qwen2_5_72b_round0"", ""v4_qwen2_5_72b_round1""]",83,7,1,316113ab46aea52cf5dc03d32c1d7d50d30658a7a42d56b6d5ba6043616cc55f
129,v4_81200bcd8fe68a28,made of metal,"[""can be made of metal"", ""is made of metal"", ""is often made of metal"", ""made of metal"", ""often made of metal"", ""usually made of metal""]",B_c3c981bd603d,129,v4-proposition-exact-1,imported_locked_v3_1_b,316113ab46aea52cf5dc03d32c1d7d50d30658a7a42d56b6d5ba6043616cc55f,"[""adjustable spanner"", ""airplane"", ""anvil"", ""axe"", ""bazooka"", ""bicycle"", ""can opener"", ""canon"", ""car"", ""cart"", ""chisel"", ""clamp"", ""colander"", ""crowbar"", ""cymbals"", ""dagger"", ""drill"", ""electric kettle"", ""file"", ""filling knife"", ""flute"", ""fork"", ""fridge"", ""go-cart"", ""grater"", ""grinding disc"", ""hammer"", ""kettle"", ""knife"", ""knuckle dusters"", ""level"", ""machine gun"", ""nail"", ""nutcracker"", ""oilcan"", ""oven"", ""pan"", ""percolator"", ""pickaxe"", ""pistol"", ""plane"", ""plough"", ""pot"", ""rocket"", ""saw"", ""saxophone"", ""scissors"", ""scooter"", ""screwdriver"", ""shovel"", ""sieve"", ""spoon"", ""stove"", ""submarine"", ""sword"", ""tank"", ""teaspoon"", ""tongs"", ""trailer"", ""train"", ""trombone"", ""truck"", ""trumpet"", ""wheelbarrow"", ""whisk"", ""wok"", ""wrench""]","[""A"", ""B"", ""C"", ""first_to_mind"", ""perceptual_structural"", ""taxonomic_definitional""]","[""Qwen2.5-72B-Instruct""]","[""0"", ""1""]","[""v3_1_qwen2_5_72b_round0"", ""v3_qwen2_5_72b_round0"", ""v4_qwen2_5_72b_round1""]",2579,67,1,316113ab46aea52cf5dc03d32c1d7d50d30658a7a42d56b6d5ba6043616cc55f
130,v4_a9f322f3d8f1342e,come in different styles,"[""come in different styles"", ""comes in different styles""]",B_c47175ea6932,130,v4-proposition-exact-1,imported_locked_v3_1_b,316113ab46aea52cf5dc03d32c1d7d50d30658a7a42d56b6d5ba6043616cc55f,"[""boots"", ""coat"", ""dress"", ""dungarees"", ""hat"", ""jeans"", ""knife"", ""panties"", ""pants"", ""pyjamas"", ""shoes"", ""skirt"", ""suit"", ""trailer""]","[""A"", ""B"", ""C"", ""first_to_mind""]","[""Qwen2.5-72B-Instruct""]","[""0"", ""1""]","[""v3_1_qwen2_5_72b_round0"", ""v3_qwen2_5_72b_round0"", ""v4_qwen2_5_72b_round1""]",112,14,1,316113ab46aea52cf5dc03d32c1d7d50d30658a7a42d56b6d5ba6043616cc55f
131,v4_311cd4ef55019218,fast runner,"[""fast runner""]",B_c55aa2126ef2,131,v4-proposition-exact-1,imported_locked_v3_1_b,316113ab46aea52cf5dc03d32c1d7d50d30658a7a42d56b6d5ba6043616cc55f,"[""cockroach"", ""deer"", ""fox"", ""lion"", ""ostrich"", ""rabbit"", ""tiger"", ""wolf""]","[""A"", ""B"", ""C""]","[""Qwen2.5-72B-Instruct""]","[""0""]","[""v3_1_qwen2_5_72b_round0"", ""v3_qwen2_5_72b_round0""]",144,8,1,316113ab46aea52cf5dc03d32c1d7d50d30658a7a42d56b6d5ba6043616cc55f
132,v4_2bfd8c64f556e325,found in cold waters,"[""found in cold waters"", ""often found in cold waters""]",B_c581f2511af6,132,v4-proposition-exact-1,imported_locked_v3_1_b,316113ab46aea52cf5dc03d32c1d7d50d30658a7a42d56b6d5ba6043616cc55f,"[""cod"", ""herring"", ""orca"", ""salmon""]","[""A"", ""B"", ""C""]","[""Qwen2.5-72B-Instruct""]","[""0""]","[""v3_1_qwen2_5_72b_round0"", ""v3_qwen2_5_72b_round0""]",74,4,1,316113ab46aea52cf5dc03d32c1d7d50d30658a7a42d56b6d5ba6043616cc55f
133,v4_861afa04503e95ec,can be decorative,"[""can be decorated"", ""can be decorative"", ""can be used for decoration"", ""can have decorations"", ""often decorated"", ""often decorative""]",B_c5878c7087a6,133,v4-proposition-exact-1,imported_locked_v3_1_b,316113ab46aea52cf5dc03d32c1d7d50d30658a7a42d56b6d5ba6043616cc55f,"[""accordion"", ""apron"", ""axe"", ""beanie"", ""belt"", ""boots"", ""bottle"", ""bow"", ""bowl"", ""bra"", ""cap"", ""club"", ""colander"", ""dagger"", ""drum"", ""filling knife"", ""fork"", ""hammer"", ""hat"", ""kettle"", ""knife"", ""knuckle dusters"", ""mittens"", ""mug"", ""nail"", ""nutcracker"", ""pan flute"", ""panties"", ""percolator"", ""pike"", ""pistol"", ""place mat"", ""plate"", ""scales"", ""scarf"", ""scissors"", ""shield"", ""sled"", ""socks"", ""spear"", ""spoon"", ""sword"", ""tambourine"", ""teaspoon"", ""tie"", ""toaster"", ""tongs"", ""top"", ""towel"", ""trumpet"", ""whip""]","[""A"", ""B"", ""C"", ""first_to_mind"", ""less_obvious_general""]","[""Qwen2.5-72B-Instruct""]","[""0"", ""1""]","[""v3_1_qwen2_5_72b_round0"", ""v3_qwen2_5_72b_round0"", ""v4_qwen2_5_72b_round1""]",1709,51,1,316113ab46aea52cf5dc03d32c1d7d50d30658a7a42d56b6d5ba6043616cc55f
134,v4_ad480380cb9b2046,comes in various sizes,"[""come in various sizes"", ""comes in various sizes""]",B_c65403129859,134,v4-proposition-exact-1,imported_locked_v3_1_b,316113ab46aea52cf5dc03d32c1d7d50d30658a7a42d56b6d5ba6043616cc55f,"[""accordion"", ""adjustable spanner"", ""airplane"", ""anvil"", ""axe"", ""bat"", ""bicycle"", ""boat"", ""bottle"", ""bow"", ""bowl"", ""bra"", ""can opener"", ""cap"", ""car"", ""cart"", ""chisel"", ""clamp"", ""clarinet"", ""colander"", ""cymbals"", ""drill"", ""drum"", ""dungarees"", ""electric kettle"", ""file"", ""filling knife"", ""fork"", ""fridge"", ""grater"", ""grinding disc"", ""hammer"", ""helicopter"", ""kettle"", ""kick scooter"", ""knife"", ""lawn mower"", ""level"", ""microwave oven"", ""mittens"", ""mixer"", ""motorbike"", ""mug"", ""nail"", ""nutcracker"", ""oilcan"", ""oven"", ""paint brush"", ""pan"", ""percolator"", ""pickaxe"", ""place mat"", ""plane"", ""plate"", ""plough"", ""pot"", ""recorder"", ""saw"", ""saxophone"", ""scales"", ""scissors"", ""scooter"", ""screwdriver"", ""shovel"", ""sieve"", ""skateboard"", ""sled"", ""snake"", ""spatula"", ""spider"", ""spoon"", ""stove"", ""tambourine"", ""toaster"", ""tongs"", ""tortoise"", ""towel"", ""tractor"", ""trailer"", ""trombone"", ""truck"", ""turtle"", ""vacuum cleaner"", ""van"", ""wheelbarrow"", ""whisk"", ""wire brush"", ""wok"", ""worm"", ""wrench""]","[""A"", ""B"", ""C"", ""first_to_mind"", ""perceptual_structural""]","[""Qwen2.5-72B-Instruct""]","[""0"", ""1""]","[""v3_1_qwen2_5_72b_round0"", ""v3_qwen2_5_72b_round0"", ""v4_qwen2_5_72b_round1""]",1950,90,1,316113ab46aea52cf5dc03d32c1d7d50d30658a7a42d56b6d5ba6043616cc55f
135,v4_fadb025bbf67fcdf,made of leather,"[""can be made of leather"", ""made of leather"", ""often made of leather""]",B_c72d96c14107,135,v4-proposition-exact-1,imported_locked_v3_1_b,316113ab46aea52cf5dc03d32c1d7d50d30658a7a42d56b6d5ba6043616cc55f,"[""belt"", ""boots"", ""shoes"", ""whip""]","[""A"", ""B"", ""C"", ""first_to_mind"", ""perceptual_structural""]","[""Qwen2.5-72B-Instruct""]","[""0"", ""1""]","[""v3_1_qwen2_5_72b_round0"", ""v3_qwen2_5_72b_round0"", ""v4_qwen2_5_72b_round1""]",185,4,1,316113ab46aea52cf5dc03d32c1d7d50d30658a7a42d56b6d5ba6043616cc55f
136,v4_c49769acd171b273,handle for gripping,"[""handle for gripping"", ""has a handle for grip"", ""has a handle for gripping"", ""has handles for gripping""]",B_c897c8a49b14,136,v4-proposition-exact-1,imported_locked_v3_1_b,316113ab46aea52cf5dc03d32c1d7d50d30658a7a42d56b6d5ba6043616cc55f,"[""adjustable spanner"", ""can opener"", ""cart"", ""chisel"", ""club"", ""dagger"", ""drill"", ""file"", ""filling knife"", ""fork"", ""grater"", ""knife"", ""paint brush"", ""pan"", ""plough"", ""pot"", ""saw"", ""scissors"", ""screwdriver"", ""shovel"", ""spatula"", ""spoon"", ""whip"", ""whisk"", ""wire brush"", ""wrench""]","[""A"", ""B"", ""C"", ""first_to_mind"", ""perceptual_structural""]","[""Qwen2.5-72B-Instruct""]","[""0"", ""1""]","[""v3_1_qwen2_5_72b_round0"", ""v3_qwen2_5_72b_round0"", ""v4_qwen2_5_72b_round1""]",391,26,1,316113ab46aea52cf5dc03d32c1d7d50d30658a7a42d56b6d5ba6043616cc55f
137,v4_72b9f3c0a13d0ce2,can be dangerous,"[""can be dangerous"", ""dangerous"", ""is dangerous""]",B_c89eec86f8da,137,v4-proposition-exact-1,imported_locked_v3_1_b,316113ab46aea52cf5dc03d32c1d7d50d30658a7a42d56b6d5ba6043616cc55f,"[""chisel"", ""cobra"", ""grenade"", ""grinding disc"", ""knife"", ""lawn mower"", ""machine gun"", ""motorbike"", ""pistol"", ""rhinoceros"", ""saw"", ""scissors"", ""viper""]","[""A"", ""B"", ""C"", ""first_to_mind""]","[""Qwen2.5-72B-Instruct""]","[""0"", ""1""]","[""v3_1_qwen2_5_72b_round0"", ""v3_qwen2_5_72b_round0"", ""v4_qwen2_5_72b_round1""]",83,13,1,316113ab46aea52cf5dc03d32c1d7d50d30658a7a42d56b6d5ba6043616cc55f
138,v4_0d98b3845752f4f7,made of metal or plastic,"[""can be made of metal or plastic"", ""can be made of plastic or metal"", ""made of metal or plastic"", ""often made of metal or plastic"", ""usually made of metal or plastic""]",B_c93347bc4517,138,v4-proposition-exact-1,imported_locked_v3_1_b,316113ab46aea52cf5dc03d32c1d7d50d30658a7a42d56b6d5ba6043616cc55f,"[""can opener"", ""cart"", ""clamp"", ""colander"", ""electric kettle"", ""file"", ""filling knife"", ""go-cart"", ""grater"", ""grenade"", ""harmonica"", ""knife"", ""level"", ""mixer"", ""scales"", ""scissors"", ""scooter"", ""screwdriver"", ""shovel"", ""sieve"", ""spatula"", ""spoon"", ""tank"", ""teaspoon"", ""toaster"", ""wheelbarrow"", ""whisk""]","[""A"", ""B"", ""C"", ""first_to_mind"", ""functional_affordance"", ""less_obvious_general"", ""perceptual_structural""]","[""Qwen2.5-72B-Instruct""]","[""0"", ""1""]","[""v3_1_qwen2_5_72b_round0"", ""v3_qwen2_5_72b_round0"", ""v4_qwen2_5_72b_round1""]",854,27,1,316113ab46aea52cf5dc03d32c1d7d50d30658a7a42d56b6d5ba6043616cc55f
139,v4_a4cff25cdd27d3c4,comfortable,"[""can be comfortable"", ""comfortable"", ""used for comfort""]",B_ca983b347ba1,139,v4-proposition-exact-1,imported_locked_v3_1_b,316113ab46aea52cf5dc03d32c1d7d50d30658a7a42d56b6d5ba6043616cc55f,"[""beanie"", ""bra"", ""dungarees"", ""jeans"", ""pyjamas"", ""shoes"", ""socks"", ""sweater""]","[""A"", ""B"", ""C"", ""first_to_mind""]","[""Qwen2.5-72B-Instruct""]","[""0"", ""1""]","[""v3_1_qwen2_5_72b_round0"", ""v3_qwen2_5_72b_round0"", ""v4_qwen2_5_72b_round1""]",48,8,1,316113ab46aea52cf5dc03d32c1d7d50d30658a7a42d56b6d5ba6043616cc55f
140,v4_dd0631f5861da894,sharp claws,"[""has sharp claws"", ""sharp claws""]",B_caf60a7e51e9,140,v4-proposition-exact-1,imported_locked_v3_1_b,316113ab46aea52cf5dc03d32c1d7d50d30658a7a42d56b6d5ba6043616cc55f,"[""bat"", ""cat"", ""crow"", ""fox"", ""iguana"", ""kangaroo"", ""lion"", ""monitor lizard"", ""mouse"", ""polar bear"", ""squirrel"", ""tiger""]","[""A"", ""B"", ""C"", ""first_to_mind"", ""perceptual_structural""]","[""Qwen2.5-72B-Instruct""]","[""0"", ""1""]","[""v3_1_qwen2_5_72b_round0"", ""v3_qwen2_5_72b_round0"", ""v4_qwen2_5_72b_round1""]",351,12,1,316113ab46aea52cf5dc03d32c1d7d50d30658a7a42d56b6d5ba6043616cc55f
141,v4_9ed4faffebeb7003,small fish,"[""small fish""]",B_cc8b2070e9b6,141,v4-proposition-exact-1,imported_locked_v3_1_b,316113ab46aea52cf5dc03d32c1d7d50d30658a7a42d56b6d5ba6043616cc55f,"[""anchovy"", ""herring"", ""piranha"", ""sardine"", ""stickleback""]","[""A"", ""B"", ""C"", ""first_to_mind"", ""perceptual_structural""]","[""Qwen2.5-72B-Instruct""]","[""0"", ""1""]","[""v3_1_qwen2_5_72b_round0"", ""v3_qwen2_5_72b_round0"", ""v4_qwen2_5_72b_round1""]",283,5,1,316113ab46aea52cf5dc03d32c1d7d50d30658a7a42d56b6d5ba6043616cc55f
142,v4_dd4b9e24286fcd6e,lives in water and on land,"[""lives in water and on land"", ""lives on land and in water""]",B_cd3381a09499,142,v4-proposition-exact-1,imported_locked_v3_1_b,316113ab46aea52cf5dc03d32c1d7d50d30658a7a42d56b6d5ba6043616cc55f,"[""alligator"", ""beaver"", ""caiman"", ""crocodile"", ""frog"", ""salamander"", ""toad"", ""turtle""]","[""A"", ""B"", ""C"", ""first_to_mind""]","[""Qwen2.5-72B-Instruct""]","[""0"", ""1""]","[""v3_1_qwen2_5_72b_round0"", ""v3_qwen2_5_72b_round0"", ""v4_qwen2_5_72b_round1""]",250,8,1,316113ab46aea52cf5dc03d32c1d7d50d30658a7a42d56b6d5ba6043616cc55f
143,v4_3df52eaaf8f4ddfe,used for transportation,"[""can be used for transport"", ""can be used for transportation"", ""is used for transport"", ""used for transport"", ""used for transportation""]",B_cd576f2db267,143,v4-proposition-exact-1,imported_locked_v3_1_b,316113ab46aea52cf5dc03d32c1d7d50d30658a7a42d56b6d5ba6043616cc55f,"[""airplane"", ""bicycle"", ""boat"", ""car"", ""carriage"", ""cart"", ""donkey"", ""dromedary"", ""helicopter"", ""hovercraft"", ""kick scooter"", ""llama"", ""motorbike"", ""motorcycle"", ""plane"", ""scooter"", ""skateboard"", ""sled"", ""taxi"", ""trailer"", ""train"", ""truck"", ""van"", ""zeppelin""]","[""A"", ""B"", ""C"", ""first_to_mind""]","[""Qwen2.5-72B-Instruct""]","[""0"", ""1""]","[""v3_1_qwen2_5_72b_round0"", ""v3_qwen2_5_72b_round0"", ""v4_qwen2_5_72b_round1""]",970,24,1,316113ab46aea52cf5dc03d32c1d7d50d30658a7a42d56b6d5ba6043616cc55f
144,v4_5b044c12c4c90b82,can be made of wool,"[""can be made of wool"", ""made of wool"", ""often made of wool"", ""usually made of wool""]",B_d00286c17f47,144,v4-proposition-exact-1,imported_locked_v3_1_b,316113ab46aea52cf5dc03d32c1d7d50d30658a7a42d56b6d5ba6043616cc55f,"[""beanie"", ""coat"", ""hat"", ""mittens"", ""pullover"", ""scarf"", ""suit"", ""sweater""]","[""A"", ""B"", ""C"", ""first_to_mind""]","[""Qwen2.5-72B-Instruct""]","[""0"", ""1""]","[""v3_1_qwen2_5_72b_round0"", ""v3_qwen2_5_72b_round0"", ""v4_qwen2_5_72b_round1""]",232,8,1,316113ab46aea52cf5dc03d32c1d7d50d30658a7a42d56b6d5ba6043616cc55f
145,v4_b19526ab0f363089,can be long or short,"[""can be long or short""]",B_d1a3f392879b,145,v4-proposition-exact-1,imported_locked_v3_1_b,316113ab46aea52cf5dc03d32c1d7d50d30658a7a42d56b6d5ba6043616cc55f,"[""bow"", ""coat"", ""dress"", ""hammer"", ""level"", ""pants"", ""rope"", ""scarf"", ""skirt"", ""tie"", ""tongs"", ""train""]","[""A"", ""B"", ""C"", ""first_to_mind"", ""perceptual_structural""]","[""Qwen2.5-72B-Instruct""]","[""0"", ""1""]","[""v3_1_qwen2_5_72b_round0"", ""v3_qwen2_5_72b_round0"", ""v4_qwen2_5_72b_round1""]",187,12,1,316113ab46aea52cf5dc03d32c1d7d50d30658a7a42d56b6d5ba6043616cc55f
146,v4_3e540784597ca873,moves quickly,"[""can move quickly"", ""move quickly"", ""moves quickly""]",B_d37069aeec9b,146,v4-proposition-exact-1,imported_locked_v3_1_b,316113ab46aea52cf5dc03d32c1d7d50d30658a7a42d56b6d5ba6043616cc55f,"[""ant"", ""centipede"", ""cockroach"", ""dragonfly"", ""earwig"", ""eel"", ""flee"", ""fly"", ""horsefly"", ""hovercraft"", ""lizard"", ""louse"", ""mouse"", ""spider"", ""wood louse""]","[""A"", ""B"", ""C"", ""first_to_mind"", ""perceptual_structural""]","[""Qwen2.5-72B-Instruct""]","[""0"", ""1""]","[""v3_1_qwen2_5_72b_round0"", ""v3_qwen2_5_72b_round0"", ""v4_qwen2_5_72b_round1""]",334,15,1,316113ab46aea52cf5dc03d32c1d7d50d30658a7a42d56b6d5ba6043616cc55f
147,v4_96e2c1bb0d07d452,nocturnal,"[""is nocturnal"", ""nocturnal"", ""often nocturnal"", ""usually nocturnal""]",B_d4338bc6c5ce,147,v4-proposition-exact-1,imported_locked_v3_1_b,316113ab46aea52cf5dc03d32c1d7d50d30658a7a42d56b6d5ba6043616cc55f,"[""alligator"", ""bat"", ""beaver"", ""blindworm"", ""boa"", ""caiman"", ""centipede"", ""cockroach"", ""cricket"", ""deer"", ""earwig"", ""eel"", ""fox"", ""gecko"", ""hamster"", ""hedgehog"", ""heron"", ""moth"", ""mouse"", ""owl"", ""rabbit"", ""salamander"", ""toad"", ""viper"", ""wolf"", ""wood louse"", ""worm""]","[""A"", ""B"", ""C"", ""first_to_mind""]","[""Qwen2.5-72B-Instruct""]","[""0"", ""1""]","[""v3_1_qwen2_5_72b_round0"", ""v3_qwen2_5_72b_round0"", ""v4_qwen2_5_72b_round1""]",603,27,1,316113ab46aea52cf5dc03d32c1d7d50d30658a7a42d56b6d5ba6043616cc55f
148,v4_d468a2e934ea45f5,eats insects,"[""eats insects""]",B_d6706a01302c,148,v4-proposition-exact-1,imported_locked_v3_1_b,316113ab46aea52cf5dc03d32c1d7d50d30658a7a42d56b6d5ba6043616cc55f,"[""bat"", ""blackbird"", ""blindworm"", ""centipede"", ""chameleon"", ""dragonfly"", ""duck"", ""frog"", ""gecko"", ""hedgehog"", ""lizard"", ""peacock"", ""salamander"", ""spider"", ""swallow"", ""toad"", ""trout"", ""wasp"", ""woodpecker""]","[""A"", ""B"", ""C"", ""first_to_mind""]","[""Qwen2.5-72B-Instruct""]","[""0"", ""1""]","[""v3_1_qwen2_5_72b_round0"", ""v3_qwen2_5_72b_round0"", ""v4_qwen2_5_72b_round1""]",746,19,1,316113ab46aea52cf5dc03d32c1d7d50d30658a7a42d56b6d5ba6043616cc55f
149,v4_fa244b131ac9b161,lives in trees,"[""lives in trees""]",B_d6824e059556,149,v4-proposition-exact-1,imported_locked_v3_1_b,316113ab46aea52cf5dc03d32c1d7d50d30658a7a42d56b6d5ba6043616cc55f,"[""blackbird"", ""boa"", ""chameleon"", ""crow"", ""iguana"", ""monkey"", ""owl"", ""parrot"", ""sparrow"", ""squirrel"", ""woodpecker""]","[""A"", ""B"", ""C"", ""first_to_mind""]","[""Qwen2.5-72B-Instruct""]","[""0"", ""1""]","[""v3_1_qwen2_5_72b_round0"", ""v3_qwen2_5_72b_round0"", ""v4_qwen2_5_72b_round1""]",183,11,1,316113ab46aea52cf5dc03d32c1d7d50d30658a7a42d56b6d5ba6043616cc55f
150,v4_a9cbff70a09ce117,used in cooking and baking,"[""used in baking and cooking"", ""used in cooking and baking""]",B_d78ed6be683d,150,v4-proposition-exact-1,imported_locked_v3_1_b,316113ab46aea52cf5dc03d32c1d7d50d30658a7a42d56b6d5ba6043616cc55f,"[""apron"", ""bowl"", ""filling knife"", ""grater"", ""mixer"", ""nutcracker"", ""scales"", ""sieve"", ""sole"", ""spatula"", ""spoon"", ""teaspoon"", ""whisk""]","[""A"", ""B"", ""C"", ""first_to_mind"", ""functional_affordance""]","[""Qwen2.5-72B-Instruct""]","[""0"", ""1""]","[""v3_1_qwen2_5_72b_round0"", ""v3_qwen2_5_72b_round0"", ""v4_qwen2_5_72b_round1""]",500,13,1,316113ab46aea52cf5dc03d32c1d7d50d30658a7a42d56b6d5ba6043616cc55f
151,v4_12a61447d0a38145,comes in different sizes,"[""come in different sizes"", ""comes in different sizes""]",B_da4412493317,151,v4-proposition-exact-1,imported_locked_v3_1_b,316113ab46aea52cf5dc03d32c1d7d50d30658a7a42d56b6d5ba6043616cc55f,"[""accordion"", ""adjustable spanner"", ""axe"", ""bat"", ""bicycle"", ""boat"", ""bottle"", ""bow"", ""bowl"", ""bra"", ""can opener"", ""canon"", ""cart"", ""chameleon"", ""chisel"", ""clamp"", ""clarinet"", ""colander"", ""crowbar"", ""cymbals"", ""drill"", ""drum"", ""electric kettle"", ""file"", ""filling knife"", ""fork"", ""fridge"", ""grater"", ""grinding disc"", ""hammer"", ""harp"", ""hat"", ""helicopter"", ""kettle"", ""knife"", ""lawn mower"", ""level"", ""mug"", ""nail"", ""nutcracker"", ""oilcan"", ""oven"", ""paint brush"", ""pan"", ""panties"", ""percolator"", ""pickaxe"", ""place mat"", ""plane"", ""plate"", ""pot"", ""recorder"", ""saw"", ""saxophone"", ""scales"", ""scissors"", ""screwdriver"", ""shoes"", ""shovel"", ""sieve"", ""skateboard"", ""sled"", ""spatula"", ""spoon"", ""stove"", ""tambourine"", ""toaster"", ""tongs"", ""towel"", ""tractor"", ""trailer"", ""trombone"", ""truck"", ""trumpet"", ""vacuum cleaner"", ""van"", ""violin"", ""wheelbarrow"", ""whisk"", ""wire brush"", ""wok"", ""wrench""]","[""A"", ""B"", ""C"", ""first_to_mind"", ""perceptual_structural""]","[""Qwen2.5-72B-Instruct""]","[""0"", ""1""]","[""v3_1_qwen2_5_72b_round0"", ""v3_qwen2_5_72b_round0"", ""v4_qwen2_5_72b_round1""]",1556,82,1,316113ab46aea52cf5dc03d32c1d7d50d30658a7a42d56b6d5ba6043616cc55f
152,v4_c12577870b8212c5,can have pockets,"[""can have pockets"", ""has pockets"", ""have pockets"", ""pockets""]",B_dd1e5175d65d,152,v4-proposition-exact-1,imported_locked_v3_1_b,316113ab46aea52cf5dc03d32c1d7d50d30658a7a42d56b6d5ba6043616cc55f,"[""apron"", ""blouse"", ""coat"", ""dungarees"", ""jeans"", ""pants"", ""shirt"", ""shorts"", ""skirt"", ""suit"", ""tracksuit""]","[""A"", ""B"", ""C"", ""first_to_mind"", ""perceptual_structural""]","[""Qwen2.5-72B-Instruct""]","[""0"", ""1""]","[""v3_1_qwen2_5_72b_round0"", ""v3_qwen2_5_72b_round0"", ""v4_qwen2_5_72b_round1""]",318,11,1,316113ab46aea52cf5dc03d32c1d7d50d30658a7a42d56b6d5ba6043616cc55f
153,v4_dca99e20786e5f40,comes in various styles,"[""come in various styles"", ""comes in various styles""]",B_e5de5f365a1e,153,v4-proposition-exact-1,imported_locked_v3_1_b,316113ab46aea52cf5dc03d32c1d7d50d30658a7a42d56b6d5ba6043616cc55f,"[""apron"", ""bathing suit"", ""belt"", ""boots"", ""bra"", ""cap"", ""coat"", ""dress"", ""dungarees"", ""hat"", ""jeans"", ""motorcycle"", ""panties"", ""pants"", ""pyjamas"", ""shoes"", ""shorts"", ""skirt"", ""stove"", ""sweater""]","[""A"", ""B"", ""C"", ""first_to_mind""]","[""Qwen2.5-72B-Instruct""]","[""0"", ""1""]","[""v3_1_qwen2_5_72b_round0"", ""v3_qwen2_5_72b_round0"", ""v4_qwen2_5_72b_round1""]",305,20,1,316113ab46aea52cf5dc03d32c1d7d50d30658a7a42d56b6d5ba6043616cc55f
154,v4_978356ffcea44836,can run fast,"[""can run fast"", ""runs fast""]",B_e66783414765,154,v4-proposition-exact-1,imported_locked_v3_1_b,316113ab46aea52cf5dc03d32c1d7d50d30658a7a42d56b6d5ba6043616cc55f,"[""bison"", ""chicken"", ""deer"", ""dog"", ""giraffe"", ""lion"", ""ostrich"", ""pig"", ""rhinoceros"", ""squirrel"", ""turkey"", ""wolf"", ""zebra""]","[""A"", ""B"", ""C"", ""first_to_mind""]","[""Qwen2.5-72B-Instruct""]","[""0"", ""1""]","[""v3_1_qwen2_5_72b_round0"", ""v3_qwen2_5_72b_round0"", ""v4_qwen2_5_72b_round1""]",274,13,1,316113ab46aea52cf5dc03d32c1d7d50d30658a7a42d56b6d5ba6043616cc55f
155,v4_0d597cc7faa6fa45,can be a pest,"[""can be a pest"", ""can be pests""]",B_e8be49360af1,155,v4-proposition-exact-1,imported_locked_v3_1_b,316113ab46aea52cf5dc03d32c1d7d50d30658a7a42d56b6d5ba6043616cc55f,"[""beetle"", ""caterpillar"", ""earwig"", ""fly"", ""fruit fly"", ""grasshopper"", ""maybug"", ""moth"", ""mouse""]","[""A"", ""B"", ""C"", ""first_to_mind""]","[""Qwen2.5-72B-Instruct""]","[""0"", ""1""]","[""v3_1_qwen2_5_72b_round0"", ""v3_qwen2_5_72b_round0"", ""v4_qwen2_5_72b_round1""]",109,9,1,316113ab46aea52cf5dc03d32c1d7d50d30658a7a42d56b6d5ba6043616cc55f
156,v4_628717668bb4c723,made of wood or metal,"[""can be made of wood or metal"", ""made of metal or wood"", ""made of wood or metal""]",B_ea94ba888726,156,v4-proposition-exact-1,imported_locked_v3_1_b,316113ab46aea52cf5dc03d32c1d7d50d30658a7a42d56b6d5ba6043616cc55f,"[""bat"", ""boat"", ""carriage"", ""cart"", ""club"", ""drum"", ""flute"", ""level"", ""nutcracker"", ""plough"", ""shield"", ""shovel"", ""sled"", ""spear"", ""tongs""]","[""A"", ""B"", ""C"", ""first_to_mind"", ""perceptual_structural""]","[""Qwen2.5-72B-Instruct""]","[""0"", ""1""]","[""v3_1_qwen2_5_72b_round0"", ""v3_qwen2_5_72b_round0"", ""v4_qwen2_5_72b_round1""]",312,15,1,316113ab46aea52cf5dc03d32c1d7d50d30658a7a42d56b6d5ba6043616cc55f
157,v4_936c59135e5fa50a,holds liquid,"[""can hold liquid"", ""can hold liquids"", ""holds liquid"", ""holds liquids""]",B_ec7643ae7546,157,v4-proposition-exact-1,imported_locked_v3_1_b,316113ab46aea52cf5dc03d32c1d7d50d30658a7a42d56b6d5ba6043616cc55f,"[""bottle"", ""glass"", ""kettle"", ""mug"", ""oilcan"", ""pot"", ""spoon""]","[""A"", ""B"", ""C"", ""first_to_mind"", ""perceptual_structural""]","[""Qwen2.5-72B-Instruct""]","[""0"", ""1""]","[""v3_1_qwen2_5_72b_round0"", ""v3_qwen2_5_72b_round0"", ""v4_qwen2_5_72b_round1""]",344,7,1,316113ab46aea52cf5dc03d32c1d7d50d30658a7a42d56b6d5ba6043616cc55f
158,v4_788602877aa76e58,powerful,"[""can be powered"", ""powerful""]",B_ec88041b153e,158,v4-proposition-exact-1,imported_locked_v3_1_b,316113ab46aea52cf5dc03d32c1d7d50d30658a7a42d56b6d5ba6043616cc55f,"[""bison"", ""dinosaur"", ""lion"", ""python"", ""rhinoceros"", ""saw"", ""screwdriver"", ""tiger""]","[""B"", ""C"", ""first_to_mind""]","[""Qwen2.5-72B-Instruct""]","[""0"", ""1""]","[""v3_1_qwen2_5_72b_round0"", ""v3_qwen2_5_72b_round0"", ""v4_qwen2_5_72b_round1""]",36,8,1,316113ab46aea52cf5dc03d32c1d7d50d30658a7a42d56b6d5ba6043616cc55f
159,v4_7492ad2457b00066,can be a weapon,"[""a weapon"", ""can be a weapon""]",B_ed47f1f15e5e,159,v4-proposition-exact-1,imported_locked_v3_1_b,316113ab46aea52cf5dc03d32c1d7d50d30658a7a42d56b6d5ba6043616cc55f,"[""axe"", ""bat"", ""bow"", ""club"", ""crowbar"", ""hammer"", ""knife"", ""pickaxe"", ""whip""]","[""A"", ""B"", ""C"", ""first_to_mind""]","[""Qwen2.5-72B-Instruct""]","[""0"", ""1""]","[""v3_1_qwen2_5_72b_round0"", ""v3_qwen2_5_72b_round0"", ""v4_qwen2_5_72b_round1""]",203,9,1,316113ab46aea52cf5dc03d32c1d7d50d30658a7a42d56b6d5ba6043616cc55f
160,v4_5f79d7e6eed55199,reptile,"[""is a reptile"", ""reptile""]",B_edea135eac5d,160,v4-proposition-exact-1,imported_locked_v3_1_b,316113ab46aea52cf5dc03d32c1d7d50d30658a7a42d56b6d5ba6043616cc55f,"[""alligator"", ""caiman"", ""chameleon"", ""cobra"", ""crocodile"", ""gecko"", ""iguana"", ""lizard"", ""monitor lizard"", ""python"", ""snake"", ""tortoise"", ""turtle"", ""viper""]","[""A"", ""B"", ""C"", ""first_to_mind""]","[""Qwen2.5-72B-Instruct""]","[""0"", ""1""]","[""v3_1_qwen2_5_72b_round0"", ""v3_qwen2_5_72b_round0"", ""v4_qwen2_5_72b_round1""]",438,14,1,316113ab46aea52cf5dc03d32c1d7d50d30658a7a42d56b6d5ba6043616cc55f
161,v4_82decbf4063421eb,various sizes,"[""various sizes""]",B_f042ea91282c,161,v4-proposition-exact-1,imported_locked_v3_1_b,316113ab46aea52cf5dc03d32c1d7d50d30658a7a42d56b6d5ba6043616cc55f,"[""axe"", ""bottle"", ""bowl"", ""carp"", ""cart"", ""chisel"", ""clamp"", ""club"", ""colander"", ""cymbals"", ""dinosaur"", ""file"", ""filling knife"", ""fork"", ""grinding disc"", ""harpsichord"", ""knife"", ""monkey"", ""moth"", ""mug"", ""nail"", ""pan"", ""pickaxe"", ""plate"", ""saw"", ""scales"", ""scissors"", ""screwdriver"", ""shovel"", ""sieve"", ""snake"", ""spatula"", ""spider"", ""taxi"", ""tongs"", ""trailer"", ""van"", ""whisk"", ""wrench""]","[""A"", ""B"", ""C"", ""first_to_mind"", ""perceptual_structural""]","[""Qwen2.5-72B-Instruct""]","[""0"", ""1""]","[""v3_1_qwen2_5_72b_round0"", ""v3_qwen2_5_72b_round0"", ""v4_qwen2_5_72b_round1""]",204,39,1,316113ab46aea52cf5dc03d32c1d7d50d30658a7a42d56b6d5ba6043616cc55f
162,v4_fedf2a53492e88b5,used for self-defense,"[""can be used for self-defense"", ""used for self-defense""]",B_f0a3975adaff,162,v4-proposition-exact-1,imported_locked_v3_1_b,316113ab46aea52cf5dc03d32c1d7d50d30658a7a42d56b6d5ba6043616cc55f,"[""axe"", ""belt"", ""bow"", ""club"", ""dagger"", ""double barrelled shotgun"", ""grenade"", ""knife"", ""knuckle dusters"", ""pickaxe"", ""pike"", ""pistol"", ""rifle"", ""slingshot"", ""spear"", ""whip"", ""wrench""]","[""A"", ""B"", ""C"", ""first_to_mind"", ""functional_affordance"", ""less_obvious_general""]","[""Qwen2.5-72B-Instruct""]","[""0"", ""1""]","[""v3_1_qwen2_5_72b_round0"", ""v3_qwen2_5_72b_round0"", ""v4_qwen2_5_72b_round1""]",154,17,1,316113ab46aea52cf5dc03d32c1d7d50d30658a7a42d56b6d5ba6043616cc55f
163,v4_8688b80b77a7f8f3,comfortable to wear,"[""comfortable to wear""]",B_f3868a390fbf,163,v4-proposition-exact-1,imported_locked_v3_1_b,316113ab46aea52cf5dc03d32c1d7d50d30658a7a42d56b6d5ba6043616cc55f,"[""beanie"", ""dungarees"", ""jeans"", ""panties"", ""pullover"", ""pyjamas"", ""sweater"", ""t-shirt"", ""tracksuit""]","[""A"", ""B"", ""C""]","[""Qwen2.5-72B-Instruct""]","[""0""]","[""v3_1_qwen2_5_72b_round0"", ""v3_qwen2_5_72b_round0""]",129,9,1,316113ab46aea52cf5dc03d32c1d7d50d30658a7a42d56b6d5ba6043616cc55f
164,v4_5eefe6c0e3e874e6,some species are endangered,"[""is endangered in some species"", ""some species are endangered""]",B_f4b6c3fac41b,164,v4-proposition-exact-1,imported_locked_v3_1_b,316113ab46aea52cf5dc03d32c1d7d50d30658a7a42d56b6d5ba6043616cc55f,"[""bee"", ""beetle"", ""butterfly"", ""chameleon"", ""eagle"", ""eel"", ""falcon"", ""frog"", ""lizard"", ""monitor lizard"", ""monkey"", ""moth"", ""owl"", ""parrot"", ""python"", ""shark"", ""snake"", ""stickleback"", ""turtle"", ""viper"", ""whale"", ""woodpecker"", ""zebra""]","[""A"", ""B"", ""C""]","[""Qwen2.5-72B-Instruct""]","[""0""]","[""v3_1_qwen2_5_72b_round0"", ""v3_qwen2_5_72b_round0""]",258,23,1,316113ab46aea52cf5dc03d32c1d7d50d30658a7a42d56b6d5ba6043616cc55f
165,v4_d72cb3a9f084c509,requires breath control,"[""requires breath control""]",B_f4ea69ccb811,165,v4-proposition-exact-1,imported_locked_v3_1_b,316113ab46aea52cf5dc03d32c1d7d50d30658a7a42d56b6d5ba6043616cc55f,"[""accordion"", ""bagpipe"", ""bassoon"", ""clarinet"", ""flute"", ""harmonica"", ""recorder"", ""saxophone"", ""trombone"", ""trumpet""]","[""A"", ""B"", ""C"", ""first_to_mind""]","[""Qwen2.5-72B-Instruct""]","[""0"", ""1""]","[""v3_1_qwen2_5_72b_round0"", ""v3_qwen2_5_72b_round0"", ""v4_qwen2_5_72b_round1""]",140,10,1,316113ab46aea52cf5dc03d32c1d7d50d30658a7a42d56b6d5ba6043616cc55f
166,v4_9ff4eb1da7090303,metal construction,"[""metal construction""]",B_f5542d7950c1,166,v4-proposition-exact-1,imported_locked_v3_1_b,316113ab46aea52cf5dc03d32c1d7d50d30658a7a42d56b6d5ba6043616cc55f,"[""adjustable spanner"", ""bazooka"", ""can opener"", ""chisel"", ""clamp"", ""crowbar"", ""dagger"", ""go-cart"", ""grenade"", ""knife"", ""knuckle dusters"", ""machine gun"", ""percolator"", ""pickaxe"", ""pistol"", ""plough"", ""rifle"", ""scissors"", ""sword"", ""tank"", ""tongs"", ""whisk"", ""wok"", ""wrench""]","[""A"", ""B"", ""C"", ""perceptual_structural""]","[""Qwen2.5-72B-Instruct""]","[""0"", ""1""]","[""v3_1_qwen2_5_72b_round0"", ""v3_qwen2_5_72b_round0"", ""v4_qwen2_5_72b_round1""]",268,24,1,316113ab46aea52cf5dc03d32c1d7d50d30658a7a42d56b6d5ba6043616cc55f
167,v4_c0bc3559ebaeae52,furry,"[""fur"", ""furry"", ""has fur""]",B_fa15809665c0,167,v4-proposition-exact-1,imported_locked_v3_1_b,316113ab46aea52cf5dc03d32c1d7d50d30658a7a42d56b6d5ba6043616cc55f,"[""bat"", ""cat"", ""dog"", ""hamster"", ""monkey"", ""mouse"", ""rabbit"", ""squirrel"", ""wolf""]","[""A"", ""B"", ""C"", ""first_to_mind"", ""perceptual_structural""]","[""Qwen2.5-72B-Instruct""]","[""0"", ""1""]","[""v3_1_qwen2_5_72b_round0"", ""v3_qwen2_5_72b_round0"", ""v4_qwen2_5_72b_round1""]",553,9,1,316113ab46aea52cf5dc03d32c1d7d50d30658a7a42d56b6d5ba6043616cc55f
168,v4_a9159a209dbf1452,attracted to light,"[""attracted to light"", ""often attracted to light"", ""often attracted to lights""]",B_faca482bbc85,168,v4-proposition-exact-1,imported_locked_v3_1_b,316113ab46aea52cf5dc03d32c1d7d50d30658a7a42d56b6d5ba6043616cc55f,"[""fly"", ""maybug"", ""mosquito"", ""moth""]","[""A"", ""B"", ""C"", ""first_to_mind""]","[""Qwen2.5-72B-Instruct""]","[""0"", ""1""]","[""v3_1_qwen2_5_72b_round0"", ""v3_qwen2_5_72b_round0"", ""v4_qwen2_5_72b_round1""]",271,4,1,316113ab46aea52cf5dc03d32c1d7d50d30658a7a42d56b6d5ba6043616cc55f
169,v4_9db0a8a280729597,made of fabric,"[""can be made of fabric"", ""made of fabric"", ""often made of fabric"", ""usually made of fabric""]",B_fcdbed9988ec,169,v4-proposition-exact-1,imported_locked_v3_1_b,316113ab46aea52cf5dc03d32c1d7d50d30658a7a42d56b6d5ba6043616cc55f,"[""(hot air) balloon"", ""apron"", ""bathing suit"", ""blouse"", ""bra"", ""cap"", ""coat"", ""dress"", ""hat"", ""panties"", ""pants"", ""place mat"", ""scarf"", ""shirt"", ""shorts"", ""skirt"", ""socks"", ""t-shirt"", ""tie"", ""towel""]","[""A"", ""B"", ""C"", ""first_to_mind"", ""less_obvious_general"", ""perceptual_structural""]","[""Qwen2.5-72B-Instruct""]","[""0"", ""1""]","[""v3_1_qwen2_5_72b_round0"", ""v3_qwen2_5_72b_round0"", ""v4_qwen2_5_72b_round1""]",739,20,1,316113ab46aea52cf5dc03d32c1d7d50d30658a7a42d56b6d5ba6043616cc55f
170,v4_72dabd4a23b18d7c,can change color,"[""can change color"", ""changes color""]",B_fd4fe3d4b79a,170,v4-proposition-exact-1,imported_locked_v3_1_b,316113ab46aea52cf5dc03d32c1d7d50d30658a7a42d56b6d5ba6043616cc55f,"[""caterpillar"", ""chameleon"", ""dragonfly"", ""eel"", ""frog"", ""gecko"", ""iguana"", ""leech"", ""lizard"", ""plaice"", ""squid"", ""stickleback"", ""toad""]","[""A"", ""B"", ""C"", ""first_to_mind""]","[""Qwen2.5-72B-Instruct""]","[""0"", ""1""]","[""v3_1_qwen2_5_72b_round0"", ""v3_qwen2_5_72b_round0"", ""v4_qwen2_5_72b_round1""]",318,13,1,316113ab46aea52cf5dc03d32c1d7d50d30658a7a42d56b6d5ba6043616cc55f
171,v4_fccee4d2eeec99d5,slithers,"[""slithering"", ""slithers""]",B_fe05ee2e80d6,171,v4-proposition-exact-1,imported_locked_v3_1_b,316113ab46aea52cf5dc03d32c1d7d50d30658a7a42d56b6d5ba6043616cc55f,"[""cobra"", ""eel"", ""python"", ""snake"", ""viper""]","[""B""]","[""Qwen2.5-72B-Instruct""]","[""0""]","[""v3_1_qwen2_5_72b_round0"", ""v3_qwen2_5_72b_round0""]",64,5,1,316113ab46aea52cf5dc03d32c1d7d50d30658a7a42d56b6d5ba6043616cc55f
172,v4_ca57c200998c347a,two wheels,"[""has two wheels"", ""two wheels""]",B_ff38e6e08c71,172,v4-proposition-exact-1,imported_locked_v3_1_b,316113ab46aea52cf5dc03d32c1d7d50d30658a7a42d56b6d5ba6043616cc55f,"[""bicycle"", ""kick scooter"", ""motorbike"", ""motorcycle"", ""scooter""]","[""A"", ""B"", ""C"", ""first_to_mind"", ""perceptual_structural""]","[""Qwen2.5-72B-Instruct""]","[""0"", ""1""]","[""v3_1_qwen2_5_72b_round0"", ""v3_qwen2_5_72b_round0"", ""v4_qwen2_5_72b_round1""]",585,5,1,316113ab46aea52cf5dc03d32c1d7d50d30658a7a42d56b6d5ba6043616cc55f
173,v4_bace0e08be7541b9,large bird,"[""large bird""]",B_ff3e31d55a10,173,v4-proposition-exact-1,imported_locked_v3_1_b,316113ab46aea52cf5dc03d32c1d7d50d30658a7a42d56b6d5ba6043616cc55f,"[""ostrich"", ""pelican"", ""stork"", ""turkey""]","[""A"", ""B"", ""C""]","[""Qwen2.5-72B-Instruct""]","[""0""]","[""v3_1_qwen2_5_72b_round0"", ""v3_qwen2_5_72b_round0""]",286,4,1,316113ab46aea52cf5dc03d32c1d7d50d30658a7a42d56b6d5ba6043616cc55f
174,v4_d298f4ff8c764777,can have a hood,"[""can have a hood"", ""hood"", ""hooded""]",B_ffdea26aebda,174,v4-proposition-exact-1,imported_locked_v3_1_b,316113ab46aea52cf5dc03d32c1d7d50d30658a7a42d56b6d5ba6043616cc55f,"[""coat"", ""cobra"", ""pullover"", ""stove"", ""sweater""]","[""A"", ""B"", ""C"", ""perceptual_structural""]","[""Qwen2.5-72B-Instruct""]","[""0"", ""1""]","[""v3_1_qwen2_5_72b_round0"", ""v3_qwen2_5_72b_round0"", ""v4_qwen2_5_72b_round1""]",62,5,1,316113ab46aea52cf5dc03d32c1d7d50d30658a7a42d56b6d5ba6043616cc55f
