word,word_forms,roles,appears_as_critical_distractor,appears_as_list_word,source_papers,datasets
ability,Ability,critical_distractor,True,False,"Brainerd, Chang, & Bialer (2020)",Brainerd2020_120_4word_lists
able,Able,list_word,False,True,"Brainerd, Chang, & Bialer (2020)",Brainerd2020_120_4word_lists
above,above,list_word,False,True,"Roediger et al. (2001) 55-list DRM pool, augmented with uploaded 2024 supplementary workbook metrics",Roediger2001_55_15word_lists
absent,Absent,list_word,False,True,"Brainerd, Chang, & Bialer (2020)",Brainerd2020_120_4word_lists
abstract,Abstract,list_word,False,True,"Brainerd, Chang, & Bialer (2020)",Brainerd2020_120_4word_lists
accept,Accept,critical_distractor,True,False,"Brainerd, Chang, & Bialer (2020)",Brainerd2020_120_4word_lists
account,Account,list_word,False,True,"Brainerd, Chang, & Bialer (2020)",Brainerd2020_120_4word_lists
acid,acid,list_word,False,True,"Roediger et al. (2001) 55-list DRM pool, augmented with uploaded 2024 supplementary workbook metrics",Roediger2001_55_15word_lists
act,Act,critical_distractor,True,False,"Brainerd, Chang, & Bialer (2020)",Brainerd2020_120_4word_lists
add,Add,critical_distractor,True,False,"Brainerd, Chang, & Bialer (2020)",Brainerd2020_120_4word_lists
admission,Admission,list_word,False,True,"Brainerd, Chang, & Bialer (2020)",Brainerd2020_120_4word_lists
adult,Adult,list_word,False,True,"Brainerd, Chang, & Bialer (2020)",Brainerd2020_120_4word_lists
adventurous,Adventurous,list_word,False,True,"Brainerd, Chang, & Bialer (2020)",Brainerd2020_120_4word_lists
advice,Advice,list_word,False,True,"Brainerd, Chang, & Bialer (2020)",Brainerd2020_120_4word_lists
aerobics,Aerobics,list_word,False,True,"Brainerd, Chang, & Bialer (2020)",Brainerd2020_120_4word_lists
afraid,Afraid,list_word,False,True,"Brainerd, Chang, & Bialer (2020)",Brainerd2020_120_4word_lists
africa,africa,list_word,False,True,"Roediger et al. (2001) 55-list DRM pool, augmented with uploaded 2024 supplementary workbook metrics",Roediger2001_55_15word_lists
agent,Agent,critical_distractor,True,False,"Brainerd, Chang, & Bialer (2020)",Brainerd2020_120_4word_lists
air,air,list_word,False,True,"Roediger et al. (2001) 55-list DRM pool, augmented with uploaded 2024 supplementary workbook metrics",Roediger2001_55_15word_lists
air force,air force,list_word,False,True,"Roediger et al. (2001) 55-list DRM pool, augmented with uploaded 2024 supplementary workbook metrics",Roediger2001_55_15word_lists
airplane,airplane,list_word,False,True,"Roediger et al. (2001) 55-list DRM pool, augmented with uploaded 2024 supplementary workbook metrics",Roediger2001_55_15word_lists
album,Album,list_word,False,True,"Brainerd, Chang, & Bialer (2020)",Brainerd2020_120_4word_lists
alcohol,Alcohol; alcohol,list_word,False,True,"Brainerd, Chang, & Bialer (2020); Roediger et al. (2001) 55-list DRM pool, augmented with uploaded 2024 supplementary workbook metrics",Brainerd2020_120_4word_lists; Roediger2001_55_15word_lists
ale,Ale,list_word,False,True,"Brainerd, Chang, & Bialer (2020)",Brainerd2020_120_4word_lists
alien,alien,list_word,False,True,"Roediger et al. (2001) 55-list DRM pool, augmented with uploaded 2024 supplementary workbook metrics",Roediger2001_55_15word_lists
almonds,almonds,list_word,False,True,"Roediger et al. (2001) 55-list DRM pool, augmented with uploaded 2024 supplementary workbook metrics",Roediger2001_55_15word_lists
alone,Alone,list_word,False,True,"Brainerd, Chang, & Bialer (2020)",Brainerd2020_120_4word_lists
always,Always,list_word,False,True,"Brainerd, Chang, & Bialer (2020)",Brainerd2020_120_4word_lists
american,american,list_word,False,True,"Roediger et al. (2001) 55-list DRM pool, augmented with uploaded 2024 supplementary workbook metrics",Roediger2001_55_15word_lists
angel,Angel,list_word,False,True,"Brainerd, Chang, & Bialer (2020)",Brainerd2020_120_4word_lists
anger,anger,critical_distractor,True,False,"Roediger et al. (2001) 55-list DRM pool, augmented with uploaded 2024 supplementary workbook metrics",Roediger2001_55_15word_lists
angry,angry,list_word,False,True,"Roediger et al. (2001) 55-list DRM pool, augmented with uploaded 2024 supplementary workbook metrics",Roediger2001_55_15word_lists
animal,animal,list_word,False,True,"Roediger et al. (2001) 55-list DRM pool, augmented with uploaded 2024 supplementary workbook metrics",Roediger2001_55_15word_lists
ankle,ankle,list_word,False,True,"Roediger et al. (2001) 55-list DRM pool, augmented with uploaded 2024 supplementary workbook metrics",Roediger2001_55_15word_lists
answer,Answer,critical_distractor,True,False,"Brainerd, Chang, & Bialer (2020)",Brainerd2020_120_4word_lists
anthem,anthem,list_word,False,True,"Roediger et al. (2001) 55-list DRM pool, augmented with uploaded 2024 supplementary workbook metrics",Roediger2001_55_15word_lists
anxiety,Anxiety,list_word,False,True,"Brainerd, Chang, & Bialer (2020)",Brainerd2020_120_4word_lists
anxious,Anxious,critical_distractor,True,False,"Brainerd, Chang, & Bialer (2020)",Brainerd2020_120_4word_lists
apology,Apology,list_word,False,True,"Brainerd, Chang, & Bialer (2020)",Brainerd2020_120_4word_lists
apple,Apple; apple,list_word,False,True,"Brainerd, Chang, & Bialer (2020); Roediger et al. (2001) 55-list DRM pool, augmented with uploaded 2024 supplementary workbook metrics",Brainerd2020_120_4word_lists; Roediger2001_55_15word_lists
appointment,Appointment,list_word,False,True,"Brainerd, Chang, & Bialer (2020)",Brainerd2020_120_4word_lists
approval,Approval,critical_distractor,True,False,"Brainerd, Chang, & Bialer (2020)",Brainerd2020_120_4word_lists
arachnid,arachnid,list_word,False,True,"Roediger et al. (2001) 55-list DRM pool, augmented with uploaded 2024 supplementary workbook metrics",Roediger2001_55_15word_lists
architect,Architect,list_word,False,True,"Brainerd, Chang, & Bialer (2020)",Brainerd2020_120_4word_lists
arctic,arctic,list_word,False,True,"Roediger et al. (2001) 55-list DRM pool, augmented with uploaded 2024 supplementary workbook metrics",Roediger2001_55_15word_lists
arm,arm,list_word,False,True,"Roediger et al. (2001) 55-list DRM pool, augmented with uploaded 2024 supplementary workbook metrics",Roediger2001_55_15word_lists
army,Army; army,critical_distractor; list_word,True,True,"Brainerd, Chang, & Bialer (2020); Roediger et al. (2001) 55-list DRM pool, augmented with uploaded 2024 supplementary workbook metrics",Brainerd2020_120_4word_lists; Roediger2001_55_15word_lists
aroma,aroma,list_word,False,True,"Roediger et al. (2001) 55-list DRM pool, augmented with uploaded 2024 supplementary workbook metrics",Roediger2001_55_15word_lists
arrest,Arrest,list_word,False,True,"Brainerd, Chang, & Bialer (2020)",Brainerd2020_120_4word_lists
art,Art; art,critical_distractor; list_word,True,True,"Brainerd, Chang, & Bialer (2020); Roediger et al. (2001) 55-list DRM pool, augmented with uploaded 2024 supplementary workbook metrics",Brainerd2020_120_4word_lists; Roediger2001_55_15word_lists
ashes,Ashes; ashes,list_word,False,True,"Brainerd, Chang, & Bialer (2020); Roediger et al. (2001) 55-list DRM pool, augmented with uploaded 2024 supplementary workbook metrics",Brainerd2020_120_4word_lists; Roediger2001_55_15word_lists
asphalt,Asphalt,list_word,False,True,"Brainerd, Chang, & Bialer (2020)",Brainerd2020_120_4word_lists
astronomy,Astronomy,list_word,False,True,"Brainerd, Chang, & Bialer (2020)",Brainerd2020_120_4word_lists
atlas,Atlas,list_word,False,True,"Brainerd, Chang, & Bialer (2020)",Brainerd2020_120_4word_lists
attention,attention,list_word,False,True,"Roediger et al. (2001) 55-list DRM pool, augmented with uploaded 2024 supplementary workbook metrics",Roediger2001_55_15word_lists
attractive,Attractive,list_word,False,True,"Brainerd, Chang, & Bialer (2020)",Brainerd2020_120_4word_lists
aunt,aunt,list_word,False,True,"Roediger et al. (2001) 55-list DRM pool, augmented with uploaded 2024 supplementary workbook metrics",Roediger2001_55_15word_lists
author,Author; author,list_word,False,True,"Brainerd, Chang, & Bialer (2020); Roediger et al. (2001) 55-list DRM pool, augmented with uploaded 2024 supplementary workbook metrics",Brainerd2020_120_4word_lists; Roediger2001_55_15word_lists
authority,Authority,list_word,False,True,"Brainerd, Chang, & Bialer (2020)",Brainerd2020_120_4word_lists
automobile,automobile,list_word,False,True,"Roediger et al. (2001) 55-list DRM pool, augmented with uploaded 2024 supplementary workbook metrics",Roediger2001_55_15word_lists
average,Average,list_word,False,True,"Brainerd, Chang, & Bialer (2020)",Brainerd2020_120_4word_lists
awake,awake,list_word,False,True,"Roediger et al. (2001) 55-list DRM pool, augmented with uploaded 2024 supplementary workbook metrics",Roediger2001_55_15word_lists
bad,Bad; bad,list_word,False,True,"Brainerd, Chang, & Bialer (2020); Roediger et al. (2001) 55-list DRM pool, augmented with uploaded 2024 supplementary workbook metrics",Brainerd2020_120_4word_lists; Roediger2001_55_15word_lists
badge,Badge,list_word,False,True,"Brainerd, Chang, & Bialer (2020)",Brainerd2020_120_4word_lists
bag,Bag; bag,critical_distractor; list_word,True,True,"Brainerd, Chang, & Bialer (2020); Roediger et al. (2001) 55-list DRM pool, augmented with uploaded 2024 supplementary workbook metrics",Brainerd2020_120_4word_lists; Roediger2001_55_15word_lists
ball,Ball; ball,critical_distractor; list_word,True,True,"Brainerd, Chang, & Bialer (2020); Roediger et al. (2001) 55-list DRM pool, augmented with uploaded 2024 supplementary workbook metrics",Brainerd2020_120_4word_lists; Roediger2001_55_15word_lists
ballerina,Ballerina,list_word,False,True,"Brainerd, Chang, & Bialer (2020)",Brainerd2020_120_4word_lists
ballet,Ballet,list_word,False,True,"Brainerd, Chang, & Bialer (2020)",Brainerd2020_120_4word_lists
banana,Banana; banana,list_word,False,True,"Brainerd, Chang, & Bialer (2020); Roediger et al. (2001) 55-list DRM pool, augmented with uploaded 2024 supplementary workbook metrics",Brainerd2020_120_4word_lists; Roediger2001_55_15word_lists
band,band,list_word,False,True,"Roediger et al. (2001) 55-list DRM pool, augmented with uploaded 2024 supplementary workbook metrics",Roediger2001_55_15word_lists
bandit,bandit,list_word,False,True,"Roediger et al. (2001) 55-list DRM pool, augmented with uploaded 2024 supplementary workbook metrics",Roediger2001_55_15word_lists
bank,Bank; bank,critical_distractor; list_word,True,True,"Brainerd, Chang, & Bialer (2020); Roediger et al. (2001) 55-list DRM pool, augmented with uploaded 2024 supplementary workbook metrics",Brainerd2020_120_4word_lists; Roediger2001_55_15word_lists
banner,banner,list_word,False,True,"Roediger et al. (2001) 55-list DRM pool, augmented with uploaded 2024 supplementary workbook metrics",Roediger2001_55_15word_lists
bar,bar,list_word,False,True,"Roediger et al. (2001) 55-list DRM pool, augmented with uploaded 2024 supplementary workbook metrics",Roediger2001_55_15word_lists
barge,barge,list_word,False,True,"Roediger et al. (2001) 55-list DRM pool, augmented with uploaded 2024 supplementary workbook metrics",Roediger2001_55_15word_lists
basket,basket,list_word,False,True,"Roediger et al. (2001) 55-list DRM pool, augmented with uploaded 2024 supplementary workbook metrics",Roediger2001_55_15word_lists
bat,Bat,list_word,False,True,"Brainerd, Chang, & Bialer (2020)",Brainerd2020_120_4word_lists
beard,beard,list_word,False,True,"Roediger et al. (2001) 55-list DRM pool, augmented with uploaded 2024 supplementary workbook metrics",Roediger2001_55_15word_lists
bears,bears,list_word,False,True,"Roediger et al. (2001) 55-list DRM pool, augmented with uploaded 2024 supplementary workbook metrics",Roediger2001_55_15word_lists
beautiful,Beautiful; beautiful,critical_distractor; list_word,True,True,"Brainerd, Chang, & Bialer (2020); Roediger et al. (2001) 55-list DRM pool, augmented with uploaded 2024 supplementary workbook metrics",Brainerd2020_120_4word_lists; Roediger2001_55_15word_lists
bed,bed,list_word,False,True,"Roediger et al. (2001) 55-list DRM pool, augmented with uploaded 2024 supplementary workbook metrics",Roediger2001_55_15word_lists
bee,bee,list_word,False,True,"Roediger et al. (2001) 55-list DRM pool, augmented with uploaded 2024 supplementary workbook metrics",Roediger2001_55_15word_lists
beef,beef,list_word,False,True,"Roediger et al. (2001) 55-list DRM pool, augmented with uploaded 2024 supplementary workbook metrics",Roediger2001_55_15word_lists
beer,Beer; beer,critical_distractor; list_word,True,True,"Brainerd, Chang, & Bialer (2020); Roediger et al. (2001) 55-list DRM pool, augmented with uploaded 2024 supplementary workbook metrics",Brainerd2020_120_4word_lists; Roediger2001_55_15word_lists
bell,Bell,list_word,False,True,"Brainerd, Chang, & Bialer (2020)",Brainerd2020_120_4word_lists
belt,belt,list_word,False,True,"Roediger et al. (2001) 55-list DRM pool, augmented with uploaded 2024 supplementary workbook metrics",Roediger2001_55_15word_lists
bench,bench,list_word,False,True,"Roediger et al. (2001) 55-list DRM pool, augmented with uploaded 2024 supplementary workbook metrics",Roediger2001_55_15word_lists
bent,Bent,list_word,False,True,"Brainerd, Chang, & Bialer (2020)",Brainerd2020_120_4word_lists
berry,berry,list_word,False,True,"Roediger et al. (2001) 55-list DRM pool, augmented with uploaded 2024 supplementary workbook metrics",Roediger2001_55_15word_lists
bic,bic,list_word,False,True,"Roediger et al. (2001) 55-list DRM pool, augmented with uploaded 2024 supplementary workbook metrics",Roediger2001_55_15word_lists
big,big,list_word,False,True,"Roediger et al. (2001) 55-list DRM pool, augmented with uploaded 2024 supplementary workbook metrics",Roediger2001_55_15word_lists
bike,bike,list_word,False,True,"Roediger et al. (2001) 55-list DRM pool, augmented with uploaded 2024 supplementary workbook metrics",Roediger2001_55_15word_lists
billows,billows,list_word,False,True,"Roediger et al. (2001) 55-list DRM pool, augmented with uploaded 2024 supplementary workbook metrics",Roediger2001_55_15word_lists
bird,bird,list_word,False,True,"Roediger et al. (2001) 55-list DRM pool, augmented with uploaded 2024 supplementary workbook metrics",Roediger2001_55_15word_lists
birthday,Birthday,list_word,False,True,"Brainerd, Chang, & Bialer (2020)",Brainerd2020_120_4word_lists
bite,bite,list_word,False,True,"Roediger et al. (2001) 55-list DRM pool, augmented with uploaded 2024 supplementary workbook metrics",Roediger2001_55_15word_lists
bitter,Bitter; bitter,critical_distractor; list_word,True,True,"Brainerd, Chang, & Bialer (2020); Roediger et al. (2001) 55-list DRM pool, augmented with uploaded 2024 supplementary workbook metrics",Brainerd2020_120_4word_lists; Roediger2001_55_15word_lists
black,Black; black,critical_distractor; list_word,True,True,"Brainerd, Chang, & Bialer (2020); Roediger et al. (2001) 55-list DRM pool, augmented with uploaded 2024 supplementary workbook metrics",Brainerd2020_120_4word_lists; Roediger2001_55_15word_lists
blanket,blanket,list_word,False,True,"Roediger et al. (2001) 55-list DRM pool, augmented with uploaded 2024 supplementary workbook metrics",Roediger2001_55_15word_lists
blaze,blaze,list_word,False,True,"Roediger et al. (2001) 55-list DRM pool, augmented with uploaded 2024 supplementary workbook metrics",Roediger2001_55_15word_lists
blessing,Blessing,list_word,False,True,"Brainerd, Chang, & Bialer (2020)",Brainerd2020_120_4word_lists
blind,blind,list_word,False,True,"Roediger et al. (2001) 55-list DRM pool, augmented with uploaded 2024 supplementary workbook metrics",Roediger2001_55_15word_lists
blocks,Blocks,list_word,False,True,"Brainerd, Chang, & Bialer (2020)",Brainerd2020_120_4word_lists
blot,Blot,list_word,False,True,"Brainerd, Chang, & Bialer (2020)",Brainerd2020_120_4word_lists
blouse,blouse,list_word,False,True,"Roediger et al. (2001) 55-list DRM pool, augmented with uploaded 2024 supplementary workbook metrics",Roediger2001_55_15word_lists
blow,blow,list_word,False,True,"Roediger et al. (2001) 55-list DRM pool, augmented with uploaded 2024 supplementary workbook metrics",Roediger2001_55_15word_lists
blue,blue,list_word,False,True,"Roediger et al. (2001) 55-list DRM pool, augmented with uploaded 2024 supplementary workbook metrics",Roediger2001_55_15word_lists
blueprint,Blueprint,list_word,False,True,"Brainerd, Chang, & Bialer (2020)",Brainerd2020_120_4word_lists
boards,boards,list_word,False,True,"Roediger et al. (2001) 55-list DRM pool, augmented with uploaded 2024 supplementary workbook metrics",Roediger2001_55_15word_lists
boat,boat,list_word,False,True,"Roediger et al. (2001) 55-list DRM pool, augmented with uploaded 2024 supplementary workbook metrics",Roediger2001_55_15word_lists
body,Body; body,critical_distractor; list_word,True,True,"Brainerd, Chang, & Bialer (2020); Roediger et al. (2001) 55-list DRM pool, augmented with uploaded 2024 supplementary workbook metrics",Brainerd2020_120_4word_lists; Roediger2001_55_15word_lists
bone,bone,list_word,False,True,"Roediger et al. (2001) 55-list DRM pool, augmented with uploaded 2024 supplementary workbook metrics",Roediger2001_55_15word_lists
boot,boot,list_word,False,True,"Roediger et al. (2001) 55-list DRM pool, augmented with uploaded 2024 supplementary workbook metrics",Roediger2001_55_15word_lists
booth,Booth,list_word,False,True,"Brainerd, Chang, & Bialer (2020)",Brainerd2020_120_4word_lists
bored,Bored,list_word,False,True,"Brainerd, Chang, & Bialer (2020)",Brainerd2020_120_4word_lists
boring,Boring,list_word,False,True,"Brainerd, Chang, & Bialer (2020)",Brainerd2020_120_4word_lists
bottles,bottles,list_word,False,True,"Roediger et al. (2001) 55-list DRM pool, augmented with uploaded 2024 supplementary workbook metrics",Roediger2001_55_15word_lists
bottom,bottom,list_word,False,True,"Roediger et al. (2001) 55-list DRM pool, augmented with uploaded 2024 supplementary workbook metrics",Roediger2001_55_15word_lists
boulder,Boulder,list_word,False,True,"Brainerd, Chang, & Bialer (2020)",Brainerd2020_120_4word_lists
bounce,Bounce; bounce,list_word,False,True,"Brainerd, Chang, & Bialer (2020); Roediger et al. (2001) 55-list DRM pool, augmented with uploaded 2024 supplementary workbook metrics",Brainerd2020_120_4word_lists; Roediger2001_55_15word_lists
bourbon,bourbon,list_word,False,True,"Roediger et al. (2001) 55-list DRM pool, augmented with uploaded 2024 supplementary workbook metrics",Roediger2001_55_15word_lists
bowl,bowl,list_word,False,True,"Roediger et al. (2001) 55-list DRM pool, augmented with uploaded 2024 supplementary workbook metrics",Roediger2001_55_15word_lists
box,Box,list_word,False,True,"Brainerd, Chang, & Bialer (2020)",Brainerd2020_120_4word_lists
boy,boy,list_word,False,True,"Roediger et al. (2001) 55-list DRM pool, augmented with uploaded 2024 supplementary workbook metrics",Roediger2001_55_15word_lists
braces,Braces,list_word,False,True,"Brainerd, Chang, & Bialer (2020)",Brainerd2020_120_4word_lists
branch,Branch,critical_distractor,True,False,"Brainerd, Chang, & Bialer (2020)",Brainerd2020_120_4word_lists
bread,Bread; bread,critical_distractor,True,False,"Brainerd, Chang, & Bialer (2020); Roediger et al. (2001) 55-list DRM pool, augmented with uploaded 2024 supplementary workbook metrics",Brainerd2020_120_4word_lists; Roediger2001_55_15word_lists
break,Break,list_word,False,True,"Brainerd, Chang, & Bialer (2020)",Brainerd2020_120_4word_lists
breathe,breathe,list_word,False,True,"Roediger et al. (2001) 55-list DRM pool, augmented with uploaded 2024 supplementary workbook metrics",Roediger2001_55_15word_lists
breeze,breeze,list_word,False,True,"Roediger et al. (2001) 55-list DRM pool, augmented with uploaded 2024 supplementary workbook metrics",Roediger2001_55_15word_lists
bridge,Bridge; bridge,critical_distractor; list_word,True,True,"Brainerd, Chang, & Bialer (2020); Roediger et al. (2001) 55-list DRM pool, augmented with uploaded 2024 supplementary workbook metrics",Brainerd2020_120_4word_lists; Roediger2001_55_15word_lists
bright,Bright; bright,critical_distractor; list_word,True,True,"Brainerd, Chang, & Bialer (2020); Roediger et al. (2001) 55-list DRM pool, augmented with uploaded 2024 supplementary workbook metrics",Brainerd2020_120_4word_lists; Roediger2001_55_15word_lists
brook,brook,list_word,False,True,"Roediger et al. (2001) 55-list DRM pool, augmented with uploaded 2024 supplementary workbook metrics",Roediger2001_55_15word_lists
brown,Brown; brown,list_word,False,True,"Brainerd, Chang, & Bialer (2020); Roediger et al. (2001) 55-list DRM pool, augmented with uploaded 2024 supplementary workbook metrics",Brainerd2020_120_4word_lists; Roediger2001_55_15word_lists
brush,Brush,list_word,False,True,"Brainerd, Chang, & Bialer (2020)",Brainerd2020_120_4word_lists
bud,Bud,list_word,False,True,"Brainerd, Chang, & Bialer (2020)",Brainerd2020_120_4word_lists
bug,bug,list_word,False,True,"Roediger et al. (2001) 55-list DRM pool, augmented with uploaded 2024 supplementary workbook metrics",Roediger2001_55_15word_lists
building,Building; building,critical_distractor; list_word,True,True,"Brainerd, Chang, & Bialer (2020); Roediger et al. (2001) 55-list DRM pool, augmented with uploaded 2024 supplementary workbook metrics",Brainerd2020_120_4word_lists; Roediger2001_55_15word_lists
bulb,bulb,list_word,False,True,"Roediger et al. (2001) 55-list DRM pool, augmented with uploaded 2024 supplementary workbook metrics",Roediger2001_55_15word_lists
bullet,Bullet,list_word,False,True,"Brainerd, Chang, & Bialer (2020)",Brainerd2020_120_4word_lists
bum,Bum,list_word,False,True,"Brainerd, Chang, & Bialer (2020)",Brainerd2020_120_4word_lists
bumpy,bumpy,list_word,False,True,"Roediger et al. (2001) 55-list DRM pool, augmented with uploaded 2024 supplementary workbook metrics",Roediger2001_55_15word_lists
bunch,Bunch,list_word,False,True,"Brainerd, Chang, & Bialer (2020)",Brainerd2020_120_4word_lists
burglar,burglar,list_word,False,True,"Roediger et al. (2001) 55-list DRM pool, augmented with uploaded 2024 supplementary workbook metrics",Roediger2001_55_15word_lists
burn,burn,list_word,False,True,"Roediger et al. (2001) 55-list DRM pool, augmented with uploaded 2024 supplementary workbook metrics",Roediger2001_55_15word_lists
bus,bus,list_word,False,True,"Roediger et al. (2001) 55-list DRM pool, augmented with uploaded 2024 supplementary workbook metrics",Roediger2001_55_15word_lists
busy,Busy,list_word,False,True,"Brainerd, Chang, & Bialer (2020)",Brainerd2020_120_4word_lists
butter,Butter; butter,list_word,False,True,"Brainerd, Chang, & Bialer (2020); Roediger et al. (2001) 55-list DRM pool, augmented with uploaded 2024 supplementary workbook metrics",Brainerd2020_120_4word_lists; Roediger2001_55_15word_lists
butterfly,butterfly,critical_distractor,True,False,"Roediger et al. (2001) 55-list DRM pool, augmented with uploaded 2024 supplementary workbook metrics",Roediger2001_55_15word_lists
button,button,list_word,False,True,"Roediger et al. (2001) 55-list DRM pool, augmented with uploaded 2024 supplementary workbook metrics",Roediger2001_55_15word_lists
buy,Buy,critical_distractor,True,False,"Brainerd, Chang, & Bialer (2020)",Brainerd2020_120_4word_lists
cabbage,cabbage,critical_distractor,True,False,"Roediger et al. (2001) 55-list DRM pool, augmented with uploaded 2024 supplementary workbook metrics",Roediger2001_55_15word_lists
cabin,Cabin; cabin,critical_distractor; list_word,True,True,"Brainerd, Chang, & Bialer (2020); Roediger et al. (2001) 55-list DRM pool, augmented with uploaded 2024 supplementary workbook metrics",Brainerd2020_120_4word_lists; Roediger2001_55_15word_lists
caboose,Caboose,list_word,False,True,"Brainerd, Chang, & Bialer (2020)",Brainerd2020_120_4word_lists
cage,cage,list_word,False,True,"Roediger et al. (2001) 55-list DRM pool, augmented with uploaded 2024 supplementary workbook metrics",Roediger2001_55_15word_lists
cake,cake,list_word,False,True,"Roediger et al. (2001) 55-list DRM pool, augmented with uploaded 2024 supplementary workbook metrics",Roediger2001_55_15word_lists
calculate,Calculate,list_word,False,True,"Brainerd, Chang, & Bialer (2020)",Brainerd2020_120_4word_lists
calendar,Calendar,list_word,False,True,"Brainerd, Chang, & Bialer (2020)",Brainerd2020_120_4word_lists
call,Call; call,list_word,False,True,"Brainerd, Chang, & Bialer (2020); Roediger et al. (2001) 55-list DRM pool, augmented with uploaded 2024 supplementary workbook metrics",Brainerd2020_120_4word_lists; Roediger2001_55_15word_lists
calm,Calm; calm,list_word,False,True,"Brainerd, Chang, & Bialer (2020); Roediger et al. (2001) 55-list DRM pool, augmented with uploaded 2024 supplementary workbook metrics",Brainerd2020_120_4word_lists; Roediger2001_55_15word_lists
camera,Camera,list_word,False,True,"Brainerd, Chang, & Bialer (2020)",Brainerd2020_120_4word_lists
camp,Camp,list_word,False,True,"Brainerd, Chang, & Bialer (2020)",Brainerd2020_120_4word_lists
campaign,Campaign,list_word,False,True,"Brainerd, Chang, & Bialer (2020)",Brainerd2020_120_4word_lists
can,can,list_word,False,True,"Roediger et al. (2001) 55-list DRM pool, augmented with uploaded 2024 supplementary workbook metrics",Roediger2001_55_15word_lists
candidate,Candidate,list_word,False,True,"Brainerd, Chang, & Bialer (2020)",Brainerd2020_120_4word_lists
candy,Candy; candy,list_word,False,True,"Brainerd, Chang, & Bialer (2020); Roediger et al. (2001) 55-list DRM pool, augmented with uploaded 2024 supplementary workbook metrics",Brainerd2020_120_4word_lists; Roediger2001_55_15word_lists
canoe,Canoe,list_word,False,True,"Brainerd, Chang, & Bialer (2020)",Brainerd2020_120_4word_lists
cap,cap,list_word,False,True,"Roediger et al. (2001) 55-list DRM pool, augmented with uploaded 2024 supplementary workbook metrics",Roediger2001_55_15word_lists
capital,capital,list_word,False,True,"Roediger et al. (2001) 55-list DRM pool, augmented with uploaded 2024 supplementary workbook metrics",Roediger2001_55_15word_lists
captain,captain,list_word,False,True,"Roediger et al. (2001) 55-list DRM pool, augmented with uploaded 2024 supplementary workbook metrics",Roediger2001_55_15word_lists
car,Car; car,critical_distractor; list_word,True,True,"Brainerd, Chang, & Bialer (2020); Roediger et al. (2001) 55-list DRM pool, augmented with uploaded 2024 supplementary workbook metrics",Brainerd2020_120_4word_lists; Roediger2001_55_15word_lists
carbon,Carbon,list_word,False,True,"Brainerd, Chang, & Bialer (2020)",Brainerd2020_120_4word_lists
careful,Careful,list_word,False,True,"Brainerd, Chang, & Bialer (2020)",Brainerd2020_120_4word_lists
carpet,carpet,critical_distractor,True,False,"Roediger et al. (2001) 55-list DRM pool, augmented with uploaded 2024 supplementary workbook metrics",Roediger2001_55_15word_lists
carrots,carrots,list_word,False,True,"Roediger et al. (2001) 55-list DRM pool, augmented with uploaded 2024 supplementary workbook metrics",Roediger2001_55_15word_lists
cashier,Cashier,list_word,False,True,"Brainerd, Chang, & Bialer (2020)",Brainerd2020_120_4word_lists
cat,cat,list_word,False,True,"Roediger et al. (2001) 55-list DRM pool, augmented with uploaded 2024 supplementary workbook metrics",Roediger2001_55_15word_lists
catholic,Catholic,list_word,False,True,"Brainerd, Chang, & Bialer (2020)",Brainerd2020_120_4word_lists
caution,Caution,list_word,False,True,"Brainerd, Chang, & Bialer (2020)",Brainerd2020_120_4word_lists
cautious,cautious,list_word,False,True,"Roediger et al. (2001) 55-list DRM pool, augmented with uploaded 2024 supplementary workbook metrics",Roediger2001_55_15word_lists
ceiling,Ceiling,list_word,False,True,"Brainerd, Chang, & Bialer (2020)",Brainerd2020_120_4word_lists
center,center,list_word,False,True,"Roediger et al. (2001) 55-list DRM pool, augmented with uploaded 2024 supplementary workbook metrics",Roediger2001_55_15word_lists
chair,Chair; chair,critical_distractor; list_word,True,True,"Brainerd, Chang, & Bialer (2020); Roediger et al. (2001) 55-list DRM pool, augmented with uploaded 2024 supplementary workbook metrics",Brainerd2020_120_4word_lists; Roediger2001_55_15word_lists
chaos,Chaos,list_word,False,True,"Brainerd, Chang, & Bialer (2020)",Brainerd2020_120_4word_lists
charred,charred,list_word,False,True,"Roediger et al. (2001) 55-list DRM pool, augmented with uploaded 2024 supplementary workbook metrics",Roediger2001_55_15word_lists
chart,Chart,list_word,False,True,"Brainerd, Chang, & Bialer (2020)",Brainerd2020_120_4word_lists
check,Check,list_word,False,True,"Brainerd, Chang, & Bialer (2020)",Brainerd2020_120_4word_lists
checkered,checkered,list_word,False,True,"Roediger et al. (2001) 55-list DRM pool, augmented with uploaded 2024 supplementary workbook metrics",Roediger2001_55_15word_lists
cheese,cheese,list_word,False,True,"Roediger et al. (2001) 55-list DRM pool, augmented with uploaded 2024 supplementary workbook metrics",Roediger2001_55_15word_lists
cherry,cherry,list_word,False,True,"Roediger et al. (2001) 55-list DRM pool, augmented with uploaded 2024 supplementary workbook metrics",Roediger2001_55_15word_lists
chess,chess,list_word,False,True,"Roediger et al. (2001) 55-list DRM pool, augmented with uploaded 2024 supplementary workbook metrics",Roediger2001_55_15word_lists
chicago,chicago,list_word,False,True,"Roediger et al. (2001) 55-list DRM pool, augmented with uploaded 2024 supplementary workbook metrics",Roediger2001_55_15word_lists
chilly,chilly,list_word,False,True,"Roediger et al. (2001) 55-list DRM pool, augmented with uploaded 2024 supplementary workbook metrics",Roediger2001_55_15word_lists
chimney,chimney,list_word,False,True,"Roediger et al. (2001) 55-list DRM pool, augmented with uploaded 2024 supplementary workbook metrics",Roediger2001_55_15word_lists
chocolate,Chocolate; chocolate,list_word,False,True,"Brainerd, Chang, & Bialer (2020); Roediger et al. (2001) 55-list DRM pool, augmented with uploaded 2024 supplementary workbook metrics",Brainerd2020_120_4word_lists; Roediger2001_55_15word_lists
choir,Choir,list_word,False,True,"Brainerd, Chang, & Bialer (2020)",Brainerd2020_120_4word_lists
chops,chops,list_word,False,True,"Roediger et al. (2001) 55-list DRM pool, augmented with uploaded 2024 supplementary workbook metrics",Roediger2001_55_15word_lists
chore,Chore,list_word,False,True,"Brainerd, Chang, & Bialer (2020)",Brainerd2020_120_4word_lists
chorus,Chorus,list_word,False,True,"Brainerd, Chang, & Bialer (2020)",Brainerd2020_120_4word_lists
christmas,Christmas,list_word,False,True,"Brainerd, Chang, & Bialer (2020)",Brainerd2020_120_4word_lists
church,Church,critical_distractor,True,False,"Brainerd, Chang, & Bialer (2020)",Brainerd2020_120_4word_lists
cigar,Cigar; cigar,list_word,False,True,"Brainerd, Chang, & Bialer (2020); Roediger et al. (2001) 55-list DRM pool, augmented with uploaded 2024 supplementary workbook metrics",Brainerd2020_120_4word_lists; Roediger2001_55_15word_lists
cigarette,cigarette,list_word,False,True,"Roediger et al. (2001) 55-list DRM pool, augmented with uploaded 2024 supplementary workbook metrics",Roediger2001_55_15word_lists
circle,Circle,list_word,False,True,"Brainerd, Chang, & Bialer (2020)",Brainerd2020_120_4word_lists
circus,circus,list_word,False,True,"Roediger et al. (2001) 55-list DRM pool, augmented with uploaded 2024 supplementary workbook metrics",Roediger2001_55_15word_lists
citizen,citizen,critical_distractor,True,False,"Roediger et al. (2001) 55-list DRM pool, augmented with uploaded 2024 supplementary workbook metrics",Roediger2001_55_15word_lists
citrus,citrus,list_word,False,True,"Roediger et al. (2001) 55-list DRM pool, augmented with uploaded 2024 supplementary workbook metrics",Roediger2001_55_15word_lists
city,city,critical_distractor,True,False,"Roediger et al. (2001) 55-list DRM pool, augmented with uploaded 2024 supplementary workbook metrics",Roediger2001_55_15word_lists
class,Class,critical_distractor,True,False,"Brainerd, Chang, & Bialer (2020)",Brainerd2020_120_4word_lists
clerk,Clerk,critical_distractor,True,False,"Brainerd, Chang, & Bialer (2020)",Brainerd2020_120_4word_lists
cliff,cliff,list_word,False,True,"Roediger et al. (2001) 55-list DRM pool, augmented with uploaded 2024 supplementary workbook metrics",Roediger2001_55_15word_lists
climb,climb,list_word,False,True,"Roediger et al. (2001) 55-list DRM pool, augmented with uploaded 2024 supplementary workbook metrics",Roediger2001_55_15word_lists
climber,climber,list_word,False,True,"Roediger et al. (2001) 55-list DRM pool, augmented with uploaded 2024 supplementary workbook metrics",Roediger2001_55_15word_lists
clinic,clinic,list_word,False,True,"Roediger et al. (2001) 55-list DRM pool, augmented with uploaded 2024 supplementary workbook metrics",Roediger2001_55_15word_lists
cloth,Cloth; cloth,list_word,False,True,"Brainerd, Chang, & Bialer (2020); Roediger et al. (2001) 55-list DRM pool, augmented with uploaded 2024 supplementary workbook metrics",Brainerd2020_120_4word_lists; Roediger2001_55_15word_lists
clouds,clouds,list_word,False,True,"Roediger et al. (2001) 55-list DRM pool, augmented with uploaded 2024 supplementary workbook metrics",Roediger2001_55_15word_lists
coal,coal,list_word,False,True,"Roediger et al. (2001) 55-list DRM pool, augmented with uploaded 2024 supplementary workbook metrics",Roediger2001_55_15word_lists
coarse,coarse,list_word,False,True,"Roediger et al. (2001) 55-list DRM pool, augmented with uploaded 2024 supplementary workbook metrics",Roediger2001_55_15word_lists
coaster,coaster,list_word,False,True,"Roediger et al. (2001) 55-list DRM pool, augmented with uploaded 2024 supplementary workbook metrics",Roediger2001_55_15word_lists
coat,coat,list_word,False,True,"Roediger et al. (2001) 55-list DRM pool, augmented with uploaded 2024 supplementary workbook metrics",Roediger2001_55_15word_lists
cocaine,Cocaine,list_word,False,True,"Brainerd, Chang, & Bialer (2020)",Brainerd2020_120_4word_lists
cocktail,cocktail,list_word,False,True,"Roediger et al. (2001) 55-list DRM pool, augmented with uploaded 2024 supplementary workbook metrics",Roediger2001_55_15word_lists
cocoon,cocoon,list_word,False,True,"Roediger et al. (2001) 55-list DRM pool, augmented with uploaded 2024 supplementary workbook metrics",Roediger2001_55_15word_lists
coffee,Coffee; coffee,list_word,False,True,"Brainerd, Chang, & Bialer (2020); Roediger et al. (2001) 55-list DRM pool, augmented with uploaded 2024 supplementary workbook metrics",Brainerd2020_120_4word_lists; Roediger2001_55_15word_lists
cold,Cold; cold,critical_distractor; list_word,True,True,"Brainerd, Chang, & Bialer (2020); Roediger et al. (2001) 55-list DRM pool, augmented with uploaded 2024 supplementary workbook metrics",Brainerd2020_120_4word_lists; Roediger2001_55_15word_lists
collar,collar,list_word,False,True,"Roediger et al. (2001) 55-list DRM pool, augmented with uploaded 2024 supplementary workbook metrics",Roediger2001_55_15word_lists
collect,Collect,list_word,False,True,"Brainerd, Chang, & Bialer (2020)",Brainerd2020_120_4word_lists
color,Color; color,list_word,False,True,"Brainerd, Chang, & Bialer (2020); Roediger et al. (2001) 55-list DRM pool, augmented with uploaded 2024 supplementary workbook metrics",Brainerd2020_120_4word_lists; Roediger2001_55_15word_lists
colt,Colt,list_word,False,True,"Brainerd, Chang, & Bialer (2020)",Brainerd2020_120_4word_lists
comb,Comb,list_word,False,True,"Brainerd, Chang, & Bialer (2020)",Brainerd2020_120_4word_lists
combat,combat,list_word,False,True,"Roediger et al. (2001) 55-list DRM pool, augmented with uploaded 2024 supplementary workbook metrics",Roediger2001_55_15word_lists
command,command,critical_distractor,True,False,"Roediger et al. (2001) 55-list DRM pool, augmented with uploaded 2024 supplementary workbook metrics",Roediger2001_55_15word_lists
comment,Comment,critical_distractor,True,False,"Brainerd, Chang, & Bialer (2020)",Brainerd2020_120_4word_lists
communication,Communication,list_word,False,True,"Brainerd, Chang, & Bialer (2020)",Brainerd2020_120_4word_lists
computer,Computer,critical_distractor,True,False,"Brainerd, Chang, & Bialer (2020)",Brainerd2020_120_4word_lists
concert,Concert; concert,list_word,False,True,"Brainerd, Chang, & Bialer (2020); Roediger et al. (2001) 55-list DRM pool, augmented with uploaded 2024 supplementary workbook metrics",Brainerd2020_120_4word_lists; Roediger2001_55_15word_lists
construction,Construction,list_word,False,True,"Brainerd, Chang, & Bialer (2020)",Brainerd2020_120_4word_lists
contract,Contract,critical_distractor,True,False,"Brainerd, Chang, & Bialer (2020)",Brainerd2020_120_4word_lists
control,Control,critical_distractor,True,False,"Brainerd, Chang, & Bialer (2020)",Brainerd2020_120_4word_lists
cook,cook,list_word,False,True,"Roediger et al. (2001) 55-list DRM pool, augmented with uploaded 2024 supplementary workbook metrics",Roediger2001_55_15word_lists
cool,Cool,list_word,False,True,"Brainerd, Chang, & Bialer (2020)",Brainerd2020_120_4word_lists
cop,cop,list_word,False,True,"Roediger et al. (2001) 55-list DRM pool, augmented with uploaded 2024 supplementary workbook metrics",Roediger2001_55_15word_lists
cord,cord,list_word,False,True,"Roediger et al. (2001) 55-list DRM pool, augmented with uploaded 2024 supplementary workbook metrics",Roediger2001_55_15word_lists
cottage,Cottage; cottage,critical_distractor; list_word,True,True,"Brainerd, Chang, & Bialer (2020); Roediger et al. (2001) 55-list DRM pool, augmented with uploaded 2024 supplementary workbook metrics",Brainerd2020_120_4word_lists; Roediger2001_55_15word_lists
cotton,cotton,list_word,False,True,"Roediger et al. (2001) 55-list DRM pool, augmented with uploaded 2024 supplementary workbook metrics",Roediger2001_55_15word_lists
couch,Couch; couch,list_word,False,True,"Brainerd, Chang, & Bialer (2020); Roediger et al. (2001) 55-list DRM pool, augmented with uploaded 2024 supplementary workbook metrics",Brainerd2020_120_4word_lists; Roediger2001_55_15word_lists
country,country,list_word,False,True,"Roediger et al. (2001) 55-list DRM pool, augmented with uploaded 2024 supplementary workbook metrics",Roediger2001_55_15word_lists
county,county,list_word,False,True,"Roediger et al. (2001) 55-list DRM pool, augmented with uploaded 2024 supplementary workbook metrics",Roediger2001_55_15word_lists
couple,Couple,list_word,False,True,"Brainerd, Chang, & Bialer (2020)",Brainerd2020_120_4word_lists
court,Court,list_word,False,True,"Brainerd, Chang, & Bialer (2020)",Brainerd2020_120_4word_lists
courts,courts,list_word,False,True,"Roediger et al. (2001) 55-list DRM pool, augmented with uploaded 2024 supplementary workbook metrics",Roediger2001_55_15word_lists
cover,Cover,critical_distractor,True,False,"Brainerd, Chang, & Bialer (2020)",Brainerd2020_120_4word_lists
covered,Covered,list_word,False,True,"Brainerd, Chang, & Bialer (2020)",Brainerd2020_120_4word_lists
cozy,cozy,list_word,False,True,"Roediger et al. (2001) 55-list DRM pool, augmented with uploaded 2024 supplementary workbook metrics",Roediger2001_55_15word_lists
craft,Craft,list_word,False,True,"Brainerd, Chang, & Bialer (2020)",Brainerd2020_120_4word_lists
crawl,crawl,list_word,False,True,"Roediger et al. (2001) 55-list DRM pool, augmented with uploaded 2024 supplementary workbook metrics",Roediger2001_55_15word_lists
crayon,crayon,list_word,False,True,"Roediger et al. (2001) 55-list DRM pool, augmented with uploaded 2024 supplementary workbook metrics",Roediger2001_55_15word_lists
creative,Creative,list_word,False,True,"Brainerd, Chang, & Bialer (2020)",Brainerd2020_120_4word_lists
creek,creek,list_word,False,True,"Roediger et al. (2001) 55-list DRM pool, augmented with uploaded 2024 supplementary workbook metrics",Roediger2001_55_15word_lists
creepy,creepy,list_word,False,True,"Roediger et al. (2001) 55-list DRM pool, augmented with uploaded 2024 supplementary workbook metrics",Roediger2001_55_15word_lists
crime,crime,list_word,False,True,"Roediger et al. (2001) 55-list DRM pool, augmented with uploaded 2024 supplementary workbook metrics",Roediger2001_55_15word_lists
criminal,criminal,list_word,False,True,"Roediger et al. (2001) 55-list DRM pool, augmented with uploaded 2024 supplementary workbook metrics",Roediger2001_55_15word_lists
criticize,Criticize,list_word,False,True,"Brainerd, Chang, & Bialer (2020)",Brainerd2020_120_4word_lists
crook,crook,list_word,False,True,"Roediger et al. (2001) 55-list DRM pool, augmented with uploaded 2024 supplementary workbook metrics",Roediger2001_55_15word_lists
crooked,Crooked,list_word,False,True,"Brainerd, Chang, & Bialer (2020)",Brainerd2020_120_4word_lists
cross,cross,list_word,False,True,"Roediger et al. (2001) 55-list DRM pool, augmented with uploaded 2024 supplementary workbook metrics",Roediger2001_55_15word_lists
crowd,Crowd,critical_distractor,True,False,"Brainerd, Chang, & Bialer (2020)",Brainerd2020_120_4word_lists
crowded,crowded,list_word,False,True,"Roediger et al. (2001) 55-list DRM pool, augmented with uploaded 2024 supplementary workbook metrics",Roediger2001_55_15word_lists
crown,crown,list_word,False,True,"Roediger et al. (2001) 55-list DRM pool, augmented with uploaded 2024 supplementary workbook metrics",Roediger2001_55_15word_lists
cruel,Cruel,list_word,False,True,"Brainerd, Chang, & Bialer (2020)",Brainerd2020_120_4word_lists
crust,crust,list_word,False,True,"Roediger et al. (2001) 55-list DRM pool, augmented with uploaded 2024 supplementary workbook metrics",Roediger2001_55_15word_lists
cry,Cry,list_word,False,True,"Brainerd, Chang, & Bialer (2020)",Brainerd2020_120_4word_lists
cub,cub,list_word,False,True,"Roediger et al. (2001) 55-list DRM pool, augmented with uploaded 2024 supplementary workbook metrics",Roediger2001_55_15word_lists
cuffs,cuffs,list_word,False,True,"Roediger et al. (2001) 55-list DRM pool, augmented with uploaded 2024 supplementary workbook metrics",Roediger2001_55_15word_lists
culture,Culture,list_word,False,True,"Brainerd, Chang, & Bialer (2020)",Brainerd2020_120_4word_lists
cup,cup,critical_distractor,True,False,"Roediger et al. (2001) 55-list DRM pool, augmented with uploaded 2024 supplementary workbook metrics",Roediger2001_55_15word_lists
cure,cure,list_word,False,True,"Roediger et al. (2001) 55-list DRM pool, augmented with uploaded 2024 supplementary workbook metrics",Roediger2001_55_15word_lists
current,current,list_word,False,True,"Roediger et al. (2001) 55-list DRM pool, augmented with uploaded 2024 supplementary workbook metrics",Roediger2001_55_15word_lists
curtain,curtain,list_word,False,True,"Roediger et al. (2001) 55-list DRM pool, augmented with uploaded 2024 supplementary workbook metrics",Roediger2001_55_15word_lists
curve,Curve,list_word,False,True,"Brainerd, Chang, & Bialer (2020)",Brainerd2020_120_4word_lists
cushion,cushion,list_word,False,True,"Roediger et al. (2001) 55-list DRM pool, augmented with uploaded 2024 supplementary workbook metrics",Roediger2001_55_15word_lists
cute,Cute; cute,list_word,False,True,"Brainerd, Chang, & Bialer (2020); Roediger et al. (2001) 55-list DRM pool, augmented with uploaded 2024 supplementary workbook metrics",Brainerd2020_120_4word_lists; Roediger2001_55_15word_lists
daisy,Daisy,list_word,False,True,"Brainerd, Chang, & Bialer (2020)",Brainerd2020_120_4word_lists
dance,Dance; dance,critical_distractor; list_word,True,True,"Brainerd, Chang, & Bialer (2020); Roediger et al. (2001) 55-list DRM pool, augmented with uploaded 2024 supplementary workbook metrics",Brainerd2020_120_4word_lists; Roediger2001_55_15word_lists
danger,Danger; danger,critical_distractor; list_word,True,True,"Brainerd, Chang, & Bialer (2020); Roediger et al. (2001) 55-list DRM pool, augmented with uploaded 2024 supplementary workbook metrics",Brainerd2020_120_4word_lists; Roediger2001_55_15word_lists
dangerous,Dangerous,critical_distractor,True,False,"Brainerd, Chang, & Bialer (2020)",Brainerd2020_120_4word_lists
dark,Dark; dark,list_word,False,True,"Brainerd, Chang, & Bialer (2020); Roediger et al. (2001) 55-list DRM pool, augmented with uploaded 2024 supplementary workbook metrics",Brainerd2020_120_4word_lists; Roediger2001_55_15word_lists
data,Data,list_word,False,True,"Brainerd, Chang, & Bialer (2020)",Brainerd2020_120_4word_lists
date,date,list_word,False,True,"Roediger et al. (2001) 55-list DRM pool, augmented with uploaded 2024 supplementary workbook metrics",Roediger2001_55_15word_lists
daughter,daughter,list_word,False,True,"Roediger et al. (2001) 55-list DRM pool, augmented with uploaded 2024 supplementary workbook metrics",Roediger2001_55_15word_lists
day,day,list_word,False,True,"Roediger et al. (2001) 55-list DRM pool, augmented with uploaded 2024 supplementary workbook metrics",Roediger2001_55_15word_lists
deadly,Deadly,list_word,False,True,"Brainerd, Chang, & Bialer (2020)",Brainerd2020_120_4word_lists
deal,Deal,list_word,False,True,"Brainerd, Chang, & Bialer (2020)",Brainerd2020_120_4word_lists
death,death,list_word,False,True,"Roediger et al. (2001) 55-list DRM pool, augmented with uploaded 2024 supplementary workbook metrics",Roediger2001_55_15word_lists
debris,debris,list_word,False,True,"Roediger et al. (2001) 55-list DRM pool, augmented with uploaded 2024 supplementary workbook metrics",Roediger2001_55_15word_lists
decide,Decide,list_word,False,True,"Brainerd, Chang, & Bialer (2020)",Brainerd2020_120_4word_lists
decline,Decline,list_word,False,True,"Brainerd, Chang, & Bialer (2020)",Brainerd2020_120_4word_lists
decorate,Decorate,list_word,False,True,"Brainerd, Chang, & Bialer (2020)",Brainerd2020_120_4word_lists
deep,deep,list_word,False,True,"Roediger et al. (2001) 55-list DRM pool, augmented with uploaded 2024 supplementary workbook metrics",Roediger2001_55_15word_lists
deer,deer,list_word,False,True,"Roediger et al. (2001) 55-list DRM pool, augmented with uploaded 2024 supplementary workbook metrics",Roediger2001_55_15word_lists
defeat,Defeat,list_word,False,True,"Brainerd, Chang, & Bialer (2020)",Brainerd2020_120_4word_lists
delay,delay,list_word,False,True,"Roediger et al. (2001) 55-list DRM pool, augmented with uploaded 2024 supplementary workbook metrics",Roediger2001_55_15word_lists
deliver,Deliver,list_word,False,True,"Brainerd, Chang, & Bialer (2020)",Brainerd2020_120_4word_lists
demon,Demon,list_word,False,True,"Brainerd, Chang, & Bialer (2020)",Brainerd2020_120_4word_lists
den,den,list_word,False,True,"Roediger et al. (2001) 55-list DRM pool, augmented with uploaded 2024 supplementary workbook metrics",Roediger2001_55_15word_lists
dentist,Dentist; dentist,list_word,False,True,"Brainerd, Chang, & Bialer (2020); Roediger et al. (2001) 55-list DRM pool, augmented with uploaded 2024 supplementary workbook metrics",Brainerd2020_120_4word_lists; Roediger2001_55_15word_lists
deny,Deny,list_word,False,True,"Brainerd, Chang, & Bialer (2020)",Brainerd2020_120_4word_lists
department,department,list_word,False,True,"Roediger et al. (2001) 55-list DRM pool, augmented with uploaded 2024 supplementary workbook metrics",Roediger2001_55_15word_lists
design,Design,critical_distractor,True,False,"Brainerd, Chang, & Bialer (2020)",Brainerd2020_120_4word_lists
desire,desire,list_word,False,True,"Roediger et al. (2001) 55-list DRM pool, augmented with uploaded 2024 supplementary workbook metrics",Roediger2001_55_15word_lists
desk,Desk; desk,list_word,False,True,"Brainerd, Chang, & Bialer (2020); Roediger et al. (2001) 55-list DRM pool, augmented with uploaded 2024 supplementary workbook metrics",Brainerd2020_120_4word_lists; Roediger2001_55_15word_lists
destroy,Destroy,list_word,False,True,"Brainerd, Chang, & Bialer (2020)",Brainerd2020_120_4word_lists
determine,Determine,critical_distractor,True,False,"Brainerd, Chang, & Bialer (2020)",Brainerd2020_120_4word_lists
devil,Devil,critical_distractor,True,False,"Brainerd, Chang, & Bialer (2020)",Brainerd2020_120_4word_lists
dictator,dictator,list_word,False,True,"Roediger et al. (2001) 55-list DRM pool, augmented with uploaded 2024 supplementary workbook metrics",Roediger2001_55_15word_lists
different,Different,list_word,False,True,"Brainerd, Chang, & Bialer (2020)",Brainerd2020_120_4word_lists
difficulty,difficulty,list_word,False,True,"Roediger et al. (2001) 55-list DRM pool, augmented with uploaded 2024 supplementary workbook metrics",Roediger2001_55_15word_lists
direction,Direction,list_word,False,True,"Brainerd, Chang, & Bialer (2020)",Brainerd2020_120_4word_lists
dirt,Dirt,list_word,False,True,"Brainerd, Chang, & Bialer (2020)",Brainerd2020_120_4word_lists
disaster,Disaster,critical_distractor,True,False,"Brainerd, Chang, & Bialer (2020)",Brainerd2020_120_4word_lists
disc,Disc,list_word,False,True,"Brainerd, Chang, & Bialer (2020)",Brainerd2020_120_4word_lists
disease,disease,list_word,False,True,"Roediger et al. (2001) 55-list DRM pool, augmented with uploaded 2024 supplementary workbook metrics",Roediger2001_55_15word_lists
distance,distance,list_word,False,True,"Roediger et al. (2001) 55-list DRM pool, augmented with uploaded 2024 supplementary workbook metrics",Roediger2001_55_15word_lists
dive,dive,list_word,False,True,"Roediger et al. (2001) 55-list DRM pool, augmented with uploaded 2024 supplementary workbook metrics",Roediger2001_55_15word_lists
do,do,list_word,False,True,"Roediger et al. (2001) 55-list DRM pool, augmented with uploaded 2024 supplementary workbook metrics",Roediger2001_55_15word_lists
doctor,Doctor; doctor,critical_distractor; list_word,True,True,"Brainerd, Chang, & Bialer (2020); Roediger et al. (2001) 55-list DRM pool, augmented with uploaded 2024 supplementary workbook metrics",Brainerd2020_120_4word_lists; Roediger2001_55_15word_lists
document,Document,list_word,False,True,"Brainerd, Chang, & Bialer (2020)",Brainerd2020_120_4word_lists
dog,dog,list_word,False,True,"Roediger et al. (2001) 55-list DRM pool, augmented with uploaded 2024 supplementary workbook metrics",Roediger2001_55_15word_lists
dolls,dolls,list_word,False,True,"Roediger et al. (2001) 55-list DRM pool, augmented with uploaded 2024 supplementary workbook metrics",Roediger2001_55_15word_lists
dominate,Dominate,list_word,False,True,"Brainerd, Chang, & Bialer (2020)",Brainerd2020_120_4word_lists
door,Door; door,list_word,False,True,"Brainerd, Chang, & Bialer (2020); Roediger et al. (2001) 55-list DRM pool, augmented with uploaded 2024 supplementary workbook metrics",Brainerd2020_120_4word_lists; Roediger2001_55_15word_lists
double,Double,list_word,False,True,"Brainerd, Chang, & Bialer (2020)",Brainerd2020_120_4word_lists
dough,dough,list_word,False,True,"Roediger et al. (2001) 55-list DRM pool, augmented with uploaded 2024 supplementary workbook metrics",Roediger2001_55_15word_lists
dove,Dove,list_word,False,True,"Brainerd, Chang, & Bialer (2020)",Brainerd2020_120_4word_lists
downy,downy,list_word,False,True,"Roediger et al. (2001) 55-list DRM pool, augmented with uploaded 2024 supplementary workbook metrics",Roediger2001_55_15word_lists
doze,doze,list_word,False,True,"Roediger et al. (2001) 55-list DRM pool, augmented with uploaded 2024 supplementary workbook metrics",Roediger2001_55_15word_lists
draft,draft,list_word,False,True,"Roediger et al. (2001) 55-list DRM pool, augmented with uploaded 2024 supplementary workbook metrics",Roediger2001_55_15word_lists
drama,Drama,list_word,False,True,"Brainerd, Chang, & Bialer (2020)",Brainerd2020_120_4word_lists
drawing,Drawing,list_word,False,True,"Brainerd, Chang, & Bialer (2020)",Brainerd2020_120_4word_lists
dream,dream,list_word,False,True,"Roediger et al. (2001) 55-list DRM pool, augmented with uploaded 2024 supplementary workbook metrics",Roediger2001_55_15word_lists
dress,dress,list_word,False,True,"Roediger et al. (2001) 55-list DRM pool, augmented with uploaded 2024 supplementary workbook metrics",Roediger2001_55_15word_lists
drink,drink,list_word,False,True,"Roediger et al. (2001) 55-list DRM pool, augmented with uploaded 2024 supplementary workbook metrics",Roediger2001_55_15word_lists
drive,drive,list_word,False,True,"Roediger et al. (2001) 55-list DRM pool, augmented with uploaded 2024 supplementary workbook metrics",Roediger2001_55_15word_lists
drop,Drop,list_word,False,True,"Brainerd, Chang, & Bialer (2020)",Brainerd2020_120_4word_lists
drown,Drown,list_word,False,True,"Brainerd, Chang, & Bialer (2020)",Brainerd2020_120_4word_lists
drowsy,drowsy,list_word,False,True,"Roediger et al. (2001) 55-list DRM pool, augmented with uploaded 2024 supplementary workbook metrics",Roediger2001_55_15word_lists
drug,Drug,critical_distractor,True,False,"Brainerd, Chang, & Bialer (2020)",Brainerd2020_120_4word_lists
drunk,drunk,list_word,False,True,"Roediger et al. (2001) 55-list DRM pool, augmented with uploaded 2024 supplementary workbook metrics",Roediger2001_55_15word_lists
dull,Dull,list_word,False,True,"Brainerd, Chang, & Bialer (2020)",Brainerd2020_120_4word_lists
dump,dump,list_word,False,True,"Roediger et al. (2001) 55-list DRM pool, augmented with uploaded 2024 supplementary workbook metrics",Roediger2001_55_15word_lists
duty,Duty,list_word,False,True,"Brainerd, Chang, & Bialer (2020)",Brainerd2020_120_4word_lists
earthquake,Earthquake,list_word,False,True,"Brainerd, Chang, & Bialer (2020)",Brainerd2020_120_4word_lists
eat,eat,list_word,False,True,"Roediger et al. (2001) 55-list DRM pool, augmented with uploaded 2024 supplementary workbook metrics",Roediger2001_55_15word_lists
elastic,elastic,list_word,False,True,"Roediger et al. (2001) 55-list DRM pool, augmented with uploaded 2024 supplementary workbook metrics",Roediger2001_55_15word_lists
elephant,Elephant,list_word,False,True,"Brainerd, Chang, & Bialer (2020)",Brainerd2020_120_4word_lists
elevate,elevate,list_word,False,True,"Roediger et al. (2001) 55-list DRM pool, augmented with uploaded 2024 supplementary workbook metrics",Roediger2001_55_15word_lists
emblem,emblem,list_word,False,True,"Roediger et al. (2001) 55-list DRM pool, augmented with uploaded 2024 supplementary workbook metrics",Roediger2001_55_15word_lists
emotion,emotion,list_word,False,True,"Roediger et al. (2001) 55-list DRM pool, augmented with uploaded 2024 supplementary workbook metrics",Roediger2001_55_15word_lists
empire,Empire,list_word,False,True,"Brainerd, Chang, & Bialer (2020)",Brainerd2020_120_4word_lists
endless,Endless,list_word,False,True,"Brainerd, Chang, & Bialer (2020)",Brainerd2020_120_4word_lists
energetic,Energetic,list_word,False,True,"Brainerd, Chang, & Bialer (2020)",Brainerd2020_120_4word_lists
england,england,list_word,False,True,"Roediger et al. (2001) 55-list DRM pool, augmented with uploaded 2024 supplementary workbook metrics",Roediger2001_55_15word_lists
enrage,enrage,list_word,False,True,"Roediger et al. (2001) 55-list DRM pool, augmented with uploaded 2024 supplementary workbook metrics",Roediger2001_55_15word_lists
equal,Equal,critical_distractor,True,False,"Brainerd, Chang, & Bialer (2020)",Brainerd2020_120_4word_lists
eraser,Eraser; eraser,list_word,False,True,"Brainerd, Chang, & Bialer (2020); Roediger et al. (2001) 55-list DRM pool, augmented with uploaded 2024 supplementary workbook metrics",Brainerd2020_120_4word_lists; Roediger2001_55_15word_lists
estate top,Estate Top,list_word,False,True,"Brainerd, Chang, & Bialer (2020)",Brainerd2020_120_4word_lists
eternal,Eternal,list_word,False,True,"Brainerd, Chang, & Bialer (2020)",Brainerd2020_120_4word_lists
evidence,Evidence,list_word,False,True,"Brainerd, Chang, & Bialer (2020)",Brainerd2020_120_4word_lists
evil,evil,list_word,False,True,"Roediger et al. (2001) 55-list DRM pool, augmented with uploaded 2024 supplementary workbook metrics",Roediger2001_55_15word_lists
excited,Excited,list_word,False,True,"Brainerd, Chang, & Bialer (2020)",Brainerd2020_120_4word_lists
eye,eye,list_word,False,True,"Roediger et al. (2001) 55-list DRM pool, augmented with uploaded 2024 supplementary workbook metrics",Roediger2001_55_15word_lists
fair,Fair; fair,list_word,False,True,"Brainerd, Chang, & Bialer (2020); Roediger et al. (2001) 55-list DRM pool, augmented with uploaded 2024 supplementary workbook metrics",Brainerd2020_120_4word_lists; Roediger2001_55_15word_lists
fake,Fake,list_word,False,True,"Brainerd, Chang, & Bialer (2020)",Brainerd2020_120_4word_lists
famous,Famous,critical_distractor,True,False,"Brainerd, Chang, & Bialer (2020)",Brainerd2020_120_4word_lists
far,Far; far,list_word,False,True,"Brainerd, Chang, & Bialer (2020); Roediger et al. (2001) 55-list DRM pool, augmented with uploaded 2024 supplementary workbook metrics",Brainerd2020_120_4word_lists; Roediger2001_55_15word_lists
fashion,Fashion,list_word,False,True,"Brainerd, Chang, & Bialer (2020)",Brainerd2020_120_4word_lists
fast,Fast; fast,critical_distractor; list_word,True,True,"Brainerd, Chang, & Bialer (2020); Roediger et al. (2001) 55-list DRM pool, augmented with uploaded 2024 supplementary workbook metrics",Brainerd2020_120_4word_lists; Roediger2001_55_15word_lists
fat,Fat; fat,list_word,False,True,"Brainerd, Chang, & Bialer (2020); Roediger et al. (2001) 55-list DRM pool, augmented with uploaded 2024 supplementary workbook metrics",Brainerd2020_120_4word_lists; Roediger2001_55_15word_lists
father,father,list_word,False,True,"Roediger et al. (2001) 55-list DRM pool, augmented with uploaded 2024 supplementary workbook metrics",Roediger2001_55_15word_lists
fear,Fear; fear,critical_distractor; list_word,True,True,"Brainerd, Chang, & Bialer (2020); Roediger et al. (2001) 55-list DRM pool, augmented with uploaded 2024 supplementary workbook metrics",Brainerd2020_120_4word_lists; Roediger2001_55_15word_lists
feather,feather,list_word,False,True,"Roediger et al. (2001) 55-list DRM pool, augmented with uploaded 2024 supplementary workbook metrics",Roediger2001_55_15word_lists
federal,Federal,list_word,False,True,"Brainerd, Chang, & Bialer (2020)",Brainerd2020_120_4word_lists
feeble,Feeble,list_word,False,True,"Brainerd, Chang, & Bialer (2020)",Brainerd2020_120_4word_lists
feelers,feelers,list_word,False,True,"Roediger et al. (2001) 55-list DRM pool, augmented with uploaded 2024 supplementary workbook metrics",Roediger2001_55_15word_lists
feet,Feet,list_word,False,True,"Brainerd, Chang, & Bialer (2020)",Brainerd2020_120_4word_lists
feline,feline,list_word,False,True,"Roediger et al. (2001) 55-list DRM pool, augmented with uploaded 2024 supplementary workbook metrics",Roediger2001_55_15word_lists
fellow,fellow,list_word,False,True,"Roediger et al. (2001) 55-list DRM pool, augmented with uploaded 2024 supplementary workbook metrics",Roediger2001_55_15word_lists
felt,felt,list_word,False,True,"Roediger et al. (2001) 55-list DRM pool, augmented with uploaded 2024 supplementary workbook metrics",Roediger2001_55_15word_lists
female,female,list_word,False,True,"Roediger et al. (2001) 55-list DRM pool, augmented with uploaded 2024 supplementary workbook metrics",Roediger2001_55_15word_lists
fence,fence,list_word,False,True,"Roediger et al. (2001) 55-list DRM pool, augmented with uploaded 2024 supplementary workbook metrics",Roediger2001_55_15word_lists
fiction,Fiction,list_word,False,True,"Brainerd, Chang, & Bialer (2020)",Brainerd2020_120_4word_lists
field,Field,list_word,False,True,"Brainerd, Chang, & Bialer (2020)",Brainerd2020_120_4word_lists
fierce,fierce,list_word,False,True,"Roediger et al. (2001) 55-list DRM pool, augmented with uploaded 2024 supplementary workbook metrics",Roediger2001_55_15word_lists
fight,fight,list_word,False,True,"Roediger et al. (2001) 55-list DRM pool, augmented with uploaded 2024 supplementary workbook metrics",Roediger2001_55_15word_lists
find,Find,list_word,False,True,"Brainerd, Chang, & Bialer (2020)",Brainerd2020_120_4word_lists
finger,Finger,list_word,False,True,"Brainerd, Chang, & Bialer (2020)",Brainerd2020_120_4word_lists
fire,fire,list_word,False,True,"Roediger et al. (2001) 55-list DRM pool, augmented with uploaded 2024 supplementary workbook metrics",Roediger2001_55_15word_lists
fish,fish,list_word,False,True,"Roediger et al. (2001) 55-list DRM pool, augmented with uploaded 2024 supplementary workbook metrics",Roediger2001_55_15word_lists
fitness,Fitness,list_word,False,True,"Brainerd, Chang, & Bialer (2020)",Brainerd2020_120_4word_lists
flag,flag,critical_distractor; list_word,True,True,"Roediger et al. (2001) 55-list DRM pool, augmented with uploaded 2024 supplementary workbook metrics",Roediger2001_55_15word_lists
flame,Flame,list_word,False,True,"Brainerd, Chang, & Bialer (2020)",Brainerd2020_120_4word_lists
flames,flames,list_word,False,True,"Roediger et al. (2001) 55-list DRM pool, augmented with uploaded 2024 supplementary workbook metrics",Roediger2001_55_15word_lists
flexible,flexible,list_word,False,True,"Roediger et al. (2001) 55-list DRM pool, augmented with uploaded 2024 supplementary workbook metrics",Roediger2001_55_15word_lists
floor,Floor; floor,list_word,False,True,"Brainerd, Chang, & Bialer (2020); Roediger et al. (2001) 55-list DRM pool, augmented with uploaded 2024 supplementary workbook metrics",Brainerd2020_120_4word_lists; Roediger2001_55_15word_lists
flour,flour,list_word,False,True,"Roediger et al. (2001) 55-list DRM pool, augmented with uploaded 2024 supplementary workbook metrics",Roediger2001_55_15word_lists
flow,Flow; flow,list_word,False,True,"Brainerd, Chang, & Bialer (2020); Roediger et al. (2001) 55-list DRM pool, augmented with uploaded 2024 supplementary workbook metrics",Brainerd2020_120_4word_lists; Roediger2001_55_15word_lists
flower,Flower; flower,critical_distractor; list_word,True,True,"Brainerd, Chang, & Bialer (2020); Roediger et al. (2001) 55-list DRM pool, augmented with uploaded 2024 supplementary workbook metrics",Brainerd2020_120_4word_lists; Roediger2001_55_15word_lists
fluffy,Fluffy; fluffy,list_word,False,True,"Brainerd, Chang, & Bialer (2020); Roediger et al. (2001) 55-list DRM pool, augmented with uploaded 2024 supplementary workbook metrics",Brainerd2020_120_4word_lists; Roediger2001_55_15word_lists
fly,fly,list_word,False,True,"Roediger et al. (2001) 55-list DRM pool, augmented with uploaded 2024 supplementary workbook metrics",Roediger2001_55_15word_lists
foam,foam,list_word,False,True,"Roediger et al. (2001) 55-list DRM pool, augmented with uploaded 2024 supplementary workbook metrics",Roediger2001_55_15word_lists
food,food,list_word,False,True,"Roediger et al. (2001) 55-list DRM pool, augmented with uploaded 2024 supplementary workbook metrics",Roediger2001_55_15word_lists
foot,Foot; foot,critical_distractor,True,False,"Brainerd, Chang, & Bialer (2020); Roediger et al. (2001) 55-list DRM pool, augmented with uploaded 2024 supplementary workbook metrics",Brainerd2020_120_4word_lists; Roediger2001_55_15word_lists
for,for,list_word,False,True,"Roediger et al. (2001) 55-list DRM pool, augmented with uploaded 2024 supplementary workbook metrics",Roediger2001_55_15word_lists
force,Force,list_word,False,True,"Brainerd, Chang, & Bialer (2020)",Brainerd2020_120_4word_lists
ford,ford,list_word,False,True,"Roediger et al. (2001) 55-list DRM pool, augmented with uploaded 2024 supplementary workbook metrics",Roediger2001_55_15word_lists
foreigner,foreigner,list_word,False,True,"Roediger et al. (2001) 55-list DRM pool, augmented with uploaded 2024 supplementary workbook metrics",Roediger2001_55_15word_lists
forever,Forever,critical_distractor,True,False,"Brainerd, Chang, & Bialer (2020)",Brainerd2020_120_4word_lists
forgive,Forgive,list_word,False,True,"Brainerd, Chang, & Bialer (2020)",Brainerd2020_120_4word_lists
form,Form,list_word,False,True,"Brainerd, Chang, & Bialer (2020)",Brainerd2020_120_4word_lists
fountain,fountain,list_word,False,True,"Roediger et al. (2001) 55-list DRM pool, augmented with uploaded 2024 supplementary workbook metrics",Roediger2001_55_15word_lists
fragrance,fragrance,list_word,False,True,"Roediger et al. (2001) 55-list DRM pool, augmented with uploaded 2024 supplementary workbook metrics",Roediger2001_55_15word_lists
frail,Frail,list_word,False,True,"Brainerd, Chang, & Bialer (2020)",Brainerd2020_120_4word_lists
frame,Frame; frame,list_word,False,True,"Brainerd, Chang, & Bialer (2020); Roediger et al. (2001) 55-list DRM pool, augmented with uploaded 2024 supplementary workbook metrics",Brainerd2020_120_4word_lists; Roediger2001_55_15word_lists
france,france,list_word,False,True,"Roediger et al. (2001) 55-list DRM pool, augmented with uploaded 2024 supplementary workbook metrics",Roediger2001_55_15word_lists
free,Free,list_word,False,True,"Brainerd, Chang, & Bialer (2020)",Brainerd2020_120_4word_lists
freedom,Freedom; freedom,list_word,False,True,"Brainerd, Chang, & Bialer (2020); Roediger et al. (2001) 55-list DRM pool, augmented with uploaded 2024 supplementary workbook metrics",Brainerd2020_120_4word_lists; Roediger2001_55_15word_lists
freeze,freeze,list_word,False,True,"Roediger et al. (2001) 55-list DRM pool, augmented with uploaded 2024 supplementary workbook metrics",Roediger2001_55_15word_lists
friend,friend,list_word,False,True,"Roediger et al. (2001) 55-list DRM pool, augmented with uploaded 2024 supplementary workbook metrics",Roediger2001_55_15word_lists
fright,Fright; fright,list_word,False,True,"Brainerd, Chang, & Bialer (2020); Roediger et al. (2001) 55-list DRM pool, augmented with uploaded 2024 supplementary workbook metrics",Brainerd2020_120_4word_lists; Roediger2001_55_15word_lists
frigid,Frigid; frigid,list_word,False,True,"Brainerd, Chang, & Bialer (2020); Roediger et al. (2001) 55-list DRM pool, augmented with uploaded 2024 supplementary workbook metrics",Brainerd2020_120_4word_lists; Roediger2001_55_15word_lists
frost,frost,list_word,False,True,"Roediger et al. (2001) 55-list DRM pool, augmented with uploaded 2024 supplementary workbook metrics",Roediger2001_55_15word_lists
fruit,Fruit; fruit,critical_distractor; list_word,True,True,"Brainerd, Chang, & Bialer (2020); Roediger et al. (2001) 55-list DRM pool, augmented with uploaded 2024 supplementary workbook metrics",Brainerd2020_120_4word_lists; Roediger2001_55_15word_lists
funeral,funeral,list_word,False,True,"Roediger et al. (2001) 55-list DRM pool, augmented with uploaded 2024 supplementary workbook metrics",Roediger2001_55_15word_lists
fur,fur,list_word,False,True,"Roediger et al. (2001) 55-list DRM pool, augmented with uploaded 2024 supplementary workbook metrics",Roediger2001_55_15word_lists
furnace,furnace,list_word,False,True,"Roediger et al. (2001) 55-list DRM pool, augmented with uploaded 2024 supplementary workbook metrics",Roediger2001_55_15word_lists
furry,furry,list_word,False,True,"Roediger et al. (2001) 55-list DRM pool, augmented with uploaded 2024 supplementary workbook metrics",Roediger2001_55_15word_lists
fury,fury,list_word,False,True,"Roediger et al. (2001) 55-list DRM pool, augmented with uploaded 2024 supplementary workbook metrics",Roediger2001_55_15word_lists
future,Future,list_word,False,True,"Brainerd, Chang, & Bialer (2020)",Brainerd2020_120_4word_lists
gain,Gain,list_word,False,True,"Brainerd, Chang, & Bialer (2020)",Brainerd2020_120_4word_lists
gallop,Gallop,list_word,False,True,"Brainerd, Chang, & Bialer (2020)",Brainerd2020_120_4word_lists
galoshes,galoshes,list_word,False,True,"Roediger et al. (2001) 55-list DRM pool, augmented with uploaded 2024 supplementary workbook metrics",Roediger2001_55_15word_lists
garage,garage,list_word,False,True,"Roediger et al. (2001) 55-list DRM pool, augmented with uploaded 2024 supplementary workbook metrics",Roediger2001_55_15word_lists
garbage,garbage,list_word,False,True,"Roediger et al. (2001) 55-list DRM pool, augmented with uploaded 2024 supplementary workbook metrics",Roediger2001_55_15word_lists
garden,garden,list_word,False,True,"Roediger et al. (2001) 55-list DRM pool, augmented with uploaded 2024 supplementary workbook metrics",Roediger2001_55_15word_lists
gas,Gas; gas,list_word,False,True,"Brainerd, Chang, & Bialer (2020); Roediger et al. (2001) 55-list DRM pool, augmented with uploaded 2024 supplementary workbook metrics",Brainerd2020_120_4word_lists; Roediger2001_55_15word_lists
gavel,Gavel,list_word,False,True,"Brainerd, Chang, & Bialer (2020)",Brainerd2020_120_4word_lists
general,general,list_word,False,True,"Roediger et al. (2001) 55-list DRM pool, augmented with uploaded 2024 supplementary workbook metrics",Roediger2001_55_15word_lists
george,george,list_word,False,True,"Roediger et al. (2001) 55-list DRM pool, augmented with uploaded 2024 supplementary workbook metrics",Roediger2001_55_15word_lists
get,get,list_word,False,True,"Roediger et al. (2001) 55-list DRM pool, augmented with uploaded 2024 supplementary workbook metrics",Roediger2001_55_15word_lists
giant,Giant,list_word,False,True,"Brainerd, Chang, & Bialer (2020)",Brainerd2020_120_4word_lists
gin,gin,list_word,False,True,"Roediger et al. (2001) 55-list DRM pool, augmented with uploaded 2024 supplementary workbook metrics",Roediger2001_55_15word_lists
girl,girl,critical_distractor,True,False,"Roediger et al. (2001) 55-list DRM pool, augmented with uploaded 2024 supplementary workbook metrics",Roediger2001_55_15word_lists
girls,girls,list_word,False,True,"Roediger et al. (2001) 55-list DRM pool, augmented with uploaded 2024 supplementary workbook metrics",Roediger2001_55_15word_lists
glacier,glacier,list_word,False,True,"Roediger et al. (2001) 55-list DRM pool, augmented with uploaded 2024 supplementary workbook metrics",Roediger2001_55_15word_lists
glad,Glad,list_word,False,True,"Brainerd, Chang, & Bialer (2020)",Brainerd2020_120_4word_lists
glass,Glass; glass,list_word,False,True,"Brainerd, Chang, & Bialer (2020); Roediger et al. (2001) 55-list DRM pool, augmented with uploaded 2024 supplementary workbook metrics",Brainerd2020_120_4word_lists; Roediger2001_55_15word_lists
glory,Glory,list_word,False,True,"Brainerd, Chang, & Bialer (2020)",Brainerd2020_120_4word_lists
gloves,gloves,list_word,False,True,"Roediger et al. (2001) 55-list DRM pool, augmented with uploaded 2024 supplementary workbook metrics",Roediger2001_55_15word_lists
glue,glue,list_word,False,True,"Roediger et al. (2001) 55-list DRM pool, augmented with uploaded 2024 supplementary workbook metrics",Roediger2001_55_15word_lists
goat,goat,list_word,False,True,"Roediger et al. (2001) 55-list DRM pool, augmented with uploaded 2024 supplementary workbook metrics",Roediger2001_55_15word_lists
goblet,goblet,list_word,False,True,"Roediger et al. (2001) 55-list DRM pool, augmented with uploaded 2024 supplementary workbook metrics",Roediger2001_55_15word_lists
gold,Gold,list_word,False,True,"Brainerd, Chang, & Bialer (2020)",Brainerd2020_120_4word_lists
good,good,list_word,False,True,"Roediger et al. (2001) 55-list DRM pool, augmented with uploaded 2024 supplementary workbook metrics",Roediger2001_55_15word_lists
gorgeous,gorgeous,list_word,False,True,"Roediger et al. (2001) 55-list DRM pool, augmented with uploaded 2024 supplementary workbook metrics",Roediger2001_55_15word_lists
government,government,list_word,False,True,"Roediger et al. (2001) 55-list DRM pool, augmented with uploaded 2024 supplementary workbook metrics",Roediger2001_55_15word_lists
grab,Grab,list_word,False,True,"Brainerd, Chang, & Bialer (2020)",Brainerd2020_120_4word_lists
grape,grape,list_word,False,True,"Roediger et al. (2001) 55-list DRM pool, augmented with uploaded 2024 supplementary workbook metrics",Roediger2001_55_15word_lists
grass,Grass,critical_distractor,True,False,"Brainerd, Chang, & Bialer (2020)",Brainerd2020_120_4word_lists
gravel,gravel,list_word,False,True,"Roediger et al. (2001) 55-list DRM pool, augmented with uploaded 2024 supplementary workbook metrics",Roediger2001_55_15word_lists
gray,gray,list_word,False,True,"Roediger et al. (2001) 55-list DRM pool, augmented with uploaded 2024 supplementary workbook metrics",Roediger2001_55_15word_lists
grease,Grease,list_word,False,True,"Brainerd, Chang, & Bialer (2020)",Brainerd2020_120_4word_lists
green,Green; green,critical_distractor; list_word,True,True,"Brainerd, Chang, & Bialer (2020); Roediger et al. (2001) 55-list DRM pool, augmented with uploaded 2024 supplementary workbook metrics",Brainerd2020_120_4word_lists; Roediger2001_55_15word_lists
grief,grief,list_word,False,True,"Roediger et al. (2001) 55-list DRM pool, augmented with uploaded 2024 supplementary workbook metrics",Roediger2001_55_15word_lists
groceries,Groceries,list_word,False,True,"Brainerd, Chang, & Bialer (2020)",Brainerd2020_120_4word_lists
ground,Ground; ground,critical_distractor; list_word,True,True,"Brainerd, Chang, & Bialer (2020); Roediger et al. (2001) 55-list DRM pool, augmented with uploaded 2024 supplementary workbook metrics",Brainerd2020_120_4word_lists; Roediger2001_55_15word_lists
group,Group,list_word,False,True,"Brainerd, Chang, & Bialer (2020)",Brainerd2020_120_4word_lists
guilt,Guilt,list_word,False,True,"Brainerd, Chang, & Bialer (2020)",Brainerd2020_120_4word_lists
gulliver,gulliver,list_word,False,True,"Roediger et al. (2001) 55-list DRM pool, augmented with uploaded 2024 supplementary workbook metrics",Roediger2001_55_15word_lists
gums,Gums,list_word,False,True,"Brainerd, Chang, & Bialer (2020)",Brainerd2020_120_4word_lists
gun,Gun; gun,critical_distractor; list_word,True,True,"Brainerd, Chang, & Bialer (2020); Roediger et al. (2001) 55-list DRM pool, augmented with uploaded 2024 supplementary workbook metrics",Brainerd2020_120_4word_lists; Roediger2001_55_15word_lists
hail,Hail,list_word,False,True,"Brainerd, Chang, & Bialer (2020)",Brainerd2020_120_4word_lists
hair,Hair; hair,critical_distractor; list_word,True,True,"Brainerd, Chang, & Bialer (2020); Roediger et al. (2001) 55-list DRM pool, augmented with uploaded 2024 supplementary workbook metrics",Brainerd2020_120_4word_lists; Roediger2001_55_15word_lists
halt,halt,list_word,False,True,"Roediger et al. (2001) 55-list DRM pool, augmented with uploaded 2024 supplementary workbook metrics",Roediger2001_55_15word_lists
hammock,Hammock,list_word,False,True,"Brainerd, Chang, & Bialer (2020)",Brainerd2020_120_4word_lists
hand,hand,list_word,False,True,"Roediger et al. (2001) 55-list DRM pool, augmented with uploaded 2024 supplementary workbook metrics",Roediger2001_55_15word_lists
handle,handle,list_word,False,True,"Roediger et al. (2001) 55-list DRM pool, augmented with uploaded 2024 supplementary workbook metrics",Roediger2001_55_15word_lists
handsome,handsome,list_word,False,True,"Roediger et al. (2001) 55-list DRM pool, augmented with uploaded 2024 supplementary workbook metrics",Roediger2001_55_15word_lists
happiness,happiness,list_word,False,True,"Roediger et al. (2001) 55-list DRM pool, augmented with uploaded 2024 supplementary workbook metrics",Roediger2001_55_15word_lists
happy,Happy; happy,list_word,False,True,"Brainerd, Chang, & Bialer (2020); Roediger et al. (2001) 55-list DRM pool, augmented with uploaded 2024 supplementary workbook metrics",Brainerd2020_120_4word_lists; Roediger2001_55_15word_lists
hard,Hard; hard,list_word,False,True,"Brainerd, Chang, & Bialer (2020); Roediger et al. (2001) 55-list DRM pool, augmented with uploaded 2024 supplementary workbook metrics",Brainerd2020_120_4word_lists; Roediger2001_55_15word_lists
harmony,Harmony,list_word,False,True,"Brainerd, Chang, & Bialer (2020)",Brainerd2020_120_4word_lists
harsh,Harsh; harsh,critical_distractor; list_word,True,True,"Brainerd, Chang, & Bialer (2020); Roediger et al. (2001) 55-list DRM pool, augmented with uploaded 2024 supplementary workbook metrics",Brainerd2020_120_4word_lists; Roediger2001_55_15word_lists
hate,hate,list_word,False,True,"Roediger et al. (2001) 55-list DRM pool, augmented with uploaded 2024 supplementary workbook metrics",Roediger2001_55_15word_lists
hatred,hatred,list_word,False,True,"Roediger et al. (2001) 55-list DRM pool, augmented with uploaded 2024 supplementary workbook metrics",Roediger2001_55_15word_lists
haul,Haul,list_word,False,True,"Brainerd, Chang, & Bialer (2020)",Brainerd2020_120_4word_lists
haystack,haystack,list_word,False,True,"Roediger et al. (2001) 55-list DRM pool, augmented with uploaded 2024 supplementary workbook metrics",Roediger2001_55_15word_lists
head,Head; head,list_word,False,True,"Brainerd, Chang, & Bialer (2020); Roediger et al. (2001) 55-list DRM pool, augmented with uploaded 2024 supplementary workbook metrics",Brainerd2020_120_4word_lists; Roediger2001_55_15word_lists
health,health,critical_distractor; list_word,True,True,"Roediger et al. (2001) 55-list DRM pool, augmented with uploaded 2024 supplementary workbook metrics",Roediger2001_55_15word_lists
hear,hear,list_word,False,True,"Roediger et al. (2001) 55-list DRM pool, augmented with uploaded 2024 supplementary workbook metrics",Roediger2001_55_15word_lists
heart,heart,list_word,False,True,"Roediger et al. (2001) 55-list DRM pool, augmented with uploaded 2024 supplementary workbook metrics",Roediger2001_55_15word_lists
heat,Heat; heat,critical_distractor; list_word,True,True,"Brainerd, Chang, & Bialer (2020); Roediger et al. (2001) 55-list DRM pool, augmented with uploaded 2024 supplementary workbook metrics",Brainerd2020_120_4word_lists; Roediger2001_55_15word_lists
hell,Hell,list_word,False,True,"Brainerd, Chang, & Bialer (2020)",Brainerd2020_120_4word_lists
help,Help; help,list_word,False,True,"Brainerd, Chang, & Bialer (2020); Roediger et al. (2001) 55-list DRM pool, augmented with uploaded 2024 supplementary workbook metrics",Brainerd2020_120_4word_lists; Roediger2001_55_15word_lists
herbs,herbs,list_word,False,True,"Roediger et al. (2001) 55-list DRM pool, augmented with uploaded 2024 supplementary workbook metrics",Roediger2001_55_15word_lists
hesitant,hesitant,list_word,False,True,"Roediger et al. (2001) 55-list DRM pool, augmented with uploaded 2024 supplementary workbook metrics",Roediger2001_55_15word_lists
high,High; high,critical_distractor; list_word,True,True,"Brainerd, Chang, & Bialer (2020); Roediger et al. (2001) 55-list DRM pool, augmented with uploaded 2024 supplementary workbook metrics",Brainerd2020_120_4word_lists; Roediger2001_55_15word_lists
highway,highway,list_word,False,True,"Roediger et al. (2001) 55-list DRM pool, augmented with uploaded 2024 supplementary workbook metrics",Roediger2001_55_15word_lists
hill,Hill; hill,critical_distractor; list_word,True,True,"Brainerd, Chang, & Bialer (2020); Roediger et al. (2001) 55-list DRM pool, augmented with uploaded 2024 supplementary workbook metrics",Brainerd2020_120_4word_lists; Roediger2001_55_15word_lists
hold,Hold,critical_distractor,True,False,"Brainerd, Chang, & Bialer (2020)",Brainerd2020_120_4word_lists
home,home,list_word,False,True,"Roediger et al. (2001) 55-list DRM pool, augmented with uploaded 2024 supplementary workbook metrics",Roediger2001_55_15word_lists
homely,homely,list_word,False,True,"Roediger et al. (2001) 55-list DRM pool, augmented with uploaded 2024 supplementary workbook metrics",Roediger2001_55_15word_lists
honey,honey,list_word,False,True,"Roediger et al. (2001) 55-list DRM pool, augmented with uploaded 2024 supplementary workbook metrics",Roediger2001_55_15word_lists
honor,Honor,critical_distractor,True,False,"Brainerd, Chang, & Bialer (2020)",Brainerd2020_120_4word_lists
hope,hope,list_word,False,True,"Roediger et al. (2001) 55-list DRM pool, augmented with uploaded 2024 supplementary workbook metrics",Roediger2001_55_15word_lists
horn,horn,list_word,False,True,"Roediger et al. (2001) 55-list DRM pool, augmented with uploaded 2024 supplementary workbook metrics",Roediger2001_55_15word_lists
horse,Horse,critical_distractor,True,False,"Brainerd, Chang, & Bialer (2020)",Brainerd2020_120_4word_lists
hospital,hospital,list_word,False,True,"Roediger et al. (2001) 55-list DRM pool, augmented with uploaded 2024 supplementary workbook metrics",Roediger2001_55_15word_lists
hot,Hot; hot,list_word,False,True,"Brainerd, Chang, & Bialer (2020); Roediger et al. (2001) 55-list DRM pool, augmented with uploaded 2024 supplementary workbook metrics",Brainerd2020_120_4word_lists; Roediger2001_55_15word_lists
house,house,list_word,False,True,"Roediger et al. (2001) 55-list DRM pool, augmented with uploaded 2024 supplementary workbook metrics",Roediger2001_55_15word_lists
hug,Hug,list_word,False,True,"Brainerd, Chang, & Bialer (2020)",Brainerd2020_120_4word_lists
huge,Huge,list_word,False,True,"Brainerd, Chang, & Bialer (2020)",Brainerd2020_120_4word_lists
hum,Hum,list_word,False,True,"Brainerd, Chang, & Bialer (2020)",Brainerd2020_120_4word_lists
hunt,hunt,list_word,False,True,"Roediger et al. (2001) 55-list DRM pool, augmented with uploaded 2024 supplementary workbook metrics",Roediger2001_55_15word_lists
hurricane,Hurricane,list_word,False,True,"Brainerd, Chang, & Bialer (2020)",Brainerd2020_120_4word_lists
hurt,hurt,list_word,False,True,"Roediger et al. (2001) 55-list DRM pool, augmented with uploaded 2024 supplementary workbook metrics",Roediger2001_55_15word_lists
husband,husband,list_word,False,True,"Roediger et al. (2001) 55-list DRM pool, augmented with uploaded 2024 supplementary workbook metrics",Roediger2001_55_15word_lists
hut,hut,list_word,False,True,"Roediger et al. (2001) 55-list DRM pool, augmented with uploaded 2024 supplementary workbook metrics",Roediger2001_55_15word_lists
ice,Ice; ice,list_word,False,True,"Brainerd, Chang, & Bialer (2020); Roediger et al. (2001) 55-list DRM pool, augmented with uploaded 2024 supplementary workbook metrics",Brainerd2020_120_4word_lists; Roediger2001_55_15word_lists
ill,ill,list_word,False,True,"Roediger et al. (2001) 55-list DRM pool, augmented with uploaded 2024 supplementary workbook metrics",Roediger2001_55_15word_lists
immigrant,immigrant,list_word,False,True,"Roediger et al. (2001) 55-list DRM pool, augmented with uploaded 2024 supplementary workbook metrics",Roediger2001_55_15word_lists
impatient,Impatient,list_word,False,True,"Brainerd, Chang, & Bialer (2020)",Brainerd2020_120_4word_lists
inability,Inability,list_word,False,True,"Brainerd, Chang, & Bialer (2020)",Brainerd2020_120_4word_lists
inch,inch,list_word,False,True,"Roediger et al. (2001) 55-list DRM pool, augmented with uploaded 2024 supplementary workbook metrics",Roediger2001_55_15word_lists
increase,Increase,list_word,False,True,"Brainerd, Chang, & Bialer (2020)",Brainerd2020_120_4word_lists
infantry,Infantry; infantry,list_word,False,True,"Brainerd, Chang, & Bialer (2020); Roediger et al. (2001) 55-list DRM pool, augmented with uploaded 2024 supplementary workbook metrics",Brainerd2020_120_4word_lists; Roediger2001_55_15word_lists
initial,Initial,list_word,False,True,"Brainerd, Chang, & Bialer (2020)",Brainerd2020_120_4word_lists
injection,injection,list_word,False,True,"Roediger et al. (2001) 55-list DRM pool, augmented with uploaded 2024 supplementary workbook metrics",Roediger2001_55_15word_lists
ink,ink,list_word,False,True,"Roediger et al. (2001) 55-list DRM pool, augmented with uploaded 2024 supplementary workbook metrics",Roediger2001_55_15word_lists
insect,insect,list_word,False,True,"Roediger et al. (2001) 55-list DRM pool, augmented with uploaded 2024 supplementary workbook metrics",Roediger2001_55_15word_lists
instrument,instrument,list_word,False,True,"Roediger et al. (2001) 55-list DRM pool, augmented with uploaded 2024 supplementary workbook metrics",Roediger2001_55_15word_lists
insurance,Insurance,list_word,False,True,"Brainerd, Chang, & Bialer (2020)",Brainerd2020_120_4word_lists
ire,ire,list_word,False,True,"Roediger et al. (2001) 55-list DRM pool, augmented with uploaded 2024 supplementary workbook metrics",Roediger2001_55_15word_lists
iron,iron,list_word,False,True,"Roediger et al. (2001) 55-list DRM pool, augmented with uploaded 2024 supplementary workbook metrics",Roediger2001_55_15word_lists
island,Island; island,list_word,False,True,"Brainerd, Chang, & Bialer (2020); Roediger et al. (2001) 55-list DRM pool, augmented with uploaded 2024 supplementary workbook metrics",Brainerd2020_120_4word_lists; Roediger2001_55_15word_lists
ivy,ivy,list_word,False,True,"Roediger et al. (2001) 55-list DRM pool, augmented with uploaded 2024 supplementary workbook metrics",Roediger2001_55_15word_lists
jagged,jagged,list_word,False,True,"Roediger et al. (2001) 55-list DRM pool, augmented with uploaded 2024 supplementary workbook metrics",Roediger2001_55_15word_lists
jail,jail,list_word,False,True,"Roediger et al. (2001) 55-list DRM pool, augmented with uploaded 2024 supplementary workbook metrics",Roediger2001_55_15word_lists
jam,jam,list_word,False,True,"Roediger et al. (2001) 55-list DRM pool, augmented with uploaded 2024 supplementary workbook metrics",Roediger2001_55_15word_lists
jazz,jazz,list_word,False,True,"Roediger et al. (2001) 55-list DRM pool, augmented with uploaded 2024 supplementary workbook metrics",Roediger2001_55_15word_lists
jeep,jeep,list_word,False,True,"Roediger et al. (2001) 55-list DRM pool, augmented with uploaded 2024 supplementary workbook metrics",Roediger2001_55_15word_lists
jelly,jelly,list_word,False,True,"Roediger et al. (2001) 55-list DRM pool, augmented with uploaded 2024 supplementary workbook metrics",Roediger2001_55_15word_lists
jersey,jersey,list_word,False,True,"Roediger et al. (2001) 55-list DRM pool, augmented with uploaded 2024 supplementary workbook metrics",Roediger2001_55_15word_lists
job,Job,list_word,False,True,"Brainerd, Chang, & Bialer (2020)",Brainerd2020_120_4word_lists
john,john,list_word,False,True,"Roediger et al. (2001) 55-list DRM pool, augmented with uploaded 2024 supplementary workbook metrics",Roediger2001_55_15word_lists
jonathan,jonathan,list_word,False,True,"Roediger et al. (2001) 55-list DRM pool, augmented with uploaded 2024 supplementary workbook metrics",Roediger2001_55_15word_lists
journey,Journey,list_word,False,True,"Brainerd, Chang, & Bialer (2020)",Brainerd2020_120_4word_lists
judge,Judge; judge,critical_distractor; list_word,True,True,"Brainerd, Chang, & Bialer (2020); Roediger et al. (2001) 55-list DRM pool, augmented with uploaded 2024 supplementary workbook metrics",Brainerd2020_120_4word_lists; Roediger2001_55_15word_lists
juice,juice,list_word,False,True,"Roediger et al. (2001) 55-list DRM pool, augmented with uploaded 2024 supplementary workbook metrics",Roediger2001_55_15word_lists
jump,jump,list_word,False,True,"Roediger et al. (2001) 55-list DRM pool, augmented with uploaded 2024 supplementary workbook metrics",Roediger2001_55_15word_lists
jungle,jungle,list_word,False,True,"Roediger et al. (2001) 55-list DRM pool, augmented with uploaded 2024 supplementary workbook metrics",Roediger2001_55_15word_lists
junk,junk,list_word,False,True,"Roediger et al. (2001) 55-list DRM pool, augmented with uploaded 2024 supplementary workbook metrics",Roediger2001_55_15word_lists
jury,Jury; jury,list_word,False,True,"Brainerd, Chang, & Bialer (2020); Roediger et al. (2001) 55-list DRM pool, augmented with uploaded 2024 supplementary workbook metrics",Brainerd2020_120_4word_lists; Roediger2001_55_15word_lists
justice,Justice; justice,critical_distractor; list_word,True,True,"Brainerd, Chang, & Bialer (2020); Roediger et al. (2001) 55-list DRM pool, augmented with uploaded 2024 supplementary workbook metrics",Brainerd2020_120_4word_lists; Roediger2001_55_15word_lists
justify,Justify,list_word,False,True,"Brainerd, Chang, & Bialer (2020)",Brainerd2020_120_4word_lists
keyboard,Keyboard,list_word,False,True,"Brainerd, Chang, & Bialer (2020)",Brainerd2020_120_4word_lists
keys,keys,list_word,False,True,"Roediger et al. (2001) 55-list DRM pool, augmented with uploaded 2024 supplementary workbook metrics",Roediger2001_55_15word_lists
kick,kick,list_word,False,True,"Roediger et al. (2001) 55-list DRM pool, augmented with uploaded 2024 supplementary workbook metrics",Roediger2001_55_15word_lists
king,king,critical_distractor,True,False,"Roediger et al. (2001) 55-list DRM pool, augmented with uploaded 2024 supplementary workbook metrics",Roediger2001_55_15word_lists
kitchen,kitchen,list_word,False,True,"Roediger et al. (2001) 55-list DRM pool, augmented with uploaded 2024 supplementary workbook metrics",Roediger2001_55_15word_lists
kitten,kitten,list_word,False,True,"Roediger et al. (2001) 55-list DRM pool, augmented with uploaded 2024 supplementary workbook metrics",Roediger2001_55_15word_lists
kiwi,kiwi,list_word,False,True,"Roediger et al. (2001) 55-list DRM pool, augmented with uploaded 2024 supplementary workbook metrics",Roediger2001_55_15word_lists
knee,knee,list_word,False,True,"Roediger et al. (2001) 55-list DRM pool, augmented with uploaded 2024 supplementary workbook metrics",Roediger2001_55_15word_lists
knitting,knitting,list_word,False,True,"Roediger et al. (2001) 55-list DRM pool, augmented with uploaded 2024 supplementary workbook metrics",Roediger2001_55_15word_lists
knot,Knot,list_word,False,True,"Brainerd, Chang, & Bialer (2020)",Brainerd2020_120_4word_lists
lab,Lab,list_word,False,True,"Brainerd, Chang, & Bialer (2020)",Brainerd2020_120_4word_lists
lady,lady,list_word,False,True,"Roediger et al. (2001) 55-list DRM pool, augmented with uploaded 2024 supplementary workbook metrics",Roediger2001_55_15word_lists
lake,Lake; lake,list_word,False,True,"Brainerd, Chang, & Bialer (2020); Roediger et al. (2001) 55-list DRM pool, augmented with uploaded 2024 supplementary workbook metrics",Brainerd2020_120_4word_lists; Roediger2001_55_15word_lists
lamb,lamb,list_word,False,True,"Roediger et al. (2001) 55-list DRM pool, augmented with uploaded 2024 supplementary workbook metrics",Roediger2001_55_15word_lists
lamp,lamp,critical_distractor,True,False,"Roediger et al. (2001) 55-list DRM pool, augmented with uploaded 2024 supplementary workbook metrics",Roediger2001_55_15word_lists
land,Land,critical_distractor,True,False,"Brainerd, Chang, & Bialer (2020)",Brainerd2020_120_4word_lists
landfill,landfill,list_word,False,True,"Roediger et al. (2001) 55-list DRM pool, augmented with uploaded 2024 supplementary workbook metrics",Roediger2001_55_15word_lists
language,Language,critical_distractor,True,False,"Brainerd, Chang, & Bialer (2020)",Brainerd2020_120_4word_lists
large,Large,critical_distractor,True,False,"Brainerd, Chang, & Bialer (2020)",Brainerd2020_120_4word_lists
lasting,Lasting,list_word,False,True,"Brainerd, Chang, & Bialer (2020)",Brainerd2020_120_4word_lists
latex,latex,list_word,False,True,"Roediger et al. (2001) 55-list DRM pool, augmented with uploaded 2024 supplementary workbook metrics",Roediger2001_55_15word_lists
law,Law; law,list_word,False,True,"Brainerd, Chang, & Bialer (2020); Roediger et al. (2001) 55-list DRM pool, augmented with uploaded 2024 supplementary workbook metrics",Brainerd2020_120_4word_lists; Roediger2001_55_15word_lists
lawn,Lawn,list_word,False,True,"Brainerd, Chang, & Bialer (2020)",Brainerd2020_120_4word_lists
lawyer,Lawyer; lawyer,list_word,False,True,"Brainerd, Chang, & Bialer (2020); Roediger et al. (2001) 55-list DRM pool, augmented with uploaded 2024 supplementary workbook metrics",Brainerd2020_120_4word_lists; Roediger2001_55_15word_lists
lazy,Lazy,critical_distractor,True,False,"Brainerd, Chang, & Bialer (2020)",Brainerd2020_120_4word_lists
leader,Leader; leader,list_word,False,True,"Brainerd, Chang, & Bialer (2020); Roediger et al. (2001) 55-list DRM pool, augmented with uploaded 2024 supplementary workbook metrics",Brainerd2020_120_4word_lists; Roediger2001_55_15word_lists
leaf,Leaf; leaf,list_word,False,True,"Brainerd, Chang, & Bialer (2020); Roediger et al. (2001) 55-list DRM pool, augmented with uploaded 2024 supplementary workbook metrics",Brainerd2020_120_4word_lists; Roediger2001_55_15word_lists
leak,leak,list_word,False,True,"Roediger et al. (2001) 55-list DRM pool, augmented with uploaded 2024 supplementary workbook metrics",Roediger2001_55_15word_lists
learn,Learn,list_word,False,True,"Brainerd, Chang, & Bialer (2020)",Brainerd2020_120_4word_lists
lecture,Lecture,critical_distractor,True,False,"Brainerd, Chang, & Bialer (2020)",Brainerd2020_120_4word_lists
ledge,ledge,list_word,False,True,"Roediger et al. (2001) 55-list DRM pool, augmented with uploaded 2024 supplementary workbook metrics",Roediger2001_55_15word_lists
leg,leg,list_word,False,True,"Roediger et al. (2001) 55-list DRM pool, augmented with uploaded 2024 supplementary workbook metrics",Roediger2001_55_15word_lists
legs,legs,list_word,False,True,"Roediger et al. (2001) 55-list DRM pool, augmented with uploaded 2024 supplementary workbook metrics",Roediger2001_55_15word_lists
lemon,lemon,list_word,False,True,"Roediger et al. (2001) 55-list DRM pool, augmented with uploaded 2024 supplementary workbook metrics",Roediger2001_55_15word_lists
less,Less,list_word,False,True,"Brainerd, Chang, & Bialer (2020)",Brainerd2020_120_4word_lists
lethargic,lethargic,list_word,False,True,"Roediger et al. (2001) 55-list DRM pool, augmented with uploaded 2024 supplementary workbook metrics",Roediger2001_55_15word_lists
letter,letter,list_word,False,True,"Roediger et al. (2001) 55-list DRM pool, augmented with uploaded 2024 supplementary workbook metrics",Roediger2001_55_15word_lists
lettuce,lettuce,list_word,False,True,"Roediger et al. (2001) 55-list DRM pool, augmented with uploaded 2024 supplementary workbook metrics",Roediger2001_55_15word_lists
liberty,Liberty; liberty,critical_distractor; list_word,True,True,"Brainerd, Chang, & Bialer (2020); Roediger et al. (2001) 55-list DRM pool, augmented with uploaded 2024 supplementary workbook metrics",Brainerd2020_120_4word_lists; Roediger2001_55_15word_lists
lid,lid,list_word,False,True,"Roediger et al. (2001) 55-list DRM pool, augmented with uploaded 2024 supplementary workbook metrics",Roediger2001_55_15word_lists
light,Light; light,list_word,False,True,"Brainerd, Chang, & Bialer (2020); Roediger et al. (2001) 55-list DRM pool, augmented with uploaded 2024 supplementary workbook metrics",Brainerd2020_120_4word_lists; Roediger2001_55_15word_lists
lighter,lighter,list_word,False,True,"Roediger et al. (2001) 55-list DRM pool, augmented with uploaded 2024 supplementary workbook metrics",Roediger2001_55_15word_lists
limb,Limb,list_word,False,True,"Brainerd, Chang, & Bialer (2020)",Brainerd2020_120_4word_lists
line,Line; line,list_word,False,True,"Brainerd, Chang, & Bialer (2020); Roediger et al. (2001) 55-list DRM pool, augmented with uploaded 2024 supplementary workbook metrics",Brainerd2020_120_4word_lists; Roediger2001_55_15word_lists
linen,linen,list_word,False,True,"Roediger et al. (2001) 55-list DRM pool, augmented with uploaded 2024 supplementary workbook metrics",Roediger2001_55_15word_lists
lion,lion,critical_distractor,True,False,"Roediger et al. (2001) 55-list DRM pool, augmented with uploaded 2024 supplementary workbook metrics",Roediger2001_55_15word_lists
lips,lips,list_word,False,True,"Roediger et al. (2001) 55-list DRM pool, augmented with uploaded 2024 supplementary workbook metrics",Roediger2001_55_15word_lists
liquor,liquor,list_word,False,True,"Roediger et al. (2001) 55-list DRM pool, augmented with uploaded 2024 supplementary workbook metrics",Roediger2001_55_15word_lists
list,List,list_word,False,True,"Brainerd, Chang, & Bialer (2020)",Brainerd2020_120_4word_lists
listen,Listen,list_word,False,True,"Brainerd, Chang, & Bialer (2020)",Brainerd2020_120_4word_lists
listless,listless,list_word,False,True,"Roediger et al. (2001) 55-list DRM pool, augmented with uploaded 2024 supplementary workbook metrics",Roediger2001_55_15word_lists
litter,litter,list_word,False,True,"Roediger et al. (2001) 55-list DRM pool, augmented with uploaded 2024 supplementary workbook metrics",Roediger2001_55_15word_lists
live,Live,list_word,False,True,"Brainerd, Chang, & Bialer (2020)",Brainerd2020_120_4word_lists
loaf,Loaf; loaf,list_word,False,True,"Brainerd, Chang, & Bialer (2020); Roediger et al. (2001) 55-list DRM pool, augmented with uploaded 2024 supplementary workbook metrics",Brainerd2020_120_4word_lists; Roediger2001_55_15word_lists
loan,Loan,list_word,False,True,"Brainerd, Chang, & Bialer (2020)",Brainerd2020_120_4word_lists
london,London,list_word,False,True,"Brainerd, Chang, & Bialer (2020)",Brainerd2020_120_4word_lists
long,Long; long,critical_distractor; list_word,True,True,"Brainerd, Chang, & Bialer (2020); Roediger et al. (2001) 55-list DRM pool, augmented with uploaded 2024 supplementary workbook metrics",Brainerd2020_120_4word_lists; Roediger2001_55_15word_lists
lose,Lose,critical_distractor,True,False,"Brainerd, Chang, & Bialer (2020)",Brainerd2020_120_4word_lists
loud,Loud; loud,list_word,False,True,"Brainerd, Chang, & Bialer (2020); Roediger et al. (2001) 55-list DRM pool, augmented with uploaded 2024 supplementary workbook metrics",Brainerd2020_120_4word_lists; Roediger2001_55_15word_lists
lovely,lovely,list_word,False,True,"Roediger et al. (2001) 55-list DRM pool, augmented with uploaded 2024 supplementary workbook metrics",Roediger2001_55_15word_lists
low,low,list_word,False,True,"Roediger et al. (2001) 55-list DRM pool, augmented with uploaded 2024 supplementary workbook metrics",Roediger2001_55_15word_lists
lunch,Lunch,list_word,False,True,"Brainerd, Chang, & Bialer (2020)",Brainerd2020_120_4word_lists
lungs,lungs,list_word,False,True,"Roediger et al. (2001) 55-list DRM pool, augmented with uploaded 2024 supplementary workbook metrics",Roediger2001_55_15word_lists
mad,mad,list_word,False,True,"Roediger et al. (2001) 55-list DRM pool, augmented with uploaded 2024 supplementary workbook metrics",Roediger2001_55_15word_lists
magic,magic,list_word,False,True,"Roediger et al. (2001) 55-list DRM pool, augmented with uploaded 2024 supplementary workbook metrics",Roediger2001_55_15word_lists
mail,Mail,list_word,False,True,"Brainerd, Chang, & Bialer (2020)",Brainerd2020_120_4word_lists
maker,maker,list_word,False,True,"Roediger et al. (2001) 55-list DRM pool, augmented with uploaded 2024 supplementary workbook metrics",Roediger2001_55_15word_lists
male,male,list_word,False,True,"Roediger et al. (2001) 55-list DRM pool, augmented with uploaded 2024 supplementary workbook metrics",Roediger2001_55_15word_lists
man,man,critical_distractor; list_word,True,True,"Roediger et al. (2001) 55-list DRM pool, augmented with uploaded 2024 supplementary workbook metrics",Roediger2001_55_15word_lists
mane,mane,list_word,False,True,"Roediger et al. (2001) 55-list DRM pool, augmented with uploaded 2024 supplementary workbook metrics",Roediger2001_55_15word_lists
map,Map,critical_distractor,True,False,"Brainerd, Chang, & Bialer (2020)",Brainerd2020_120_4word_lists
march,march,list_word,False,True,"Roediger et al. (2001) 55-list DRM pool, augmented with uploaded 2024 supplementary workbook metrics",Roediger2001_55_15word_lists
marijuana,Marijuana,list_word,False,True,"Brainerd, Chang, & Bialer (2020)",Brainerd2020_120_4word_lists
marines,marines,list_word,False,True,"Roediger et al. (2001) 55-list DRM pool, augmented with uploaded 2024 supplementary workbook metrics",Roediger2001_55_15word_lists
mark,Mark,list_word,False,True,"Brainerd, Chang, & Bialer (2020)",Brainerd2020_120_4word_lists
marker,marker,list_word,False,True,"Roediger et al. (2001) 55-list DRM pool, augmented with uploaded 2024 supplementary workbook metrics",Roediger2001_55_15word_lists
marriage,Marriage,list_word,False,True,"Brainerd, Chang, & Bialer (2020)",Brainerd2020_120_4word_lists
marry,Marry,list_word,False,True,"Brainerd, Chang, & Bialer (2020)",Brainerd2020_120_4word_lists
mass,Mass,list_word,False,True,"Brainerd, Chang, & Bialer (2020)",Brainerd2020_120_4word_lists
match,Match,critical_distractor,True,False,"Brainerd, Chang, & Bialer (2020)",Brainerd2020_120_4word_lists
math,Math,list_word,False,True,"Brainerd, Chang, & Bialer (2020)",Brainerd2020_120_4word_lists
me,me,list_word,False,True,"Roediger et al. (2001) 55-list DRM pool, augmented with uploaded 2024 supplementary workbook metrics",Roediger2001_55_15word_lists
mean,mean,list_word,False,True,"Roediger et al. (2001) 55-list DRM pool, augmented with uploaded 2024 supplementary workbook metrics",Roediger2001_55_15word_lists
measure,Measure,list_word,False,True,"Brainerd, Chang, & Bialer (2020)",Brainerd2020_120_4word_lists
measurement,Measurement,list_word,False,True,"Brainerd, Chang, & Bialer (2020)",Brainerd2020_120_4word_lists
measuring,measuring,list_word,False,True,"Roediger et al. (2001) 55-list DRM pool, augmented with uploaded 2024 supplementary workbook metrics",Roediger2001_55_15word_lists
meat,meat,list_word,False,True,"Roediger et al. (2001) 55-list DRM pool, augmented with uploaded 2024 supplementary workbook metrics",Roediger2001_55_15word_lists
medicine,Medicine; medicine,list_word,False,True,"Brainerd, Chang, & Bialer (2020); Roediger et al. (2001) 55-list DRM pool, augmented with uploaded 2024 supplementary workbook metrics",Brainerd2020_120_4word_lists; Roediger2001_55_15word_lists
medium,Medium,list_word,False,True,"Brainerd, Chang, & Bialer (2020)",Brainerd2020_120_4word_lists
meek,Meek,list_word,False,True,"Brainerd, Chang, & Bialer (2020)",Brainerd2020_120_4word_lists
melody,melody,list_word,False,True,"Roediger et al. (2001) 55-list DRM pool, augmented with uploaded 2024 supplementary workbook metrics",Roediger2001_55_15word_lists
member,member,list_word,False,True,"Roediger et al. (2001) 55-list DRM pool, augmented with uploaded 2024 supplementary workbook metrics",Roediger2001_55_15word_lists
mess,Mess,list_word,False,True,"Brainerd, Chang, & Bialer (2020)",Brainerd2020_120_4word_lists
metropolis,metropolis,list_word,False,True,"Roediger et al. (2001) 55-list DRM pool, augmented with uploaded 2024 supplementary workbook metrics",Roediger2001_55_15word_lists
middle,Middle,critical_distractor,True,False,"Brainerd, Chang, & Bialer (2020)",Brainerd2020_120_4word_lists
midnight,Midnight,list_word,False,True,"Brainerd, Chang, & Bialer (2020)",Brainerd2020_120_4word_lists
military,Military; military,list_word,False,True,"Brainerd, Chang, & Bialer (2020); Roediger et al. (2001) 55-list DRM pool, augmented with uploaded 2024 supplementary workbook metrics",Brainerd2020_120_4word_lists; Roediger2001_55_15word_lists
milk,milk,list_word,False,True,"Roediger et al. (2001) 55-list DRM pool, augmented with uploaded 2024 supplementary workbook metrics",Roediger2001_55_15word_lists
minus,Minus,list_word,False,True,"Brainerd, Chang, & Bialer (2020)",Brainerd2020_120_4word_lists
mississippi,mississippi,list_word,False,True,"Roediger et al. (2001) 55-list DRM pool, augmented with uploaded 2024 supplementary workbook metrics",Roediger2001_55_15word_lists
mix,Mix,list_word,False,True,"Brainerd, Chang, & Bialer (2020)",Brainerd2020_120_4word_lists
model,Model,list_word,False,True,"Brainerd, Chang, & Bialer (2020)",Brainerd2020_120_4word_lists
molasses,molasses,list_word,False,True,"Roediger et al. (2001) 55-list DRM pool, augmented with uploaded 2024 supplementary workbook metrics",Roediger2001_55_15word_lists
molehill,molehill,list_word,False,True,"Roediger et al. (2001) 55-list DRM pool, augmented with uploaded 2024 supplementary workbook metrics",Roediger2001_55_15word_lists
mom,Mom,list_word,False,True,"Brainerd, Chang, & Bialer (2020)",Brainerd2020_120_4word_lists
monarch,monarch,list_word,False,True,"Roediger et al. (2001) 55-list DRM pool, augmented with uploaded 2024 supplementary workbook metrics",Roediger2001_55_15word_lists
money,Money; money,list_word,False,True,"Brainerd, Chang, & Bialer (2020); Roediger et al. (2001) 55-list DRM pool, augmented with uploaded 2024 supplementary workbook metrics",Brainerd2020_120_4word_lists; Roediger2001_55_15word_lists
moon,moon,list_word,False,True,"Roediger et al. (2001) 55-list DRM pool, augmented with uploaded 2024 supplementary workbook metrics",Roediger2001_55_15word_lists
moth,moth,list_word,False,True,"Roediger et al. (2001) 55-list DRM pool, augmented with uploaded 2024 supplementary workbook metrics",Roediger2001_55_15word_lists
motion,Motion,list_word,False,True,"Brainerd, Chang, & Bialer (2020)",Brainerd2020_120_4word_lists
mountain,Mountain; mountain,critical_distractor; list_word,True,True,"Brainerd, Chang, & Bialer (2020); Roediger et al. (2001) 55-list DRM pool, augmented with uploaded 2024 supplementary workbook metrics",Brainerd2020_120_4word_lists; Roediger2001_55_15word_lists
mouse,mouse,list_word,False,True,"Roediger et al. (2001) 55-list DRM pool, augmented with uploaded 2024 supplementary workbook metrics",Roediger2001_55_15word_lists
mouth,Mouth; mouth,list_word,False,True,"Brainerd, Chang, & Bialer (2020); Roediger et al. (2001) 55-list DRM pool, augmented with uploaded 2024 supplementary workbook metrics",Brainerd2020_120_4word_lists; Roediger2001_55_15word_lists
move,Move,critical_distractor,True,False,"Brainerd, Chang, & Bialer (2020)",Brainerd2020_120_4word_lists
mow,Mow,list_word,False,True,"Brainerd, Chang, & Bialer (2020)",Brainerd2020_120_4word_lists
mug,mug,list_word,False,True,"Roediger et al. (2001) 55-list DRM pool, augmented with uploaded 2024 supplementary workbook metrics",Roediger2001_55_15word_lists
muscle,Muscle; muscle,list_word,False,True,"Brainerd, Chang, & Bialer (2020); Roediger et al. (2001) 55-list DRM pool, augmented with uploaded 2024 supplementary workbook metrics",Brainerd2020_120_4word_lists; Roediger2001_55_15word_lists
music,Music; music,critical_distractor; list_word,True,True,"Brainerd, Chang, & Bialer (2020); Roediger et al. (2001) 55-list DRM pool, augmented with uploaded 2024 supplementary workbook metrics",Brainerd2020_120_4word_lists; Roediger2001_55_15word_lists
mutton,mutton,critical_distractor,True,False,"Roediger et al. (2001) 55-list DRM pool, augmented with uploaded 2024 supplementary workbook metrics",Roediger2001_55_15word_lists
nap,nap,list_word,False,True,"Roediger et al. (2001) 55-list DRM pool, augmented with uploaded 2024 supplementary workbook metrics",Roediger2001_55_15word_lists
narrow,narrow,list_word,False,True,"Roediger et al. (2001) 55-list DRM pool, augmented with uploaded 2024 supplementary workbook metrics",Roediger2001_55_15word_lists
national,national,list_word,False,True,"Roediger et al. (2001) 55-list DRM pool, augmented with uploaded 2024 supplementary workbook metrics",Roediger2001_55_15word_lists
nature,Nature,list_word,False,True,"Brainerd, Chang, & Bialer (2020)",Brainerd2020_120_4word_lists
navy,Navy; navy,list_word,False,True,"Brainerd, Chang, & Bialer (2020); Roediger et al. (2001) 55-list DRM pool, augmented with uploaded 2024 supplementary workbook metrics",Brainerd2020_120_4word_lists; Roediger2001_55_15word_lists
needle,needle,critical_distractor,True,False,"Roediger et al. (2001) 55-list DRM pool, augmented with uploaded 2024 supplementary workbook metrics",Roediger2001_55_15word_lists
negotiation,Negotiation,list_word,False,True,"Brainerd, Chang, & Bialer (2020)",Brainerd2020_120_4word_lists
nervous,Nervous,list_word,False,True,"Brainerd, Chang, & Bialer (2020)",Brainerd2020_120_4word_lists
net,net,list_word,False,True,"Roediger et al. (2001) 55-list DRM pool, augmented with uploaded 2024 supplementary workbook metrics",Roediger2001_55_15word_lists
new york,new york,list_word,False,True,"Roediger et al. (2001) 55-list DRM pool, augmented with uploaded 2024 supplementary workbook metrics",Roediger2001_55_15word_lists
nice,nice,list_word,False,True,"Roediger et al. (2001) 55-list DRM pool, augmented with uploaded 2024 supplementary workbook metrics",Roediger2001_55_15word_lists
niece,niece,list_word,False,True,"Roediger et al. (2001) 55-list DRM pool, augmented with uploaded 2024 supplementary workbook metrics",Roediger2001_55_15word_lists
night,night,list_word,False,True,"Roediger et al. (2001) 55-list DRM pool, augmented with uploaded 2024 supplementary workbook metrics",Roediger2001_55_15word_lists
noise,Noise; noise,list_word,False,True,"Brainerd, Chang, & Bialer (2020); Roediger et al. (2001) 55-list DRM pool, augmented with uploaded 2024 supplementary workbook metrics",Brainerd2020_120_4word_lists; Roediger2001_55_15word_lists
noose,Noose,list_word,False,True,"Brainerd, Chang, & Bialer (2020)",Brainerd2020_120_4word_lists
nose,nose,list_word,False,True,"Roediger et al. (2001) 55-list DRM pool, augmented with uploaded 2024 supplementary workbook metrics",Roediger2001_55_15word_lists
nostril,nostril,list_word,False,True,"Roediger et al. (2001) 55-list DRM pool, augmented with uploaded 2024 supplementary workbook metrics",Roediger2001_55_15word_lists
note,note,list_word,False,True,"Roediger et al. (2001) 55-list DRM pool, augmented with uploaded 2024 supplementary workbook metrics",Roediger2001_55_15word_lists
notes,Notes,list_word,False,True,"Brainerd, Chang, & Bialer (2020)",Brainerd2020_120_4word_lists
nurse,nurse,list_word,False,True,"Roediger et al. (2001) 55-list DRM pool, augmented with uploaded 2024 supplementary workbook metrics",Roediger2001_55_15word_lists
obey,Obey; obey,list_word,False,True,"Brainerd, Chang, & Bialer (2020); Roediger et al. (2001) 55-list DRM pool, augmented with uploaded 2024 supplementary workbook metrics",Brainerd2020_120_4word_lists; Roediger2001_55_15word_lists
odd,Odd,list_word,False,True,"Brainerd, Chang, & Bialer (2020)",Brainerd2020_120_4word_lists
office,Office; office,list_word,False,True,"Brainerd, Chang, & Bialer (2020); Roediger et al. (2001) 55-list DRM pool, augmented with uploaded 2024 supplementary workbook metrics",Brainerd2020_120_4word_lists; Roediger2001_55_15word_lists
officer,Officer; officer,list_word,False,True,"Brainerd, Chang, & Bialer (2020); Roediger et al. (2001) 55-list DRM pool, augmented with uploaded 2024 supplementary workbook metrics",Brainerd2020_120_4word_lists; Roediger2001_55_15word_lists
oil,Oil,critical_distractor,True,False,"Brainerd, Chang, & Bialer (2020)",Brainerd2020_120_4word_lists
old,old,list_word,False,True,"Roediger et al. (2001) 55-list DRM pool, augmented with uploaded 2024 supplementary workbook metrics",Roediger2001_55_15word_lists
on,on,list_word,False,True,"Roediger et al. (2001) 55-list DRM pool, augmented with uploaded 2024 supplementary workbook metrics",Roediger2001_55_15word_lists
open,open,list_word,False,True,"Roediger et al. (2001) 55-list DRM pool, augmented with uploaded 2024 supplementary workbook metrics",Roediger2001_55_15word_lists
opportunity,Opportunity,list_word,False,True,"Brainerd, Chang, & Bialer (2020)",Brainerd2020_120_4word_lists
orange,Orange; orange,list_word,False,True,"Brainerd, Chang, & Bialer (2020); Roediger et al. (2001) 55-list DRM pool, augmented with uploaded 2024 supplementary workbook metrics",Brainerd2020_120_4word_lists; Roediger2001_55_15word_lists
orchestra,orchestra,list_word,False,True,"Roediger et al. (2001) 55-list DRM pool, augmented with uploaded 2024 supplementary workbook metrics",Roediger2001_55_15word_lists
order,Order; order,critical_distractor; list_word,True,True,"Brainerd, Chang, & Bialer (2020); Roediger et al. (2001) 55-list DRM pool, augmented with uploaded 2024 supplementary workbook metrics",Brainerd2020_120_4word_lists; Roediger2001_55_15word_lists
organize,Organize,list_word,False,True,"Brainerd, Chang, & Bialer (2020)",Brainerd2020_120_4word_lists
oven,Oven; oven,list_word,False,True,"Brainerd, Chang, & Bialer (2020); Roediger et al. (2001) 55-list DRM pool, augmented with uploaded 2024 supplementary workbook metrics",Brainerd2020_120_4word_lists; Roediger2001_55_15word_lists
over,over,list_word,False,True,"Roediger et al. (2001) 55-list DRM pool, augmented with uploaded 2024 supplementary workbook metrics",Roediger2001_55_15word_lists
package,Package,critical_distractor,True,False,"Brainerd, Chang, & Bialer (2020)",Brainerd2020_120_4word_lists
pain,pain,list_word,False,True,"Roediger et al. (2001) 55-list DRM pool, augmented with uploaded 2024 supplementary workbook metrics",Roediger2001_55_15word_lists
painting,Painting,list_word,False,True,"Brainerd, Chang, & Bialer (2020)",Brainerd2020_120_4word_lists
palace,palace,list_word,False,True,"Roediger et al. (2001) 55-list DRM pool, augmented with uploaded 2024 supplementary workbook metrics",Roediger2001_55_15word_lists
pane,Pane; pane,list_word,False,True,"Brainerd, Chang, & Bialer (2020); Roediger et al. (2001) 55-list DRM pool, augmented with uploaded 2024 supplementary workbook metrics",Brainerd2020_120_4word_lists; Roediger2001_55_15word_lists
pants,pants,list_word,False,True,"Roediger et al. (2001) 55-list DRM pool, augmented with uploaded 2024 supplementary workbook metrics",Roediger2001_55_15word_lists
parent,Parent,critical_distractor,True,False,"Brainerd, Chang, & Bialer (2020)",Brainerd2020_120_4word_lists
patch,patch,list_word,False,True,"Roediger et al. (2001) 55-list DRM pool, augmented with uploaded 2024 supplementary workbook metrics",Roediger2001_55_15word_lists
patient,Patient; patient,list_word,False,True,"Brainerd, Chang, & Bialer (2020); Roediger et al. (2001) 55-list DRM pool, augmented with uploaded 2024 supplementary workbook metrics",Brainerd2020_120_4word_lists; Roediger2001_55_15word_lists
patriot,patriot,list_word,False,True,"Roediger et al. (2001) 55-list DRM pool, augmented with uploaded 2024 supplementary workbook metrics",Roediger2001_55_15word_lists
pattern,Pattern,list_word,False,True,"Brainerd, Chang, & Bialer (2020)",Brainerd2020_120_4word_lists
peace,Peace; peace,critical_distractor; list_word,True,True,"Brainerd, Chang, & Bialer (2020); Roediger et al. (2001) 55-list DRM pool, augmented with uploaded 2024 supplementary workbook metrics",Brainerd2020_120_4word_lists; Roediger2001_55_15word_lists
peak,peak,list_word,False,True,"Roediger et al. (2001) 55-list DRM pool, augmented with uploaded 2024 supplementary workbook metrics",Roediger2001_55_15word_lists
pear,pear,list_word,False,True,"Roediger et al. (2001) 55-list DRM pool, augmented with uploaded 2024 supplementary workbook metrics",Roediger2001_55_15word_lists
pedal,Pedal,list_word,False,True,"Brainerd, Chang, & Bialer (2020)",Brainerd2020_120_4word_lists
pen,Pen; pen,critical_distractor,True,False,"Brainerd, Chang, & Bialer (2020); Roediger et al. (2001) 55-list DRM pool, augmented with uploaded 2024 supplementary workbook metrics",Brainerd2020_120_4word_lists; Roediger2001_55_15word_lists
pencil,pencil,list_word,False,True,"Roediger et al. (2001) 55-list DRM pool, augmented with uploaded 2024 supplementary workbook metrics",Roediger2001_55_15word_lists
pennant,pennant,list_word,False,True,"Roediger et al. (2001) 55-list DRM pool, augmented with uploaded 2024 supplementary workbook metrics",Roediger2001_55_15word_lists
people,people,list_word,False,True,"Roediger et al. (2001) 55-list DRM pool, augmented with uploaded 2024 supplementary workbook metrics",Roediger2001_55_15word_lists
perform,Perform,list_word,False,True,"Brainerd, Chang, & Bialer (2020)",Brainerd2020_120_4word_lists
performance,performance,list_word,False,True,"Roediger et al. (2001) 55-list DRM pool, augmented with uploaded 2024 supplementary workbook metrics",Roediger2001_55_15word_lists
perfume,perfume,list_word,False,True,"Roediger et al. (2001) 55-list DRM pool, augmented with uploaded 2024 supplementary workbook metrics",Roediger2001_55_15word_lists
permission,Permission,list_word,False,True,"Brainerd, Chang, & Bialer (2020)",Brainerd2020_120_4word_lists
person,person,list_word,False,True,"Roediger et al. (2001) 55-list DRM pool, augmented with uploaded 2024 supplementary workbook metrics",Roediger2001_55_15word_lists
personal,Personal,list_word,False,True,"Brainerd, Chang, & Bialer (2020)",Brainerd2020_120_4word_lists
petals,Petals,list_word,False,True,"Brainerd, Chang, & Bialer (2020)",Brainerd2020_120_4word_lists
photo,Photo,list_word,False,True,"Brainerd, Chang, & Bialer (2020)",Brainerd2020_120_4word_lists
physician,physician,list_word,False,True,"Roediger et al. (2001) 55-list DRM pool, augmented with uploaded 2024 supplementary workbook metrics",Roediger2001_55_15word_lists
piano,piano,list_word,False,True,"Roediger et al. (2001) 55-list DRM pool, augmented with uploaded 2024 supplementary workbook metrics",Roediger2001_55_15word_lists
picture,Picture; picture,critical_distractor; list_word,True,True,"Brainerd, Chang, & Bialer (2020); Roediger et al. (2001) 55-list DRM pool, augmented with uploaded 2024 supplementary workbook metrics",Brainerd2020_120_4word_lists; Roediger2001_55_15word_lists
pie,pie,list_word,False,True,"Roediger et al. (2001) 55-list DRM pool, augmented with uploaded 2024 supplementary workbook metrics",Roediger2001_55_15word_lists
pile,pile,list_word,False,True,"Roediger et al. (2001) 55-list DRM pool, augmented with uploaded 2024 supplementary workbook metrics",Roediger2001_55_15word_lists
pill,Pill,list_word,False,True,"Brainerd, Chang, & Bialer (2020)",Brainerd2020_120_4word_lists
pillow,pillow,list_word,False,True,"Roediger et al. (2001) 55-list DRM pool, augmented with uploaded 2024 supplementary workbook metrics",Roediger2001_55_15word_lists
pilot,pilot,list_word,False,True,"Roediger et al. (2001) 55-list DRM pool, augmented with uploaded 2024 supplementary workbook metrics",Roediger2001_55_15word_lists
pin,pin,list_word,False,True,"Roediger et al. (2001) 55-list DRM pool, augmented with uploaded 2024 supplementary workbook metrics",Roediger2001_55_15word_lists
pipe,Pipe; pipe,list_word,False,True,"Brainerd, Chang, & Bialer (2020); Roediger et al. (2001) 55-list DRM pool, augmented with uploaded 2024 supplementary workbook metrics",Brainerd2020_120_4word_lists; Roediger2001_55_15word_lists
pistol,Pistol,list_word,False,True,"Brainerd, Chang, & Bialer (2020)",Brainerd2020_120_4word_lists
plain,plain,list_word,False,True,"Roediger et al. (2001) 55-list DRM pool, augmented with uploaded 2024 supplementary workbook metrics",Roediger2001_55_15word_lists
plan,Plan,critical_distractor,True,False,"Brainerd, Chang, & Bialer (2020)",Brainerd2020_120_4word_lists
plant,plant,list_word,False,True,"Roediger et al. (2001) 55-list DRM pool, augmented with uploaded 2024 supplementary workbook metrics",Roediger2001_55_15word_lists
plastic,plastic,list_word,False,True,"Roediger et al. (2001) 55-list DRM pool, augmented with uploaded 2024 supplementary workbook metrics",Roediger2001_55_15word_lists
player,Player,list_word,False,True,"Brainerd, Chang, & Bialer (2020)",Brainerd2020_120_4word_lists
plot,Plot,list_word,False,True,"Brainerd, Chang, & Bialer (2020)",Brainerd2020_120_4word_lists
plush,plush,list_word,False,True,"Roediger et al. (2001) 55-list DRM pool, augmented with uploaded 2024 supplementary workbook metrics",Roediger2001_55_15word_lists
pocket,pocket,list_word,False,True,"Roediger et al. (2001) 55-list DRM pool, augmented with uploaded 2024 supplementary workbook metrics",Roediger2001_55_15word_lists
poem,Poem,list_word,False,True,"Brainerd, Chang, & Bialer (2020)",Brainerd2020_120_4word_lists
poet,Poet,critical_distractor,True,False,"Brainerd, Chang, & Bialer (2020)",Brainerd2020_120_4word_lists
point,point,list_word,False,True,"Roediger et al. (2001) 55-list DRM pool, augmented with uploaded 2024 supplementary workbook metrics",Roediger2001_55_15word_lists
poison,poison,list_word,False,True,"Roediger et al. (2001) 55-list DRM pool, augmented with uploaded 2024 supplementary workbook metrics",Roediger2001_55_15word_lists
pole,pole,list_word,False,True,"Roediger et al. (2001) 55-list DRM pool, augmented with uploaded 2024 supplementary workbook metrics",Roediger2001_55_15word_lists
police,Police; police,critical_distractor; list_word,True,True,"Brainerd, Chang, & Bialer (2020); Roediger et al. (2001) 55-list DRM pool, augmented with uploaded 2024 supplementary workbook metrics",Brainerd2020_120_4word_lists; Roediger2001_55_15word_lists
pollution,pollution,list_word,False,True,"Roediger et al. (2001) 55-list DRM pool, augmented with uploaded 2024 supplementary workbook metrics",Roediger2001_55_15word_lists
polo,polo,list_word,False,True,"Roediger et al. (2001) 55-list DRM pool, augmented with uploaded 2024 supplementary workbook metrics",Roediger2001_55_15word_lists
pony,Pony,list_word,False,True,"Brainerd, Chang, & Bialer (2020)",Brainerd2020_120_4word_lists
popular,Popular,list_word,False,True,"Brainerd, Chang, & Bialer (2020)",Brainerd2020_120_4word_lists
pork,pork,list_word,False,True,"Roediger et al. (2001) 55-list DRM pool, augmented with uploaded 2024 supplementary workbook metrics",Roediger2001_55_15word_lists
portray,Portray,list_word,False,True,"Brainerd, Chang, & Bialer (2020)",Brainerd2020_120_4word_lists
post,post,list_word,False,True,"Roediger et al. (2001) 55-list DRM pool, augmented with uploaded 2024 supplementary workbook metrics",Roediger2001_55_15word_lists
power,Power,list_word,False,True,"Brainerd, Chang, & Bialer (2020)",Brainerd2020_120_4word_lists
praise,Praise,list_word,False,True,"Brainerd, Chang, & Bialer (2020)",Brainerd2020_120_4word_lists
preacher,Preacher,list_word,False,True,"Brainerd, Chang, & Bialer (2020)",Brainerd2020_120_4word_lists
present,Present,critical_distractor,True,False,"Brainerd, Chang, & Bialer (2020)",Brainerd2020_120_4word_lists
pressure,Pressure,list_word,False,True,"Brainerd, Chang, & Bialer (2020)",Brainerd2020_120_4word_lists
pretend,Pretend,list_word,False,True,"Brainerd, Chang, & Bialer (2020)",Brainerd2020_120_4word_lists
pretty,Pretty; pretty,critical_distractor; list_word,True,True,"Brainerd, Chang, & Bialer (2020); Roediger et al. (2001) 55-list DRM pool, augmented with uploaded 2024 supplementary workbook metrics",Brainerd2020_120_4word_lists; Roediger2001_55_15word_lists
prick,prick,list_word,False,True,"Roediger et al. (2001) 55-list DRM pool, augmented with uploaded 2024 supplementary workbook metrics",Roediger2001_55_15word_lists
pride,Pride; pride,list_word,False,True,"Brainerd, Chang, & Bialer (2020); Roediger et al. (2001) 55-list DRM pool, augmented with uploaded 2024 supplementary workbook metrics",Brainerd2020_120_4word_lists; Roediger2001_55_15word_lists
prince,prince,list_word,False,True,"Roediger et al. (2001) 55-list DRM pool, augmented with uploaded 2024 supplementary workbook metrics",Roediger2001_55_15word_lists
printer,Printer,list_word,False,True,"Brainerd, Chang, & Bialer (2020)",Brainerd2020_120_4word_lists
private,Private,critical_distractor,True,False,"Brainerd, Chang, & Bialer (2020)",Brainerd2020_120_4word_lists
problem,problem,list_word,False,True,"Roediger et al. (2001) 55-list DRM pool, augmented with uploaded 2024 supplementary workbook metrics",Roediger2001_55_15word_lists
professor,Professor,list_word,False,True,"Brainerd, Chang, & Bialer (2020)",Brainerd2020_120_4word_lists
property,Property,list_word,False,True,"Brainerd, Chang, & Bialer (2020)",Brainerd2020_120_4word_lists
prove,Prove,critical_distractor,True,False,"Brainerd, Chang, & Bialer (2020)",Brainerd2020_120_4word_lists
psychology,Psychology,list_word,False,True,"Brainerd, Chang, & Bialer (2020)",Brainerd2020_120_4word_lists
public,Public,list_word,False,True,"Brainerd, Chang, & Bialer (2020)",Brainerd2020_120_4word_lists
puddle,Puddle,list_word,False,True,"Brainerd, Chang, & Bialer (2020)",Brainerd2020_120_4word_lists
puff,puff,list_word,False,True,"Roediger et al. (2001) 55-list DRM pool, augmented with uploaded 2024 supplementary workbook metrics",Roediger2001_55_15word_lists
purchase,Purchase,list_word,False,True,"Brainerd, Chang, & Bialer (2020)",Brainerd2020_120_4word_lists
queen,queen,list_word,False,True,"Roediger et al. (2001) 55-list DRM pool, augmented with uploaded 2024 supplementary workbook metrics",Roediger2001_55_15word_lists
quick,Quick; quick,list_word,False,True,"Brainerd, Chang, & Bialer (2020); Roediger et al. (2001) 55-list DRM pool, augmented with uploaded 2024 supplementary workbook metrics",Brainerd2020_120_4word_lists; Roediger2001_55_15word_lists
quill,quill,list_word,False,True,"Roediger et al. (2001) 55-list DRM pool, augmented with uploaded 2024 supplementary workbook metrics",Roediger2001_55_15word_lists
race,race,list_word,False,True,"Roediger et al. (2001) 55-list DRM pool, augmented with uploaded 2024 supplementary workbook metrics",Roediger2001_55_15word_lists
radio,radio,list_word,False,True,"Roediger et al. (2001) 55-list DRM pool, augmented with uploaded 2024 supplementary workbook metrics",Roediger2001_55_15word_lists
rage,rage,list_word,False,True,"Roediger et al. (2001) 55-list DRM pool, augmented with uploaded 2024 supplementary workbook metrics",Roediger2001_55_15word_lists
ragged,ragged,list_word,False,True,"Roediger et al. (2001) 55-list DRM pool, augmented with uploaded 2024 supplementary workbook metrics",Roediger2001_55_15word_lists
railroad,Railroad,list_word,False,True,"Brainerd, Chang, & Bialer (2020)",Brainerd2020_120_4word_lists
rain,Rain,critical_distractor,True,False,"Brainerd, Chang, & Bialer (2020)",Brainerd2020_120_4word_lists
raised,raised,list_word,False,True,"Roediger et al. (2001) 55-list DRM pool, augmented with uploaded 2024 supplementary workbook metrics",Roediger2001_55_15word_lists
range,range,list_word,False,True,"Roediger et al. (2001) 55-list DRM pool, augmented with uploaded 2024 supplementary workbook metrics",Roediger2001_55_15word_lists
rapid,rapid,list_word,False,True,"Roediger et al. (2001) 55-list DRM pool, augmented with uploaded 2024 supplementary workbook metrics",Roediger2001_55_15word_lists
rash,Rash,list_word,False,True,"Brainerd, Chang, & Bialer (2020)",Brainerd2020_120_4word_lists
read,read,list_word,False,True,"Roediger et al. (2001) 55-list DRM pool, augmented with uploaded 2024 supplementary workbook metrics",Roediger2001_55_15word_lists
ready,ready,list_word,False,True,"Roediger et al. (2001) 55-list DRM pool, augmented with uploaded 2024 supplementary workbook metrics",Roediger2001_55_15word_lists
real,Real,critical_distractor; list_word,True,True,"Brainerd, Chang, & Bialer (2020)",Brainerd2020_120_4word_lists
reckless,Reckless,list_word,False,True,"Brainerd, Chang, & Bialer (2020)",Brainerd2020_120_4word_lists
recliner,recliner,list_word,False,True,"Roediger et al. (2001) 55-list DRM pool, augmented with uploaded 2024 supplementary workbook metrics",Roediger2001_55_15word_lists
record,Record,critical_distractor,True,False,"Brainerd, Chang, & Bialer (2020)",Brainerd2020_120_4word_lists
red,Red; red,list_word,False,True,"Brainerd, Chang, & Bialer (2020); Roediger et al. (2001) 55-list DRM pool, augmented with uploaded 2024 supplementary workbook metrics",Brainerd2020_120_4word_lists; Roediger2001_55_15word_lists
reek,reek,list_word,False,True,"Roediger et al. (2001) 55-list DRM pool, augmented with uploaded 2024 supplementary workbook metrics",Roediger2001_55_15word_lists
refuse,Refuse; refuse,list_word,False,True,"Brainerd, Chang, & Bialer (2020); Roediger et al. (2001) 55-list DRM pool, augmented with uploaded 2024 supplementary workbook metrics",Brainerd2020_120_4word_lists; Roediger2001_55_15word_lists
register,Register,list_word,False,True,"Brainerd, Chang, & Bialer (2020)",Brainerd2020_120_4word_lists
regret,Regret,list_word,False,True,"Brainerd, Chang, & Bialer (2020)",Brainerd2020_120_4word_lists
regulation,Regulation,list_word,False,True,"Brainerd, Chang, & Bialer (2020)",Brainerd2020_120_4word_lists
reign,reign,list_word,False,True,"Roediger et al. (2001) 55-list DRM pool, augmented with uploaded 2024 supplementary workbook metrics",Roediger2001_55_15word_lists
relative,Relative,list_word,False,True,"Brainerd, Chang, & Bialer (2020)",Brainerd2020_120_4word_lists
relax,Relax,list_word,False,True,"Brainerd, Chang, & Bialer (2020)",Brainerd2020_120_4word_lists
release,Release,list_word,False,True,"Brainerd, Chang, & Bialer (2020)",Brainerd2020_120_4word_lists
reply,Reply,list_word,False,True,"Brainerd, Chang, & Bialer (2020)",Brainerd2020_120_4word_lists
resilient,resilient,list_word,False,True,"Roediger et al. (2001) 55-list DRM pool, augmented with uploaded 2024 supplementary workbook metrics",Roediger2001_55_15word_lists
response,Response,list_word,False,True,"Brainerd, Chang, & Bialer (2020)",Brainerd2020_120_4word_lists
rest,rest,list_word,False,True,"Roediger et al. (2001) 55-list DRM pool, augmented with uploaded 2024 supplementary workbook metrics",Roediger2001_55_15word_lists
rhyme,Rhyme,list_word,False,True,"Brainerd, Chang, & Bialer (2020)",Brainerd2020_120_4word_lists
rhythm,rhythm,list_word,False,True,"Roediger et al. (2001) 55-list DRM pool, augmented with uploaded 2024 supplementary workbook metrics",Roediger2001_55_15word_lists
rice,rice,list_word,False,True,"Roediger et al. (2001) 55-list DRM pool, augmented with uploaded 2024 supplementary workbook metrics",Roediger2001_55_15word_lists
rich,Rich,list_word,False,True,"Brainerd, Chang, & Bialer (2020)",Brainerd2020_120_4word_lists
riders,riders,list_word,False,True,"Roediger et al. (2001) 55-list DRM pool, augmented with uploaded 2024 supplementary workbook metrics",Roediger2001_55_15word_lists
rifle,Rifle; rifle,list_word,False,True,"Brainerd, Chang, & Bialer (2020); Roediger et al. (2001) 55-list DRM pool, augmented with uploaded 2024 supplementary workbook metrics",Brainerd2020_120_4word_lists; Roediger2001_55_15word_lists
right,right,list_word,False,True,"Roediger et al. (2001) 55-list DRM pool, augmented with uploaded 2024 supplementary workbook metrics",Roediger2001_55_15word_lists
rights,Rights,list_word,False,True,"Brainerd, Chang, & Bialer (2020)",Brainerd2020_120_4word_lists
ring,Ring; ring,critical_distractor; list_word,True,True,"Brainerd, Chang, & Bialer (2020); Roediger et al. (2001) 55-list DRM pool, augmented with uploaded 2024 supplementary workbook metrics",Brainerd2020_120_4word_lists; Roediger2001_55_15word_lists
ripe,ripe,list_word,False,True,"Roediger et al. (2001) 55-list DRM pool, augmented with uploaded 2024 supplementary workbook metrics",Roediger2001_55_15word_lists
risk,Risk,list_word,False,True,"Brainerd, Chang, & Bialer (2020)",Brainerd2020_120_4word_lists
river,River; river,critical_distractor; list_word,True,True,"Brainerd, Chang, & Bialer (2020); Roediger et al. (2001) 55-list DRM pool, augmented with uploaded 2024 supplementary workbook metrics",Brainerd2020_120_4word_lists; Roediger2001_55_15word_lists
road,Road; road,list_word,False,True,"Brainerd, Chang, & Bialer (2020); Roediger et al. (2001) 55-list DRM pool, augmented with uploaded 2024 supplementary workbook metrics",Brainerd2020_120_4word_lists; Roediger2001_55_15word_lists
roar,roar,list_word,False,True,"Roediger et al. (2001) 55-list DRM pool, augmented with uploaded 2024 supplementary workbook metrics",Roediger2001_55_15word_lists
rob,rob,list_word,False,True,"Roediger et al. (2001) 55-list DRM pool, augmented with uploaded 2024 supplementary workbook metrics",Roediger2001_55_15word_lists
robber,robber,list_word,False,True,"Roediger et al. (2001) 55-list DRM pool, augmented with uploaded 2024 supplementary workbook metrics",Roediger2001_55_15word_lists
robust,robust,list_word,False,True,"Roediger et al. (2001) 55-list DRM pool, augmented with uploaded 2024 supplementary workbook metrics",Roediger2001_55_15word_lists
rock,Rock,critical_distractor,True,False,"Brainerd, Chang, & Bialer (2020)",Brainerd2020_120_4word_lists
rocking,rocking,list_word,False,True,"Roediger et al. (2001) 55-list DRM pool, augmented with uploaded 2024 supplementary workbook metrics",Roediger2001_55_15word_lists
roll,Roll,list_word,False,True,"Brainerd, Chang, & Bialer (2020)",Brainerd2020_120_4word_lists
roof,Roof,critical_distractor,True,False,"Brainerd, Chang, & Bialer (2020)",Brainerd2020_120_4word_lists
room,room,list_word,False,True,"Roediger et al. (2001) 55-list DRM pool, augmented with uploaded 2024 supplementary workbook metrics",Roediger2001_55_15word_lists
rope,Rope; rope,critical_distractor; list_word,True,True,"Brainerd, Chang, & Bialer (2020); Roediger et al. (2001) 55-list DRM pool, augmented with uploaded 2024 supplementary workbook metrics",Brainerd2020_120_4word_lists; Roediger2001_55_15word_lists
rose,rose,list_word,False,True,"Roediger et al. (2001) 55-list DRM pool, augmented with uploaded 2024 supplementary workbook metrics",Roediger2001_55_15word_lists
roses,roses,list_word,False,True,"Roediger et al. (2001) 55-list DRM pool, augmented with uploaded 2024 supplementary workbook metrics",Roediger2001_55_15word_lists
rough,Rough; rough,critical_distractor; list_word,True,True,"Brainerd, Chang, & Bialer (2020); Roediger et al. (2001) 55-list DRM pool, augmented with uploaded 2024 supplementary workbook metrics",Brainerd2020_120_4word_lists; Roediger2001_55_15word_lists
round,Round,list_word,False,True,"Brainerd, Chang, & Bialer (2020)",Brainerd2020_120_4word_lists
routine,Routine,list_word,False,True,"Brainerd, Chang, & Bialer (2020)",Brainerd2020_120_4word_lists
royal,royal,list_word,False,True,"Roediger et al. (2001) 55-list DRM pool, augmented with uploaded 2024 supplementary workbook metrics",Roediger2001_55_15word_lists
rubber,rubber,critical_distractor,True,False,"Roediger et al. (2001) 55-list DRM pool, augmented with uploaded 2024 supplementary workbook metrics",Roediger2001_55_15word_lists
rubbish,rubbish,list_word,False,True,"Roediger et al. (2001) 55-list DRM pool, augmented with uploaded 2024 supplementary workbook metrics",Roediger2001_55_15word_lists
rug,rug,list_word,False,True,"Roediger et al. (2001) 55-list DRM pool, augmented with uploaded 2024 supplementary workbook metrics",Roediger2001_55_15word_lists
rule,Rule; rule,critical_distractor; list_word,True,True,"Brainerd, Chang, & Bialer (2020); Roediger et al. (2001) 55-list DRM pool, augmented with uploaded 2024 supplementary workbook metrics",Brainerd2020_120_4word_lists; Roediger2001_55_15word_lists
rum,rum,list_word,False,True,"Roediger et al. (2001) 55-list DRM pool, augmented with uploaded 2024 supplementary workbook metrics",Roediger2001_55_15word_lists
run,Run; run,list_word,False,True,"Brainerd, Chang, & Bialer (2020); Roediger et al. (2001) 55-list DRM pool, augmented with uploaded 2024 supplementary workbook metrics",Brainerd2020_120_4word_lists; Roediger2001_55_15word_lists
rye,Rye; rye,list_word,False,True,"Brainerd, Chang, & Bialer (2020); Roediger et al. (2001) 55-list DRM pool, augmented with uploaded 2024 supplementary workbook metrics",Brainerd2020_120_4word_lists; Roediger2001_55_15word_lists
sad,Sad; sad,critical_distractor; list_word,True,True,"Brainerd, Chang, & Bialer (2020); Roediger et al. (2001) 55-list DRM pool, augmented with uploaded 2024 supplementary workbook metrics",Brainerd2020_120_4word_lists; Roediger2001_55_15word_lists
saddle,Saddle,list_word,False,True,"Brainerd, Chang, & Bialer (2020)",Brainerd2020_120_4word_lists
safe,Safe,list_word,False,True,"Brainerd, Chang, & Bialer (2020)",Brainerd2020_120_4word_lists
salad,salad,list_word,False,True,"Roediger et al. (2001) 55-list DRM pool, augmented with uploaded 2024 supplementary workbook metrics",Roediger2001_55_15word_lists
salts,salts,list_word,False,True,"Roediger et al. (2001) 55-list DRM pool, augmented with uploaded 2024 supplementary workbook metrics",Roediger2001_55_15word_lists
sand,sand,list_word,False,True,"Roediger et al. (2001) 55-list DRM pool, augmented with uploaded 2024 supplementary workbook metrics",Roediger2001_55_15word_lists
sandals,sandals,list_word,False,True,"Roediger et al. (2001) 55-list DRM pool, augmented with uploaded 2024 supplementary workbook metrics",Roediger2001_55_15word_lists
sandpaper,sandpaper,list_word,False,True,"Roediger et al. (2001) 55-list DRM pool, augmented with uploaded 2024 supplementary workbook metrics",Roediger2001_55_15word_lists
sandwich,sandwich,list_word,False,True,"Roediger et al. (2001) 55-list DRM pool, augmented with uploaded 2024 supplementary workbook metrics",Roediger2001_55_15word_lists
sash,sash,list_word,False,True,"Roediger et al. (2001) 55-list DRM pool, augmented with uploaded 2024 supplementary workbook metrics",Roediger2001_55_15word_lists
satan,Satan,list_word,False,True,"Brainerd, Chang, & Bialer (2020)",Brainerd2020_120_4word_lists
saucer,saucer,list_word,False,True,"Roediger et al. (2001) 55-list DRM pool, augmented with uploaded 2024 supplementary workbook metrics",Roediger2001_55_15word_lists
sauerkraut,sauerkraut,list_word,False,True,"Roediger et al. (2001) 55-list DRM pool, augmented with uploaded 2024 supplementary workbook metrics",Roediger2001_55_15word_lists
save,Save,critical_distractor,True,False,"Brainerd, Chang, & Bialer (2020)",Brainerd2020_120_4word_lists
scared,Scared,list_word,False,True,"Brainerd, Chang, & Bialer (2020)",Brainerd2020_120_4word_lists
scene,scene,list_word,False,True,"Roediger et al. (2001) 55-list DRM pool, augmented with uploaded 2024 supplementary workbook metrics",Roediger2001_55_15word_lists
scent,scent,list_word,False,True,"Roediger et al. (2001) 55-list DRM pool, augmented with uploaded 2024 supplementary workbook metrics",Roediger2001_55_15word_lists
schedule,Schedule,critical_distractor,True,False,"Brainerd, Chang, & Bialer (2020)",Brainerd2020_120_4word_lists
scheme,Scheme,list_word,False,True,"Brainerd, Chang, & Bialer (2020)",Brainerd2020_120_4word_lists
school,School; school,list_word,False,True,"Brainerd, Chang, & Bialer (2020); Roediger et al. (2001) 55-list DRM pool, augmented with uploaded 2024 supplementary workbook metrics",Brainerd2020_120_4word_lists; Roediger2001_55_15word_lists
science,Science,critical_distractor,True,False,"Brainerd, Chang, & Bialer (2020)",Brainerd2020_120_4word_lists
scientist,Scientist,list_word,False,True,"Brainerd, Chang, & Bialer (2020)",Brainerd2020_120_4word_lists
scotch,scotch,list_word,False,True,"Roediger et al. (2001) 55-list DRM pool, augmented with uploaded 2024 supplementary workbook metrics",Roediger2001_55_15word_lists
scraps,scraps,list_word,False,True,"Roediger et al. (2001) 55-list DRM pool, augmented with uploaded 2024 supplementary workbook metrics",Roediger2001_55_15word_lists
screen,screen,list_word,False,True,"Roediger et al. (2001) 55-list DRM pool, augmented with uploaded 2024 supplementary workbook metrics",Roediger2001_55_15word_lists
scribble,scribble,list_word,False,True,"Roediger et al. (2001) 55-list DRM pool, augmented with uploaded 2024 supplementary workbook metrics",Roediger2001_55_15word_lists
seat,Seat; seat,list_word,False,True,"Brainerd, Chang, & Bialer (2020); Roediger et al. (2001) 55-list DRM pool, augmented with uploaded 2024 supplementary workbook metrics",Brainerd2020_120_4word_lists; Roediger2001_55_15word_lists
secluded,Secluded,list_word,False,True,"Brainerd, Chang, & Bialer (2020)",Brainerd2020_120_4word_lists
secret,Secret,list_word,False,True,"Brainerd, Chang, & Bialer (2020)",Brainerd2020_120_4word_lists
secretary,Secretary,list_word,False,True,"Brainerd, Chang, & Bialer (2020)",Brainerd2020_120_4word_lists
sedan,sedan,list_word,False,True,"Roediger et al. (2001) 55-list DRM pool, augmented with uploaded 2024 supplementary workbook metrics",Roediger2001_55_15word_lists
see,see,list_word,False,True,"Roediger et al. (2001) 55-list DRM pool, augmented with uploaded 2024 supplementary workbook metrics",Roediger2001_55_15word_lists
sell,Sell,list_word,False,True,"Brainerd, Chang, & Bialer (2020)",Brainerd2020_120_4word_lists
send,Send,list_word,False,True,"Brainerd, Chang, & Bialer (2020)",Brainerd2020_120_4word_lists
sense,Sense,list_word,False,True,"Brainerd, Chang, & Bialer (2020)",Brainerd2020_120_4word_lists
service,service,list_word,False,True,"Roediger et al. (2001) 55-list DRM pool, augmented with uploaded 2024 supplementary workbook metrics",Roediger2001_55_15word_lists
set,Set,list_word,False,True,"Brainerd, Chang, & Bialer (2020)",Brainerd2020_120_4word_lists
severe,Severe,list_word,False,True,"Brainerd, Chang, & Bialer (2020)",Brainerd2020_120_4word_lists
sewage,sewage,list_word,False,True,"Roediger et al. (2001) 55-list DRM pool, augmented with uploaded 2024 supplementary workbook metrics",Roediger2001_55_15word_lists
sewing,sewing,list_word,False,True,"Roediger et al. (2001) 55-list DRM pool, augmented with uploaded 2024 supplementary workbook metrics",Roediger2001_55_15word_lists
shade,shade,list_word,False,True,"Roediger et al. (2001) 55-list DRM pool, augmented with uploaded 2024 supplementary workbook metrics",Roediger2001_55_15word_lists
shape,Shape,list_word,False,True,"Brainerd, Chang, & Bialer (2020)",Brainerd2020_120_4word_lists
sharp,sharp,list_word,False,True,"Roediger et al. (2001) 55-list DRM pool, augmented with uploaded 2024 supplementary workbook metrics",Roediger2001_55_15word_lists
sheep,sheep,list_word,False,True,"Roediger et al. (2001) 55-list DRM pool, augmented with uploaded 2024 supplementary workbook metrics",Roediger2001_55_15word_lists
shield,Shield,list_word,False,True,"Brainerd, Chang, & Bialer (2020)",Brainerd2020_120_4word_lists
shift,Shift,list_word,False,True,"Brainerd, Chang, & Bialer (2020)",Brainerd2020_120_4word_lists
shingle,Shingle,list_word,False,True,"Brainerd, Chang, & Bialer (2020)",Brainerd2020_120_4word_lists
shirt,shirt,critical_distractor,True,False,"Roediger et al. (2001) 55-list DRM pool, augmented with uploaded 2024 supplementary workbook metrics",Roediger2001_55_15word_lists
shiver,Shiver; shiver,list_word,False,True,"Brainerd, Chang, & Bialer (2020); Roediger et al. (2001) 55-list DRM pool, augmented with uploaded 2024 supplementary workbook metrics",Brainerd2020_120_4word_lists; Roediger2001_55_15word_lists
shoe,shoe,list_word,False,True,"Roediger et al. (2001) 55-list DRM pool, augmented with uploaded 2024 supplementary workbook metrics",Roediger2001_55_15word_lists
shoot,Shoot,list_word,False,True,"Brainerd, Chang, & Bialer (2020)",Brainerd2020_120_4word_lists
shooter,shooter,list_word,False,True,"Roediger et al. (2001) 55-list DRM pool, augmented with uploaded 2024 supplementary workbook metrics",Roediger2001_55_15word_lists
shopping,Shopping,list_word,False,True,"Brainerd, Chang, & Bialer (2020)",Brainerd2020_120_4word_lists
short,short,list_word,False,True,"Roediger et al. (2001) 55-list DRM pool, augmented with uploaded 2024 supplementary workbook metrics",Roediger2001_55_15word_lists
shorts,shorts,list_word,False,True,"Roediger et al. (2001) 55-list DRM pool, augmented with uploaded 2024 supplementary workbook metrics",Roediger2001_55_15word_lists
shout,shout,list_word,False,True,"Roediger et al. (2001) 55-list DRM pool, augmented with uploaded 2024 supplementary workbook metrics",Roediger2001_55_15word_lists
show,Show,list_word,False,True,"Brainerd, Chang, & Bialer (2020)",Brainerd2020_120_4word_lists
shrill,shrill,list_word,False,True,"Roediger et al. (2001) 55-list DRM pool, augmented with uploaded 2024 supplementary workbook metrics",Roediger2001_55_15word_lists
shutter,shutter,list_word,False,True,"Roediger et al. (2001) 55-list DRM pool, augmented with uploaded 2024 supplementary workbook metrics",Roediger2001_55_15word_lists
sick,Sick; sick,list_word,False,True,"Brainerd, Chang, & Bialer (2020); Roediger et al. (2001) 55-list DRM pool, augmented with uploaded 2024 supplementary workbook metrics",Brainerd2020_120_4word_lists; Roediger2001_55_15word_lists
sickness,sickness,list_word,False,True,"Roediger et al. (2001) 55-list DRM pool, augmented with uploaded 2024 supplementary workbook metrics",Roediger2001_55_15word_lists
side,Side,list_word,False,True,"Brainerd, Chang, & Bialer (2020)",Brainerd2020_120_4word_lists
sign,sign,list_word,False,True,"Roediger et al. (2001) 55-list DRM pool, augmented with uploaded 2024 supplementary workbook metrics",Roediger2001_55_15word_lists
sill,Sill; sill,list_word,False,True,"Brainerd, Chang, & Bialer (2020); Roediger et al. (2001) 55-list DRM pool, augmented with uploaded 2024 supplementary workbook metrics",Brainerd2020_120_4word_lists; Roediger2001_55_15word_lists
sing,Sing; sing,critical_distractor; list_word,True,True,"Brainerd, Chang, & Bialer (2020); Roediger et al. (2001) 55-list DRM pool, augmented with uploaded 2024 supplementary workbook metrics",Brainerd2020_120_4word_lists; Roediger2001_55_15word_lists
single,Single,critical_distractor,True,False,"Brainerd, Chang, & Bialer (2020)",Brainerd2020_120_4word_lists
sip,sip,list_word,False,True,"Roediger et al. (2001) 55-list DRM pool, augmented with uploaded 2024 supplementary workbook metrics",Roediger2001_55_15word_lists
sister,sister,list_word,False,True,"Roediger et al. (2001) 55-list DRM pool, augmented with uploaded 2024 supplementary workbook metrics",Roediger2001_55_15word_lists
sit,Sit; sit,list_word,False,True,"Brainerd, Chang, & Bialer (2020); Roediger et al. (2001) 55-list DRM pool, augmented with uploaded 2024 supplementary workbook metrics",Brainerd2020_120_4word_lists; Roediger2001_55_15word_lists
sitting,sitting,list_word,False,True,"Roediger et al. (2001) 55-list DRM pool, augmented with uploaded 2024 supplementary workbook metrics",Roediger2001_55_15word_lists
ski,ski,list_word,False,True,"Roediger et al. (2001) 55-list DRM pool, augmented with uploaded 2024 supplementary workbook metrics",Roediger2001_55_15word_lists
skin,Skin; skin,list_word,False,True,"Brainerd, Chang, & Bialer (2020); Roediger et al. (2001) 55-list DRM pool, augmented with uploaded 2024 supplementary workbook metrics",Brainerd2020_120_4word_lists; Roediger2001_55_15word_lists
sky,Sky; sky,list_word,False,True,"Brainerd, Chang, & Bialer (2020); Roediger et al. (2001) 55-list DRM pool, augmented with uploaded 2024 supplementary workbook metrics",Brainerd2020_120_4word_lists; Roediger2001_55_15word_lists
slaw,slaw,list_word,False,True,"Roediger et al. (2001) 55-list DRM pool, augmented with uploaded 2024 supplementary workbook metrics",Roediger2001_55_15word_lists
sleep,Sleep; sleep,critical_distractor,True,False,"Brainerd, Chang, & Bialer (2020); Roediger et al. (2001) 55-list DRM pool, augmented with uploaded 2024 supplementary workbook metrics",Brainerd2020_120_4word_lists; Roediger2001_55_15word_lists
sleeves,sleeves,list_word,False,True,"Roediger et al. (2001) 55-list DRM pool, augmented with uploaded 2024 supplementary workbook metrics",Roediger2001_55_15word_lists
slice,slice,list_word,False,True,"Roediger et al. (2001) 55-list DRM pool, augmented with uploaded 2024 supplementary workbook metrics",Roediger2001_55_15word_lists
slope,Slope,list_word,False,True,"Brainerd, Chang, & Bialer (2020)",Brainerd2020_120_4word_lists
slow,Slow; slow,critical_distractor; list_word,True,True,"Brainerd, Chang, & Bialer (2020); Roediger et al. (2001) 55-list DRM pool, augmented with uploaded 2024 supplementary workbook metrics",Brainerd2020_120_4word_lists; Roediger2001_55_15word_lists
sluggish,sluggish,list_word,False,True,"Roediger et al. (2001) 55-list DRM pool, augmented with uploaded 2024 supplementary workbook metrics",Roediger2001_55_15word_lists
slumber,Slumber; slumber,list_word,False,True,"Brainerd, Chang, & Bialer (2020); Roediger et al. (2001) 55-list DRM pool, augmented with uploaded 2024 supplementary workbook metrics",Brainerd2020_120_4word_lists; Roediger2001_55_15word_lists
small,small,list_word,False,True,"Roediger et al. (2001) 55-list DRM pool, augmented with uploaded 2024 supplementary workbook metrics",Roediger2001_55_15word_lists
smell,smell,critical_distractor; list_word,True,True,"Roediger et al. (2001) 55-list DRM pool, augmented with uploaded 2024 supplementary workbook metrics",Roediger2001_55_15word_lists
smoke,Smoke; smoke,critical_distractor,True,False,"Brainerd, Chang, & Bialer (2020); Roediger et al. (2001) 55-list DRM pool, augmented with uploaded 2024 supplementary workbook metrics",Brainerd2020_120_4word_lists; Roediger2001_55_15word_lists
smooth,smooth,list_word,False,True,"Roediger et al. (2001) 55-list DRM pool, augmented with uploaded 2024 supplementary workbook metrics",Roediger2001_55_15word_lists
snail,snail,list_word,False,True,"Roediger et al. (2001) 55-list DRM pool, augmented with uploaded 2024 supplementary workbook metrics",Roediger2001_55_15word_lists
sniff,sniff,list_word,False,True,"Roediger et al. (2001) 55-list DRM pool, augmented with uploaded 2024 supplementary workbook metrics",Roediger2001_55_15word_lists
snooze,snooze,list_word,False,True,"Roediger et al. (2001) 55-list DRM pool, augmented with uploaded 2024 supplementary workbook metrics",Roediger2001_55_15word_lists
snore,Snore; snore,list_word,False,True,"Brainerd, Chang, & Bialer (2020); Roediger et al. (2001) 55-list DRM pool, augmented with uploaded 2024 supplementary workbook metrics",Brainerd2020_120_4word_lists; Roediger2001_55_15word_lists
snow,snow,list_word,False,True,"Roediger et al. (2001) 55-list DRM pool, augmented with uploaded 2024 supplementary workbook metrics",Roediger2001_55_15word_lists
soccer,soccer,list_word,False,True,"Roediger et al. (2001) 55-list DRM pool, augmented with uploaded 2024 supplementary workbook metrics",Roediger2001_55_15word_lists
sock,sock,list_word,False,True,"Roediger et al. (2001) 55-list DRM pool, augmented with uploaded 2024 supplementary workbook metrics",Roediger2001_55_15word_lists
soda,soda,list_word,False,True,"Roediger et al. (2001) 55-list DRM pool, augmented with uploaded 2024 supplementary workbook metrics",Roediger2001_55_15word_lists
sofa,sofa,list_word,False,True,"Roediger et al. (2001) 55-list DRM pool, augmented with uploaded 2024 supplementary workbook metrics",Roediger2001_55_15word_lists
soft,Soft; soft,critical_distractor; list_word,True,True,"Brainerd, Chang, & Bialer (2020); Roediger et al. (2001) 55-list DRM pool, augmented with uploaded 2024 supplementary workbook metrics",Brainerd2020_120_4word_lists; Roediger2001_55_15word_lists
soil,Soil,list_word,False,True,"Brainerd, Chang, & Bialer (2020)",Brainerd2020_120_4word_lists
soldier,Soldier; soldier,list_word,False,True,"Brainerd, Chang, & Bialer (2020); Roediger et al. (2001) 55-list DRM pool, augmented with uploaded 2024 supplementary workbook metrics",Brainerd2020_120_4word_lists; Roediger2001_55_15word_lists
soles,soles,list_word,False,True,"Roediger et al. (2001) 55-list DRM pool, augmented with uploaded 2024 supplementary workbook metrics",Roediger2001_55_15word_lists
solid,Solid,list_word,False,True,"Brainerd, Chang, & Bialer (2020)",Brainerd2020_120_4word_lists
solution,Solution,list_word,False,True,"Brainerd, Chang, & Bialer (2020)",Brainerd2020_120_4word_lists
song,Song; song,list_word,False,True,"Brainerd, Chang, & Bialer (2020); Roediger et al. (2001) 55-list DRM pool, augmented with uploaded 2024 supplementary workbook metrics",Brainerd2020_120_4word_lists; Roediger2001_55_15word_lists
sorrow,sorrow,list_word,False,True,"Roediger et al. (2001) 55-list DRM pool, augmented with uploaded 2024 supplementary workbook metrics",Roediger2001_55_15word_lists
sorry,Sorry,critical_distractor,True,False,"Brainerd, Chang, & Bialer (2020)",Brainerd2020_120_4word_lists
soul,Soul,list_word,False,True,"Brainerd, Chang, & Bialer (2020)",Brainerd2020_120_4word_lists
sound,sound,list_word,False,True,"Roediger et al. (2001) 55-list DRM pool, augmented with uploaded 2024 supplementary workbook metrics",Roediger2001_55_15word_lists
soup,soup,list_word,False,True,"Roediger et al. (2001) 55-list DRM pool, augmented with uploaded 2024 supplementary workbook metrics",Roediger2001_55_15word_lists
sour,Sour; sour,list_word,False,True,"Brainerd, Chang, & Bialer (2020); Roediger et al. (2001) 55-list DRM pool, augmented with uploaded 2024 supplementary workbook metrics",Brainerd2020_120_4word_lists; Roediger2001_55_15word_lists
span,Span,list_word,False,True,"Brainerd, Chang, & Bialer (2020)",Brainerd2020_120_4word_lists
speak,Speak,list_word,False,True,"Brainerd, Chang, & Bialer (2020)",Brainerd2020_120_4word_lists
speech,Speech,list_word,False,True,"Brainerd, Chang, & Bialer (2020)",Brainerd2020_120_4word_lists
speed,Speed; speed,list_word,False,True,"Brainerd, Chang, & Bialer (2020); Roediger et al. (2001) 55-list DRM pool, augmented with uploaded 2024 supplementary workbook metrics",Brainerd2020_120_4word_lists; Roediger2001_55_15word_lists
spend,Spend,list_word,False,True,"Brainerd, Chang, & Bialer (2020)",Brainerd2020_120_4word_lists
spider,spider,critical_distractor,True,False,"Roediger et al. (2001) 55-list DRM pool, augmented with uploaded 2024 supplementary workbook metrics",Roediger2001_55_15word_lists
spill,Spill,list_word,False,True,"Brainerd, Chang, & Bialer (2020)",Brainerd2020_120_4word_lists
springy,springy,list_word,False,True,"Roediger et al. (2001) 55-list DRM pool, augmented with uploaded 2024 supplementary workbook metrics",Roediger2001_55_15word_lists
spy,Spy,list_word,False,True,"Brainerd, Chang, & Bialer (2020)",Brainerd2020_120_4word_lists
square,Square,critical_distractor,True,False,"Brainerd, Chang, & Bialer (2020)",Brainerd2020_120_4word_lists
stain,stain,list_word,False,True,"Roediger et al. (2001) 55-list DRM pool, augmented with uploaded 2024 supplementary workbook metrics",Roediger2001_55_15word_lists
stand,stand,list_word,False,True,"Roediger et al. (2001) 55-list DRM pool, augmented with uploaded 2024 supplementary workbook metrics",Roediger2001_55_15word_lists
star,star,list_word,False,True,"Roediger et al. (2001) 55-list DRM pool, augmented with uploaded 2024 supplementary workbook metrics",Roediger2001_55_15word_lists
stars,stars,list_word,False,True,"Roediger et al. (2001) 55-list DRM pool, augmented with uploaded 2024 supplementary workbook metrics",Roediger2001_55_15word_lists
state,state,list_word,False,True,"Roediger et al. (2001) 55-list DRM pool, augmented with uploaded 2024 supplementary workbook metrics",Roediger2001_55_15word_lists
statement,Statement,list_word,False,True,"Brainerd, Chang, & Bialer (2020)",Brainerd2020_120_4word_lists
station,Station,list_word,False,True,"Brainerd, Chang, & Bialer (2020)",Brainerd2020_120_4word_lists
steak,steak,list_word,False,True,"Roediger et al. (2001) 55-list DRM pool, augmented with uploaded 2024 supplementary workbook metrics",Roediger2001_55_15word_lists
steal,steal,list_word,False,True,"Roediger et al. (2001) 55-list DRM pool, augmented with uploaded 2024 supplementary workbook metrics",Roediger2001_55_15word_lists
steep,Steep; steep,list_word,False,True,"Brainerd, Chang, & Bialer (2020); Roediger et al. (2001) 55-list DRM pool, augmented with uploaded 2024 supplementary workbook metrics",Brainerd2020_120_4word_lists; Roediger2001_55_15word_lists
steeple,Steeple,list_word,False,True,"Brainerd, Chang, & Bialer (2020)",Brainerd2020_120_4word_lists
stein,stein,list_word,False,True,"Roediger et al. (2001) 55-list DRM pool, augmented with uploaded 2024 supplementary workbook metrics",Roediger2001_55_15word_lists
stem,Stem,list_word,False,True,"Brainerd, Chang, & Bialer (2020)",Brainerd2020_120_4word_lists
stench,stench,list_word,False,True,"Roediger et al. (2001) 55-list DRM pool, augmented with uploaded 2024 supplementary workbook metrics",Roediger2001_55_15word_lists
step,Step,list_word,False,True,"Brainerd, Chang, & Bialer (2020)",Brainerd2020_120_4word_lists
stethoscope,stethoscope,list_word,False,True,"Roediger et al. (2001) 55-list DRM pool, augmented with uploaded 2024 supplementary workbook metrics",Roediger2001_55_15word_lists
stew,stew,list_word,False,True,"Roediger et al. (2001) 55-list DRM pool, augmented with uploaded 2024 supplementary workbook metrics",Roediger2001_55_15word_lists
stick,Stick,list_word,False,True,"Brainerd, Chang, & Bialer (2020)",Brainerd2020_120_4word_lists
still,Still,list_word,False,True,"Brainerd, Chang, & Bialer (2020)",Brainerd2020_120_4word_lists
stink,stink,list_word,False,True,"Roediger et al. (2001) 55-list DRM pool, augmented with uploaded 2024 supplementary workbook metrics",Roediger2001_55_15word_lists
stomach,stomach,list_word,False,True,"Roediger et al. (2001) 55-list DRM pool, augmented with uploaded 2024 supplementary workbook metrics",Roediger2001_55_15word_lists
stone,Stone,list_word,False,True,"Brainerd, Chang, & Bialer (2020)",Brainerd2020_120_4word_lists
stool,stool,list_word,False,True,"Roediger et al. (2001) 55-list DRM pool, augmented with uploaded 2024 supplementary workbook metrics",Roediger2001_55_15word_lists
stop,stop,list_word,False,True,"Roediger et al. (2001) 55-list DRM pool, augmented with uploaded 2024 supplementary workbook metrics",Roediger2001_55_15word_lists
store,Store,list_word,False,True,"Brainerd, Chang, & Bialer (2020)",Brainerd2020_120_4word_lists
storm,Storm,list_word,False,True,"Brainerd, Chang, & Bialer (2020)",Brainerd2020_120_4word_lists
stove,stove,critical_distractor,True,False,"Roediger et al. (2001) 55-list DRM pool, augmented with uploaded 2024 supplementary workbook metrics",Roediger2001_55_15word_lists
straight,Straight,critical_distractor,True,False,"Brainerd, Chang, & Bialer (2020)",Brainerd2020_120_4word_lists
strain,Strain,list_word,False,True,"Brainerd, Chang, & Bialer (2020)",Brainerd2020_120_4word_lists
strange,Strange,list_word,False,True,"Brainerd, Chang, & Bialer (2020)",Brainerd2020_120_4word_lists
strategy,Strategy,list_word,False,True,"Brainerd, Chang, & Bialer (2020)",Brainerd2020_120_4word_lists
straw,straw,list_word,False,True,"Roediger et al. (2001) 55-list DRM pool, augmented with uploaded 2024 supplementary workbook metrics",Roediger2001_55_15word_lists
stream,Stream; stream,list_word,False,True,"Brainerd, Chang, & Bialer (2020); Roediger et al. (2001) 55-list DRM pool, augmented with uploaded 2024 supplementary workbook metrics",Brainerd2020_120_4word_lists; Roediger2001_55_15word_lists
streets,streets,list_word,False,True,"Roediger et al. (2001) 55-list DRM pool, augmented with uploaded 2024 supplementary workbook metrics",Roediger2001_55_15word_lists
strength,Strength,list_word,False,True,"Brainerd, Chang, & Bialer (2020)",Brainerd2020_120_4word_lists
stress,Stress,critical_distractor,True,False,"Brainerd, Chang, & Bialer (2020)",Brainerd2020_120_4word_lists
stretch,stretch,list_word,False,True,"Roediger et al. (2001) 55-list DRM pool, augmented with uploaded 2024 supplementary workbook metrics",Roediger2001_55_15word_lists
strict,Strict,list_word,False,True,"Brainerd, Chang, & Bialer (2020)",Brainerd2020_120_4word_lists
string,String,list_word,False,True,"Brainerd, Chang, & Bialer (2020)",Brainerd2020_120_4word_lists
stripes,stripes,list_word,False,True,"Roediger et al. (2001) 55-list DRM pool, augmented with uploaded 2024 supplementary workbook metrics",Roediger2001_55_15word_lists
strong,strong,list_word,False,True,"Roediger et al. (2001) 55-list DRM pool, augmented with uploaded 2024 supplementary workbook metrics",Roediger2001_55_15word_lists
structure,Structure,list_word,False,True,"Brainerd, Chang, & Bialer (2020)",Brainerd2020_120_4word_lists
student,Student,list_word,False,True,"Brainerd, Chang, & Bialer (2020)",Brainerd2020_120_4word_lists
subjects,subjects,list_word,False,True,"Roediger et al. (2001) 55-list DRM pool, augmented with uploaded 2024 supplementary workbook metrics",Roediger2001_55_15word_lists
suburb,suburb,list_word,False,True,"Roediger et al. (2001) 55-list DRM pool, augmented with uploaded 2024 supplementary workbook metrics",Roediger2001_55_15word_lists
subway,subway,list_word,False,True,"Roediger et al. (2001) 55-list DRM pool, augmented with uploaded 2024 supplementary workbook metrics",Roediger2001_55_15word_lists
succeed,Succeed,list_word,False,True,"Brainerd, Chang, & Bialer (2020)",Brainerd2020_120_4word_lists
sugar,Sugar; sugar,list_word,False,True,"Brainerd, Chang, & Bialer (2020); Roediger et al. (2001) 55-list DRM pool, augmented with uploaded 2024 supplementary workbook metrics",Brainerd2020_120_4word_lists; Roediger2001_55_15word_lists
suggestion,Suggestion,list_word,False,True,"Brainerd, Chang, & Bialer (2020)",Brainerd2020_120_4word_lists
suit,suit,list_word,False,True,"Roediger et al. (2001) 55-list DRM pool, augmented with uploaded 2024 supplementary workbook metrics",Roediger2001_55_15word_lists
sum,Sum,list_word,False,True,"Brainerd, Chang, & Bialer (2020)",Brainerd2020_120_4word_lists
summer,summer,list_word,False,True,"Roediger et al. (2001) 55-list DRM pool, augmented with uploaded 2024 supplementary workbook metrics",Roediger2001_55_15word_lists
summit,summit,list_word,False,True,"Roediger et al. (2001) 55-list DRM pool, augmented with uploaded 2024 supplementary workbook metrics",Roediger2001_55_15word_lists
sun,Sun,list_word,False,True,"Brainerd, Chang, & Bialer (2020)",Brainerd2020_120_4word_lists
supreme,supreme,list_word,False,True,"Roediger et al. (2001) 55-list DRM pool, augmented with uploaded 2024 supplementary workbook metrics",Roediger2001_55_15word_lists
sure,sure,list_word,False,True,"Roediger et al. (2001) 55-list DRM pool, augmented with uploaded 2024 supplementary workbook metrics",Roediger2001_55_15word_lists
surgeon,Surgeon; surgeon,list_word,False,True,"Brainerd, Chang, & Bialer (2020); Roediger et al. (2001) 55-list DRM pool, augmented with uploaded 2024 supplementary workbook metrics",Brainerd2020_120_4word_lists; Roediger2001_55_15word_lists
sweat,Sweat,list_word,False,True,"Brainerd, Chang, & Bialer (2020)",Brainerd2020_120_4word_lists
sweep,sweep,list_word,False,True,"Roediger et al. (2001) 55-list DRM pool, augmented with uploaded 2024 supplementary workbook metrics",Roediger2001_55_15word_lists
sweeper,sweeper,list_word,False,True,"Roediger et al. (2001) 55-list DRM pool, augmented with uploaded 2024 supplementary workbook metrics",Roediger2001_55_15word_lists
sweet,Sweet; sweet,critical_distractor; list_word,True,True,"Brainerd, Chang, & Bialer (2020); Roediger et al. (2001) 55-list DRM pool, augmented with uploaded 2024 supplementary workbook metrics",Brainerd2020_120_4word_lists; Roediger2001_55_15word_lists
swift,swift,critical_distractor,True,False,"Roediger et al. (2001) 55-list DRM pool, augmented with uploaded 2024 supplementary workbook metrics",Roediger2001_55_15word_lists
swim,swim,list_word,False,True,"Roediger et al. (2001) 55-list DRM pool, augmented with uploaded 2024 supplementary workbook metrics",Roediger2001_55_15word_lists
swivel,swivel,list_word,False,True,"Roediger et al. (2001) 55-list DRM pool, augmented with uploaded 2024 supplementary workbook metrics",Roediger2001_55_15word_lists
symbol,symbol,list_word,False,True,"Roediger et al. (2001) 55-list DRM pool, augmented with uploaded 2024 supplementary workbook metrics",Roediger2001_55_15word_lists
symphony,symphony,list_word,False,True,"Roediger et al. (2001) 55-list DRM pool, augmented with uploaded 2024 supplementary workbook metrics",Roediger2001_55_15word_lists
syringe,syringe,list_word,False,True,"Roediger et al. (2001) 55-list DRM pool, augmented with uploaded 2024 supplementary workbook metrics",Roediger2001_55_15word_lists
table,Table; table,list_word,False,True,"Brainerd, Chang, & Bialer (2020); Roediger et al. (2001) 55-list DRM pool, augmented with uploaded 2024 supplementary workbook metrics",Brainerd2020_120_4word_lists; Roediger2001_55_15word_lists
tack,tack,list_word,False,True,"Roediger et al. (2001) 55-list DRM pool, augmented with uploaded 2024 supplementary workbook metrics",Roediger2001_55_15word_lists
talent,Talent,list_word,False,True,"Brainerd, Chang, & Bialer (2020)",Brainerd2020_120_4word_lists
tall,tall,list_word,False,True,"Roediger et al. (2001) 55-list DRM pool, augmented with uploaded 2024 supplementary workbook metrics",Roediger2001_55_15word_lists
tamber,tamber,list_word,False,True,"Roediger et al. (2001) 55-list DRM pool, augmented with uploaded 2024 supplementary workbook metrics",Roediger2001_55_15word_lists
tape,Tape,list_word,False,True,"Brainerd, Chang, & Bialer (2020)",Brainerd2020_120_4word_lists
tar,Tar,list_word,False,True,"Brainerd, Chang, & Bialer (2020)",Brainerd2020_120_4word_lists
tarantula,tarantula,list_word,False,True,"Roediger et al. (2001) 55-list DRM pool, augmented with uploaded 2024 supplementary workbook metrics",Roediger2001_55_15word_lists
tart,tart,list_word,False,True,"Roediger et al. (2001) 55-list DRM pool, augmented with uploaded 2024 supplementary workbook metrics",Roediger2001_55_15word_lists
task,Task,critical_distractor,True,False,"Brainerd, Chang, & Bialer (2020)",Brainerd2020_120_4word_lists
taste,Taste; taste,critical_distractor; list_word,True,True,"Brainerd, Chang, & Bialer (2020); Roediger et al. (2001) 55-list DRM pool, augmented with uploaded 2024 supplementary workbook metrics",Brainerd2020_120_4word_lists; Roediger2001_55_15word_lists
taxi,taxi,list_word,False,True,"Roediger et al. (2001) 55-list DRM pool, augmented with uploaded 2024 supplementary workbook metrics",Roediger2001_55_15word_lists
tea,tea,list_word,False,True,"Roediger et al. (2001) 55-list DRM pool, augmented with uploaded 2024 supplementary workbook metrics",Roediger2001_55_15word_lists
teacher,Teacher,list_word,False,True,"Brainerd, Chang, & Bialer (2020)",Brainerd2020_120_4word_lists
technology,Technology,list_word,False,True,"Brainerd, Chang, & Bialer (2020)",Brainerd2020_120_4word_lists
teeth,Teeth,critical_distractor,True,False,"Brainerd, Chang, & Bialer (2020)",Brainerd2020_120_4word_lists
tell,tell,list_word,False,True,"Roediger et al. (2001) 55-list DRM pool, augmented with uploaded 2024 supplementary workbook metrics",Roediger2001_55_15word_lists
teller,Teller,list_word,False,True,"Brainerd, Chang, & Bialer (2020)",Brainerd2020_120_4word_lists
temper,Temper; temper,list_word,False,True,"Brainerd, Chang, & Bialer (2020); Roediger et al. (2001) 55-list DRM pool, augmented with uploaded 2024 supplementary workbook metrics",Brainerd2020_120_4word_lists; Roediger2001_55_15word_lists
temple,Temple,list_word,False,True,"Brainerd, Chang, & Bialer (2020)",Brainerd2020_120_4word_lists
tender,Tender; tender,list_word,False,True,"Brainerd, Chang, & Bialer (2020); Roediger et al. (2001) 55-list DRM pool, augmented with uploaded 2024 supplementary workbook metrics",Brainerd2020_120_4word_lists; Roediger2001_55_15word_lists
tennis,Tennis,list_word,False,True,"Brainerd, Chang, & Bialer (2020)",Brainerd2020_120_4word_lists
tension,Tension,list_word,False,True,"Brainerd, Chang, & Bialer (2020)",Brainerd2020_120_4word_lists
terror,Terror,list_word,False,True,"Brainerd, Chang, & Bialer (2020)",Brainerd2020_120_4word_lists
theory,Theory,list_word,False,True,"Brainerd, Chang, & Bialer (2020)",Brainerd2020_120_4word_lists
thick,thick,list_word,False,True,"Roediger et al. (2001) 55-list DRM pool, augmented with uploaded 2024 supplementary workbook metrics",Roediger2001_55_15word_lists
thief,thief,critical_distractor,True,False,"Roediger et al. (2001) 55-list DRM pool, augmented with uploaded 2024 supplementary workbook metrics",Roediger2001_55_15word_lists
thimble,thimble,list_word,False,True,"Roediger et al. (2001) 55-list DRM pool, augmented with uploaded 2024 supplementary workbook metrics",Roediger2001_55_15word_lists
thin,thin,list_word,False,True,"Roediger et al. (2001) 55-list DRM pool, augmented with uploaded 2024 supplementary workbook metrics",Roediger2001_55_15word_lists
think,think,list_word,False,True,"Roediger et al. (2001) 55-list DRM pool, augmented with uploaded 2024 supplementary workbook metrics",Roediger2001_55_15word_lists
thorn,thorn,list_word,False,True,"Roediger et al. (2001) 55-list DRM pool, augmented with uploaded 2024 supplementary workbook metrics",Roediger2001_55_15word_lists
thought,thought,list_word,False,True,"Roediger et al. (2001) 55-list DRM pool, augmented with uploaded 2024 supplementary workbook metrics",Roediger2001_55_15word_lists
thread,thread,list_word,False,True,"Roediger et al. (2001) 55-list DRM pool, augmented with uploaded 2024 supplementary workbook metrics",Roediger2001_55_15word_lists
throne,throne,list_word,False,True,"Roediger et al. (2001) 55-list DRM pool, augmented with uploaded 2024 supplementary workbook metrics",Roediger2001_55_15word_lists
throw,Throw,list_word,False,True,"Brainerd, Chang, & Bialer (2020)",Brainerd2020_120_4word_lists
tide,tide,list_word,False,True,"Roediger et al. (2001) 55-list DRM pool, augmented with uploaded 2024 supplementary workbook metrics",Roediger2001_55_15word_lists
tie,tie,list_word,False,True,"Roediger et al. (2001) 55-list DRM pool, augmented with uploaded 2024 supplementary workbook metrics",Roediger2001_55_15word_lists
tiger,tiger,list_word,False,True,"Roediger et al. (2001) 55-list DRM pool, augmented with uploaded 2024 supplementary workbook metrics",Roediger2001_55_15word_lists
time,time,list_word,False,True,"Roediger et al. (2001) 55-list DRM pool, augmented with uploaded 2024 supplementary workbook metrics",Roediger2001_55_15word_lists
tin,Tin,list_word,False,True,"Brainerd, Chang, & Bialer (2020)",Brainerd2020_120_4word_lists
tip,tip,list_word,False,True,"Roediger et al. (2001) 55-list DRM pool, augmented with uploaded 2024 supplementary workbook metrics",Roediger2001_55_15word_lists
tire,tire,list_word,False,True,"Roediger et al. (2001) 55-list DRM pool, augmented with uploaded 2024 supplementary workbook metrics",Roediger2001_55_15word_lists
tired,tired,list_word,False,True,"Roediger et al. (2001) 55-list DRM pool, augmented with uploaded 2024 supplementary workbook metrics",Roediger2001_55_15word_lists
toast,Toast; toast,list_word,False,True,"Brainerd, Chang, & Bialer (2020); Roediger et al. (2001) 55-list DRM pool, augmented with uploaded 2024 supplementary workbook metrics",Brainerd2020_120_4word_lists; Roediger2001_55_15word_lists
tobacco,Tobacco; tobacco,list_word,False,True,"Brainerd, Chang, & Bialer (2020); Roediger et al. (2001) 55-list DRM pool, augmented with uploaded 2024 supplementary workbook metrics",Brainerd2020_120_4word_lists; Roediger2001_55_15word_lists
toe,toe,list_word,False,True,"Roediger et al. (2001) 55-list DRM pool, augmented with uploaded 2024 supplementary workbook metrics",Roediger2001_55_15word_lists
tongue,Tongue,list_word,False,True,"Brainerd, Chang, & Bialer (2020)",Brainerd2020_120_4word_lists
tooth,tooth,list_word,False,True,"Roediger et al. (2001) 55-list DRM pool, augmented with uploaded 2024 supplementary workbook metrics",Roediger2001_55_15word_lists
top,top,list_word,False,True,"Roediger et al. (2001) 55-list DRM pool, augmented with uploaded 2024 supplementary workbook metrics",Roediger2001_55_15word_lists
tornado,Tornado,list_word,False,True,"Brainerd, Chang, & Bialer (2020)",Brainerd2020_120_4word_lists
touch,Touch; touch,list_word,False,True,"Brainerd, Chang, & Bialer (2020); Roediger et al. (2001) 55-list DRM pool, augmented with uploaded 2024 supplementary workbook metrics",Brainerd2020_120_4word_lists; Roediger2001_55_15word_lists
tough,tough,list_word,False,True,"Roediger et al. (2001) 55-list DRM pool, augmented with uploaded 2024 supplementary workbook metrics",Roediger2001_55_15word_lists
tower,tower,list_word,False,True,"Roediger et al. (2001) 55-list DRM pool, augmented with uploaded 2024 supplementary workbook metrics",Roediger2001_55_15word_lists
town,town,list_word,False,True,"Roediger et al. (2001) 55-list DRM pool, augmented with uploaded 2024 supplementary workbook metrics",Roediger2001_55_15word_lists
track,Track,list_word,False,True,"Brainerd, Chang, & Bialer (2020)",Brainerd2020_120_4word_lists
traffic,traffic,list_word,False,True,"Roediger et al. (2001) 55-list DRM pool, augmented with uploaded 2024 supplementary workbook metrics",Roediger2001_55_15word_lists
train,Train; train,critical_distractor; list_word,True,True,"Brainerd, Chang, & Bialer (2020); Roediger et al. (2001) 55-list DRM pool, augmented with uploaded 2024 supplementary workbook metrics",Brainerd2020_120_4word_lists; Roediger2001_55_15word_lists
trash,trash,critical_distractor,True,False,"Roediger et al. (2001) 55-list DRM pool, augmented with uploaded 2024 supplementary workbook metrics",Roediger2001_55_15word_lists
travel,Travel,list_word,False,True,"Brainerd, Chang, & Bialer (2020)",Brainerd2020_120_4word_lists
tree,Tree,list_word,False,True,"Brainerd, Chang, & Bialer (2020)",Brainerd2020_120_4word_lists
trial,trial,list_word,False,True,"Roediger et al. (2001) 55-list DRM pool, augmented with uploaded 2024 supplementary workbook metrics",Roediger2001_55_15word_lists
triangle,Triangle,list_word,False,True,"Brainerd, Chang, & Bialer (2020)",Brainerd2020_120_4word_lists
trip,Trip,critical_distractor,True,False,"Brainerd, Chang, & Bialer (2020)",Brainerd2020_120_4word_lists
trouble,trouble,critical_distractor,True,False,"Roediger et al. (2001) 55-list DRM pool, augmented with uploaded 2024 supplementary workbook metrics",Roediger2001_55_15word_lists
truck,truck,list_word,False,True,"Roediger et al. (2001) 55-list DRM pool, augmented with uploaded 2024 supplementary workbook metrics",Roediger2001_55_15word_lists
true,True; true,list_word,False,True,"Brainerd, Chang, & Bialer (2020); Roediger et al. (2001) 55-list DRM pool, augmented with uploaded 2024 supplementary workbook metrics",Brainerd2020_120_4word_lists; Roediger2001_55_15word_lists
trust,Trust,list_word,False,True,"Brainerd, Chang, & Bialer (2020)",Brainerd2020_120_4word_lists
truth,Truth; truth,list_word,False,True,"Brainerd, Chang, & Bialer (2020); Roediger et al. (2001) 55-list DRM pool, augmented with uploaded 2024 supplementary workbook metrics",Brainerd2020_120_4word_lists; Roediger2001_55_15word_lists
tulip,Tulip,list_word,False,True,"Brainerd, Chang, & Bialer (2020)",Brainerd2020_120_4word_lists
tune,tune,list_word,False,True,"Roediger et al. (2001) 55-list DRM pool, augmented with uploaded 2024 supplementary workbook metrics",Roediger2001_55_15word_lists
tunnel,Tunnel,list_word,False,True,"Brainerd, Chang, & Bialer (2020)",Brainerd2020_120_4word_lists
turtle,turtle,list_word,False,True,"Roediger et al. (2001) 55-list DRM pool, augmented with uploaded 2024 supplementary workbook metrics",Roediger2001_55_15word_lists
twine,Twine,list_word,False,True,"Brainerd, Chang, & Bialer (2020)",Brainerd2020_120_4word_lists
typist,Typist,list_word,False,True,"Brainerd, Chang, & Bialer (2020)",Brainerd2020_120_4word_lists
ugly,ugly,list_word,False,True,"Roediger et al. (2001) 55-list DRM pool, augmented with uploaded 2024 supplementary workbook metrics",Roediger2001_55_15word_lists
umbrella,Umbrella,list_word,False,True,"Brainerd, Chang, & Bialer (2020)",Brainerd2020_120_4word_lists
uncle,uncle,list_word,False,True,"Roediger et al. (2001) 55-list DRM pool, augmented with uploaded 2024 supplementary workbook metrics",Roediger2001_55_15word_lists
underwear,underwear,list_word,False,True,"Roediger et al. (2001) 55-list DRM pool, augmented with uploaded 2024 supplementary workbook metrics",Roediger2001_55_15word_lists
uneven,uneven,list_word,False,True,"Roediger et al. (2001) 55-list DRM pool, augmented with uploaded 2024 supplementary workbook metrics",Roediger2001_55_15word_lists
unhappy,Unhappy,list_word,False,True,"Brainerd, Chang, & Bialer (2020)",Brainerd2020_120_4word_lists
uniform,uniform,list_word,False,True,"Roediger et al. (2001) 55-list DRM pool, augmented with uploaded 2024 supplementary workbook metrics",Roediger2001_55_15word_lists
united states,united sates; united states,list_word,False,True,"Roediger et al. (2001) 55-list DRM pool, augmented with uploaded 2024 supplementary workbook metrics",Roediger2001_55_15word_lists
unknown,Unknown,list_word,False,True,"Brainerd, Chang, & Bialer (2020)",Brainerd2020_120_4word_lists
unusual,Unusual,critical_distractor,True,False,"Brainerd, Chang, & Bialer (2020)",Brainerd2020_120_4word_lists
up,up,list_word,False,True,"Roediger et al. (2001) 55-list DRM pool, augmented with uploaded 2024 supplementary workbook metrics",Roediger2001_55_15word_lists
urban,urban,list_word,False,True,"Roediger et al. (2001) 55-list DRM pool, augmented with uploaded 2024 supplementary workbook metrics",Roediger2001_55_15word_lists
vacation,Vacation,list_word,False,True,"Brainerd, Chang, & Bialer (2020)",Brainerd2020_120_4word_lists
valley,Valley; valley,list_word,False,True,"Brainerd, Chang, & Bialer (2020); Roediger et al. (2001) 55-list DRM pool, augmented with uploaded 2024 supplementary workbook metrics",Brainerd2020_120_4word_lists; Roediger2001_55_15word_lists
van,van,list_word,False,True,"Roediger et al. (2001) 55-list DRM pool, augmented with uploaded 2024 supplementary workbook metrics",Roediger2001_55_15word_lists
vase,Vase,list_word,False,True,"Brainerd, Chang, & Bialer (2020)",Brainerd2020_120_4word_lists
veal,veal,list_word,False,True,"Roediger et al. (2001) 55-list DRM pool, augmented with uploaded 2024 supplementary workbook metrics",Roediger2001_55_15word_lists
vegetable,vegetable,list_word,False,True,"Roediger et al. (2001) 55-list DRM pool, augmented with uploaded 2024 supplementary workbook metrics",Roediger2001_55_15word_lists
vegetables,Vegetables,list_word,False,True,"Brainerd, Chang, & Bialer (2020)",Brainerd2020_120_4word_lists
vehicle,vehicle,list_word,False,True,"Roediger et al. (2001) 55-list DRM pool, augmented with uploaded 2024 supplementary workbook metrics",Roediger2001_55_15word_lists
vest,vest,list_word,False,True,"Roediger et al. (2001) 55-list DRM pool, augmented with uploaded 2024 supplementary workbook metrics",Roediger2001_55_15word_lists
view,view,list_word,False,True,"Roediger et al. (2001) 55-list DRM pool, augmented with uploaded 2024 supplementary workbook metrics",Roediger2001_55_15word_lists
vigor,vigor,list_word,False,True,"Roediger et al. (2001) 55-list DRM pool, augmented with uploaded 2024 supplementary workbook metrics",Roediger2001_55_15word_lists
village,village,list_word,False,True,"Roediger et al. (2001) 55-list DRM pool, augmented with uploaded 2024 supplementary workbook metrics",Roediger2001_55_15word_lists
villain,villain,list_word,False,True,"Roediger et al. (2001) 55-list DRM pool, augmented with uploaded 2024 supplementary workbook metrics",Roediger2001_55_15word_lists
vines,vines,list_word,False,True,"Roediger et al. (2001) 55-list DRM pool, augmented with uploaded 2024 supplementary workbook metrics",Roediger2001_55_15word_lists
voice,Voice; voice,list_word,False,True,"Brainerd, Chang, & Bialer (2020); Roediger et al. (2001) 55-list DRM pool, augmented with uploaded 2024 supplementary workbook metrics",Brainerd2020_120_4word_lists; Roediger2001_55_15word_lists
vote,Vote; vote,critical_distractor; list_word,True,True,"Brainerd, Chang, & Bialer (2020); Roediger et al. (2001) 55-list DRM pool, augmented with uploaded 2024 supplementary workbook metrics",Brainerd2020_120_4word_lists; Roediger2001_55_15word_lists
waist,Waist,list_word,False,True,"Brainerd, Chang, & Bialer (2020)",Brainerd2020_120_4word_lists
wait,wait,list_word,False,True,"Roediger et al. (2001) 55-list DRM pool, augmented with uploaded 2024 supplementary workbook metrics",Roediger2001_55_15word_lists
wake,Wake; wake,list_word,False,True,"Brainerd, Chang, & Bialer (2020); Roediger et al. (2001) 55-list DRM pool, augmented with uploaded 2024 supplementary workbook metrics",Brainerd2020_120_4word_lists; Roediger2001_55_15word_lists
walk,walk,list_word,False,True,"Roediger et al. (2001) 55-list DRM pool, augmented with uploaded 2024 supplementary workbook metrics",Roediger2001_55_15word_lists
want,want,list_word,False,True,"Roediger et al. (2001) 55-list DRM pool, augmented with uploaded 2024 supplementary workbook metrics",Roediger2001_55_15word_lists
war,War; war,list_word,False,True,"Brainerd, Chang, & Bialer (2020); Roediger et al. (2001) 55-list DRM pool, augmented with uploaded 2024 supplementary workbook metrics",Brainerd2020_120_4word_lists; Roediger2001_55_15word_lists
warm,Warm; warm,list_word,False,True,"Brainerd, Chang, & Bialer (2020); Roediger et al. (2001) 55-list DRM pool, augmented with uploaded 2024 supplementary workbook metrics",Brainerd2020_120_4word_lists; Roediger2001_55_15word_lists
warning,Warning,list_word,False,True,"Brainerd, Chang, & Bialer (2020)",Brainerd2020_120_4word_lists
wash,wash,list_word,False,True,"Roediger et al. (2001) 55-list DRM pool, augmented with uploaded 2024 supplementary workbook metrics",Roediger2001_55_15word_lists
waste,waste,list_word,False,True,"Roediger et al. (2001) 55-list DRM pool, augmented with uploaded 2024 supplementary workbook metrics",Roediger2001_55_15word_lists
water,water,list_word,False,True,"Roediger et al. (2001) 55-list DRM pool, augmented with uploaded 2024 supplementary workbook metrics",Roediger2001_55_15word_lists
wave,wave,list_word,False,True,"Roediger et al. (2001) 55-list DRM pool, augmented with uploaded 2024 supplementary workbook metrics",Roediger2001_55_15word_lists
weak,Weak,critical_distractor,True,False,"Brainerd, Chang, & Bialer (2020)",Brainerd2020_120_4word_lists
wealth,wealth,list_word,False,True,"Roediger et al. (2001) 55-list DRM pool, augmented with uploaded 2024 supplementary workbook metrics",Roediger2001_55_15word_lists
weather,weather,list_word,False,True,"Roediger et al. (2001) 55-list DRM pool, augmented with uploaded 2024 supplementary workbook metrics",Roediger2001_55_15word_lists
web,web,list_word,False,True,"Roediger et al. (2001) 55-list DRM pool, augmented with uploaded 2024 supplementary workbook metrics",Roediger2001_55_15word_lists
wedding,Wedding,list_word,False,True,"Brainerd, Chang, & Bialer (2020)",Brainerd2020_120_4word_lists
weed,Weed,list_word,False,True,"Brainerd, Chang, & Bialer (2020)",Brainerd2020_120_4word_lists
weird,Weird,list_word,False,True,"Brainerd, Chang, & Bialer (2020)",Brainerd2020_120_4word_lists
well,well,list_word,False,True,"Roediger et al. (2001) 55-list DRM pool, augmented with uploaded 2024 supplementary workbook metrics",Roediger2001_55_15word_lists
wet,wet,list_word,False,True,"Roediger et al. (2001) 55-list DRM pool, augmented with uploaded 2024 supplementary workbook metrics",Roediger2001_55_15word_lists
whiff,whiff,list_word,False,True,"Roediger et al. (2001) 55-list DRM pool, augmented with uploaded 2024 supplementary workbook metrics",Roediger2001_55_15word_lists
whiskey,whiskey,critical_distractor,True,False,"Roediger et al. (2001) 55-list DRM pool, augmented with uploaded 2024 supplementary workbook metrics",Roediger2001_55_15word_lists
whistle,whistle,critical_distractor,True,False,"Roediger et al. (2001) 55-list DRM pool, augmented with uploaded 2024 supplementary workbook metrics",Roediger2001_55_15word_lists
white,white,list_word,False,True,"Roediger et al. (2001) 55-list DRM pool, augmented with uploaded 2024 supplementary workbook metrics",Roediger2001_55_15word_lists
wimp,Wimp,list_word,False,True,"Brainerd, Chang, & Bialer (2020)",Brainerd2020_120_4word_lists
win,Win,list_word,False,True,"Brainerd, Chang, & Bialer (2020)",Brainerd2020_120_4word_lists
winding,winding,list_word,False,True,"Roediger et al. (2001) 55-list DRM pool, augmented with uploaded 2024 supplementary workbook metrics",Roediger2001_55_15word_lists
window,Window; window,critical_distractor,True,False,"Brainerd, Chang, & Bialer (2020); Roediger et al. (2001) 55-list DRM pool, augmented with uploaded 2024 supplementary workbook metrics",Brainerd2020_120_4word_lists; Roediger2001_55_15word_lists
wine,Wine; wine,list_word,False,True,"Brainerd, Chang, & Bialer (2020); Roediger et al. (2001) 55-list DRM pool, augmented with uploaded 2024 supplementary workbook metrics",Brainerd2020_120_4word_lists; Roediger2001_55_15word_lists
wing,wing,list_word,False,True,"Roediger et al. (2001) 55-list DRM pool, augmented with uploaded 2024 supplementary workbook metrics",Roediger2001_55_15word_lists
winter,winter,list_word,False,True,"Roediger et al. (2001) 55-list DRM pool, augmented with uploaded 2024 supplementary workbook metrics",Roediger2001_55_15word_lists
wish,wish,critical_distractor,True,False,"Roediger et al. (2001) 55-list DRM pool, augmented with uploaded 2024 supplementary workbook metrics",Roediger2001_55_15word_lists
wolf,wolf,list_word,False,True,"Roediger et al. (2001) 55-list DRM pool, augmented with uploaded 2024 supplementary workbook metrics",Roediger2001_55_15word_lists
woman,woman,list_word,False,True,"Roediger et al. (2001) 55-list DRM pool, augmented with uploaded 2024 supplementary workbook metrics",Roediger2001_55_15word_lists
wood,wood,list_word,False,True,"Roediger et al. (2001) 55-list DRM pool, augmented with uploaded 2024 supplementary workbook metrics",Roediger2001_55_15word_lists
woods,Woods; woods,list_word,False,True,"Brainerd, Chang, & Bialer (2020); Roediger et al. (2001) 55-list DRM pool, augmented with uploaded 2024 supplementary workbook metrics",Brainerd2020_120_4word_lists; Roediger2001_55_15word_lists
wool,wool,list_word,False,True,"Roediger et al. (2001) 55-list DRM pool, augmented with uploaded 2024 supplementary workbook metrics",Roediger2001_55_15word_lists
world,World,list_word,False,True,"Brainerd, Chang, & Bialer (2020)",Brainerd2020_120_4word_lists
worm,worm,list_word,False,True,"Roediger et al. (2001) 55-list DRM pool, augmented with uploaded 2024 supplementary workbook metrics",Roediger2001_55_15word_lists
worry,Worry; worry,list_word,False,True,"Brainerd, Chang, & Bialer (2020); Roediger et al. (2001) 55-list DRM pool, augmented with uploaded 2024 supplementary workbook metrics",Brainerd2020_120_4word_lists; Roediger2001_55_15word_lists
wrap,Wrap,list_word,False,True,"Brainerd, Chang, & Bialer (2020)",Brainerd2020_120_4word_lists
wrath,wrath,list_word,False,True,"Roediger et al. (2001) 55-list DRM pool, augmented with uploaded 2024 supplementary workbook metrics",Roediger2001_55_15word_lists
write,write,list_word,False,True,"Roediger et al. (2001) 55-list DRM pool, augmented with uploaded 2024 supplementary workbook metrics",Roediger2001_55_15word_lists
writer,Writer,list_word,False,True,"Brainerd, Chang, & Bialer (2020)",Brainerd2020_120_4word_lists
yard,Yard; yard,list_word,False,True,"Brainerd, Chang, & Bialer (2020); Roediger et al. (2001) 55-list DRM pool, augmented with uploaded 2024 supplementary workbook metrics",Brainerd2020_120_4word_lists; Roediger2001_55_15word_lists
yawn,yawn,list_word,False,True,"Roediger et al. (2001) 55-list DRM pool, augmented with uploaded 2024 supplementary workbook metrics",Roediger2001_55_15word_lists
yellow,yellow,list_word,False,True,"Roediger et al. (2001) 55-list DRM pool, augmented with uploaded 2024 supplementary workbook metrics",Roediger2001_55_15word_lists
young,young,list_word,False,True,"Roediger et al. (2001) 55-list DRM pool, augmented with uploaded 2024 supplementary workbook metrics",Roediger2001_55_15word_lists
