word_key,word_forms,n_occurrences,n_sources,roles,appears_as_critical_distractor,appears_as_list_word,source_papers,datasets,critical_distractor_for_lists,list_word_in_lists,associated_critical_items_when_list_word,mean_item_log_frequency_available,mean_item_BAS_to_critical_available,mean_item_FAS_from_critical_available,occurrences_json
ability,Ability,1,1,critical_distractor,True,False,"Brainerd, Chang, & Bialer (2020)",Brainerd2020_120_4word_lists,brainerd2020_120::ability,,,1.76,,,"[{""dataset"": ""Brainerd2020_120_4word_lists"", ""list_id"": ""brainerd2020_120::ability"", ""critical_item"": ""Ability"", ""role"": ""critical_distractor"", ""position"": ""CD""}]"
able,Able,1,1,list_word,False,True,"Brainerd, Chang, & Bialer (2020)",Brainerd2020_120_4word_lists,,brainerd2020_120::ability,ability,2.41,,,"[{""dataset"": ""Brainerd2020_120_4word_lists"", ""list_id"": ""brainerd2020_120::ability"", ""critical_item"": ""Ability"", ""role"": ""list_word"", ""position"": ""T1""}]"
above,above,1,1,list_word,False,True,"Roediger et al. (2001) 55-list DRM pool, augmented with uploaded 2024 supplementary workbook metrics",Roediger2001_55_15word_lists,,roediger2001_55::high,high,3.39689644914252,0.057,0.0,"[{""dataset"": ""Roediger2001_55_15word_lists"", ""list_id"": ""roediger2001_55::high"", ""critical_item"": ""high"", ""role"": ""list_word"", ""position"": ""T7""}]"
absent,Absent,1,1,list_word,False,True,"Brainerd, Chang, & Bialer (2020)",Brainerd2020_120_4word_lists,,brainerd2020_120::present,present,1.37,,,"[{""dataset"": ""Brainerd2020_120_4word_lists"", ""list_id"": ""brainerd2020_120::present"", ""critical_item"": ""Present"", ""role"": ""list_word"", ""position"": ""T3""}]"
abstract,Abstract,1,1,list_word,False,True,"Brainerd, Chang, & Bialer (2020)",Brainerd2020_120_4word_lists,,brainerd2020_120::art,art,1.3,,,"[{""dataset"": ""Brainerd2020_120_4word_lists"", ""list_id"": ""brainerd2020_120::art"", ""critical_item"": ""Art"", ""role"": ""list_word"", ""position"": ""T1""}]"
accept,Accept,1,1,critical_distractor,True,False,"Brainerd, Chang, & Bialer (2020)",Brainerd2020_120_4word_lists,brainerd2020_120::accept,,,1.93,,,"[{""dataset"": ""Brainerd2020_120_4word_lists"", ""list_id"": ""brainerd2020_120::accept"", ""critical_item"": ""Accept"", ""role"": ""critical_distractor"", ""position"": ""CD""}]"
account,Account,1,1,list_word,False,True,"Brainerd, Chang, & Bialer (2020)",Brainerd2020_120_4word_lists,,brainerd2020_120::bank,bank,2.23,,,"[{""dataset"": ""Brainerd2020_120_4word_lists"", ""list_id"": ""brainerd2020_120::bank"", ""critical_item"": ""Bank"", ""role"": ""list_word"", ""position"": ""T1""}]"
acid,acid,1,1,list_word,False,True,"Roediger et al. (2001) 55-list DRM pool, augmented with uploaded 2024 supplementary workbook metrics",Roediger2001_55_15word_lists,,roediger2001_55::bitter,bitter,2.70671778233676,0.0,0.014,"[{""dataset"": ""Roediger2001_55_15word_lists"", ""list_id"": ""roediger2001_55::bitter"", ""critical_item"": ""bitter"", ""role"": ""list_word"", ""position"": ""T11""}]"
act,Act,1,1,critical_distractor,True,False,"Brainerd, Chang, & Bialer (2020)",Brainerd2020_120_4word_lists,brainerd2020_120::act,,,2.31,,,"[{""dataset"": ""Brainerd2020_120_4word_lists"", ""list_id"": ""brainerd2020_120::act"", ""critical_item"": ""Act"", ""role"": ""critical_distractor"", ""position"": ""CD""}]"
add,Add,1,1,critical_distractor,True,False,"Brainerd, Chang, & Bialer (2020)",Brainerd2020_120_4word_lists,brainerd2020_120::add,,,1.83,,,"[{""dataset"": ""Brainerd2020_120_4word_lists"", ""list_id"": ""brainerd2020_120::add"", ""critical_item"": ""Add"", ""role"": ""critical_distractor"", ""position"": ""CD""}]"
admission,Admission,1,1,list_word,False,True,"Brainerd, Chang, & Bialer (2020)",Brainerd2020_120_4word_lists,,brainerd2020_120::accept,accept,1.21,,,"[{""dataset"": ""Brainerd2020_120_4word_lists"", ""list_id"": ""brainerd2020_120::accept"", ""critical_item"": ""Accept"", ""role"": ""list_word"", ""position"": ""T2""}]"
adult,Adult,1,1,list_word,False,True,"Brainerd, Chang, & Bialer (2020)",Brainerd2020_120_4word_lists,,brainerd2020_120::parent,parent,1.42,,,"[{""dataset"": ""Brainerd2020_120_4word_lists"", ""list_id"": ""brainerd2020_120::parent"", ""critical_item"": ""Parent"", ""role"": ""list_word"", ""position"": ""T1""}]"
adventurous,Adventurous,1,1,list_word,False,True,"Brainerd, Chang, & Bialer (2020)",Brainerd2020_120_4word_lists,,brainerd2020_120::dangerous,dangerous,0.74,,,"[{""dataset"": ""Brainerd2020_120_4word_lists"", ""list_id"": ""brainerd2020_120::dangerous"", ""critical_item"": ""Dangerous"", ""role"": ""list_word"", ""position"": ""T1""}]"
advice,Advice,1,1,list_word,False,True,"Brainerd, Chang, & Bialer (2020)",Brainerd2020_120_4word_lists,,brainerd2020_120::comment,comment,1.86,,,"[{""dataset"": ""Brainerd2020_120_4word_lists"", ""list_id"": ""brainerd2020_120::comment"", ""critical_item"": ""Comment"", ""role"": ""list_word"", ""position"": ""T1""}]"
aerobics,Aerobics,1,1,list_word,False,True,"Brainerd, Chang, & Bialer (2020)",Brainerd2020_120_4word_lists,,brainerd2020_120::disaster,disaster,1.83,,,"[{""dataset"": ""Brainerd2020_120_4word_lists"", ""list_id"": ""brainerd2020_120::disaster"", ""critical_item"": ""Disaster"", ""role"": ""list_word"", ""position"": ""T4""}]"
afraid,Afraid,1,1,list_word,False,True,"Brainerd, Chang, & Bialer (2020)",Brainerd2020_120_4word_lists,,brainerd2020_120::lazy,lazy,2.09,,,"[{""dataset"": ""Brainerd2020_120_4word_lists"", ""list_id"": ""brainerd2020_120::lazy"", ""critical_item"": ""Lazy"", ""role"": ""list_word"", ""position"": ""T2""}]"
africa,africa,1,1,list_word,False,True,"Roediger et al. (2001) 55-list DRM pool, augmented with uploaded 2024 supplementary workbook metrics",Roediger2001_55_15word_lists,,roediger2001_55::lion,lion,2.98136550907854,0.014,0.021,"[{""dataset"": ""Roediger2001_55_15word_lists"", ""list_id"": ""roediger2001_55::lion"", ""critical_item"": ""lion"", ""role"": ""list_word"", ""position"": ""T7""}]"
agent,Agent,1,1,critical_distractor,True,False,"Brainerd, Chang, & Bialer (2020)",Brainerd2020_120_4word_lists,brainerd2020_120::agent,,,1.6,,,"[{""dataset"": ""Brainerd2020_120_4word_lists"", ""list_id"": ""brainerd2020_120::agent"", ""critical_item"": ""Agent"", ""role"": ""critical_distractor"", ""position"": ""CD""}]"
air,air,1,1,list_word,False,True,"Roediger et al. (2001) 55-list DRM pool, augmented with uploaded 2024 supplementary workbook metrics",Roediger2001_55_15word_lists,,roediger2001_55::cold,cold,3.85070748537454,0.0,0.0,"[{""dataset"": ""Roediger2001_55_15word_lists"", ""list_id"": ""roediger2001_55::cold"", ""critical_item"": ""cold"", ""role"": ""list_word"", ""position"": ""T12""}]"
air force,air force,1,1,list_word,False,True,"Roediger et al. (2001) 55-list DRM pool, augmented with uploaded 2024 supplementary workbook metrics",Roediger2001_55_15word_lists,,roediger2001_55::army,army,,0.133,0.014,"[{""dataset"": ""Roediger2001_55_15word_lists"", ""list_id"": ""roediger2001_55::army"", ""critical_item"": ""army"", ""role"": ""list_word"", ""position"": ""T5""}]"
airplane,airplane,1,1,list_word,False,True,"Roediger et al. (2001) 55-list DRM pool, augmented with uploaded 2024 supplementary workbook metrics",Roediger2001_55_15word_lists,,roediger2001_55::high,high,2.74663419893758,0.0,0.014,"[{""dataset"": ""Roediger2001_55_15word_lists"", ""list_id"": ""roediger2001_55::high"", ""critical_item"": ""high"", ""role"": ""list_word"", ""position"": ""T13""}]"
album,Album,1,1,list_word,False,True,"Brainerd, Chang, & Bialer (2020)",Brainerd2020_120_4word_lists,,brainerd2020_120::cover,cover,0.97,,,"[{""dataset"": ""Brainerd2020_120_4word_lists"", ""list_id"": ""brainerd2020_120::cover"", ""critical_item"": ""Cover"", ""role"": ""list_word"", ""position"": ""T1""}]"
alcohol,Alcohol; alcohol,2,2,list_word,False,True,"Brainerd, Chang, & Bialer (2020); Roediger et al. (2001) 55-list DRM pool, augmented with uploaded 2024 supplementary workbook metrics",Brainerd2020_120_4word_lists; Roediger2001_55_15word_lists,,brainerd2020_120::beer; roediger2001_55::whiskey,beer; whiskey,2.07368518151951,0.0,0.051,"[{""dataset"": ""Brainerd2020_120_4word_lists"", ""list_id"": ""brainerd2020_120::beer"", ""critical_item"": ""Beer"", ""role"": ""list_word"", ""position"": ""T1""}, {""dataset"": ""Roediger2001_55_15word_lists"", ""list_id"": ""roediger2001_55::whiskey"", ""critical_item"": ""whiskey"", ""role"": ""list_word"", ""position"": ""T7""}]"
ale,Ale,1,1,list_word,False,True,"Brainerd, Chang, & Bialer (2020)",Brainerd2020_120_4word_lists,,brainerd2020_120::clerk,clerk,0.88,,,"[{""dataset"": ""Brainerd2020_120_4word_lists"", ""list_id"": ""brainerd2020_120::clerk"", ""critical_item"": ""Clerk"", ""role"": ""list_word"", ""position"": ""T2""}]"
alien,alien,1,1,list_word,False,True,"Roediger et al. (2001) 55-list DRM pool, augmented with uploaded 2024 supplementary workbook metrics",Roediger2001_55_15word_lists,,roediger2001_55::citizen,citizen,,0.0,0.079,"[{""dataset"": ""Roediger2001_55_15word_lists"", ""list_id"": ""roediger2001_55::citizen"", ""critical_item"": ""citizen"", ""role"": ""list_word"", ""position"": ""T6""}]"
almonds,almonds,1,1,list_word,False,True,"Roediger et al. (2001) 55-list DRM pool, augmented with uploaded 2024 supplementary workbook metrics",Roediger2001_55_15word_lists,,roediger2001_55::bitter,bitter,1.84509804001426,0.0,0.0,"[{""dataset"": ""Roediger2001_55_15word_lists"", ""list_id"": ""roediger2001_55::bitter"", ""critical_item"": ""bitter"", ""role"": ""list_word"", ""position"": ""T12""}]"
alone,Alone,1,1,list_word,False,True,"Brainerd, Chang, & Bialer (2020)",Brainerd2020_120_4word_lists,,brainerd2020_120::single,single,2.41,,,"[{""dataset"": ""Brainerd2020_120_4word_lists"", ""list_id"": ""brainerd2020_120::single"", ""critical_item"": ""Single"", ""role"": ""list_word"", ""position"": ""T1""}]"
always,Always,1,1,list_word,False,True,"Brainerd, Chang, & Bialer (2020)",Brainerd2020_120_4word_lists,,brainerd2020_120::forever,forever,2.76,,,"[{""dataset"": ""Brainerd2020_120_4word_lists"", ""list_id"": ""brainerd2020_120::forever"", ""critical_item"": ""Forever"", ""role"": ""list_word"", ""position"": ""T3""}]"
american,american,2,1,list_word,False,True,"Roediger et al. (2001) 55-list DRM pool, augmented with uploaded 2024 supplementary workbook metrics",Roediger2001_55_15word_lists,,roediger2001_55::citizen; roediger2001_55::flag,citizen; flag,3.71717102683231,0.117,0.1775,"[{""dataset"": ""Roediger2001_55_15word_lists"", ""list_id"": ""roediger2001_55::citizen"", ""critical_item"": ""citizen"", ""role"": ""list_word"", ""position"": ""T4""}, {""dataset"": ""Roediger2001_55_15word_lists"", ""list_id"": ""roediger2001_55::flag"", ""critical_item"": ""flag"", ""role"": ""list_word"", ""position"": ""T2""}]"
angel,Angel,1,1,list_word,False,True,"Brainerd, Chang, & Bialer (2020)",Brainerd2020_120_4word_lists,,brainerd2020_120::bridge,bridge,1.49,,,"[{""dataset"": ""Brainerd2020_120_4word_lists"", ""list_id"": ""brainerd2020_120::bridge"", ""critical_item"": ""Bridge"", ""role"": ""list_word"", ""position"": ""T2""}]"
anger,anger,1,1,critical_distractor,True,False,"Roediger et al. (2001) 55-list DRM pool, augmented with uploaded 2024 supplementary workbook metrics",Roediger2001_55_15word_lists,roediger2001_55::anger,,,2.99651167215418,,,"[{""dataset"": ""Roediger2001_55_15word_lists"", ""list_id"": ""roediger2001_55::anger"", ""critical_item"": ""anger"", ""role"": ""critical_distractor"", ""position"": ""CD""}]"
angry,angry,1,1,list_word,False,True,"Roediger et al. (2001) 55-list DRM pool, augmented with uploaded 2024 supplementary workbook metrics",Roediger2001_55_15word_lists,,roediger2001_55::bitter,bitter,3.47842218774008,0.0,0.0,"[{""dataset"": ""Roediger2001_55_15word_lists"", ""list_id"": ""roediger2001_55::bitter"", ""critical_item"": ""bitter"", ""role"": ""list_word"", ""position"": ""T8""}]"
animal,animal,1,1,list_word,False,True,"Roediger et al. (2001) 55-list DRM pool, augmented with uploaded 2024 supplementary workbook metrics",Roediger2001_55_15word_lists,,roediger2001_55::spider,spider,3.36567514045592,0.0,0.0,"[{""dataset"": ""Roediger2001_55_15word_lists"", ""list_id"": ""roediger2001_55::spider"", ""critical_item"": ""spider"", ""role"": ""list_word"", ""position"": ""T12""}]"
ankle,ankle,1,1,list_word,False,True,"Roediger et al. (2001) 55-list DRM pool, augmented with uploaded 2024 supplementary workbook metrics",Roediger2001_55_15word_lists,,roediger2001_55::foot,foot,2.61278385671974,0.364,0.0,"[{""dataset"": ""Roediger2001_55_15word_lists"", ""list_id"": ""roediger2001_55::foot"", ""critical_item"": ""foot"", ""role"": ""list_word"", ""position"": ""T9""}]"
answer,Answer,1,1,critical_distractor,True,False,"Brainerd, Chang, & Bialer (2020)",Brainerd2020_120_4word_lists,brainerd2020_120::answer,,,2.3,,,"[{""dataset"": ""Brainerd2020_120_4word_lists"", ""list_id"": ""brainerd2020_120::answer"", ""critical_item"": ""Answer"", ""role"": ""critical_distractor"", ""position"": ""CD""}]"
anthem,anthem,1,1,list_word,False,True,"Roediger et al. (2001) 55-list DRM pool, augmented with uploaded 2024 supplementary workbook metrics",Roediger2001_55_15word_lists,,roediger2001_55::flag,flag,1.98677173426624,0.062,0.0,"[{""dataset"": ""Roediger2001_55_15word_lists"", ""list_id"": ""roediger2001_55::flag"", ""critical_item"": ""flag"", ""role"": ""list_word"", ""position"": ""T5""}]"
anxiety,Anxiety,1,1,list_word,False,True,"Brainerd, Chang, & Bialer (2020)",Brainerd2020_120_4word_lists,,brainerd2020_120::stress,stress,1.57,,,"[{""dataset"": ""Brainerd2020_120_4word_lists"", ""list_id"": ""brainerd2020_120::stress"", ""critical_item"": ""Stress"", ""role"": ""list_word"", ""position"": ""T3""}]"
anxious,Anxious,1,1,critical_distractor,True,False,"Brainerd, Chang, & Bialer (2020)",Brainerd2020_120_4word_lists,brainerd2020_120::anxious,,,1.79,,,"[{""dataset"": ""Brainerd2020_120_4word_lists"", ""list_id"": ""brainerd2020_120::anxious"", ""critical_item"": ""Anxious"", ""role"": ""critical_distractor"", ""position"": ""CD""}]"
apology,Apology,1,1,list_word,False,True,"Brainerd, Chang, & Bialer (2020)",Brainerd2020_120_4word_lists,,brainerd2020_120::approval,approval,0.97,,,"[{""dataset"": ""Brainerd2020_120_4word_lists"", ""list_id"": ""brainerd2020_120::approval"", ""critical_item"": ""Approval"", ""role"": ""list_word"", ""position"": ""T2""}]"
apple,Apple; apple,2,2,list_word,False,True,"Brainerd, Chang, & Bialer (2020); Roediger et al. (2001) 55-list DRM pool, augmented with uploaded 2024 supplementary workbook metrics",Brainerd2020_120_4word_lists; Roediger2001_55_15word_lists,,brainerd2020_120::fruit; roediger2001_55::fruit,fruit,2.311033467142555,0.154,0.223,"[{""dataset"": ""Brainerd2020_120_4word_lists"", ""list_id"": ""brainerd2020_120::fruit"", ""critical_item"": ""Fruit"", ""role"": ""list_word"", ""position"": ""T1""}, {""dataset"": ""Roediger2001_55_15word_lists"", ""list_id"": ""roediger2001_55::fruit"", ""critical_item"": ""fruit"", ""role"": ""list_word"", ""position"": ""T1""}]"
appointment,Appointment,1,1,list_word,False,True,"Brainerd, Chang, & Bialer (2020)",Brainerd2020_120_4word_lists,,brainerd2020_120::schedule,schedule,1.46,,,"[{""dataset"": ""Brainerd2020_120_4word_lists"", ""list_id"": ""brainerd2020_120::schedule"", ""critical_item"": ""Schedule"", ""role"": ""list_word"", ""position"": ""T1""}]"
approval,Approval,1,1,critical_distractor,True,False,"Brainerd, Chang, & Bialer (2020)",Brainerd2020_120_4word_lists,brainerd2020_120::approval,,,1.42,,,"[{""dataset"": ""Brainerd2020_120_4word_lists"", ""list_id"": ""brainerd2020_120::approval"", ""critical_item"": ""Approval"", ""role"": ""critical_distractor"", ""position"": ""CD""}]"
arachnid,arachnid,1,1,list_word,False,True,"Roediger et al. (2001) 55-list DRM pool, augmented with uploaded 2024 supplementary workbook metrics",Roediger2001_55_15word_lists,,roediger2001_55::spider,spider,1.14612803567824,0.704,0.079,"[{""dataset"": ""Roediger2001_55_15word_lists"", ""list_id"": ""roediger2001_55::spider"", ""critical_item"": ""spider"", ""role"": ""list_word"", ""position"": ""T6""}]"
architect,Architect,1,1,list_word,False,True,"Brainerd, Chang, & Bialer (2020)",Brainerd2020_120_4word_lists,,brainerd2020_120::design,design,1.04,,,"[{""dataset"": ""Brainerd2020_120_4word_lists"", ""list_id"": ""brainerd2020_120::design"", ""critical_item"": ""Design"", ""role"": ""list_word"", ""position"": ""T1""}]"
arctic,arctic,1,1,list_word,False,True,"Roediger et al. (2001) 55-list DRM pool, augmented with uploaded 2024 supplementary workbook metrics",Roediger2001_55_15word_lists,,roediger2001_55::cold,cold,2.00432137378264,0.642,0.0,"[{""dataset"": ""Roediger2001_55_15word_lists"", ""list_id"": ""roediger2001_55::cold"", ""critical_item"": ""cold"", ""role"": ""list_word"", ""position"": ""T14""}]"
arm,arm,1,1,list_word,False,True,"Roediger et al. (2001) 55-list DRM pool, augmented with uploaded 2024 supplementary workbook metrics",Roediger2001_55_15word_lists,,roediger2001_55::foot,foot,3.52335620665479,0.0,0.0,"[{""dataset"": ""Roediger2001_55_15word_lists"", ""list_id"": ""roediger2001_55::foot"", ""critical_item"": ""foot"", ""role"": ""list_word"", ""position"": ""T10""}]"
army,Army; army,3,2,critical_distractor; list_word,True,True,"Brainerd, Chang, & Bialer (2020); Roediger et al. (2001) 55-list DRM pool, augmented with uploaded 2024 supplementary workbook metrics",Brainerd2020_120_4word_lists; Roediger2001_55_15word_lists,brainerd2020_120::army; roediger2001_55::army,roediger2001_55::command,command,3.1203872043264336,0.0,0.034,"[{""dataset"": ""Brainerd2020_120_4word_lists"", ""list_id"": ""brainerd2020_120::army"", ""critical_item"": ""Army"", ""role"": ""critical_distractor"", ""position"": ""CD""}, {""dataset"": ""Roediger2001_55_15word_lists"", ""list_id"": ""roediger2001_55::army"", ""critical_item"": ""army"", ""role"": ""critical_distractor"", ""position"": ""CD""}, {""dataset"": ""Roediger2001_55_15word_lists"", ""list_id"": ""roediger2001_55::command"", ""critical_item"": ""command"", ""role"": ""list_word"", ""position"": ""T2""}]"
aroma,aroma,1,1,list_word,False,True,"Roediger et al. (2001) 55-list DRM pool, augmented with uploaded 2024 supplementary workbook metrics",Roediger2001_55_15word_lists,,roediger2001_55::smell,smell,1.84509804001426,0.678,0.0,"[{""dataset"": ""Roediger2001_55_15word_lists"", ""list_id"": ""roediger2001_55::smell"", ""critical_item"": ""smell"", ""role"": ""list_word"", ""position"": ""T4""}]"
arrest,Arrest,1,1,list_word,False,True,"Brainerd, Chang, & Bialer (2020)",Brainerd2020_120_4word_lists,,brainerd2020_120::police,police,1.34,,,"[{""dataset"": ""Brainerd2020_120_4word_lists"", ""list_id"": ""brainerd2020_120::police"", ""critical_item"": ""Police"", ""role"": ""list_word"", ""position"": ""T1""}]"
art,Art; art,2,2,critical_distractor; list_word,True,True,"Brainerd, Chang, & Bialer (2020); Roediger et al. (2001) 55-list DRM pool, augmented with uploaded 2024 supplementary workbook metrics",Brainerd2020_120_4word_lists; Roediger2001_55_15word_lists,brainerd2020_120::art,roediger2001_55::music,music,2.8938738708207348,0.02,0.02,"[{""dataset"": ""Brainerd2020_120_4word_lists"", ""list_id"": ""brainerd2020_120::art"", ""critical_item"": ""Art"", ""role"": ""critical_distractor"", ""position"": ""CD""}, {""dataset"": ""Roediger2001_55_15word_lists"", ""list_id"": ""roediger2001_55::music"", ""critical_item"": ""music"", ""role"": ""list_word"", ""position"": ""T14""}]"
ashes,Ashes; ashes,2,2,list_word,False,True,"Brainerd, Chang, & Bialer (2020); Roediger et al. (2001) 55-list DRM pool, augmented with uploaded 2024 supplementary workbook metrics",Brainerd2020_120_4word_lists; Roediger2001_55_15word_lists,,brainerd2020_120::smoke; roediger2001_55::smoke,smoke,1.956215268222765,0.052,0.0,"[{""dataset"": ""Brainerd2020_120_4word_lists"", ""list_id"": ""brainerd2020_120::smoke"", ""critical_item"": ""Smoke"", ""role"": ""list_word"", ""position"": ""T1""}, {""dataset"": ""Roediger2001_55_15word_lists"", ""list_id"": ""roediger2001_55::smoke"", ""critical_item"": ""smoke"", ""role"": ""list_word"", ""position"": ""T6""}]"
asphalt,Asphalt,1,1,list_word,False,True,"Brainerd, Chang, & Bialer (2020)",Brainerd2020_120_4word_lists,,brainerd2020_120::ball,ball,0.12,,,"[{""dataset"": ""Brainerd2020_120_4word_lists"", ""list_id"": ""brainerd2020_120::ball"", ""critical_item"": ""Ball"", ""role"": ""list_word"", ""position"": ""T3""}]"
astronomy,Astronomy,1,1,list_word,False,True,"Brainerd, Chang, & Bialer (2020)",Brainerd2020_120_4word_lists,,brainerd2020_120::police,police,0.77,,,"[{""dataset"": ""Brainerd2020_120_4word_lists"", ""list_id"": ""brainerd2020_120::police"", ""critical_item"": ""Police"", ""role"": ""list_word"", ""position"": ""T3""}]"
atlas,Atlas,1,1,list_word,False,True,"Brainerd, Chang, & Bialer (2020)",Brainerd2020_120_4word_lists,,brainerd2020_120::map,map,0.47,,,"[{""dataset"": ""Brainerd2020_120_4word_lists"", ""list_id"": ""brainerd2020_120::map"", ""critical_item"": ""Map"", ""role"": ""list_word"", ""position"": ""T1""}]"
attention,attention,1,1,list_word,False,True,"Roediger et al. (2001) 55-list DRM pool, augmented with uploaded 2024 supplementary workbook metrics",Roediger2001_55_15word_lists,,roediger2001_55::command,command,3.70182693039714,0.0,0.0,"[{""dataset"": ""Roediger2001_55_15word_lists"", ""list_id"": ""roediger2001_55::command"", ""critical_item"": ""command"", ""role"": ""list_word"", ""position"": ""T14""}]"
attractive,Attractive,1,1,list_word,False,True,"Brainerd, Chang, & Bialer (2020)",Brainerd2020_120_4word_lists,,brainerd2020_120::pretty,pretty,1.54,,,"[{""dataset"": ""Brainerd2020_120_4word_lists"", ""list_id"": ""brainerd2020_120::pretty"", ""critical_item"": ""Pretty"", ""role"": ""list_word"", ""position"": ""T1""}]"
aunt,aunt,1,1,list_word,False,True,"Roediger et al. (2001) 55-list DRM pool, augmented with uploaded 2024 supplementary workbook metrics",Roediger2001_55_15word_lists,,roediger2001_55::girl,girl,3.44963265047007,0.0,0.0,"[{""dataset"": ""Roediger2001_55_15word_lists"", ""list_id"": ""roediger2001_55::girl"", ""critical_item"": ""girl"", ""role"": ""list_word"", ""position"": ""T13""}]"
author,Author; author,2,2,list_word,False,True,"Brainerd, Chang, & Bialer (2020); Roediger et al. (2001) 55-list DRM pool, augmented with uploaded 2024 supplementary workbook metrics",Brainerd2020_120_4word_lists; Roediger2001_55_15word_lists,,brainerd2020_120::fast; roediger2001_55::swift,fast; swift,2.0,0.0,0.0,"[{""dataset"": ""Brainerd2020_120_4word_lists"", ""list_id"": ""brainerd2020_120::fast"", ""critical_item"": ""Fast"", ""role"": ""list_word"", ""position"": ""T4""}, {""dataset"": ""Roediger2001_55_15word_lists"", ""list_id"": ""roediger2001_55::swift"", ""critical_item"": ""swift"", ""role"": ""list_word"", ""position"": ""T15""}]"
authority,Authority,1,1,list_word,False,True,"Brainerd, Chang, & Bialer (2020)",Brainerd2020_120_4word_lists,,brainerd2020_120::drug,drug,2.05,,,"[{""dataset"": ""Brainerd2020_120_4word_lists"", ""list_id"": ""brainerd2020_120::drug"", ""critical_item"": ""Drug"", ""role"": ""list_word"", ""position"": ""T2""}]"
automobile,automobile,1,1,list_word,False,True,"Roediger et al. (2001) 55-list DRM pool, augmented with uploaded 2024 supplementary workbook metrics",Roediger2001_55_15word_lists,,roediger2001_55::car,car,2.46538285144842,0.709,0.133,"[{""dataset"": ""Roediger2001_55_15word_lists"", ""list_id"": ""roediger2001_55::car"", ""critical_item"": ""car"", ""role"": ""list_word"", ""position"": ""T4""}]"
average,Average,1,1,list_word,False,True,"Brainerd, Chang, & Bialer (2020)",Brainerd2020_120_4word_lists,,brainerd2020_120::middle,middle,1.79,,,"[{""dataset"": ""Brainerd2020_120_4word_lists"", ""list_id"": ""brainerd2020_120::middle"", ""critical_item"": ""Middle"", ""role"": ""list_word"", ""position"": ""T1""}]"
awake,awake,1,1,list_word,False,True,"Roediger et al. (2001) 55-list DRM pool, augmented with uploaded 2024 supplementary workbook metrics",Roediger2001_55_15word_lists,,roediger2001_55::sleep,sleep,3.13449585583467,0.618,0.143,"[{""dataset"": ""Roediger2001_55_15word_lists"", ""list_id"": ""roediger2001_55::sleep"", ""critical_item"": ""sleep"", ""role"": ""list_word"", ""position"": ""T3""}]"
bad,Bad; bad,3,2,list_word,False,True,"Brainerd, Chang, & Bialer (2020); Roediger et al. (2001) 55-list DRM pool, augmented with uploaded 2024 supplementary workbook metrics",Brainerd2020_120_4word_lists; Roediger2001_55_15word_lists,,brainerd2020_120::black; roediger2001_55::thief; roediger2001_55::trouble,black; thief; trouble,3.7194152662752806,0.0,0.0675,"[{""dataset"": ""Brainerd2020_120_4word_lists"", ""list_id"": ""brainerd2020_120::black"", ""critical_item"": ""Black"", ""role"": ""list_word"", ""position"": ""T4""}, {""dataset"": ""Roediger2001_55_15word_lists"", ""list_id"": ""roediger2001_55::thief"", ""critical_item"": ""thief"", ""role"": ""list_word"", ""position"": ""T7""}, {""dataset"": ""Roediger2001_55_15word_lists"", ""list_id"": ""roediger2001_55::trouble"", ""critical_item"": ""trouble"", ""role"": ""list_word"", ""position"": ""T1""}]"
badge,Badge,1,1,list_word,False,True,"Brainerd, Chang, & Bialer (2020)",Brainerd2020_120_4word_lists,,brainerd2020_120::large,large,0.67,,,"[{""dataset"": ""Brainerd2020_120_4word_lists"", ""list_id"": ""brainerd2020_120::large"", ""critical_item"": ""Large"", ""role"": ""list_word"", ""position"": ""T2""}]"
bag,Bag; bag,3,2,critical_distractor; list_word,True,True,"Brainerd, Chang, & Bialer (2020); Roediger et al. (2001) 55-list DRM pool, augmented with uploaded 2024 supplementary workbook metrics",Brainerd2020_120_4word_lists; Roediger2001_55_15word_lists,brainerd2020_120::bag,roediger2001_55::carpet; roediger2001_55::trash,carpet; trash,3.0206464789772665,0.0,0.0235,"[{""dataset"": ""Brainerd2020_120_4word_lists"", ""list_id"": ""brainerd2020_120::bag"", ""critical_item"": ""Bag"", ""role"": ""critical_distractor"", ""position"": ""CD""}, {""dataset"": ""Roediger2001_55_15word_lists"", ""list_id"": ""roediger2001_55::carpet"", ""critical_item"": ""carpet"", ""role"": ""list_word"", ""position"": ""T8""}, {""dataset"": ""Roediger2001_55_15word_lists"", ""list_id"": ""roediger2001_55::trash"", ""critical_item"": ""trash"", ""role"": ""list_word"", ""position"": ""T6""}]"
ball,Ball; ball,2,2,critical_distractor; list_word,True,True,"Brainerd, Chang, & Bialer (2020); Roediger et al. (2001) 55-list DRM pool, augmented with uploaded 2024 supplementary workbook metrics",Brainerd2020_120_4word_lists; Roediger2001_55_15word_lists,brainerd2020_120::ball,roediger2001_55::rubber,rubber,2.769339183425455,0.0,0.041,"[{""dataset"": ""Brainerd2020_120_4word_lists"", ""list_id"": ""brainerd2020_120::ball"", ""critical_item"": ""Ball"", ""role"": ""critical_distractor"", ""position"": ""CD""}, {""dataset"": ""Roediger2001_55_15word_lists"", ""list_id"": ""roediger2001_55::rubber"", ""critical_item"": ""rubber"", ""role"": ""list_word"", ""position"": ""T5""}]"
ballerina,Ballerina,1,1,list_word,False,True,"Brainerd, Chang, & Bialer (2020)",Brainerd2020_120_4word_lists,,brainerd2020_120::match,match,-0.33,,,"[{""dataset"": ""Brainerd2020_120_4word_lists"", ""list_id"": ""brainerd2020_120::match"", ""critical_item"": ""Match"", ""role"": ""list_word"", ""position"": ""T2""}]"
ballet,Ballet,1,1,list_word,False,True,"Brainerd, Chang, & Bialer (2020)",Brainerd2020_120_4word_lists,,brainerd2020_120::dance,dance,0.83,,,"[{""dataset"": ""Brainerd2020_120_4word_lists"", ""list_id"": ""brainerd2020_120::dance"", ""critical_item"": ""Dance"", ""role"": ""list_word"", ""position"": ""T1""}]"
banana,Banana; banana,2,2,list_word,False,True,"Brainerd, Chang, & Bialer (2020); Roediger et al. (2001) 55-list DRM pool, augmented with uploaded 2024 supplementary workbook metrics",Brainerd2020_120_4word_lists; Roediger2001_55_15word_lists,,brainerd2020_120::fruit; roediger2001_55::fruit,fruit,1.649390279242185,0.215,0.065,"[{""dataset"": ""Brainerd2020_120_4word_lists"", ""list_id"": ""brainerd2020_120::fruit"", ""critical_item"": ""Fruit"", ""role"": ""list_word"", ""position"": ""T2""}, {""dataset"": ""Roediger2001_55_15word_lists"", ""list_id"": ""roediger2001_55::fruit"", ""critical_item"": ""fruit"", ""role"": ""list_word"", ""position"": ""T8""}]"
band,band,1,1,list_word,False,True,"Roediger et al. (2001) 55-list DRM pool, augmented with uploaded 2024 supplementary workbook metrics",Roediger2001_55_15word_lists,,roediger2001_55::music,music,3.43536650661266,0.432,0.02,"[{""dataset"": ""Roediger2001_55_15word_lists"", ""list_id"": ""roediger2001_55::music"", ""critical_item"": ""music"", ""role"": ""list_word"", ""position"": ""T6""}]"
bandit,bandit,1,1,list_word,False,True,"Roediger et al. (2001) 55-list DRM pool, augmented with uploaded 2024 supplementary workbook metrics",Roediger2001_55_15word_lists,,roediger2001_55::thief,thief,2.28330122870355,0.167,0.0,"[{""dataset"": ""Roediger2001_55_15word_lists"", ""list_id"": ""roediger2001_55::thief"", ""critical_item"": ""thief"", ""role"": ""list_word"", ""position"": ""T14""}]"
bank,Bank; bank,2,2,critical_distractor; list_word,True,True,"Brainerd, Chang, & Bialer (2020); Roediger et al. (2001) 55-list DRM pool, augmented with uploaded 2024 supplementary workbook metrics",Brainerd2020_120_4word_lists; Roediger2001_55_15word_lists,brainerd2020_120::bank,roediger2001_55::thief,thief,2.868494550906115,0.0,0.0,"[{""dataset"": ""Brainerd2020_120_4word_lists"", ""list_id"": ""brainerd2020_120::bank"", ""critical_item"": ""Bank"", ""role"": ""critical_distractor"", ""position"": ""CD""}, {""dataset"": ""Roediger2001_55_15word_lists"", ""list_id"": ""roediger2001_55::thief"", ""critical_item"": ""thief"", ""role"": ""list_word"", ""position"": ""T13""}]"
banner,banner,1,1,list_word,False,True,"Roediger et al. (2001) 55-list DRM pool, augmented with uploaded 2024 supplementary workbook metrics",Roediger2001_55_15word_lists,,roediger2001_55::flag,flag,2.4814426285023,0.687,0.0,"[{""dataset"": ""Roediger2001_55_15word_lists"", ""list_id"": ""roediger2001_55::flag"", ""critical_item"": ""flag"", ""role"": ""list_word"", ""position"": ""T1""}]"
bar,bar,1,1,list_word,False,True,"Roediger et al. (2001) 55-list DRM pool, augmented with uploaded 2024 supplementary workbook metrics",Roediger2001_55_15word_lists,,roediger2001_55::whiskey,whiskey,3.6420686273415,0.0,0.0,"[{""dataset"": ""Roediger2001_55_15word_lists"", ""list_id"": ""roediger2001_55::whiskey"", ""critical_item"": ""whiskey"", ""role"": ""list_word"", ""position"": ""T14""}]"
barge,barge,1,1,list_word,False,True,"Roediger et al. (2001) 55-list DRM pool, augmented with uploaded 2024 supplementary workbook metrics",Roediger2001_55_15word_lists,,roediger2001_55::river,river,2.29885307640971,0.047,0.0,"[{""dataset"": ""Roediger2001_55_15word_lists"", ""list_id"": ""roediger2001_55::river"", ""critical_item"": ""river"", ""role"": ""list_word"", ""position"": ""T10""}]"
basket,basket,1,1,list_word,False,True,"Roediger et al. (2001) 55-list DRM pool, augmented with uploaded 2024 supplementary workbook metrics",Roediger2001_55_15word_lists,,roediger2001_55::fruit,fruit,2.82801506422398,0.084,0.011,"[{""dataset"": ""Roediger2001_55_15word_lists"", ""list_id"": ""roediger2001_55::fruit"", ""critical_item"": ""fruit"", ""role"": ""list_word"", ""position"": ""T11""}]"
bat,Bat,1,1,list_word,False,True,"Brainerd, Chang, & Bialer (2020)",Brainerd2020_120_4word_lists,,brainerd2020_120::ball,ball,1.02,,,"[{""dataset"": ""Brainerd2020_120_4word_lists"", ""list_id"": ""brainerd2020_120::ball"", ""critical_item"": ""Ball"", ""role"": ""list_word"", ""position"": ""T1""}]"
beard,beard,1,1,list_word,False,True,"Roediger et al. (2001) 55-list DRM pool, augmented with uploaded 2024 supplementary workbook metrics",Roediger2001_55_15word_lists,,roediger2001_55::man,man,2.80888586735981,0.055,0.0,"[{""dataset"": ""Roediger2001_55_15word_lists"", ""list_id"": ""roediger2001_55::man"", ""critical_item"": ""man"", ""role"": ""list_word"", ""position"": ""T10""}]"
bears,bears,1,1,list_word,False,True,"Roediger et al. (2001) 55-list DRM pool, augmented with uploaded 2024 supplementary workbook metrics",Roediger2001_55_15word_lists,,roediger2001_55::lion,lion,2.76492298464989,0.034,0.021,"[{""dataset"": ""Roediger2001_55_15word_lists"", ""list_id"": ""roediger2001_55::lion"", ""critical_item"": ""lion"", ""role"": ""list_word"", ""position"": ""T13""}]"
beautiful,Beautiful; beautiful,3,2,critical_distractor; list_word,True,True,"Brainerd, Chang, & Bialer (2020); Roediger et al. (2001) 55-list DRM pool, augmented with uploaded 2024 supplementary workbook metrics",Brainerd2020_120_4word_lists; Roediger2001_55_15word_lists,roediger2001_55::beautiful,brainerd2020_120::pretty; roediger2001_55::girl,girl; pretty,3.5195551074948734,0.049,0.0,"[{""dataset"": ""Brainerd2020_120_4word_lists"", ""list_id"": ""brainerd2020_120::pretty"", ""critical_item"": ""Pretty"", ""role"": ""list_word"", ""position"": ""T2""}, {""dataset"": ""Roediger2001_55_15word_lists"", ""list_id"": ""roediger2001_55::beautiful"", ""critical_item"": ""beautiful"", ""role"": ""critical_distractor"", ""position"": ""CD""}, {""dataset"": ""Roediger2001_55_15word_lists"", ""list_id"": ""roediger2001_55::girl"", ""critical_item"": ""girl"", ""role"": ""list_word"", ""position"": ""T10""}]"
bed,bed,2,1,list_word,False,True,"Roediger et al. (2001) 55-list DRM pool, augmented with uploaded 2024 supplementary workbook metrics",Roediger2001_55_15word_lists,,roediger2001_55::lamp; roediger2001_55::sleep,lamp; sleep,3.97973043066229,0.319,0.046,"[{""dataset"": ""Roediger2001_55_15word_lists"", ""list_id"": ""roediger2001_55::lamp"", ""critical_item"": ""lamp"", ""role"": ""list_word"", ""position"": ""T13""}, {""dataset"": ""Roediger2001_55_15word_lists"", ""list_id"": ""roediger2001_55::sleep"", ""critical_item"": ""sleep"", ""role"": ""list_word"", ""position"": ""T1""}]"
bee,bee,1,1,list_word,False,True,"Roediger et al. (2001) 55-list DRM pool, augmented with uploaded 2024 supplementary workbook metrics",Roediger2001_55_15word_lists,,roediger2001_55::butterfly,butterfly,2.72345567203519,0.0,0.0,"[{""dataset"": ""Roediger2001_55_15word_lists"", ""list_id"": ""roediger2001_55::butterfly"", ""critical_item"": ""butterfly"", ""role"": ""list_word"", ""position"": ""T13""}]"
beef,beef,1,1,list_word,False,True,"Roediger et al. (2001) 55-list DRM pool, augmented with uploaded 2024 supplementary workbook metrics",Roediger2001_55_15word_lists,,roediger2001_55::mutton,mutton,3.00259798071991,0.0,0.0,"[{""dataset"": ""Roediger2001_55_15word_lists"", ""list_id"": ""roediger2001_55::mutton"", ""critical_item"": ""mutton"", ""role"": ""list_word"", ""position"": ""T5""}]"
beer,Beer; beer,2,2,critical_distractor; list_word,True,True,"Brainerd, Chang, & Bialer (2020); Roediger et al. (2001) 55-list DRM pool, augmented with uploaded 2024 supplementary workbook metrics",Brainerd2020_120_4word_lists; Roediger2001_55_15word_lists,brainerd2020_120::beer,roediger2001_55::whiskey,whiskey,2.522786759311365,0.0,0.051,"[{""dataset"": ""Brainerd2020_120_4word_lists"", ""list_id"": ""brainerd2020_120::beer"", ""critical_item"": ""Beer"", ""role"": ""critical_distractor"", ""position"": ""CD""}, {""dataset"": ""Roediger2001_55_15word_lists"", ""list_id"": ""roediger2001_55::whiskey"", ""critical_item"": ""whiskey"", ""role"": ""list_word"", ""position"": ""T3""}]"
bell,Bell,1,1,list_word,False,True,"Brainerd, Chang, & Bialer (2020)",Brainerd2020_120_4word_lists,,brainerd2020_120::liberty,liberty,1.76,,,"[{""dataset"": ""Brainerd2020_120_4word_lists"", ""list_id"": ""brainerd2020_120::liberty"", ""critical_item"": ""Liberty"", ""role"": ""list_word"", ""position"": ""T1""}]"
belt,belt,1,1,list_word,False,True,"Roediger et al. (2001) 55-list DRM pool, augmented with uploaded 2024 supplementary workbook metrics",Roediger2001_55_15word_lists,,roediger2001_55::shirt,shirt,3.09447112864164,0.0,0.0,"[{""dataset"": ""Roediger2001_55_15word_lists"", ""list_id"": ""roediger2001_55::shirt"", ""critical_item"": ""shirt"", ""role"": ""list_word"", ""position"": ""T13""}]"
bench,bench,1,1,list_word,False,True,"Roediger et al. (2001) 55-list DRM pool, augmented with uploaded 2024 supplementary workbook metrics",Roediger2001_55_15word_lists,,roediger2001_55::chair,chair,2.69372694892365,0.109,0.013,"[{""dataset"": ""Roediger2001_55_15word_lists"", ""list_id"": ""roediger2001_55::chair"", ""critical_item"": ""chair"", ""role"": ""list_word"", ""position"": ""T15""}]"
bent,Bent,1,1,list_word,False,True,"Brainerd, Chang, & Bialer (2020)",Brainerd2020_120_4word_lists,,brainerd2020_120::straight,straight,1.76,,,"[{""dataset"": ""Brainerd2020_120_4word_lists"", ""list_id"": ""brainerd2020_120::straight"", ""critical_item"": ""Straight"", ""role"": ""list_word"", ""position"": ""T1""}]"
berry,berry,1,1,list_word,False,True,"Roediger et al. (2001) 55-list DRM pool, augmented with uploaded 2024 supplementary workbook metrics",Roediger2001_55_15word_lists,,roediger2001_55::fruit,fruit,2.25285303097989,0.298,0.0,"[{""dataset"": ""Roediger2001_55_15word_lists"", ""list_id"": ""roediger2001_55::fruit"", ""critical_item"": ""fruit"", ""role"": ""list_word"", ""position"": ""T9""}]"
bic,bic,1,1,list_word,False,True,"Roediger et al. (2001) 55-list DRM pool, augmented with uploaded 2024 supplementary workbook metrics",Roediger2001_55_15word_lists,,roediger2001_55::pen,pen,1.0,0.372,0.0,"[{""dataset"": ""Roediger2001_55_15word_lists"", ""list_id"": ""roediger2001_55::pen"", ""critical_item"": ""pen"", ""role"": ""list_word"", ""position"": ""T7""}]"
big,big,1,1,list_word,False,True,"Roediger et al. (2001) 55-list DRM pool, augmented with uploaded 2024 supplementary workbook metrics",Roediger2001_55_15word_lists,,roediger2001_55::city,city,,0.0,0.025,"[{""dataset"": ""Roediger2001_55_15word_lists"", ""list_id"": ""roediger2001_55::city"", ""critical_item"": ""city"", ""role"": ""list_word"", ""position"": ""T11""}]"
bike,bike,1,1,list_word,False,True,"Roediger et al. (2001) 55-list DRM pool, augmented with uploaded 2024 supplementary workbook metrics",Roediger2001_55_15word_lists,,roediger2001_55::mountain,mountain,3.12090281761453,0.033,0.0,"[{""dataset"": ""Roediger2001_55_15word_lists"", ""list_id"": ""roediger2001_55::mountain"", ""critical_item"": ""mountain"", ""role"": ""list_word"", ""position"": ""T11""}]"
billows,billows,1,1,list_word,False,True,"Roediger et al. (2001) 55-list DRM pool, augmented with uploaded 2024 supplementary workbook metrics",Roediger2001_55_15word_lists,,roediger2001_55::smoke,smoke,0.778151250383644,0.061,0.0,"[{""dataset"": ""Roediger2001_55_15word_lists"", ""list_id"": ""roediger2001_55::smoke"", ""critical_item"": ""smoke"", ""role"": ""list_word"", ""position"": ""T4""}]"
bird,bird,1,1,list_word,False,True,"Roediger et al. (2001) 55-list DRM pool, augmented with uploaded 2024 supplementary workbook metrics",Roediger2001_55_15word_lists,,roediger2001_55::butterfly,butterfly,3.36530074863799,0.0,0.042,"[{""dataset"": ""Roediger2001_55_15word_lists"", ""list_id"": ""roediger2001_55::butterfly"", ""critical_item"": ""butterfly"", ""role"": ""list_word"", ""position"": ""T4""}]"
birthday,Birthday,1,1,list_word,False,True,"Brainerd, Chang, & Bialer (2020)",Brainerd2020_120_4word_lists,,brainerd2020_120::present,present,1.33,,,"[{""dataset"": ""Brainerd2020_120_4word_lists"", ""list_id"": ""brainerd2020_120::present"", ""critical_item"": ""Present"", ""role"": ""list_word"", ""position"": ""T2""}]"
bite,bite,1,1,list_word,False,True,"Roediger et al. (2001) 55-list DRM pool, augmented with uploaded 2024 supplementary workbook metrics",Roediger2001_55_15word_lists,,roediger2001_55::spider,spider,3.31827208021163,0.0,0.0,"[{""dataset"": ""Roediger2001_55_15word_lists"", ""list_id"": ""roediger2001_55::spider"", ""critical_item"": ""spider"", ""role"": ""list_word"", ""position"": ""T10""}]"
bitter,Bitter; bitter,3,2,critical_distractor; list_word,True,True,"Brainerd, Chang, & Bialer (2020); Roediger et al. (2001) 55-list DRM pool, augmented with uploaded 2024 supplementary workbook metrics",Brainerd2020_120_4word_lists; Roediger2001_55_15word_lists,roediger2001_55::bitter,brainerd2020_120::sweet; roediger2001_55::sweet,sweet,2.386741510930047,0.435,0.02,"[{""dataset"": ""Brainerd2020_120_4word_lists"", ""list_id"": ""brainerd2020_120::sweet"", ""critical_item"": ""Sweet"", ""role"": ""list_word"", ""position"": ""T4""}, {""dataset"": ""Roediger2001_55_15word_lists"", ""list_id"": ""roediger2001_55::bitter"", ""critical_item"": ""bitter"", ""role"": ""critical_distractor"", ""position"": ""CD""}, {""dataset"": ""Roediger2001_55_15word_lists"", ""list_id"": ""roediger2001_55::sweet"", ""critical_item"": ""sweet"", ""role"": ""list_word"", ""position"": ""T4""}]"
black,Black; black,3,2,critical_distractor; list_word,True,True,"Brainerd, Chang, & Bialer (2020); Roediger et al. (2001) 55-list DRM pool, augmented with uploaded 2024 supplementary workbook metrics",Brainerd2020_120_4word_lists; Roediger2001_55_15word_lists,brainerd2020_120::black; roediger2001_55::black,roediger2001_55::lamp,lamp,3.4518520467070335,0.0,0.0,"[{""dataset"": ""Brainerd2020_120_4word_lists"", ""list_id"": ""brainerd2020_120::black"", ""critical_item"": ""Black"", ""role"": ""critical_distractor"", ""position"": ""CD""}, {""dataset"": ""Roediger2001_55_15word_lists"", ""list_id"": ""roediger2001_55::black"", ""critical_item"": ""black"", ""role"": ""critical_distractor"", ""position"": ""CD""}, {""dataset"": ""Roediger2001_55_15word_lists"", ""list_id"": ""roediger2001_55::lamp"", ""critical_item"": ""lamp"", ""role"": ""list_word"", ""position"": ""T6""}]"
blanket,blanket,1,1,list_word,False,True,"Roediger et al. (2001) 55-list DRM pool, augmented with uploaded 2024 supplementary workbook metrics",Roediger2001_55_15word_lists,,roediger2001_55::sleep,sleep,2.82151352840477,0.024,0.0,"[{""dataset"": ""Roediger2001_55_15word_lists"", ""list_id"": ""roediger2001_55::sleep"", ""critical_item"": ""sleep"", ""role"": ""list_word"", ""position"": ""T8""}]"
blaze,blaze,1,1,list_word,False,True,"Roediger et al. (2001) 55-list DRM pool, augmented with uploaded 2024 supplementary workbook metrics",Roediger2001_55_15word_lists,,roediger2001_55::smoke,smoke,2.03342375548695,0.0,0.0,"[{""dataset"": ""Roediger2001_55_15word_lists"", ""list_id"": ""roediger2001_55::smoke"", ""critical_item"": ""smoke"", ""role"": ""list_word"", ""position"": ""T3""}]"
blessing,Blessing,1,1,list_word,False,True,"Brainerd, Chang, & Bialer (2020)",Brainerd2020_120_4word_lists,,brainerd2020_120::danger,danger,1.2,,,"[{""dataset"": ""Brainerd2020_120_4word_lists"", ""list_id"": ""brainerd2020_120::danger"", ""critical_item"": ""Danger"", ""role"": ""list_word"", ""position"": ""T3""}]"
blind,blind,1,1,list_word,False,True,"Roediger et al. (2001) 55-list DRM pool, augmented with uploaded 2024 supplementary workbook metrics",Roediger2001_55_15word_lists,,roediger2001_55::justice,justice,3.36884450682582,0.0,0.0,"[{""dataset"": ""Roediger2001_55_15word_lists"", ""list_id"": ""roediger2001_55::justice"", ""critical_item"": ""justice"", ""role"": ""list_word"", ""position"": ""T10""}]"
blocks,Blocks,1,1,list_word,False,True,"Brainerd, Chang, & Bialer (2020)",Brainerd2020_120_4word_lists,,brainerd2020_120::building,building,1.28,,,"[{""dataset"": ""Brainerd2020_120_4word_lists"", ""list_id"": ""brainerd2020_120::building"", ""critical_item"": ""Building"", ""role"": ""list_word"", ""position"": ""T2""}]"
blot,Blot,1,1,list_word,False,True,"Brainerd, Chang, & Bialer (2020)",Brainerd2020_120_4word_lists,,brainerd2020_120::pen,pen,0.58,,,"[{""dataset"": ""Brainerd2020_120_4word_lists"", ""list_id"": ""brainerd2020_120::pen"", ""critical_item"": ""Pen"", ""role"": ""list_word"", ""position"": ""T4""}]"
blouse,blouse,1,1,list_word,False,True,"Roediger et al. (2001) 55-list DRM pool, augmented with uploaded 2024 supplementary workbook metrics",Roediger2001_55_15word_lists,,roediger2001_55::shirt,shirt,2.43616264704076,0.647,0.135,"[{""dataset"": ""Roediger2001_55_15word_lists"", ""list_id"": ""roediger2001_55::shirt"", ""critical_item"": ""shirt"", ""role"": ""list_word"", ""position"": ""T1""}]"
blow,blow,1,1,list_word,False,True,"Roediger et al. (2001) 55-list DRM pool, augmented with uploaded 2024 supplementary workbook metrics",Roediger2001_55_15word_lists,,roediger2001_55::whistle,whistle,3.69696764074402,0.034,0.175,"[{""dataset"": ""Roediger2001_55_15word_lists"", ""list_id"": ""roediger2001_55::whistle"", ""critical_item"": ""whistle"", ""role"": ""list_word"", ""position"": ""T5""}]"
blue,blue,2,1,list_word,False,True,"Roediger et al. (2001) 55-list DRM pool, augmented with uploaded 2024 supplementary workbook metrics",Roediger2001_55_15word_lists,,roediger2001_55::black; roediger2001_55::carpet,black; carpet,3.71792002583699,0.014,0.0105,"[{""dataset"": ""Roediger2001_55_15word_lists"", ""list_id"": ""roediger2001_55::black"", ""critical_item"": ""black"", ""role"": ""list_word"", ""position"": ""T9""}, {""dataset"": ""Roediger2001_55_15word_lists"", ""list_id"": ""roediger2001_55::carpet"", ""critical_item"": ""carpet"", ""role"": ""list_word"", ""position"": ""T10""}]"
blueprint,Blueprint,1,1,list_word,False,True,"Brainerd, Chang, & Bialer (2020)",Brainerd2020_120_4word_lists,,brainerd2020_120::plan,plan,0.12,,,"[{""dataset"": ""Brainerd2020_120_4word_lists"", ""list_id"": ""brainerd2020_120::plan"", ""critical_item"": ""Plan"", ""role"": ""list_word"", ""position"": ""T1""}]"
boards,boards,1,1,list_word,False,True,"Roediger et al. (2001) 55-list DRM pool, augmented with uploaded 2024 supplementary workbook metrics",Roediger2001_55_15word_lists,,roediger2001_55::rough,rough,2.06445798922692,0.0,0.0,"[{""dataset"": ""Roediger2001_55_15word_lists"", ""list_id"": ""roediger2001_55::rough"", ""critical_item"": ""rough"", ""role"": ""list_word"", ""position"": ""T13""}]"
boat,boat,1,1,list_word,False,True,"Roediger et al. (2001) 55-list DRM pool, augmented with uploaded 2024 supplementary workbook metrics",Roediger2001_55_15word_lists,,roediger2001_55::river,river,3.68895346263742,0.0,0.055,"[{""dataset"": ""Roediger2001_55_15word_lists"", ""list_id"": ""roediger2001_55::river"", ""critical_item"": ""river"", ""role"": ""list_word"", ""position"": ""T5""}]"
body,Body; body,2,2,critical_distractor; list_word,True,True,"Brainerd, Chang, & Bialer (2020); Roediger et al. (2001) 55-list DRM pool, augmented with uploaded 2024 supplementary workbook metrics",Brainerd2020_120_4word_lists; Roediger2001_55_15word_lists,brainerd2020_120::body,roediger2001_55::health,health,3.239412909520145,0.027,0.028,"[{""dataset"": ""Brainerd2020_120_4word_lists"", ""list_id"": ""brainerd2020_120::body"", ""critical_item"": ""Body"", ""role"": ""critical_distractor"", ""position"": ""CD""}, {""dataset"": ""Roediger2001_55_15word_lists"", ""list_id"": ""roediger2001_55::health"", ""critical_item"": ""health"", ""role"": ""list_word"", ""position"": ""T11""}]"
bone,bone,1,1,list_word,False,True,"Roediger et al. (2001) 55-list DRM pool, augmented with uploaded 2024 supplementary workbook metrics",Roediger2001_55_15word_lists,,roediger2001_55::wish,wish,3.12385164096709,0.0,0.079,"[{""dataset"": ""Roediger2001_55_15word_lists"", ""list_id"": ""roediger2001_55::wish"", ""critical_item"": ""wish"", ""role"": ""list_word"", ""position"": ""T8""}]"
boot,boot,1,1,list_word,False,True,"Roediger et al. (2001) 55-list DRM pool, augmented with uploaded 2024 supplementary workbook metrics",Roediger2001_55_15word_lists,,roediger2001_55::foot,foot,2.75511226639507,0.142,0.0,"[{""dataset"": ""Roediger2001_55_15word_lists"", ""list_id"": ""roediger2001_55::foot"", ""critical_item"": ""foot"", ""role"": ""list_word"", ""position"": ""T11""}]"
booth,Booth,1,1,list_word,False,True,"Brainerd, Chang, & Bialer (2020)",Brainerd2020_120_4word_lists,,brainerd2020_120::vote,vote,0.89,,,"[{""dataset"": ""Brainerd2020_120_4word_lists"", ""list_id"": ""brainerd2020_120::vote"", ""critical_item"": ""Vote"", ""role"": ""list_word"", ""position"": ""T1""}]"
bored,Bored,1,1,list_word,False,True,"Brainerd, Chang, & Bialer (2020)",Brainerd2020_120_4word_lists,,brainerd2020_120::straight,straight,1.17,,,"[{""dataset"": ""Brainerd2020_120_4word_lists"", ""list_id"": ""brainerd2020_120::straight"", ""critical_item"": ""Straight"", ""role"": ""list_word"", ""position"": ""T3""}]"
boring,Boring,1,1,list_word,False,True,"Brainerd, Chang, & Bialer (2020)",Brainerd2020_120_4word_lists,,brainerd2020_120::lecture,lecture,0.96,,,"[{""dataset"": ""Brainerd2020_120_4word_lists"", ""list_id"": ""brainerd2020_120::lecture"", ""critical_item"": ""Lecture"", ""role"": ""list_word"", ""position"": ""T1""}]"
bottles,bottles,1,1,list_word,False,True,"Roediger et al. (2001) 55-list DRM pool, augmented with uploaded 2024 supplementary workbook metrics",Roediger2001_55_15word_lists,,roediger2001_55::whiskey,whiskey,2.83442070368153,0.0,0.02,"[{""dataset"": ""Roediger2001_55_15word_lists"", ""list_id"": ""roediger2001_55::whiskey"", ""critical_item"": ""whiskey"", ""role"": ""list_word"", ""position"": ""T6""}]"
bottom,bottom,1,1,list_word,False,True,"Roediger et al. (2001) 55-list DRM pool, augmented with uploaded 2024 supplementary workbook metrics",Roediger2001_55_15word_lists,,roediger2001_55::black,black,3.40602894496361,0.0,0.0,"[{""dataset"": ""Roediger2001_55_15word_lists"", ""list_id"": ""roediger2001_55::black"", ""critical_item"": ""black"", ""role"": ""list_word"", ""position"": ""T12""}]"
boulder,Boulder,1,1,list_word,False,True,"Brainerd, Chang, & Bialer (2020)",Brainerd2020_120_4word_lists,,brainerd2020_120::rock,rock,0.59,,,"[{""dataset"": ""Brainerd2020_120_4word_lists"", ""list_id"": ""brainerd2020_120::rock"", ""critical_item"": ""Rock"", ""role"": ""list_word"", ""position"": ""T1""}]"
bounce,Bounce; bounce,2,2,list_word,False,True,"Brainerd, Chang, & Bialer (2020); Roediger et al. (2001) 55-list DRM pool, augmented with uploaded 2024 supplementary workbook metrics",Brainerd2020_120_4word_lists; Roediger2001_55_15word_lists,,brainerd2020_120::cover; roediger2001_55::rubber,cover; rubber,1.590783992527965,0.018,0.0,"[{""dataset"": ""Brainerd2020_120_4word_lists"", ""list_id"": ""brainerd2020_120::cover"", ""critical_item"": ""Cover"", ""role"": ""list_word"", ""position"": ""T2""}, {""dataset"": ""Roediger2001_55_15word_lists"", ""list_id"": ""roediger2001_55::rubber"", ""critical_item"": ""rubber"", ""role"": ""list_word"", ""position"": ""T2""}]"
bourbon,bourbon,1,1,list_word,False,True,"Roediger et al. (2001) 55-list DRM pool, augmented with uploaded 2024 supplementary workbook metrics",Roediger2001_55_15word_lists,,roediger2001_55::whiskey,whiskey,2.50514997831991,0.144,0.051,"[{""dataset"": ""Roediger2001_55_15word_lists"", ""list_id"": ""roediger2001_55::whiskey"", ""critical_item"": ""whiskey"", ""role"": ""list_word"", ""position"": ""T12""}]"
bowl,bowl,1,1,list_word,False,True,"Roediger et al. (2001) 55-list DRM pool, augmented with uploaded 2024 supplementary workbook metrics",Roediger2001_55_15word_lists,,roediger2001_55::fruit,fruit,3.03941411917614,0.028,0.0,"[{""dataset"": ""Roediger2001_55_15word_lists"", ""list_id"": ""roediger2001_55::fruit"", ""critical_item"": ""fruit"", ""role"": ""list_word"", ""position"": ""T14""}]"
box,Box,1,1,list_word,False,True,"Brainerd, Chang, & Bialer (2020)",Brainerd2020_120_4word_lists,,brainerd2020_120::match,match,2.05,,,"[{""dataset"": ""Brainerd2020_120_4word_lists"", ""list_id"": ""brainerd2020_120::match"", ""critical_item"": ""Match"", ""role"": ""list_word"", ""position"": ""T1""}]"
boy,boy,2,1,list_word,False,True,"Roediger et al. (2001) 55-list DRM pool, augmented with uploaded 2024 supplementary workbook metrics",Roediger2001_55_15word_lists,,roediger2001_55::girl; roediger2001_55::whistle,girl; whistle,4.43171748964601,0.3505,0.369,"[{""dataset"": ""Roediger2001_55_15word_lists"", ""list_id"": ""roediger2001_55::girl"", ""critical_item"": ""girl"", ""role"": ""list_word"", ""position"": ""T1""}, {""dataset"": ""Roediger2001_55_15word_lists"", ""list_id"": ""roediger2001_55::whistle"", ""critical_item"": ""whistle"", ""role"": ""list_word"", ""position"": ""T11""}]"
braces,Braces,1,1,list_word,False,True,"Brainerd, Chang, & Bialer (2020)",Brainerd2020_120_4word_lists,,brainerd2020_120::teeth,teeth,0.23,,,"[{""dataset"": ""Brainerd2020_120_4word_lists"", ""list_id"": ""brainerd2020_120::teeth"", ""critical_item"": ""Teeth"", ""role"": ""list_word"", ""position"": ""T1""}]"
branch,Branch,1,1,critical_distractor,True,False,"Brainerd, Chang, & Bialer (2020)",Brainerd2020_120_4word_lists,brainerd2020_120::branch,,,1.64,,,"[{""dataset"": ""Brainerd2020_120_4word_lists"", ""list_id"": ""brainerd2020_120::branch"", ""critical_item"": ""Branch"", ""role"": ""critical_distractor"", ""position"": ""CD""}]"
bread,Bread; bread,2,2,critical_distractor,True,False,"Brainerd, Chang, & Bialer (2020); Roediger et al. (2001) 55-list DRM pool, augmented with uploaded 2024 supplementary workbook metrics",Brainerd2020_120_4word_lists; Roediger2001_55_15word_lists,brainerd2020_120::bread; roediger2001_55::bread,,,2.465084146479255,,,"[{""dataset"": ""Brainerd2020_120_4word_lists"", ""list_id"": ""brainerd2020_120::bread"", ""critical_item"": ""Bread"", ""role"": ""critical_distractor"", ""position"": ""CD""}, {""dataset"": ""Roediger2001_55_15word_lists"", ""list_id"": ""roediger2001_55::bread"", ""critical_item"": ""bread"", ""role"": ""critical_distractor"", ""position"": ""CD""}]"
break,Break,1,1,list_word,False,True,"Brainerd, Chang, & Bialer (2020)",Brainerd2020_120_4word_lists,,brainerd2020_120::rule,rule,2.01,,,"[{""dataset"": ""Brainerd2020_120_4word_lists"", ""list_id"": ""brainerd2020_120::rule"", ""critical_item"": ""Rule"", ""role"": ""list_word"", ""position"": ""T1""}]"
breathe,breathe,1,1,list_word,False,True,"Roediger et al. (2001) 55-list DRM pool, augmented with uploaded 2024 supplementary workbook metrics",Roediger2001_55_15word_lists,,roediger2001_55::smell,smell,3.39357520326959,0.0,0.0,"[{""dataset"": ""Roediger2001_55_15word_lists"", ""list_id"": ""roediger2001_55::smell"", ""critical_item"": ""smell"", ""role"": ""list_word"", ""position"": ""T2""}]"
breeze,breeze,1,1,list_word,False,True,"Roediger et al. (2001) 55-list DRM pool, augmented with uploaded 2024 supplementary workbook metrics",Roediger2001_55_15word_lists,,roediger2001_55::window,window,2.61384182187607,0.0,0.0,"[{""dataset"": ""Roediger2001_55_15word_lists"", ""list_id"": ""roediger2001_55::window"", ""critical_item"": ""window"", ""role"": ""list_word"", ""position"": ""T12""}]"
bridge,Bridge; bridge,2,2,critical_distractor; list_word,True,True,"Brainerd, Chang, & Bialer (2020); Roediger et al. (2001) 55-list DRM pool, augmented with uploaded 2024 supplementary workbook metrics",Brainerd2020_120_4word_lists; Roediger2001_55_15word_lists,brainerd2020_120::bridge,roediger2001_55::river,river,2.58386427304349,0.197,0.0,"[{""dataset"": ""Brainerd2020_120_4word_lists"", ""list_id"": ""brainerd2020_120::bridge"", ""critical_item"": ""Bridge"", ""role"": ""critical_distractor"", ""position"": ""CD""}, {""dataset"": ""Roediger2001_55_15word_lists"", ""list_id"": ""roediger2001_55::river"", ""critical_item"": ""river"", ""role"": ""list_word"", ""position"": ""T14""}]"
bright,Bright; bright,2,2,critical_distractor; list_word,True,True,"Brainerd, Chang, & Bialer (2020); Roediger et al. (2001) 55-list DRM pool, augmented with uploaded 2024 supplementary workbook metrics",Brainerd2020_120_4word_lists; Roediger2001_55_15word_lists,brainerd2020_120::bright,roediger2001_55::lamp,lamp,2.6776299527636898,0.0,0.0,"[{""dataset"": ""Brainerd2020_120_4word_lists"", ""list_id"": ""brainerd2020_120::bright"", ""critical_item"": ""Bright"", ""role"": ""critical_distractor"", ""position"": ""CD""}, {""dataset"": ""Roediger2001_55_15word_lists"", ""list_id"": ""roediger2001_55::lamp"", ""critical_item"": ""lamp"", ""role"": ""list_word"", ""position"": ""T9""}]"
brook,brook,1,1,list_word,False,True,"Roediger et al. (2001) 55-list DRM pool, augmented with uploaded 2024 supplementary workbook metrics",Roediger2001_55_15word_lists,,roediger2001_55::river,river,2.02118929906994,0.161,0.016,"[{""dataset"": ""Roediger2001_55_15word_lists"", ""list_id"": ""roediger2001_55::river"", ""critical_item"": ""river"", ""role"": ""list_word"", ""position"": ""T12""}]"
brown,Brown; brown,2,2,list_word,False,True,"Brainerd, Chang, & Bialer (2020); Roediger et al. (2001) 55-list DRM pool, augmented with uploaded 2024 supplementary workbook metrics",Brainerd2020_120_4word_lists; Roediger2001_55_15word_lists,,brainerd2020_120::sleep; roediger2001_55::black,black; sleep,2.773356887991245,0.338,0.0,"[{""dataset"": ""Brainerd2020_120_4word_lists"", ""list_id"": ""brainerd2020_120::sleep"", ""critical_item"": ""Sleep"", ""role"": ""list_word"", ""position"": ""T4""}, {""dataset"": ""Roediger2001_55_15word_lists"", ""list_id"": ""roediger2001_55::black"", ""critical_item"": ""black"", ""role"": ""list_word"", ""position"": ""T14""}]"
brush,Brush,1,1,list_word,False,True,"Brainerd, Chang, & Bialer (2020)",Brainerd2020_120_4word_lists,,brainerd2020_120::heat,heat,1.39,,,"[{""dataset"": ""Brainerd2020_120_4word_lists"", ""list_id"": ""brainerd2020_120::heat"", ""critical_item"": ""Heat"", ""role"": ""list_word"", ""position"": ""T3""}]"
bud,Bud,1,1,list_word,False,True,"Brainerd, Chang, & Bialer (2020)",Brainerd2020_120_4word_lists,,brainerd2020_120::real,real,1.16,,,"[{""dataset"": ""Brainerd2020_120_4word_lists"", ""list_id"": ""brainerd2020_120::real"", ""critical_item"": ""Real"", ""role"": ""list_word"", ""position"": ""T3""}]"
bug,bug,2,1,list_word,False,True,"Roediger et al. (2001) 55-list DRM pool, augmented with uploaded 2024 supplementary workbook metrics",Roediger2001_55_15word_lists,,roediger2001_55::butterfly; roediger2001_55::spider,butterfly; spider,3.02897770520878,0.02,0.0695,"[{""dataset"": ""Roediger2001_55_15word_lists"", ""list_id"": ""roediger2001_55::butterfly"", ""critical_item"": ""butterfly"", ""role"": ""list_word"", ""position"": ""T9""}, {""dataset"": ""Roediger2001_55_15word_lists"", ""list_id"": ""roediger2001_55::spider"", ""critical_item"": ""spider"", ""role"": ""list_word"", ""position"": ""T3""}]"
building,Building; building,2,2,critical_distractor; list_word,True,True,"Brainerd, Chang, & Bialer (2020); Roediger et al. (2001) 55-list DRM pool, augmented with uploaded 2024 supplementary workbook metrics",Brainerd2020_120_4word_lists; Roediger2001_55_15word_lists,brainerd2020_120::building,roediger2001_55::high,high,2.9078891064143,0.0,0.0,"[{""dataset"": ""Brainerd2020_120_4word_lists"", ""list_id"": ""brainerd2020_120::building"", ""critical_item"": ""Building"", ""role"": ""critical_distractor"", ""position"": ""CD""}, {""dataset"": ""Roediger2001_55_15word_lists"", ""list_id"": ""roediger2001_55::high"", ""critical_item"": ""high"", ""role"": ""list_word"", ""position"": ""T8""}]"
bulb,bulb,1,1,list_word,False,True,"Roediger et al. (2001) 55-list DRM pool, augmented with uploaded 2024 supplementary workbook metrics",Roediger2001_55_15word_lists,,roediger2001_55::lamp,lamp,2.30319605742049,0.014,0.045,"[{""dataset"": ""Roediger2001_55_15word_lists"", ""list_id"": ""roediger2001_55::lamp"", ""critical_item"": ""lamp"", ""role"": ""list_word"", ""position"": ""T4""}]"
bullet,Bullet,1,1,list_word,False,True,"Brainerd, Chang, & Bialer (2020)",Brainerd2020_120_4word_lists,,brainerd2020_120::gun,gun,1.2,,,"[{""dataset"": ""Brainerd2020_120_4word_lists"", ""list_id"": ""brainerd2020_120::gun"", ""critical_item"": ""Gun"", ""role"": ""list_word"", ""position"": ""T1""}]"
bum,Bum,1,1,list_word,False,True,"Brainerd, Chang, & Bialer (2020)",Brainerd2020_120_4word_lists,,brainerd2020_120::lazy,lazy,0.46,,,"[{""dataset"": ""Brainerd2020_120_4word_lists"", ""list_id"": ""brainerd2020_120::lazy"", ""critical_item"": ""Lazy"", ""role"": ""list_word"", ""position"": ""T1""}]"
bumpy,bumpy,1,1,list_word,False,True,"Roediger et al. (2001) 55-list DRM pool, augmented with uploaded 2024 supplementary workbook metrics",Roediger2001_55_15word_lists,,roediger2001_55::rough,rough,2.28103336724773,0.15,0.028,"[{""dataset"": ""Roediger2001_55_15word_lists"", ""list_id"": ""roediger2001_55::rough"", ""critical_item"": ""rough"", ""role"": ""list_word"", ""position"": ""T2""}]"
bunch,Bunch,1,1,list_word,False,True,"Brainerd, Chang, & Bialer (2020)",Brainerd2020_120_4word_lists,,brainerd2020_120::crowd,crowd,1.24,,,"[{""dataset"": ""Brainerd2020_120_4word_lists"", ""list_id"": ""brainerd2020_120::crowd"", ""critical_item"": ""Crowd"", ""role"": ""list_word"", ""position"": ""T1""}]"
burglar,burglar,1,1,list_word,False,True,"Roediger et al. (2001) 55-list DRM pool, augmented with uploaded 2024 supplementary workbook metrics",Roediger2001_55_15word_lists,,roediger2001_55::thief,thief,2.45178643552429,0.257,0.085,"[{""dataset"": ""Roediger2001_55_15word_lists"", ""list_id"": ""roediger2001_55::thief"", ""critical_item"": ""thief"", ""role"": ""list_word"", ""position"": ""T4""}]"
burn,burn,1,1,list_word,False,True,"Roediger et al. (2001) 55-list DRM pool, augmented with uploaded 2024 supplementary workbook metrics",Roediger2001_55_15word_lists,,roediger2001_55::lamp,lamp,3.44978684698577,0.0,0.013,"[{""dataset"": ""Roediger2001_55_15word_lists"", ""list_id"": ""roediger2001_55::lamp"", ""critical_item"": ""lamp"", ""role"": ""list_word"", ""position"": ""T14""}]"
bus,bus,1,1,list_word,False,True,"Roediger et al. (2001) 55-list DRM pool, augmented with uploaded 2024 supplementary workbook metrics",Roediger2001_55_15word_lists,,roediger2001_55::car,car,3.57795112772976,0.252,0.022,"[{""dataset"": ""Roediger2001_55_15word_lists"", ""list_id"": ""roediger2001_55::car"", ""critical_item"": ""car"", ""role"": ""list_word"", ""position"": ""T2""}]"
busy,Busy,1,1,list_word,False,True,"Brainerd, Chang, & Bialer (2020)",Brainerd2020_120_4word_lists,,brainerd2020_120::schedule,schedule,1.78,,,"[{""dataset"": ""Brainerd2020_120_4word_lists"", ""list_id"": ""brainerd2020_120::schedule"", ""critical_item"": ""Schedule"", ""role"": ""list_word"", ""position"": ""T4""}]"
butter,Butter; butter,2,2,list_word,False,True,"Brainerd, Chang, & Bialer (2020); Roediger et al. (2001) 55-list DRM pool, augmented with uploaded 2024 supplementary workbook metrics",Brainerd2020_120_4word_lists; Roediger2001_55_15word_lists,,brainerd2020_120::bag; roediger2001_55::bread,bag; bread,2.194142154213265,0.364,0.487,"[{""dataset"": ""Brainerd2020_120_4word_lists"", ""list_id"": ""brainerd2020_120::bag"", ""critical_item"": ""Bag"", ""role"": ""list_word"", ""position"": ""T3""}, {""dataset"": ""Roediger2001_55_15word_lists"", ""list_id"": ""roediger2001_55::bread"", ""critical_item"": ""bread"", ""role"": ""list_word"", ""position"": ""T1""}]"
butterfly,butterfly,1,1,critical_distractor,True,False,"Roediger et al. (2001) 55-list DRM pool, augmented with uploaded 2024 supplementary workbook metrics",Roediger2001_55_15word_lists,roediger2001_55::butterfly,,,2.45024910831936,,,"[{""dataset"": ""Roediger2001_55_15word_lists"", ""list_id"": ""roediger2001_55::butterfly"", ""critical_item"": ""butterfly"", ""role"": ""critical_distractor"", ""position"": ""CD""}]"
button,button,1,1,list_word,False,True,"Roediger et al. (2001) 55-list DRM pool, augmented with uploaded 2024 supplementary workbook metrics",Roediger2001_55_15word_lists,,roediger2001_55::shirt,shirt,3.15896526038341,0.24,0.064,"[{""dataset"": ""Roediger2001_55_15word_lists"", ""list_id"": ""roediger2001_55::shirt"", ""critical_item"": ""shirt"", ""role"": ""list_word"", ""position"": ""T5""}]"
buy,Buy,1,1,critical_distractor,True,False,"Brainerd, Chang, & Bialer (2020)",Brainerd2020_120_4word_lists,brainerd2020_120::buy,,,1.97,,,"[{""dataset"": ""Brainerd2020_120_4word_lists"", ""list_id"": ""brainerd2020_120::buy"", ""critical_item"": ""Buy"", ""role"": ""critical_distractor"", ""position"": ""CD""}]"
cabbage,cabbage,1,1,critical_distractor,True,False,"Roediger et al. (2001) 55-list DRM pool, augmented with uploaded 2024 supplementary workbook metrics",Roediger2001_55_15word_lists,roediger2001_55::cabbage,,,2.17318626841227,,,"[{""dataset"": ""Roediger2001_55_15word_lists"", ""list_id"": ""roediger2001_55::cabbage"", ""critical_item"": ""cabbage"", ""role"": ""critical_distractor"", ""position"": ""CD""}]"
cabin,Cabin; cabin,2,2,critical_distractor; list_word,True,True,"Brainerd, Chang, & Bialer (2020); Roediger et al. (2001) 55-list DRM pool, augmented with uploaded 2024 supplementary workbook metrics",Brainerd2020_120_4word_lists; Roediger2001_55_15word_lists,brainerd2020_120::cabin,roediger2001_55::cottage,cottage,2.29565046651021,0.02,0.016,"[{""dataset"": ""Brainerd2020_120_4word_lists"", ""list_id"": ""brainerd2020_120::cabin"", ""critical_item"": ""Cabin"", ""role"": ""critical_distractor"", ""position"": ""CD""}, {""dataset"": ""Roediger2001_55_15word_lists"", ""list_id"": ""roediger2001_55::cottage"", ""critical_item"": ""cottage"", ""role"": ""list_word"", ""position"": ""T6""}]"
caboose,Caboose,1,1,list_word,False,True,"Brainerd, Chang, & Bialer (2020)",Brainerd2020_120_4word_lists,,brainerd2020_120::single,single,-0.56,,,"[{""dataset"": ""Brainerd2020_120_4word_lists"", ""list_id"": ""brainerd2020_120::single"", ""critical_item"": ""Single"", ""role"": ""list_word"", ""position"": ""T2""}]"
cage,cage,1,1,list_word,False,True,"Roediger et al. (2001) 55-list DRM pool, augmented with uploaded 2024 supplementary workbook metrics",Roediger2001_55_15word_lists,,roediger2001_55::lion,lion,3.01494034979294,0.035,0.0,"[{""dataset"": ""Roediger2001_55_15word_lists"", ""list_id"": ""roediger2001_55::lion"", ""critical_item"": ""lion"", ""role"": ""list_word"", ""position"": ""T9""}]"
cake,cake,1,1,list_word,False,True,"Roediger et al. (2001) 55-list DRM pool, augmented with uploaded 2024 supplementary workbook metrics",Roediger2001_55_15word_lists,,roediger2001_55::sweet,sweet,3.36153897126928,0.027,0.0,"[{""dataset"": ""Roediger2001_55_15word_lists"", ""list_id"": ""roediger2001_55::sweet"", ""critical_item"": ""sweet"", ""role"": ""list_word"", ""position"": ""T13""}]"
calculate,Calculate,1,1,list_word,False,True,"Brainerd, Chang, & Bialer (2020)",Brainerd2020_120_4word_lists,,brainerd2020_120::buy,buy,1.19,,,"[{""dataset"": ""Brainerd2020_120_4word_lists"", ""list_id"": ""brainerd2020_120::buy"", ""critical_item"": ""Buy"", ""role"": ""list_word"", ""position"": ""T3""}]"
calendar,Calendar,1,1,list_word,False,True,"Brainerd, Chang, & Bialer (2020)",Brainerd2020_120_4word_lists,,brainerd2020_120::schedule,schedule,0.94,,,"[{""dataset"": ""Brainerd2020_120_4word_lists"", ""list_id"": ""brainerd2020_120::schedule"", ""critical_item"": ""Schedule"", ""role"": ""list_word"", ""position"": ""T3""}]"
call,Call; call,2,2,list_word,False,True,"Brainerd, Chang, & Bialer (2020); Roediger et al. (2001) 55-list DRM pool, augmented with uploaded 2024 supplementary workbook metrics",Brainerd2020_120_4word_lists; Roediger2001_55_15word_lists,,brainerd2020_120::poet; roediger2001_55::whistle,poet; whistle,3.52639048746458,0.0,0.016,"[{""dataset"": ""Brainerd2020_120_4word_lists"", ""list_id"": ""brainerd2020_120::poet"", ""critical_item"": ""Poet"", ""role"": ""list_word"", ""position"": ""T2""}, {""dataset"": ""Roediger2001_55_15word_lists"", ""list_id"": ""roediger2001_55::whistle"", ""critical_item"": ""whistle"", ""role"": ""list_word"", ""position"": ""T14""}]"
calm,Calm; calm,2,2,list_word,False,True,"Brainerd, Chang, & Bialer (2020); Roediger et al. (2001) 55-list DRM pool, augmented with uploaded 2024 supplementary workbook metrics",Brainerd2020_120_4word_lists; Roediger2001_55_15word_lists,,brainerd2020_120::match; roediger2001_55::anger,anger; match,2.68862356494186,0.0,0.0,"[{""dataset"": ""Brainerd2020_120_4word_lists"", ""list_id"": ""brainerd2020_120::match"", ""critical_item"": ""Match"", ""role"": ""list_word"", ""position"": ""T4""}, {""dataset"": ""Roediger2001_55_15word_lists"", ""list_id"": ""roediger2001_55::anger"", ""critical_item"": ""anger"", ""role"": ""list_word"", ""position"": ""T13""}]"
camera,Camera,1,1,list_word,False,True,"Brainerd, Chang, & Bialer (2020)",Brainerd2020_120_4word_lists,,brainerd2020_120::picture,picture,1.17,,,"[{""dataset"": ""Brainerd2020_120_4word_lists"", ""list_id"": ""brainerd2020_120::picture"", ""critical_item"": ""Picture"", ""role"": ""list_word"", ""position"": ""T1""}]"
camp,Camp,1,1,list_word,False,True,"Brainerd, Chang, & Bialer (2020)",Brainerd2020_120_4word_lists,,brainerd2020_120::cabin,cabin,1.89,,,"[{""dataset"": ""Brainerd2020_120_4word_lists"", ""list_id"": ""brainerd2020_120::cabin"", ""critical_item"": ""Cabin"", ""role"": ""list_word"", ""position"": ""T3""}]"
campaign,Campaign,1,1,list_word,False,True,"Brainerd, Chang, & Bialer (2020)",Brainerd2020_120_4word_lists,,brainerd2020_120::vote,vote,1.71,,,"[{""dataset"": ""Brainerd2020_120_4word_lists"", ""list_id"": ""brainerd2020_120::vote"", ""critical_item"": ""Vote"", ""role"": ""list_word"", ""position"": ""T2""}]"
can,can,1,1,list_word,False,True,"Roediger et al. (2001) 55-list DRM pool, augmented with uploaded 2024 supplementary workbook metrics",Roediger2001_55_15word_lists,,roediger2001_55::trash,trash,5.42752018916411,0.014,0.212,"[{""dataset"": ""Roediger2001_55_15word_lists"", ""list_id"": ""roediger2001_55::trash"", ""critical_item"": ""trash"", ""role"": ""list_word"", ""position"": ""T3""}]"
candidate,Candidate,1,1,list_word,False,True,"Brainerd, Chang, & Bialer (2020)",Brainerd2020_120_4word_lists,,brainerd2020_120::vote,vote,1.33,,,"[{""dataset"": ""Brainerd2020_120_4word_lists"", ""list_id"": ""brainerd2020_120::vote"", ""critical_item"": ""Vote"", ""role"": ""list_word"", ""position"": ""T3""}]"
candy,Candy; candy,2,2,list_word,False,True,"Brainerd, Chang, & Bialer (2020); Roediger et al. (2001) 55-list DRM pool, augmented with uploaded 2024 supplementary workbook metrics",Brainerd2020_120_4word_lists; Roediger2001_55_15word_lists,,brainerd2020_120::sweet; roediger2001_55::sweet,sweet,2.06075038659914,0.336,0.162,"[{""dataset"": ""Brainerd2020_120_4word_lists"", ""list_id"": ""brainerd2020_120::sweet"", ""critical_item"": ""Sweet"", ""role"": ""list_word"", ""position"": ""T2""}, {""dataset"": ""Roediger2001_55_15word_lists"", ""list_id"": ""roediger2001_55::sweet"", ""critical_item"": ""sweet"", ""role"": ""list_word"", ""position"": ""T2""}]"
canoe,Canoe,1,1,list_word,False,True,"Brainerd, Chang, & Bialer (2020)",Brainerd2020_120_4word_lists,,brainerd2020_120::river,river,1.17,,,"[{""dataset"": ""Brainerd2020_120_4word_lists"", ""list_id"": ""brainerd2020_120::river"", ""critical_item"": ""River"", ""role"": ""list_word"", ""position"": ""T1""}]"
cap,cap,1,1,list_word,False,True,"Roediger et al. (2001) 55-list DRM pool, augmented with uploaded 2024 supplementary workbook metrics",Roediger2001_55_15word_lists,,roediger2001_55::pen,pen,2.98091193777684,0.0,0.0,"[{""dataset"": ""Roediger2001_55_15word_lists"", ""list_id"": ""roediger2001_55::pen"", ""critical_item"": ""pen"", ""role"": ""list_word"", ""position"": ""T14""}]"
capital,capital,1,1,list_word,False,True,"Roediger et al. (2001) 55-list DRM pool, augmented with uploaded 2024 supplementary workbook metrics",Roediger2001_55_15word_lists,,roediger2001_55::city,city,,0.095,0.0,"[{""dataset"": ""Roediger2001_55_15word_lists"", ""list_id"": ""roediger2001_55::city"", ""critical_item"": ""city"", ""role"": ""list_word"", ""position"": ""T4""}]"
captain,captain,1,1,list_word,False,True,"Roediger et al. (2001) 55-list DRM pool, augmented with uploaded 2024 supplementary workbook metrics",Roediger2001_55_15word_lists,,roediger2001_55::army,army,,0.014,0.0,"[{""dataset"": ""Roediger2001_55_15word_lists"", ""list_id"": ""roediger2001_55::army"", ""critical_item"": ""army"", ""role"": ""list_word"", ""position"": ""T11""}]"
car,Car; car,3,2,critical_distractor; list_word,True,True,"Brainerd, Chang, & Bialer (2020); Roediger et al. (2001) 55-list DRM pool, augmented with uploaded 2024 supplementary workbook metrics",Brainerd2020_120_4word_lists; Roediger2001_55_15word_lists,roediger2001_55::car,brainerd2020_120::oil; roediger2001_55::swift,oil; swift,3.300793911754975,0.0,0.0,"[{""dataset"": ""Brainerd2020_120_4word_lists"", ""list_id"": ""brainerd2020_120::oil"", ""critical_item"": ""Oil"", ""role"": ""list_word"", ""position"": ""T3""}, {""dataset"": ""Roediger2001_55_15word_lists"", ""list_id"": ""roediger2001_55::car"", ""critical_item"": ""car"", ""role"": ""critical_distractor"", ""position"": ""CD""}, {""dataset"": ""Roediger2001_55_15word_lists"", ""list_id"": ""roediger2001_55::swift"", ""critical_item"": ""swift"", ""role"": ""list_word"", ""position"": ""T14""}]"
carbon,Carbon,1,1,list_word,False,True,"Brainerd, Chang, & Bialer (2020)",Brainerd2020_120_4word_lists,,brainerd2020_120::buy,buy,1.17,,,"[{""dataset"": ""Brainerd2020_120_4word_lists"", ""list_id"": ""brainerd2020_120::buy"", ""critical_item"": ""Buy"", ""role"": ""list_word"", ""position"": ""T2""}]"
careful,Careful,1,1,list_word,False,True,"Brainerd, Chang, & Bialer (2020)",Brainerd2020_120_4word_lists,,brainerd2020_120::dangerous,dangerous,1.74,,,"[{""dataset"": ""Brainerd2020_120_4word_lists"", ""list_id"": ""brainerd2020_120::dangerous"", ""critical_item"": ""Dangerous"", ""role"": ""list_word"", ""position"": ""T2""}]"
carpet,carpet,1,1,critical_distractor,True,False,"Roediger et al. (2001) 55-list DRM pool, augmented with uploaded 2024 supplementary workbook metrics",Roediger2001_55_15word_lists,roediger2001_55::carpet,,,2.77451696572855,,,"[{""dataset"": ""Roediger2001_55_15word_lists"", ""list_id"": ""roediger2001_55::carpet"", ""critical_item"": ""carpet"", ""role"": ""critical_distractor"", ""position"": ""CD""}]"
carrots,carrots,1,1,list_word,False,True,"Roediger et al. (2001) 55-list DRM pool, augmented with uploaded 2024 supplementary workbook metrics",Roediger2001_55_15word_lists,,roediger2001_55::cabbage,cabbage,2.29885307640971,0.0,0.0,"[{""dataset"": ""Roediger2001_55_15word_lists"", ""list_id"": ""roediger2001_55::cabbage"", ""critical_item"": ""cabbage"", ""role"": ""list_word"", ""position"": ""T14""}]"
cashier,Cashier,1,1,list_word,False,True,"Brainerd, Chang, & Bialer (2020)",Brainerd2020_120_4word_lists,,brainerd2020_120::clerk,clerk,0.52,,,"[{""dataset"": ""Brainerd2020_120_4word_lists"", ""list_id"": ""brainerd2020_120::clerk"", ""critical_item"": ""Clerk"", ""role"": ""list_word"", ""position"": ""T1""}]"
cat,cat,1,1,list_word,False,True,"Roediger et al. (2001) 55-list DRM pool, augmented with uploaded 2024 supplementary workbook metrics",Roediger2001_55_15word_lists,,roediger2001_55::black,black,3.52943035436699,0.0,0.043,"[{""dataset"": ""Roediger2001_55_15word_lists"", ""list_id"": ""roediger2001_55::black"", ""critical_item"": ""black"", ""role"": ""list_word"", ""position"": ""T3""}]"
catholic,Catholic,1,1,list_word,False,True,"Brainerd, Chang, & Bialer (2020)",Brainerd2020_120_4word_lists,,brainerd2020_120::church,church,1.52,,,"[{""dataset"": ""Brainerd2020_120_4word_lists"", ""list_id"": ""brainerd2020_120::church"", ""critical_item"": ""Church"", ""role"": ""list_word"", ""position"": ""T1""}]"
caution,Caution,1,1,list_word,False,True,"Brainerd, Chang, & Bialer (2020)",Brainerd2020_120_4word_lists,,brainerd2020_120::danger,danger,1.14,,,"[{""dataset"": ""Brainerd2020_120_4word_lists"", ""list_id"": ""brainerd2020_120::danger"", ""critical_item"": ""Danger"", ""role"": ""list_word"", ""position"": ""T1""}]"
cautious,cautious,1,1,list_word,False,True,"Roediger et al. (2001) 55-list DRM pool, augmented with uploaded 2024 supplementary workbook metrics",Roediger2001_55_15word_lists,,roediger2001_55::slow,slow,2.23552844690755,0.027,0.0,"[{""dataset"": ""Roediger2001_55_15word_lists"", ""list_id"": ""roediger2001_55::slow"", ""critical_item"": ""slow"", ""role"": ""list_word"", ""position"": ""T6""}]"
ceiling,Ceiling,1,1,list_word,False,True,"Brainerd, Chang, & Bialer (2020)",Brainerd2020_120_4word_lists,,brainerd2020_120::roof,roof,1.3,,,"[{""dataset"": ""Brainerd2020_120_4word_lists"", ""list_id"": ""brainerd2020_120::roof"", ""critical_item"": ""Roof"", ""role"": ""list_word"", ""position"": ""T2""}]"
center,center,1,1,list_word,False,True,"Roediger et al. (2001) 55-list DRM pool, augmented with uploaded 2024 supplementary workbook metrics",Roediger2001_55_15word_lists,,roediger2001_55::health,health,3.36847283844036,0.0,0.0,"[{""dataset"": ""Roediger2001_55_15word_lists"", ""list_id"": ""roediger2001_55::health"", ""critical_item"": ""health"", ""role"": ""list_word"", ""position"": ""T13""}]"
chair,Chair; chair,3,2,critical_distractor; list_word,True,True,"Brainerd, Chang, & Bialer (2020); Roediger et al. (2001) 55-list DRM pool, augmented with uploaded 2024 supplementary workbook metrics",Brainerd2020_120_4word_lists; Roediger2001_55_15word_lists,brainerd2020_120::chair; roediger2001_55::chair,roediger2001_55::carpet,carpet,2.9700130900434396,0.0,0.0,"[{""dataset"": ""Brainerd2020_120_4word_lists"", ""list_id"": ""brainerd2020_120::chair"", ""critical_item"": ""Chair"", ""role"": ""critical_distractor"", ""position"": ""CD""}, {""dataset"": ""Roediger2001_55_15word_lists"", ""list_id"": ""roediger2001_55::carpet"", ""critical_item"": ""carpet"", ""role"": ""list_word"", ""position"": ""T11""}, {""dataset"": ""Roediger2001_55_15word_lists"", ""list_id"": ""roediger2001_55::chair"", ""critical_item"": ""chair"", ""role"": ""critical_distractor"", ""position"": ""CD""}]"
chaos,Chaos,1,1,list_word,False,True,"Brainerd, Chang, & Bialer (2020)",Brainerd2020_120_4word_lists,,brainerd2020_120::order,order,1.13,,,"[{""dataset"": ""Brainerd2020_120_4word_lists"", ""list_id"": ""brainerd2020_120::order"", ""critical_item"": ""Order"", ""role"": ""list_word"", ""position"": ""T1""}]"
charred,charred,1,1,list_word,False,True,"Roediger et al. (2001) 55-list DRM pool, augmented with uploaded 2024 supplementary workbook metrics",Roediger2001_55_15word_lists,,roediger2001_55::black,black,1.5910646070265,0.023,0.0,"[{""dataset"": ""Roediger2001_55_15word_lists"", ""list_id"": ""roediger2001_55::black"", ""critical_item"": ""black"", ""role"": ""list_word"", ""position"": ""T4""}]"
chart,Chart,1,1,list_word,False,True,"Brainerd, Chang, & Bialer (2020)",Brainerd2020_120_4word_lists,,brainerd2020_120::unusual,unusual,0.99,,,"[{""dataset"": ""Brainerd2020_120_4word_lists"", ""list_id"": ""brainerd2020_120::unusual"", ""critical_item"": ""Unusual"", ""role"": ""list_word"", ""position"": ""T2""}]"
check,Check,1,1,list_word,False,True,"Brainerd, Chang, & Bialer (2020)",Brainerd2020_120_4word_lists,,brainerd2020_120::dance,dance,1.83,,,"[{""dataset"": ""Brainerd2020_120_4word_lists"", ""list_id"": ""brainerd2020_120::dance"", ""critical_item"": ""Dance"", ""role"": ""list_word"", ""position"": ""T4""}]"
checkered,checkered,1,1,list_word,False,True,"Roediger et al. (2001) 55-list DRM pool, augmented with uploaded 2024 supplementary workbook metrics",Roediger2001_55_15word_lists,,roediger2001_55::flag,flag,1.63346845557959,0.247,0.0,"[{""dataset"": ""Roediger2001_55_15word_lists"", ""list_id"": ""roediger2001_55::flag"", ""critical_item"": ""flag"", ""role"": ""list_word"", ""position"": ""T11""}]"
cheese,cheese,1,1,list_word,False,True,"Roediger et al. (2001) 55-list DRM pool, augmented with uploaded 2024 supplementary workbook metrics",Roediger2001_55_15word_lists,,roediger2001_55::cottage,cottage,3.29928933408768,0.0,0.206,"[{""dataset"": ""Roediger2001_55_15word_lists"", ""list_id"": ""roediger2001_55::cottage"", ""critical_item"": ""cottage"", ""role"": ""list_word"", ""position"": ""T3""}]"
cherry,cherry,1,1,list_word,False,True,"Roediger et al. (2001) 55-list DRM pool, augmented with uploaded 2024 supplementary workbook metrics",Roediger2001_55_15word_lists,,roediger2001_55::fruit,fruit,2.84135947045485,0.168,0.0,"[{""dataset"": ""Roediger2001_55_15word_lists"", ""list_id"": ""roediger2001_55::fruit"", ""critical_item"": ""fruit"", ""role"": ""list_word"", ""position"": ""T10""}]"
chess,chess,1,1,list_word,False,True,"Roediger et al. (2001) 55-list DRM pool, augmented with uploaded 2024 supplementary workbook metrics",Roediger2001_55_15word_lists,,roediger2001_55::king,king,2.58092497567562,0.092,0.0,"[{""dataset"": ""Roediger2001_55_15word_lists"", ""list_id"": ""roediger2001_55::king"", ""critical_item"": ""king"", ""role"": ""list_word"", ""position"": ""T9""}]"
chicago,chicago,1,1,list_word,False,True,"Roediger et al. (2001) 55-list DRM pool, augmented with uploaded 2024 supplementary workbook metrics",Roediger2001_55_15word_lists,,roediger2001_55::city,city,,0.152,0.0,"[{""dataset"": ""Roediger2001_55_15word_lists"", ""list_id"": ""roediger2001_55::city"", ""critical_item"": ""city"", ""role"": ""list_word"", ""position"": ""T12""}]"
chilly,chilly,1,1,list_word,False,True,"Roediger et al. (2001) 55-list DRM pool, augmented with uploaded 2024 supplementary workbook metrics",Roediger2001_55_15word_lists,,roediger2001_55::cold,cold,2.34439227368511,0.395,0.0,"[{""dataset"": ""Roediger2001_55_15word_lists"", ""list_id"": ""roediger2001_55::cold"", ""critical_item"": ""cold"", ""role"": ""list_word"", ""position"": ""T8""}]"
chimney,chimney,1,1,list_word,False,True,"Roediger et al. (2001) 55-list DRM pool, augmented with uploaded 2024 supplementary workbook metrics",Roediger2001_55_15word_lists,,roediger2001_55::smoke,smoke,2.33041377334919,0.24,0.0,"[{""dataset"": ""Roediger2001_55_15word_lists"", ""list_id"": ""roediger2001_55::smoke"", ""critical_item"": ""smoke"", ""role"": ""list_word"", ""position"": ""T8""}]"
chocolate,Chocolate; chocolate,3,2,list_word,False,True,"Brainerd, Chang, & Bialer (2020); Roediger et al. (2001) 55-list DRM pool, augmented with uploaded 2024 supplementary workbook metrics",Brainerd2020_120_4word_lists; Roediger2001_55_15word_lists,,brainerd2020_120::taste; roediger2001_55::bitter; roediger2001_55::sweet,bitter; sweet; taste,2.4773941727037863,0.0505,0.0205,"[{""dataset"": ""Brainerd2020_120_4word_lists"", ""list_id"": ""brainerd2020_120::taste"", ""critical_item"": ""Taste"", ""role"": ""list_word"", ""position"": ""T2""}, {""dataset"": ""Roediger2001_55_15word_lists"", ""list_id"": ""roediger2001_55::bitter"", ""critical_item"": ""bitter"", ""role"": ""list_word"", ""position"": ""T4""}, {""dataset"": ""Roediger2001_55_15word_lists"", ""list_id"": ""roediger2001_55::sweet"", ""critical_item"": ""sweet"", ""role"": ""list_word"", ""position"": ""T11""}]"
choir,Choir,1,1,list_word,False,True,"Brainerd, Chang, & Bialer (2020)",Brainerd2020_120_4word_lists,,brainerd2020_120::sing,sing,0.94,,,"[{""dataset"": ""Brainerd2020_120_4word_lists"", ""list_id"": ""brainerd2020_120::sing"", ""critical_item"": ""Sing"", ""role"": ""list_word"", ""position"": ""T1""}]"
chops,chops,1,1,list_word,False,True,"Roediger et al. (2001) 55-list DRM pool, augmented with uploaded 2024 supplementary workbook metrics",Roediger2001_55_15word_lists,,roediger2001_55::mutton,mutton,2.44404479591808,0.0,0.0,"[{""dataset"": ""Roediger2001_55_15word_lists"", ""list_id"": ""roediger2001_55::mutton"", ""critical_item"": ""mutton"", ""role"": ""list_word"", ""position"": ""T4""}]"
chore,Chore,1,1,list_word,False,True,"Brainerd, Chang, & Bialer (2020)",Brainerd2020_120_4word_lists,,brainerd2020_120::task,task,-0.04,,,"[{""dataset"": ""Brainerd2020_120_4word_lists"", ""list_id"": ""brainerd2020_120::task"", ""critical_item"": ""Task"", ""role"": ""list_word"", ""position"": ""T1""}]"
chorus,Chorus,1,1,list_word,False,True,"Brainerd, Chang, & Bialer (2020)",Brainerd2020_120_4word_lists,,brainerd2020_120::agent,agent,1.29,,,"[{""dataset"": ""Brainerd2020_120_4word_lists"", ""list_id"": ""brainerd2020_120::agent"", ""critical_item"": ""Agent"", ""role"": ""list_word"", ""position"": ""T2""}]"
christmas,Christmas,1,1,list_word,False,True,"Brainerd, Chang, & Bialer (2020)",Brainerd2020_120_4word_lists,,brainerd2020_120::present,present,1.75,,,"[{""dataset"": ""Brainerd2020_120_4word_lists"", ""list_id"": ""brainerd2020_120::present"", ""critical_item"": ""Present"", ""role"": ""list_word"", ""position"": ""T1""}]"
church,Church,1,1,critical_distractor,True,False,"Brainerd, Chang, & Bialer (2020)",Brainerd2020_120_4word_lists,brainerd2020_120::church,,,2.31,,,"[{""dataset"": ""Brainerd2020_120_4word_lists"", ""list_id"": ""brainerd2020_120::church"", ""critical_item"": ""Church"", ""role"": ""critical_distractor"", ""position"": ""CD""}]"
cigar,Cigar; cigar,2,2,list_word,False,True,"Brainerd, Chang, & Bialer (2020); Roediger et al. (2001) 55-list DRM pool, augmented with uploaded 2024 supplementary workbook metrics",Brainerd2020_120_4word_lists; Roediger2001_55_15word_lists,,brainerd2020_120::smoke; roediger2001_55::smoke,smoke,2.04010072974282,0.507,0.0,"[{""dataset"": ""Brainerd2020_120_4word_lists"", ""list_id"": ""brainerd2020_120::smoke"", ""critical_item"": ""Smoke"", ""role"": ""list_word"", ""position"": ""T2""}, {""dataset"": ""Roediger2001_55_15word_lists"", ""list_id"": ""roediger2001_55::smoke"", ""critical_item"": ""smoke"", ""role"": ""list_word"", ""position"": ""T7""}]"
cigarette,cigarette,1,1,list_word,False,True,"Roediger et al. (2001) 55-list DRM pool, augmented with uploaded 2024 supplementary workbook metrics",Roediger2001_55_15word_lists,,roediger2001_55::smoke,smoke,3.13289976994448,0.449,0.323,"[{""dataset"": ""Roediger2001_55_15word_lists"", ""list_id"": ""roediger2001_55::smoke"", ""critical_item"": ""smoke"", ""role"": ""list_word"", ""position"": ""T1""}]"
circle,Circle,1,1,list_word,False,True,"Brainerd, Chang, & Bialer (2020)",Brainerd2020_120_4word_lists,,brainerd2020_120::square,square,1.73,,,"[{""dataset"": ""Brainerd2020_120_4word_lists"", ""list_id"": ""brainerd2020_120::square"", ""critical_item"": ""Square"", ""role"": ""list_word"", ""position"": ""T1""}]"
circus,circus,1,1,list_word,False,True,"Roediger et al. (2001) 55-list DRM pool, augmented with uploaded 2024 supplementary workbook metrics",Roediger2001_55_15word_lists,,roediger2001_55::lion,lion,2.94001815500766,0.011,0.0,"[{""dataset"": ""Roediger2001_55_15word_lists"", ""list_id"": ""roediger2001_55::lion"", ""critical_item"": ""lion"", ""role"": ""list_word"", ""position"": ""T2""}]"
citizen,citizen,1,1,critical_distractor,True,False,"Roediger et al. (2001) 55-list DRM pool, augmented with uploaded 2024 supplementary workbook metrics",Roediger2001_55_15word_lists,roediger2001_55::citizen,,,2.83314711191279,,,"[{""dataset"": ""Roediger2001_55_15word_lists"", ""list_id"": ""roediger2001_55::citizen"", ""critical_item"": ""citizen"", ""role"": ""critical_distractor"", ""position"": ""CD""}]"
citrus,citrus,1,1,list_word,False,True,"Roediger et al. (2001) 55-list DRM pool, augmented with uploaded 2024 supplementary workbook metrics",Roediger2001_55_15word_lists,,roediger2001_55::fruit,fruit,1.43136376415899,0.426,0.0,"[{""dataset"": ""Roediger2001_55_15word_lists"", ""list_id"": ""roediger2001_55::fruit"", ""critical_item"": ""fruit"", ""role"": ""list_word"", ""position"": ""T5""}]"
city,city,1,1,critical_distractor,True,False,"Roediger et al. (2001) 55-list DRM pool, augmented with uploaded 2024 supplementary workbook metrics",Roediger2001_55_15word_lists,roediger2001_55::city,,,3.93575910374531,,,"[{""dataset"": ""Roediger2001_55_15word_lists"", ""list_id"": ""roediger2001_55::city"", ""critical_item"": ""city"", ""role"": ""critical_distractor"", ""position"": ""CD""}]"
class,Class,1,1,critical_distractor,True,False,"Brainerd, Chang, & Bialer (2020)",Brainerd2020_120_4word_lists,brainerd2020_120::class,,,2.22,,,"[{""dataset"": ""Brainerd2020_120_4word_lists"", ""list_id"": ""brainerd2020_120::class"", ""critical_item"": ""Class"", ""role"": ""critical_distractor"", ""position"": ""CD""}]"
clerk,Clerk,1,1,critical_distractor,True,False,"Brainerd, Chang, & Bialer (2020)",Brainerd2020_120_4word_lists,brainerd2020_120::clerk,,,1.48,,,"[{""dataset"": ""Brainerd2020_120_4word_lists"", ""list_id"": ""brainerd2020_120::clerk"", ""critical_item"": ""Clerk"", ""role"": ""critical_distractor"", ""position"": ""CD""}]"
cliff,cliff,1,1,list_word,False,True,"Roediger et al. (2001) 55-list DRM pool, augmented with uploaded 2024 supplementary workbook metrics",Roediger2001_55_15word_lists,,roediger2001_55::high,high,3.04178731897175,0.028,0.0,"[{""dataset"": ""Roediger2001_55_15word_lists"", ""list_id"": ""roediger2001_55::high"", ""critical_item"": ""high"", ""role"": ""list_word"", ""position"": ""T10""}]"
climb,climb,1,1,list_word,False,True,"Roediger et al. (2001) 55-list DRM pool, augmented with uploaded 2024 supplementary workbook metrics",Roediger2001_55_15word_lists,,roediger2001_55::mountain,mountain,3.00346053210951,0.291,0.092,"[{""dataset"": ""Roediger2001_55_15word_lists"", ""list_id"": ""roediger2001_55::mountain"", ""critical_item"": ""mountain"", ""role"": ""list_word"", ""position"": ""T3""}]"
climber,climber,1,1,list_word,False,True,"Roediger et al. (2001) 55-list DRM pool, augmented with uploaded 2024 supplementary workbook metrics",Roediger2001_55_15word_lists,,roediger2001_55::mountain,mountain,1.61278385671974,0.603,0.031,"[{""dataset"": ""Roediger2001_55_15word_lists"", ""list_id"": ""roediger2001_55::mountain"", ""critical_item"": ""mountain"", ""role"": ""list_word"", ""position"": ""T12""}]"
clinic,clinic,1,1,list_word,False,True,"Roediger et al. (2001) 55-list DRM pool, augmented with uploaded 2024 supplementary workbook metrics",Roediger2001_55_15word_lists,,roediger2001_55::doctor,doctor,2.85430604180108,0.3,0.0,"[{""dataset"": ""Roediger2001_55_15word_lists"", ""list_id"": ""roediger2001_55::doctor"", ""critical_item"": ""doctor"", ""role"": ""list_word"", ""position"": ""T14""}]"
cloth,Cloth; cloth,2,2,list_word,False,True,"Brainerd, Chang, & Bialer (2020); Roediger et al. (2001) 55-list DRM pool, augmented with uploaded 2024 supplementary workbook metrics",Brainerd2020_120_4word_lists; Roediger2001_55_15word_lists,,brainerd2020_120::ball; roediger2001_55::needle,ball; needle,1.99707729700922,0.0,0.0,"[{""dataset"": ""Brainerd2020_120_4word_lists"", ""list_id"": ""brainerd2020_120::ball"", ""critical_item"": ""Ball"", ""role"": ""list_word"", ""position"": ""T2""}, {""dataset"": ""Roediger2001_55_15word_lists"", ""list_id"": ""roediger2001_55::needle"", ""critical_item"": ""needle"", ""role"": ""list_word"", ""position"": ""T14""}]"
clouds,clouds,1,1,list_word,False,True,"Roediger et al. (2001) 55-list DRM pool, augmented with uploaded 2024 supplementary workbook metrics",Roediger2001_55_15word_lists,,roediger2001_55::high,high,2.70926996097583,0.0,0.0,"[{""dataset"": ""Roediger2001_55_15word_lists"", ""list_id"": ""roediger2001_55::high"", ""critical_item"": ""high"", ""role"": ""list_word"", ""position"": ""T2""}]"
coal,coal,2,1,list_word,False,True,"Roediger et al. (2001) 55-list DRM pool, augmented with uploaded 2024 supplementary workbook metrics",Roediger2001_55_15word_lists,,roediger2001_55::black; roediger2001_55::stove,black; stove,2.52633927738984,0.144,0.0,"[{""dataset"": ""Roediger2001_55_15word_lists"", ""list_id"": ""roediger2001_55::black"", ""critical_item"": ""black"", ""role"": ""list_word"", ""position"": ""T13""}, {""dataset"": ""Roediger2001_55_15word_lists"", ""list_id"": ""roediger2001_55::stove"", ""critical_item"": ""stove"", ""role"": ""list_word"", ""position"": ""T11""}]"
coarse,coarse,1,1,list_word,False,True,"Roediger et al. (2001) 55-list DRM pool, augmented with uploaded 2024 supplementary workbook metrics",Roediger2001_55_15word_lists,,roediger2001_55::rough,rough,1.84509804001426,0.291,0.014,"[{""dataset"": ""Roediger2001_55_15word_lists"", ""list_id"": ""roediger2001_55::rough"", ""critical_item"": ""rough"", ""role"": ""list_word"", ""position"": ""T8""}]"
coaster,coaster,1,1,list_word,False,True,"Roediger et al. (2001) 55-list DRM pool, augmented with uploaded 2024 supplementary workbook metrics",Roediger2001_55_15word_lists,,roediger2001_55::cup,cup,2.20411998265592,0.096,0.0,"[{""dataset"": ""Roediger2001_55_15word_lists"", ""list_id"": ""roediger2001_55::cup"", ""critical_item"": ""cup"", ""role"": ""list_word"", ""position"": ""T5""}]"
coat,coat,1,1,list_word,False,True,"Roediger et al. (2001) 55-list DRM pool, augmented with uploaded 2024 supplementary workbook metrics",Roediger2001_55_15word_lists,,roediger2001_55::mutton,mutton,3.33183204443625,0.0,0.0,"[{""dataset"": ""Roediger2001_55_15word_lists"", ""list_id"": ""roediger2001_55::mutton"", ""critical_item"": ""mutton"", ""role"": ""list_word"", ""position"": ""T11""}]"
cocaine,Cocaine,1,1,list_word,False,True,"Brainerd, Chang, & Bialer (2020)",Brainerd2020_120_4word_lists,,brainerd2020_120::parent,parent,0.5,,,"[{""dataset"": ""Brainerd2020_120_4word_lists"", ""list_id"": ""brainerd2020_120::parent"", ""critical_item"": ""Parent"", ""role"": ""list_word"", ""position"": ""T2""}]"
cocktail,cocktail,1,1,list_word,False,True,"Roediger et al. (2001) 55-list DRM pool, augmented with uploaded 2024 supplementary workbook metrics",Roediger2001_55_15word_lists,,roediger2001_55::fruit,fruit,2.74507479158206,0.0,0.011,"[{""dataset"": ""Roediger2001_55_15word_lists"", ""list_id"": ""roediger2001_55::fruit"", ""critical_item"": ""fruit"", ""role"": ""list_word"", ""position"": ""T15""}]"
cocoon,cocoon,1,1,list_word,False,True,"Roediger et al. (2001) 55-list DRM pool, augmented with uploaded 2024 supplementary workbook metrics",Roediger2001_55_15word_lists,,roediger2001_55::butterfly,butterfly,1.76342799356294,0.412,0.024,"[{""dataset"": ""Roediger2001_55_15word_lists"", ""list_id"": ""roediger2001_55::butterfly"", ""critical_item"": ""butterfly"", ""role"": ""list_word"", ""position"": ""T10""}]"
coffee,Coffee; coffee,2,2,list_word,False,True,"Brainerd, Chang, & Bialer (2020); Roediger et al. (2001) 55-list DRM pool, augmented with uploaded 2024 supplementary workbook metrics",Brainerd2020_120_4word_lists; Roediger2001_55_15word_lists,,brainerd2020_120::black; roediger2001_55::cup,black; cup,2.80379266327352,0.051,0.105,"[{""dataset"": ""Brainerd2020_120_4word_lists"", ""list_id"": ""brainerd2020_120::black"", ""critical_item"": ""Black"", ""role"": ""list_word"", ""position"": ""T1""}, {""dataset"": ""Roediger2001_55_15word_lists"", ""list_id"": ""roediger2001_55::cup"", ""critical_item"": ""cup"", ""role"": ""list_word"", ""position"": ""T8""}]"
cold,Cold; cold,3,2,critical_distractor; list_word,True,True,"Brainerd, Chang, & Bialer (2020); Roediger et al. (2001) 55-list DRM pool, augmented with uploaded 2024 supplementary workbook metrics",Brainerd2020_120_4word_lists; Roediger2001_55_15word_lists,brainerd2020_120::cold; roediger2001_55::cold,roediger2001_55::bitter,bitter,3.291401779097947,0.0,0.101,"[{""dataset"": ""Brainerd2020_120_4word_lists"", ""list_id"": ""brainerd2020_120::cold"", ""critical_item"": ""Cold"", ""role"": ""critical_distractor"", ""position"": ""CD""}, {""dataset"": ""Roediger2001_55_15word_lists"", ""list_id"": ""roediger2001_55::bitter"", ""critical_item"": ""bitter"", ""role"": ""list_word"", ""position"": ""T6""}, {""dataset"": ""Roediger2001_55_15word_lists"", ""list_id"": ""roediger2001_55::cold"", ""critical_item"": ""cold"", ""role"": ""critical_distractor"", ""position"": ""CD""}]"
collar,collar,2,1,list_word,False,True,"Roediger et al. (2001) 55-list DRM pool, augmented with uploaded 2024 supplementary workbook metrics",Roediger2001_55_15word_lists,,roediger2001_55::mutton; roediger2001_55::shirt,mutton; shirt,2.72997428569956,0.171,0.016,"[{""dataset"": ""Roediger2001_55_15word_lists"", ""list_id"": ""roediger2001_55::mutton"", ""critical_item"": ""mutton"", ""role"": ""list_word"", ""position"": ""T7""}, {""dataset"": ""Roediger2001_55_15word_lists"", ""list_id"": ""roediger2001_55::shirt"", ""critical_item"": ""shirt"", ""role"": ""list_word"", ""position"": ""T9""}]"
collect,Collect,1,1,list_word,False,True,"Brainerd, Chang, & Bialer (2020)",Brainerd2020_120_4word_lists,,brainerd2020_120::save,save,1.31,,,"[{""dataset"": ""Brainerd2020_120_4word_lists"", ""list_id"": ""brainerd2020_120::save"", ""critical_item"": ""Save"", ""role"": ""list_word"", ""position"": ""T2""}]"
color,Color; color,3,2,list_word,False,True,"Brainerd, Chang, & Bialer (2020); Roediger et al. (2001) 55-list DRM pool, augmented with uploaded 2024 supplementary workbook metrics",Brainerd2020_120_4word_lists; Roediger2001_55_15word_lists,,brainerd2020_120::green; roediger2001_55::black; roediger2001_55::butterfly,black; butterfly; green,2.8024186509225935,0.037,0.04,"[{""dataset"": ""Brainerd2020_120_4word_lists"", ""list_id"": ""brainerd2020_120::green"", ""critical_item"": ""Green"", ""role"": ""list_word"", ""position"": ""T1""}, {""dataset"": ""Roediger2001_55_15word_lists"", ""list_id"": ""roediger2001_55::black"", ""critical_item"": ""black"", ""role"": ""list_word"", ""position"": ""T7""}, {""dataset"": ""Roediger2001_55_15word_lists"", ""list_id"": ""roediger2001_55::butterfly"", ""critical_item"": ""butterfly"", ""role"": ""list_word"", ""position"": ""T12""}]"
colt,Colt,1,1,list_word,False,True,"Brainerd, Chang, & Bialer (2020)",Brainerd2020_120_4word_lists,,brainerd2020_120::horse,horse,0.62,,,"[{""dataset"": ""Brainerd2020_120_4word_lists"", ""list_id"": ""brainerd2020_120::horse"", ""critical_item"": ""Horse"", ""role"": ""list_word"", ""position"": ""T4""}]"
comb,Comb,1,1,list_word,False,True,"Brainerd, Chang, & Bialer (2020)",Brainerd2020_120_4word_lists,,brainerd2020_120::real,real,0.8,,,"[{""dataset"": ""Brainerd2020_120_4word_lists"", ""list_id"": ""brainerd2020_120::real"", ""critical_item"": ""Real"", ""role"": ""list_word"", ""position"": ""T2""}]"
combat,combat,1,1,list_word,False,True,"Roediger et al. (2001) 55-list DRM pool, augmented with uploaded 2024 supplementary workbook metrics",Roediger2001_55_15word_lists,,roediger2001_55::army,army,,0.0,0.0,"[{""dataset"": ""Roediger2001_55_15word_lists"", ""list_id"": ""roediger2001_55::army"", ""critical_item"": ""army"", ""role"": ""list_word"", ""position"": ""T15""}]"
command,command,1,1,critical_distractor,True,False,"Roediger et al. (2001) 55-list DRM pool, augmented with uploaded 2024 supplementary workbook metrics",Roediger2001_55_15word_lists,roediger2001_55::command,,,3.34752515999869,,,"[{""dataset"": ""Roediger2001_55_15word_lists"", ""list_id"": ""roediger2001_55::command"", ""critical_item"": ""command"", ""role"": ""critical_distractor"", ""position"": ""CD""}]"
comment,Comment,1,1,critical_distractor,True,False,"Brainerd, Chang, & Bialer (2020)",Brainerd2020_120_4word_lists,brainerd2020_120::comment,,,1.63,,,"[{""dataset"": ""Brainerd2020_120_4word_lists"", ""list_id"": ""brainerd2020_120::comment"", ""critical_item"": ""Comment"", ""role"": ""critical_distractor"", ""position"": ""CD""}]"
communication,Communication,1,1,list_word,False,True,"Brainerd, Chang, & Bialer (2020)",Brainerd2020_120_4word_lists,,brainerd2020_120::language,language,1.62,,,"[{""dataset"": ""Brainerd2020_120_4word_lists"", ""list_id"": ""brainerd2020_120::language"", ""critical_item"": ""Language"", ""role"": ""list_word"", ""position"": ""T3""}]"
computer,Computer,1,1,critical_distractor,True,False,"Brainerd, Chang, & Bialer (2020)",Brainerd2020_120_4word_lists,brainerd2020_120::computer,,,2.03,,,"[{""dataset"": ""Brainerd2020_120_4word_lists"", ""list_id"": ""brainerd2020_120::computer"", ""critical_item"": ""Computer"", ""role"": ""critical_distractor"", ""position"": ""CD""}]"
concert,Concert; concert,2,2,list_word,False,True,"Brainerd, Chang, & Bialer (2020); Roediger et al. (2001) 55-list DRM pool, augmented with uploaded 2024 supplementary workbook metrics",Brainerd2020_120_4word_lists; Roediger2001_55_15word_lists,,brainerd2020_120::teeth; roediger2001_55::music,music; teeth,2.086154004831065,0.395,0.0,"[{""dataset"": ""Brainerd2020_120_4word_lists"", ""list_id"": ""brainerd2020_120::teeth"", ""critical_item"": ""Teeth"", ""role"": ""list_word"", ""position"": ""T2""}, {""dataset"": ""Roediger2001_55_15word_lists"", ""list_id"": ""roediger2001_55::music"", ""critical_item"": ""music"", ""role"": ""list_word"", ""position"": ""T9""}]"
construction,Construction,1,1,list_word,False,True,"Brainerd, Chang, & Bialer (2020)",Brainerd2020_120_4word_lists,,brainerd2020_120::building,building,1.59,,,"[{""dataset"": ""Brainerd2020_120_4word_lists"", ""list_id"": ""brainerd2020_120::building"", ""critical_item"": ""Building"", ""role"": ""list_word"", ""position"": ""T3""}]"
contract,Contract,1,1,critical_distractor,True,False,"Brainerd, Chang, & Bialer (2020)",Brainerd2020_120_4word_lists,brainerd2020_120::contract,,,1.83,,,"[{""dataset"": ""Brainerd2020_120_4word_lists"", ""list_id"": ""brainerd2020_120::contract"", ""critical_item"": ""Contract"", ""role"": ""critical_distractor"", ""position"": ""CD""}]"
control,Control,1,1,critical_distractor,True,False,"Brainerd, Chang, & Bialer (2020)",Brainerd2020_120_4word_lists,brainerd2020_120::control,,,2.26,,,"[{""dataset"": ""Brainerd2020_120_4word_lists"", ""list_id"": ""brainerd2020_120::control"", ""critical_item"": ""Control"", ""role"": ""critical_distractor"", ""position"": ""CD""}]"
cook,cook,1,1,list_word,False,True,"Roediger et al. (2001) 55-list DRM pool, augmented with uploaded 2024 supplementary workbook metrics",Roediger2001_55_15word_lists,,roediger2001_55::stove,stove,3.36642295722597,0.0,0.212,"[{""dataset"": ""Roediger2001_55_15word_lists"", ""list_id"": ""roediger2001_55::stove"", ""critical_item"": ""stove"", ""role"": ""list_word"", ""position"": ""T4""}]"
cool,Cool,1,1,list_word,False,True,"Brainerd, Chang, & Bialer (2020)",Brainerd2020_120_4word_lists,,brainerd2020_120::doctor,doctor,1.71,,,"[{""dataset"": ""Brainerd2020_120_4word_lists"", ""list_id"": ""brainerd2020_120::doctor"", ""critical_item"": ""Doctor"", ""role"": ""list_word"", ""position"": ""T2""}]"
cop,cop,1,1,list_word,False,True,"Roediger et al. (2001) 55-list DRM pool, augmented with uploaded 2024 supplementary workbook metrics",Roediger2001_55_15word_lists,,roediger2001_55::thief,thief,3.64286005258449,0.0,0.0,"[{""dataset"": ""Roediger2001_55_15word_lists"", ""list_id"": ""roediger2001_55::thief"", ""critical_item"": ""thief"", ""role"": ""list_word"", ""position"": ""T6""}]"
cord,cord,1,1,list_word,False,True,"Roediger et al. (2001) 55-list DRM pool, augmented with uploaded 2024 supplementary workbook metrics",Roediger2001_55_15word_lists,,roediger2001_55::lamp,lamp,2.55509444857832,0.0,0.0,"[{""dataset"": ""Roediger2001_55_15word_lists"", ""list_id"": ""roediger2001_55::lamp"", ""critical_item"": ""lamp"", ""role"": ""list_word"", ""position"": ""T7""}]"
cottage,Cottage; cottage,2,2,critical_distractor; list_word,True,True,"Brainerd, Chang, & Bialer (2020); Roediger et al. (2001) 55-list DRM pool, augmented with uploaded 2024 supplementary workbook metrics",Brainerd2020_120_4word_lists; Roediger2001_55_15word_lists,roediger2001_55::cottage,brainerd2020_120::cabin,cabin,1.9714846454372048,,,"[{""dataset"": ""Brainerd2020_120_4word_lists"", ""list_id"": ""brainerd2020_120::cabin"", ""critical_item"": ""Cabin"", ""role"": ""list_word"", ""position"": ""T4""}, {""dataset"": ""Roediger2001_55_15word_lists"", ""list_id"": ""roediger2001_55::cottage"", ""critical_item"": ""cottage"", ""role"": ""critical_distractor"", ""position"": ""CD""}]"
cotton,cotton,1,1,list_word,False,True,"Roediger et al. (2001) 55-list DRM pool, augmented with uploaded 2024 supplementary workbook metrics",Roediger2001_55_15word_lists,,roediger2001_55::soft,soft,2.85973856619715,0.166,0.018,"[{""dataset"": ""Roediger2001_55_15word_lists"", ""list_id"": ""roediger2001_55::soft"", ""critical_item"": ""soft"", ""role"": ""list_word"", ""position"": ""T6""}]"
couch,Couch; couch,2,2,list_word,False,True,"Brainerd, Chang, & Bialer (2020); Roediger et al. (2001) 55-list DRM pool, augmented with uploaded 2024 supplementary workbook metrics",Brainerd2020_120_4word_lists; Roediger2001_55_15word_lists,,brainerd2020_120::chair; roediger2001_55::chair,chair,2.149228409026645,0.288,0.109,"[{""dataset"": ""Brainerd2020_120_4word_lists"", ""list_id"": ""brainerd2020_120::chair"", ""critical_item"": ""Chair"", ""role"": ""list_word"", ""position"": ""T1""}, {""dataset"": ""Roediger2001_55_15word_lists"", ""list_id"": ""roediger2001_55::chair"", ""critical_item"": ""chair"", ""role"": ""list_word"", ""position"": ""T5""}]"
country,country,2,1,list_word,False,True,"Roediger et al. (2001) 55-list DRM pool, augmented with uploaded 2024 supplementary workbook metrics",Roediger2001_55_15word_lists,,roediger2001_55::citizen; roediger2001_55::city,citizen; city,,0.034,0.0395,"[{""dataset"": ""Roediger2001_55_15word_lists"", ""list_id"": ""roediger2001_55::citizen"", ""critical_item"": ""citizen"", ""role"": ""list_word"", ""position"": ""T5""}, {""dataset"": ""Roediger2001_55_15word_lists"", ""list_id"": ""roediger2001_55::city"", ""critical_item"": ""city"", ""role"": ""list_word"", ""position"": ""T7""}]"
county,county,1,1,list_word,False,True,"Roediger et al. (2001) 55-list DRM pool, augmented with uploaded 2024 supplementary workbook metrics",Roediger2001_55_15word_lists,,roediger2001_55::city,city,,0.195,0.01,"[{""dataset"": ""Roediger2001_55_15word_lists"", ""list_id"": ""roediger2001_55::city"", ""critical_item"": ""city"", ""role"": ""list_word"", ""position"": ""T14""}]"
couple,Couple,1,1,list_word,False,True,"Brainerd, Chang, & Bialer (2020)",Brainerd2020_120_4word_lists,,brainerd2020_120::map,map,1.94,,,"[{""dataset"": ""Brainerd2020_120_4word_lists"", ""list_id"": ""brainerd2020_120::map"", ""critical_item"": ""Map"", ""role"": ""list_word"", ""position"": ""T4""}]"
court,Court,1,1,list_word,False,True,"Brainerd, Chang, & Bialer (2020)",Brainerd2020_120_4word_lists,,brainerd2020_120::judge,judge,2.29,,,"[{""dataset"": ""Brainerd2020_120_4word_lists"", ""list_id"": ""brainerd2020_120::judge"", ""critical_item"": ""Judge"", ""role"": ""list_word"", ""position"": ""T1""}]"
courts,courts,1,1,list_word,False,True,"Roediger et al. (2001) 55-list DRM pool, augmented with uploaded 2024 supplementary workbook metrics",Roediger2001_55_15word_lists,,roediger2001_55::justice,justice,2.47856649559384,0.09,0.158,"[{""dataset"": ""Roediger2001_55_15word_lists"", ""list_id"": ""roediger2001_55::justice"", ""critical_item"": ""justice"", ""role"": ""list_word"", ""position"": ""T3""}]"
cover,Cover,1,1,critical_distractor,True,False,"Brainerd, Chang, & Bialer (2020)",Brainerd2020_120_4word_lists,brainerd2020_120::cover,,,1.89,,,"[{""dataset"": ""Brainerd2020_120_4word_lists"", ""list_id"": ""brainerd2020_120::cover"", ""critical_item"": ""Cover"", ""role"": ""critical_distractor"", ""position"": ""CD""}]"
covered,Covered,1,1,list_word,False,True,"Brainerd, Chang, & Bialer (2020)",Brainerd2020_120_4word_lists,,brainerd2020_120::doctor,doctor,2.02,,,"[{""dataset"": ""Brainerd2020_120_4word_lists"", ""list_id"": ""brainerd2020_120::doctor"", ""critical_item"": ""Doctor"", ""role"": ""list_word"", ""position"": ""T4""}]"
cozy,cozy,1,1,list_word,False,True,"Roediger et al. (2001) 55-list DRM pool, augmented with uploaded 2024 supplementary workbook metrics",Roediger2001_55_15word_lists,,roediger2001_55::cottage,cottage,2.46089784275655,0.0,0.0,"[{""dataset"": ""Roediger2001_55_15word_lists"", ""list_id"": ""roediger2001_55::cottage"", ""critical_item"": ""cottage"", ""role"": ""list_word"", ""position"": ""T14""}]"
craft,Craft,1,1,list_word,False,True,"Brainerd, Chang, & Bialer (2020)",Brainerd2020_120_4word_lists,,brainerd2020_120::art,art,1.36,,,"[{""dataset"": ""Brainerd2020_120_4word_lists"", ""list_id"": ""brainerd2020_120::art"", ""critical_item"": ""Art"", ""role"": ""list_word"", ""position"": ""T2""}]"
crawl,crawl,1,1,list_word,False,True,"Roediger et al. (2001) 55-list DRM pool, augmented with uploaded 2024 supplementary workbook metrics",Roediger2001_55_15word_lists,,roediger2001_55::spider,spider,2.78887511577542,0.0,0.024,"[{""dataset"": ""Roediger2001_55_15word_lists"", ""list_id"": ""roediger2001_55::spider"", ""critical_item"": ""spider"", ""role"": ""list_word"", ""position"": ""T7""}]"
crayon,crayon,1,1,list_word,False,True,"Roediger et al. (2001) 55-list DRM pool, augmented with uploaded 2024 supplementary workbook metrics",Roediger2001_55_15word_lists,,roediger2001_55::pen,pen,1.34242268082221,0.0,0.0,"[{""dataset"": ""Roediger2001_55_15word_lists"", ""list_id"": ""roediger2001_55::pen"", ""critical_item"": ""pen"", ""role"": ""list_word"", ""position"": ""T9""}]"
creative,Creative,1,1,list_word,False,True,"Brainerd, Chang, & Bialer (2020)",Brainerd2020_120_4word_lists,,brainerd2020_120::art,art,1.26,,,"[{""dataset"": ""Brainerd2020_120_4word_lists"", ""list_id"": ""brainerd2020_120::art"", ""critical_item"": ""Art"", ""role"": ""list_word"", ""position"": ""T3""}]"
creek,creek,1,1,list_word,False,True,"Roediger et al. (2001) 55-list DRM pool, augmented with uploaded 2024 supplementary workbook metrics",Roediger2001_55_15word_lists,,roediger2001_55::river,river,2.65801139665711,0.397,0.0,"[{""dataset"": ""Roediger2001_55_15word_lists"", ""list_id"": ""roediger2001_55::river"", ""critical_item"": ""river"", ""role"": ""list_word"", ""position"": ""T11""}]"
creepy,creepy,1,1,list_word,False,True,"Roediger et al. (2001) 55-list DRM pool, augmented with uploaded 2024 supplementary workbook metrics",Roediger2001_55_15word_lists,,roediger2001_55::spider,spider,2.75511226639507,0.058,0.04,"[{""dataset"": ""Roediger2001_55_15word_lists"", ""list_id"": ""roediger2001_55::spider"", ""critical_item"": ""spider"", ""role"": ""list_word"", ""position"": ""T11""}]"
crime,crime,2,1,list_word,False,True,"Roediger et al. (2001) 55-list DRM pool, augmented with uploaded 2024 supplementary workbook metrics",Roediger2001_55_15word_lists,,roediger2001_55::justice; roediger2001_55::thief,justice; thief,3.56038492297202,0.021,0.0165,"[{""dataset"": ""Roediger2001_55_15word_lists"", ""list_id"": ""roediger2001_55::justice"", ""critical_item"": ""justice"", ""role"": ""list_word"", ""position"": ""T13""}, {""dataset"": ""Roediger2001_55_15word_lists"", ""list_id"": ""roediger2001_55::thief"", ""critical_item"": ""thief"", ""role"": ""list_word"", ""position"": ""T12""}]"
criminal,criminal,1,1,list_word,False,True,"Roediger et al. (2001) 55-list DRM pool, augmented with uploaded 2024 supplementary workbook metrics",Roediger2001_55_15word_lists,,roediger2001_55::thief,thief,3.24526583945746,0.051,0.012,"[{""dataset"": ""Roediger2001_55_15word_lists"", ""list_id"": ""roediger2001_55::thief"", ""critical_item"": ""thief"", ""role"": ""list_word"", ""position"": ""T15""}]"
criticize,Criticize,1,1,list_word,False,True,"Brainerd, Chang, & Bialer (2020)",Brainerd2020_120_4word_lists,,brainerd2020_120::comment,comment,0.39,,,"[{""dataset"": ""Brainerd2020_120_4word_lists"", ""list_id"": ""brainerd2020_120::comment"", ""critical_item"": ""Comment"", ""role"": ""list_word"", ""position"": ""T2""}]"
crook,crook,1,1,list_word,False,True,"Roediger et al. (2001) 55-list DRM pool, augmented with uploaded 2024 supplementary workbook metrics",Roediger2001_55_15word_lists,,roediger2001_55::thief,thief,2.46239799789896,0.459,0.091,"[{""dataset"": ""Roediger2001_55_15word_lists"", ""list_id"": ""roediger2001_55::thief"", ""critical_item"": ""thief"", ""role"": ""list_word"", ""position"": ""T3""}]"
crooked,Crooked,1,1,list_word,False,True,"Brainerd, Chang, & Bialer (2020)",Brainerd2020_120_4word_lists,,brainerd2020_120::determine,determine,0.94,,,"[{""dataset"": ""Brainerd2020_120_4word_lists"", ""list_id"": ""brainerd2020_120::determine"", ""critical_item"": ""Determine"", ""role"": ""list_word"", ""position"": ""T2""}]"
cross,cross,1,1,list_word,False,True,"Roediger et al. (2001) 55-list DRM pool, augmented with uploaded 2024 supplementary workbook metrics",Roediger2001_55_15word_lists,,roediger2001_55::pen,pen,3.44839710345777,0.013,0.0,"[{""dataset"": ""Roediger2001_55_15word_lists"", ""list_id"": ""roediger2001_55::pen"", ""critical_item"": ""pen"", ""role"": ""list_word"", ""position"": ""T10""}]"
crowd,Crowd,1,1,critical_distractor,True,False,"Brainerd, Chang, & Bialer (2020)",Brainerd2020_120_4word_lists,brainerd2020_120::crowd,,,1.88,,,"[{""dataset"": ""Brainerd2020_120_4word_lists"", ""list_id"": ""brainerd2020_120::crowd"", ""critical_item"": ""Crowd"", ""role"": ""critical_distractor"", ""position"": ""CD""}]"
crowded,crowded,1,1,list_word,False,True,"Roediger et al. (2001) 55-list DRM pool, augmented with uploaded 2024 supplementary workbook metrics",Roediger2001_55_15word_lists,,roediger2001_55::city,city,,0.0,0.01,"[{""dataset"": ""Roediger2001_55_15word_lists"", ""list_id"": ""roediger2001_55::city"", ""critical_item"": ""city"", ""role"": ""list_word"", ""position"": ""T2""}]"
crown,crown,1,1,list_word,False,True,"Roediger et al. (2001) 55-list DRM pool, augmented with uploaded 2024 supplementary workbook metrics",Roediger2001_55_15word_lists,,roediger2001_55::king,king,2.84447717574568,0.471,0.016,"[{""dataset"": ""Roediger2001_55_15word_lists"", ""list_id"": ""roediger2001_55::king"", ""critical_item"": ""king"", ""role"": ""list_word"", ""position"": ""T3""}]"
cruel,Cruel,1,1,list_word,False,True,"Brainerd, Chang, & Bialer (2020)",Brainerd2020_120_4word_lists,,brainerd2020_120::sleep,sleep,1.58,,,"[{""dataset"": ""Brainerd2020_120_4word_lists"", ""list_id"": ""brainerd2020_120::sleep"", ""critical_item"": ""Sleep"", ""role"": ""list_word"", ""position"": ""T2""}]"
crust,crust,1,1,list_word,False,True,"Roediger et al. (2001) 55-list DRM pool, augmented with uploaded 2024 supplementary workbook metrics",Roediger2001_55_15word_lists,,roediger2001_55::bread,bread,2.22271647114758,0.243,0.0,"[{""dataset"": ""Roediger2001_55_15word_lists"", ""list_id"": ""roediger2001_55::bread"", ""critical_item"": ""bread"", ""role"": ""list_word"", ""position"": ""T11""}]"
cry,Cry,1,1,list_word,False,True,"Brainerd, Chang, & Bialer (2020)",Brainerd2020_120_4word_lists,,brainerd2020_120::sad,sad,1.94,,,"[{""dataset"": ""Brainerd2020_120_4word_lists"", ""list_id"": ""brainerd2020_120::sad"", ""critical_item"": ""Sad"", ""role"": ""list_word"", ""position"": ""T1""}]"
cub,cub,1,1,list_word,False,True,"Roediger et al. (2001) 55-list DRM pool, augmented with uploaded 2024 supplementary workbook metrics",Roediger2001_55_15word_lists,,roediger2001_55::lion,lion,2.03342375548695,0.063,0.074,"[{""dataset"": ""Roediger2001_55_15word_lists"", ""list_id"": ""roediger2001_55::lion"", ""critical_item"": ""lion"", ""role"": ""list_word"", ""position"": ""T6""}]"
cuffs,cuffs,1,1,list_word,False,True,"Roediger et al. (2001) 55-list DRM pool, augmented with uploaded 2024 supplementary workbook metrics",Roediger2001_55_15word_lists,,roediger2001_55::shirt,shirt,2.42651126136458,0.143,0.0,"[{""dataset"": ""Roediger2001_55_15word_lists"", ""list_id"": ""roediger2001_55::shirt"", ""critical_item"": ""shirt"", ""role"": ""list_word"", ""position"": ""T15""}]"
culture,Culture,1,1,list_word,False,True,"Brainerd, Chang, & Bialer (2020)",Brainerd2020_120_4word_lists,,brainerd2020_120::language,language,1.75,,,"[{""dataset"": ""Brainerd2020_120_4word_lists"", ""list_id"": ""brainerd2020_120::language"", ""critical_item"": ""Language"", ""role"": ""list_word"", ""position"": ""T4""}]"
cup,cup,1,1,critical_distractor,True,False,"Roediger et al. (2001) 55-list DRM pool, augmented with uploaded 2024 supplementary workbook metrics",Roediger2001_55_15word_lists,roediger2001_55::cup,,,3.42078061954857,,,"[{""dataset"": ""Roediger2001_55_15word_lists"", ""list_id"": ""roediger2001_55::cup"", ""critical_item"": ""cup"", ""role"": ""critical_distractor"", ""position"": ""CD""}]"
cure,cure,1,1,list_word,False,True,"Roediger et al. (2001) 55-list DRM pool, augmented with uploaded 2024 supplementary workbook metrics",Roediger2001_55_15word_lists,,roediger2001_55::doctor,doctor,3.02694162795903,0.028,0.01,"[{""dataset"": ""Roediger2001_55_15word_lists"", ""list_id"": ""roediger2001_55::doctor"", ""critical_item"": ""doctor"", ""role"": ""list_word"", ""position"": ""T15""}]"
current,current,1,1,list_word,False,True,"Roediger et al. (2001) 55-list DRM pool, augmented with uploaded 2024 supplementary workbook metrics",Roediger2001_55_15word_lists,,roediger2001_55::swift,swift,,0.0,0.0,"[{""dataset"": ""Roediger2001_55_15word_lists"", ""list_id"": ""roediger2001_55::swift"", ""critical_item"": ""swift"", ""role"": ""list_word"", ""position"": ""T5""}]"
curtain,curtain,1,1,list_word,False,True,"Roediger et al. (2001) 55-list DRM pool, augmented with uploaded 2024 supplementary workbook metrics",Roediger2001_55_15word_lists,,roediger2001_55::window,window,2.72098574415374,0.189,0.038,"[{""dataset"": ""Roediger2001_55_15word_lists"", ""list_id"": ""roediger2001_55::window"", ""critical_item"": ""window"", ""role"": ""list_word"", ""position"": ""T9""}]"
curve,Curve,1,1,list_word,False,True,"Brainerd, Chang, & Bialer (2020)",Brainerd2020_120_4word_lists,,brainerd2020_120::order,order,1.27,,,"[{""dataset"": ""Brainerd2020_120_4word_lists"", ""list_id"": ""brainerd2020_120::order"", ""critical_item"": ""Order"", ""role"": ""list_word"", ""position"": ""T3""}]"
cushion,cushion,1,1,list_word,False,True,"Roediger et al. (2001) 55-list DRM pool, augmented with uploaded 2024 supplementary workbook metrics",Roediger2001_55_15word_lists,,roediger2001_55::chair,chair,2.04532297878666,0.086,0.019,"[{""dataset"": ""Roediger2001_55_15word_lists"", ""list_id"": ""roediger2001_55::chair"", ""critical_item"": ""chair"", ""role"": ""list_word"", ""position"": ""T10""}]"
cute,Cute; cute,2,2,list_word,False,True,"Brainerd, Chang, & Bialer (2020); Roediger et al. (2001) 55-list DRM pool, augmented with uploaded 2024 supplementary workbook metrics",Brainerd2020_120_4word_lists; Roediger2001_55_15word_lists,,brainerd2020_120::pretty; roediger2001_55::girl,girl; pretty,2.100445038928155,0.035,0.0,"[{""dataset"": ""Brainerd2020_120_4word_lists"", ""list_id"": ""brainerd2020_120::pretty"", ""critical_item"": ""Pretty"", ""role"": ""list_word"", ""position"": ""T3""}, {""dataset"": ""Roediger2001_55_15word_lists"", ""list_id"": ""roediger2001_55::girl"", ""critical_item"": ""girl"", ""role"": ""list_word"", ""position"": ""T11""}]"
daisy,Daisy,1,1,list_word,False,True,"Brainerd, Chang, & Bialer (2020)",Brainerd2020_120_4word_lists,,brainerd2020_120::parent,parent,0.88,,,"[{""dataset"": ""Brainerd2020_120_4word_lists"", ""list_id"": ""brainerd2020_120::parent"", ""critical_item"": ""Parent"", ""role"": ""list_word"", ""position"": ""T3""}]"
dance,Dance; dance,2,2,critical_distractor; list_word,True,True,"Brainerd, Chang, & Bialer (2020); Roediger et al. (2001) 55-list DRM pool, augmented with uploaded 2024 supplementary workbook metrics",Brainerd2020_120_4word_lists; Roediger2001_55_15word_lists,brainerd2020_120::dance,roediger2001_55::girl,girl,2.804002235134015,0.0,0.0,"[{""dataset"": ""Brainerd2020_120_4word_lists"", ""list_id"": ""brainerd2020_120::dance"", ""critical_item"": ""Dance"", ""role"": ""critical_distractor"", ""position"": ""CD""}, {""dataset"": ""Roediger2001_55_15word_lists"", ""list_id"": ""roediger2001_55::girl"", ""critical_item"": ""girl"", ""role"": ""list_word"", ""position"": ""T9""}]"
danger,Danger; danger,2,2,critical_distractor; list_word,True,True,"Brainerd, Chang, & Bialer (2020); Roediger et al. (2001) 55-list DRM pool, augmented with uploaded 2024 supplementary workbook metrics",Brainerd2020_120_4word_lists; Roediger2001_55_15word_lists,brainerd2020_120::danger,roediger2001_55::trouble,trouble,2.638957593250845,0.048,0.027,"[{""dataset"": ""Brainerd2020_120_4word_lists"", ""list_id"": ""brainerd2020_120::danger"", ""critical_item"": ""Danger"", ""role"": ""critical_distractor"", ""position"": ""CD""}, {""dataset"": ""Roediger2001_55_15word_lists"", ""list_id"": ""roediger2001_55::trouble"", ""critical_item"": ""trouble"", ""role"": ""list_word"", ""position"": ""T4""}]"
dangerous,Dangerous,1,1,critical_distractor,True,False,"Brainerd, Chang, & Bialer (2020)",Brainerd2020_120_4word_lists,brainerd2020_120::dangerous,,,1.77,,,"[{""dataset"": ""Brainerd2020_120_4word_lists"", ""list_id"": ""brainerd2020_120::dangerous"", ""critical_item"": ""Dangerous"", ""role"": ""critical_distractor"", ""position"": ""CD""}]"
dark,Dark; dark,2,2,list_word,False,True,"Brainerd, Chang, & Bialer (2020); Roediger et al. (2001) 55-list DRM pool, augmented with uploaded 2024 supplementary workbook metrics",Brainerd2020_120_4word_lists; Roediger2001_55_15word_lists,,brainerd2020_120::bright; roediger2001_55::black,black; bright,2.99756921740569,0.111,0.1,"[{""dataset"": ""Brainerd2020_120_4word_lists"", ""list_id"": ""brainerd2020_120::bright"", ""critical_item"": ""Bright"", ""role"": ""list_word"", ""position"": ""T1""}, {""dataset"": ""Roediger2001_55_15word_lists"", ""list_id"": ""roediger2001_55::black"", ""critical_item"": ""black"", ""role"": ""list_word"", ""position"": ""T2""}]"
data,Data,1,1,list_word,False,True,"Brainerd, Chang, & Bialer (2020)",Brainerd2020_120_4word_lists,,brainerd2020_120::computer,computer,2.11,,,"[{""dataset"": ""Brainerd2020_120_4word_lists"", ""list_id"": ""brainerd2020_120::computer"", ""critical_item"": ""Computer"", ""role"": ""list_word"", ""position"": ""T1""}]"
date,date,1,1,list_word,False,True,"Roediger et al. (2001) 55-list DRM pool, augmented with uploaded 2024 supplementary workbook metrics",Roediger2001_55_15word_lists,,roediger2001_55::girl,girl,3.85847704181334,0.056,0.0,"[{""dataset"": ""Roediger2001_55_15word_lists"", ""list_id"": ""roediger2001_55::girl"", ""critical_item"": ""girl"", ""role"": ""list_word"", ""position"": ""T12""}]"
daughter,daughter,1,1,list_word,False,True,"Roediger et al. (2001) 55-list DRM pool, augmented with uploaded 2024 supplementary workbook metrics",Roediger2001_55_15word_lists,,roediger2001_55::girl,girl,3.9415114326344,0.042,0.0,"[{""dataset"": ""Roediger2001_55_15word_lists"", ""list_id"": ""roediger2001_55::girl"", ""critical_item"": ""girl"", ""role"": ""list_word"", ""position"": ""T14""}]"
day,day,1,1,list_word,False,True,"Roediger et al. (2001) 55-list DRM pool, augmented with uploaded 2024 supplementary workbook metrics",Roediger2001_55_15word_lists,,roediger2001_55::beautiful,beautiful,4.61165959265179,0.0,0.0,"[{""dataset"": ""Roediger2001_55_15word_lists"", ""list_id"": ""roediger2001_55::beautiful"", ""critical_item"": ""beautiful"", ""role"": ""list_word"", ""position"": ""T14""}]"
deadly,Deadly,1,1,list_word,False,True,"Brainerd, Chang, & Bialer (2020)",Brainerd2020_120_4word_lists,,brainerd2020_120::dangerous,dangerous,1.27,,,"[{""dataset"": ""Brainerd2020_120_4word_lists"", ""list_id"": ""brainerd2020_120::dangerous"", ""critical_item"": ""Dangerous"", ""role"": ""list_word"", ""position"": ""T3""}]"
deal,Deal,1,1,list_word,False,True,"Brainerd, Chang, & Bialer (2020)",Brainerd2020_120_4word_lists,,brainerd2020_120::contract,contract,2.2,,,"[{""dataset"": ""Brainerd2020_120_4word_lists"", ""list_id"": ""brainerd2020_120::contract"", ""critical_item"": ""Contract"", ""role"": ""list_word"", ""position"": ""T1""}]"
death,death,1,1,list_word,False,True,"Roediger et al. (2001) 55-list DRM pool, augmented with uploaded 2024 supplementary workbook metrics",Roediger2001_55_15word_lists,,roediger2001_55::black,black,4.04344087624447,0.016,0.014,"[{""dataset"": ""Roediger2001_55_15word_lists"", ""list_id"": ""roediger2001_55::black"", ""critical_item"": ""black"", ""role"": ""list_word"", ""position"": ""T10""}]"
debris,debris,1,1,list_word,False,True,"Roediger et al. (2001) 55-list DRM pool, augmented with uploaded 2024 supplementary workbook metrics",Roediger2001_55_15word_lists,,roediger2001_55::trash,trash,2.20411998265592,0.266,0.0,"[{""dataset"": ""Roediger2001_55_15word_lists"", ""list_id"": ""roediger2001_55::trash"", ""critical_item"": ""trash"", ""role"": ""list_word"", ""position"": ""T14""}]"
decide,Decide,1,1,list_word,False,True,"Brainerd, Chang, & Bialer (2020)",Brainerd2020_120_4word_lists,,brainerd2020_120::determine,determine,1.65,,,"[{""dataset"": ""Brainerd2020_120_4word_lists"", ""list_id"": ""brainerd2020_120::determine"", ""critical_item"": ""Determine"", ""role"": ""list_word"", ""position"": ""T1""}]"
decline,Decline,1,1,list_word,False,True,"Brainerd, Chang, & Bialer (2020)",Brainerd2020_120_4word_lists,,brainerd2020_120::accept,accept,1.43,,,"[{""dataset"": ""Brainerd2020_120_4word_lists"", ""list_id"": ""brainerd2020_120::accept"", ""critical_item"": ""Accept"", ""role"": ""list_word"", ""position"": ""T4""}]"
decorate,Decorate,1,1,list_word,False,True,"Brainerd, Chang, & Bialer (2020)",Brainerd2020_120_4word_lists,,brainerd2020_120::design,design,0.4,,,"[{""dataset"": ""Brainerd2020_120_4word_lists"", ""list_id"": ""brainerd2020_120::design"", ""critical_item"": ""Design"", ""role"": ""list_word"", ""position"": ""T3""}]"
deep,deep,1,1,list_word,False,True,"Roediger et al. (2001) 55-list DRM pool, augmented with uploaded 2024 supplementary workbook metrics",Roediger2001_55_15word_lists,,roediger2001_55::carpet,carpet,3.59073040579269,0.0,0.0,"[{""dataset"": ""Roediger2001_55_15word_lists"", ""list_id"": ""roediger2001_55::carpet"", ""critical_item"": ""carpet"", ""role"": ""list_word"", ""position"": ""T13""}]"
deer,deer,1,1,list_word,False,True,"Roediger et al. (2001) 55-list DRM pool, augmented with uploaded 2024 supplementary workbook metrics",Roediger2001_55_15word_lists,,roediger2001_55::swift,swift,,0.0,0.0,"[{""dataset"": ""Roediger2001_55_15word_lists"", ""list_id"": ""roediger2001_55::swift"", ""critical_item"": ""swift"", ""role"": ""list_word"", ""position"": ""T13""}]"
defeat,Defeat,1,1,list_word,False,True,"Brainerd, Chang, & Bialer (2020)",Brainerd2020_120_4word_lists,,brainerd2020_120::lose,lose,1.42,,,"[{""dataset"": ""Brainerd2020_120_4word_lists"", ""list_id"": ""brainerd2020_120::lose"", ""critical_item"": ""Lose"", ""role"": ""list_word"", ""position"": ""T4""}]"
delay,delay,1,1,list_word,False,True,"Roediger et al. (2001) 55-list DRM pool, augmented with uploaded 2024 supplementary workbook metrics",Roediger2001_55_15word_lists,,roediger2001_55::slow,slow,2.75050839485135,0.059,0.0,"[{""dataset"": ""Roediger2001_55_15word_lists"", ""list_id"": ""roediger2001_55::slow"", ""critical_item"": ""slow"", ""role"": ""list_word"", ""position"": ""T7""}]"
deliver,Deliver,1,1,list_word,False,True,"Brainerd, Chang, & Bialer (2020)",Brainerd2020_120_4word_lists,,brainerd2020_120::package,package,1.33,,,"[{""dataset"": ""Brainerd2020_120_4word_lists"", ""list_id"": ""brainerd2020_120::package"", ""critical_item"": ""Package"", ""role"": ""list_word"", ""position"": ""T3""}]"
demon,Demon,1,1,list_word,False,True,"Brainerd, Chang, & Bialer (2020)",Brainerd2020_120_4word_lists,,brainerd2020_120::devil,devil,0.95,,,"[{""dataset"": ""Brainerd2020_120_4word_lists"", ""list_id"": ""brainerd2020_120::devil"", ""critical_item"": ""Devil"", ""role"": ""list_word"", ""position"": ""T1""}]"
den,den,1,1,list_word,False,True,"Roediger et al. (2001) 55-list DRM pool, augmented with uploaded 2024 supplementary workbook metrics",Roediger2001_55_15word_lists,,roediger2001_55::lion,lion,2.49554433754645,0.097,0.021,"[{""dataset"": ""Roediger2001_55_15word_lists"", ""list_id"": ""roediger2001_55::lion"", ""critical_item"": ""lion"", ""role"": ""list_word"", ""position"": ""T5""}]"
dentist,Dentist; dentist,2,2,list_word,False,True,"Brainerd, Chang, & Bialer (2020); Roediger et al. (2001) 55-list DRM pool, augmented with uploaded 2024 supplementary workbook metrics",Brainerd2020_120_4word_lists; Roediger2001_55_15word_lists,,brainerd2020_120::crowd; roediger2001_55::doctor,crowd; doctor,1.69369801439651,0.214,0.02,"[{""dataset"": ""Brainerd2020_120_4word_lists"", ""list_id"": ""brainerd2020_120::crowd"", ""critical_item"": ""Crowd"", ""role"": ""list_word"", ""position"": ""T2""}, {""dataset"": ""Roediger2001_55_15word_lists"", ""list_id"": ""roediger2001_55::doctor"", ""critical_item"": ""doctor"", ""role"": ""list_word"", ""position"": ""T7""}]"
deny,Deny,1,1,list_word,False,True,"Brainerd, Chang, & Bialer (2020)",Brainerd2020_120_4word_lists,,brainerd2020_120::accept,accept,1.46,,,"[{""dataset"": ""Brainerd2020_120_4word_lists"", ""list_id"": ""brainerd2020_120::accept"", ""critical_item"": ""Accept"", ""role"": ""list_word"", ""position"": ""T3""}]"
department,department,1,1,list_word,False,True,"Roediger et al. (2001) 55-list DRM pool, augmented with uploaded 2024 supplementary workbook metrics",Roediger2001_55_15word_lists,,roediger2001_55::justice,justice,3.51281775856487,0.0,0.0,"[{""dataset"": ""Roediger2001_55_15word_lists"", ""list_id"": ""roediger2001_55::justice"", ""critical_item"": ""justice"", ""role"": ""list_word"", ""position"": ""T14""}]"
design,Design,1,1,critical_distractor,True,False,"Brainerd, Chang, & Bialer (2020)",Brainerd2020_120_4word_lists,brainerd2020_120::design,,,1.86,,,"[{""dataset"": ""Brainerd2020_120_4word_lists"", ""list_id"": ""brainerd2020_120::design"", ""critical_item"": ""Design"", ""role"": ""critical_distractor"", ""position"": ""CD""}]"
desire,desire,1,1,list_word,False,True,"Roediger et al. (2001) 55-list DRM pool, augmented with uploaded 2024 supplementary workbook metrics",Roediger2001_55_15word_lists,,roediger2001_55::wish,wish,3.01494034979294,0.027,0.039,"[{""dataset"": ""Roediger2001_55_15word_lists"", ""list_id"": ""roediger2001_55::wish"", ""critical_item"": ""wish"", ""role"": ""list_word"", ""position"": ""T3""}]"
desk,Desk; desk,3,2,list_word,False,True,"Brainerd, Chang, & Bialer (2020); Roediger et al. (2001) 55-list DRM pool, augmented with uploaded 2024 supplementary workbook metrics",Brainerd2020_120_4word_lists; Roediger2001_55_15word_lists,,brainerd2020_120::pen; roediger2001_55::chair; roediger2001_55::lamp,chair; lamp; pen,2.786832012222773,0.16199999999999998,0.019,"[{""dataset"": ""Brainerd2020_120_4word_lists"", ""list_id"": ""brainerd2020_120::pen"", ""critical_item"": ""Pen"", ""role"": ""list_word"", ""position"": ""T2""}, {""dataset"": ""Roediger2001_55_15word_lists"", ""list_id"": ""roediger2001_55::chair"", ""critical_item"": ""chair"", ""role"": ""list_word"", ""position"": ""T6""}, {""dataset"": ""Roediger2001_55_15word_lists"", ""list_id"": ""roediger2001_55::lamp"", ""critical_item"": ""lamp"", ""role"": ""list_word"", ""position"": ""T8""}]"
destroy,Destroy,1,1,list_word,False,True,"Brainerd, Chang, & Bialer (2020)",Brainerd2020_120_4word_lists,,brainerd2020_120::save,save,1.43,,,"[{""dataset"": ""Brainerd2020_120_4word_lists"", ""list_id"": ""brainerd2020_120::save"", ""critical_item"": ""Save"", ""role"": ""list_word"", ""position"": ""T3""}]"
determine,Determine,1,1,critical_distractor,True,False,"Brainerd, Chang, & Bialer (2020)",Brainerd2020_120_4word_lists,brainerd2020_120::determine,,,1.5,,,"[{""dataset"": ""Brainerd2020_120_4word_lists"", ""list_id"": ""brainerd2020_120::determine"", ""critical_item"": ""Determine"", ""role"": ""critical_distractor"", ""position"": ""CD""}]"
devil,Devil,1,1,critical_distractor,True,False,"Brainerd, Chang, & Bialer (2020)",Brainerd2020_120_4word_lists,brainerd2020_120::devil,,,1.7,,,"[{""dataset"": ""Brainerd2020_120_4word_lists"", ""list_id"": ""brainerd2020_120::devil"", ""critical_item"": ""Devil"", ""role"": ""critical_distractor"", ""position"": ""CD""}]"
dictator,dictator,1,1,list_word,False,True,"Roediger et al. (2001) 55-list DRM pool, augmented with uploaded 2024 supplementary workbook metrics",Roediger2001_55_15word_lists,,roediger2001_55::king,king,2.03742649794062,0.023,0.0,"[{""dataset"": ""Roediger2001_55_15word_lists"", ""list_id"": ""roediger2001_55::king"", ""critical_item"": ""king"", ""role"": ""list_word"", ""position"": ""T6""}]"
different,Different,1,1,list_word,False,True,"Brainerd, Chang, & Bialer (2020)",Brainerd2020_120_4word_lists,,brainerd2020_120::unusual,unusual,2.53,,,"[{""dataset"": ""Brainerd2020_120_4word_lists"", ""list_id"": ""brainerd2020_120::unusual"", ""critical_item"": ""Unusual"", ""role"": ""list_word"", ""position"": ""T1""}]"
difficulty,difficulty,1,1,list_word,False,True,"Roediger et al. (2001) 55-list DRM pool, augmented with uploaded 2024 supplementary workbook metrics",Roediger2001_55_15word_lists,,roediger2001_55::trouble,trouble,2.45636603312904,0.031,0.0,"[{""dataset"": ""Roediger2001_55_15word_lists"", ""list_id"": ""roediger2001_55::trouble"", ""critical_item"": ""trouble"", ""role"": ""list_word"", ""position"": ""T12""}]"
direction,Direction,1,1,list_word,False,True,"Brainerd, Chang, & Bialer (2020)",Brainerd2020_120_4word_lists,,brainerd2020_120::poet,poet,2.03,,,"[{""dataset"": ""Brainerd2020_120_4word_lists"", ""list_id"": ""brainerd2020_120::poet"", ""critical_item"": ""Poet"", ""role"": ""list_word"", ""position"": ""T3""}]"
dirt,Dirt,1,1,list_word,False,True,"Brainerd, Chang, & Bialer (2020)",Brainerd2020_120_4word_lists,,brainerd2020_120::ground,ground,1.16,,,"[{""dataset"": ""Brainerd2020_120_4word_lists"", ""list_id"": ""brainerd2020_120::ground"", ""critical_item"": ""Ground"", ""role"": ""list_word"", ""position"": ""T1""}]"
disaster,Disaster,1,1,critical_distractor,True,False,"Brainerd, Chang, & Bialer (2020)",Brainerd2020_120_4word_lists,brainerd2020_120::disaster,,,1.32,,,"[{""dataset"": ""Brainerd2020_120_4word_lists"", ""list_id"": ""brainerd2020_120::disaster"", ""critical_item"": ""Disaster"", ""role"": ""critical_distractor"", ""position"": ""CD""}]"
disc,Disc,1,1,list_word,False,True,"Brainerd, Chang, & Bialer (2020)",Brainerd2020_120_4word_lists,,brainerd2020_120::record,record,0.92,,,"[{""dataset"": ""Brainerd2020_120_4word_lists"", ""list_id"": ""brainerd2020_120::record"", ""critical_item"": ""Record"", ""role"": ""list_word"", ""position"": ""T1""}]"
disease,disease,1,1,list_word,False,True,"Roediger et al. (2001) 55-list DRM pool, augmented with uploaded 2024 supplementary workbook metrics",Roediger2001_55_15word_lists,,roediger2001_55::health,health,3.12580645813953,0.0,0.021,"[{""dataset"": ""Roediger2001_55_15word_lists"", ""list_id"": ""roediger2001_55::health"", ""critical_item"": ""health"", ""role"": ""list_word"", ""position"": ""T10""}]"
distance,distance,1,1,list_word,False,True,"Roediger et al. (2001) 55-list DRM pool, augmented with uploaded 2024 supplementary workbook metrics",Roediger2001_55_15word_lists,,roediger2001_55::long,long,3.11627558758054,0.15,0.0,"[{""dataset"": ""Roediger2001_55_15word_lists"", ""list_id"": ""roediger2001_55::long"", ""critical_item"": ""long"", ""role"": ""list_word"", ""position"": ""T12""}]"
dive,dive,1,1,list_word,False,True,"Roediger et al. (2001) 55-list DRM pool, augmented with uploaded 2024 supplementary workbook metrics",Roediger2001_55_15word_lists,,roediger2001_55::high,high,2.81624129999178,0.028,0.0,"[{""dataset"": ""Roediger2001_55_15word_lists"", ""list_id"": ""roediger2001_55::high"", ""critical_item"": ""high"", ""role"": ""list_word"", ""position"": ""T14""}]"
do,do,1,1,list_word,False,True,"Roediger et al. (2001) 55-list DRM pool, augmented with uploaded 2024 supplementary workbook metrics",Roediger2001_55_15word_lists,,roediger2001_55::command,command,5.49542777003036,0.0,0.014,"[{""dataset"": ""Roediger2001_55_15word_lists"", ""list_id"": ""roediger2001_55::command"", ""critical_item"": ""command"", ""role"": ""list_word"", ""position"": ""T6""}]"
doctor,Doctor; doctor,3,2,critical_distractor; list_word,True,True,"Brainerd, Chang, & Bialer (2020); Roediger et al. (2001) 55-list DRM pool, augmented with uploaded 2024 supplementary workbook metrics",Brainerd2020_120_4word_lists; Roediger2001_55_15word_lists,brainerd2020_120::doctor; roediger2001_55::doctor,roediger2001_55::health,health,3.46940639081382,0.02,0.049,"[{""dataset"": ""Brainerd2020_120_4word_lists"", ""list_id"": ""brainerd2020_120::doctor"", ""critical_item"": ""Doctor"", ""role"": ""critical_distractor"", ""position"": ""CD""}, {""dataset"": ""Roediger2001_55_15word_lists"", ""list_id"": ""roediger2001_55::doctor"", ""critical_item"": ""doctor"", ""role"": ""critical_distractor"", ""position"": ""CD""}, {""dataset"": ""Roediger2001_55_15word_lists"", ""list_id"": ""roediger2001_55::health"", ""critical_item"": ""health"", ""role"": ""list_word"", ""position"": ""T6""}]"
document,Document,1,1,list_word,False,True,"Brainerd, Chang, & Bialer (2020)",Brainerd2020_120_4word_lists,,brainerd2020_120::contract,contract,1.61,,,"[{""dataset"": ""Brainerd2020_120_4word_lists"", ""list_id"": ""brainerd2020_120::contract"", ""critical_item"": ""Contract"", ""role"": ""list_word"", ""position"": ""T2""}]"
dog,dog,1,1,list_word,False,True,"Roediger et al. (2001) 55-list DRM pool, augmented with uploaded 2024 supplementary workbook metrics",Roediger2001_55_15word_lists,,roediger2001_55::whistle,whistle,3.99281852006668,0.0,0.016,"[{""dataset"": ""Roediger2001_55_15word_lists"", ""list_id"": ""roediger2001_55::whistle"", ""critical_item"": ""whistle"", ""role"": ""list_word"", ""position"": ""T8""}]"
dolls,dolls,1,1,list_word,False,True,"Roediger et al. (2001) 55-list DRM pool, augmented with uploaded 2024 supplementary workbook metrics",Roediger2001_55_15word_lists,,roediger2001_55::girl,girl,2.46239799789896,0.199,0.0,"[{""dataset"": ""Roediger2001_55_15word_lists"", ""list_id"": ""roediger2001_55::girl"", ""critical_item"": ""girl"", ""role"": ""list_word"", ""position"": ""T2""}]"
dominate,Dominate,1,1,list_word,False,True,"Brainerd, Chang, & Bialer (2020)",Brainerd2020_120_4word_lists,,brainerd2020_120::control,control,0.76,,,"[{""dataset"": ""Brainerd2020_120_4word_lists"", ""list_id"": ""brainerd2020_120::control"", ""critical_item"": ""Control"", ""role"": ""list_word"", ""position"": ""T1""}]"
door,Door; door,3,2,list_word,False,True,"Brainerd, Chang, & Bialer (2020); Roediger et al. (2001) 55-list DRM pool, augmented with uploaded 2024 supplementary workbook metrics",Brainerd2020_120_4word_lists; Roediger2001_55_15word_lists,,brainerd2020_120::window; roediger2001_55::cottage; roediger2001_55::window,cottage; window,3.65537977575818,0.078,0.0735,"[{""dataset"": ""Brainerd2020_120_4word_lists"", ""list_id"": ""brainerd2020_120::window"", ""critical_item"": ""Window"", ""role"": ""list_word"", ""position"": ""T1""}, {""dataset"": ""Roediger2001_55_15word_lists"", ""list_id"": ""roediger2001_55::cottage"", ""critical_item"": ""cottage"", ""role"": ""list_word"", ""position"": ""T8""}, {""dataset"": ""Roediger2001_55_15word_lists"", ""list_id"": ""roediger2001_55::window"", ""critical_item"": ""window"", ""role"": ""list_word"", ""position"": ""T1""}]"
double,Double,1,1,list_word,False,True,"Brainerd, Chang, & Bialer (2020)",Brainerd2020_120_4word_lists,,brainerd2020_120::train,train,1.86,,,"[{""dataset"": ""Brainerd2020_120_4word_lists"", ""list_id"": ""brainerd2020_120::train"", ""critical_item"": ""Train"", ""role"": ""list_word"", ""position"": ""T2""}]"
dough,dough,1,1,list_word,False,True,"Roediger et al. (2001) 55-list DRM pool, augmented with uploaded 2024 supplementary workbook metrics",Roediger2001_55_15word_lists,,roediger2001_55::bread,bread,2.90902085421116,0.31,0.058,"[{""dataset"": ""Roediger2001_55_15word_lists"", ""list_id"": ""roediger2001_55::bread"", ""critical_item"": ""bread"", ""role"": ""list_word"", ""position"": ""T10""}]"
dove,Dove,1,1,list_word,False,True,"Brainerd, Chang, & Bialer (2020)",Brainerd2020_120_4word_lists,,brainerd2020_120::disaster,disaster,0.91,,,"[{""dataset"": ""Brainerd2020_120_4word_lists"", ""list_id"": ""brainerd2020_120::disaster"", ""critical_item"": ""Disaster"", ""role"": ""list_word"", ""position"": ""T2""}]"
downy,downy,1,1,list_word,False,True,"Roediger et al. (2001) 55-list DRM pool, augmented with uploaded 2024 supplementary workbook metrics",Roediger2001_55_15word_lists,,roediger2001_55::soft,soft,1.34242268082221,0.221,0.0,"[{""dataset"": ""Roediger2001_55_15word_lists"", ""list_id"": ""roediger2001_55::soft"", ""critical_item"": ""soft"", ""role"": ""list_word"", ""position"": ""T12""}]"
doze,doze,1,1,list_word,False,True,"Roediger et al. (2001) 55-list DRM pool, augmented with uploaded 2024 supplementary workbook metrics",Roediger2001_55_15word_lists,,roediger2001_55::sleep,sleep,1.32221929473392,0.682,0.0,"[{""dataset"": ""Roediger2001_55_15word_lists"", ""list_id"": ""roediger2001_55::sleep"", ""critical_item"": ""sleep"", ""role"": ""list_word"", ""position"": ""T9""}]"
draft,draft,1,1,list_word,False,True,"Roediger et al. (2001) 55-list DRM pool, augmented with uploaded 2024 supplementary workbook metrics",Roediger2001_55_15word_lists,,roediger2001_55::army,army,,0.122,0.0,"[{""dataset"": ""Roediger2001_55_15word_lists"", ""list_id"": ""roediger2001_55::army"", ""critical_item"": ""army"", ""role"": ""list_word"", ""position"": ""T6""}]"
drama,Drama,1,1,list_word,False,True,"Brainerd, Chang, & Bialer (2020)",Brainerd2020_120_4word_lists,,brainerd2020_120::act,act,1.4,,,"[{""dataset"": ""Brainerd2020_120_4word_lists"", ""list_id"": ""brainerd2020_120::act"", ""critical_item"": ""Act"", ""role"": ""list_word"", ""position"": ""T3""}]"
drawing,Drawing,1,1,list_word,False,True,"Brainerd, Chang, & Bialer (2020)",Brainerd2020_120_4word_lists,,brainerd2020_120::art,art,1.95,,,"[{""dataset"": ""Brainerd2020_120_4word_lists"", ""list_id"": ""brainerd2020_120::art"", ""critical_item"": ""Art"", ""role"": ""list_word"", ""position"": ""T4""}]"
dream,dream,2,1,list_word,False,True,"Roediger et al. (2001) 55-list DRM pool, augmented with uploaded 2024 supplementary workbook metrics",Roediger2001_55_15word_lists,,roediger2001_55::sleep; roediger2001_55::wish,sleep; wish,3.83244504117411,0.1305,0.1795,"[{""dataset"": ""Roediger2001_55_15word_lists"", ""list_id"": ""roediger2001_55::sleep"", ""critical_item"": ""sleep"", ""role"": ""list_word"", ""position"": ""T5""}, {""dataset"": ""Roediger2001_55_15word_lists"", ""list_id"": ""roediger2001_55::wish"", ""critical_item"": ""wish"", ""role"": ""list_word"", ""position"": ""T2""}]"
dress,dress,1,1,list_word,False,True,"Roediger et al. (2001) 55-list DRM pool, augmented with uploaded 2024 supplementary workbook metrics",Roediger2001_55_15word_lists,,roediger2001_55::girl,girl,3.648164778574,0.063,0.0,"[{""dataset"": ""Roediger2001_55_15word_lists"", ""list_id"": ""roediger2001_55::girl"", ""critical_item"": ""girl"", ""role"": ""list_word"", ""position"": ""T5""}]"
drink,drink,2,1,list_word,False,True,"Roediger et al. (2001) 55-list DRM pool, augmented with uploaded 2024 supplementary workbook metrics",Roediger2001_55_15word_lists,,roediger2001_55::cup; roediger2001_55::whiskey,cup; whiskey,4.10099052306996,0.0055,0.065,"[{""dataset"": ""Roediger2001_55_15word_lists"", ""list_id"": ""roediger2001_55::cup"", ""critical_item"": ""cup"", ""role"": ""list_word"", ""position"": ""T13""}, {""dataset"": ""Roediger2001_55_15word_lists"", ""list_id"": ""roediger2001_55::whiskey"", ""critical_item"": ""whiskey"", ""role"": ""list_word"", ""position"": ""T1""}]"
drive,drive,1,1,list_word,False,True,"Roediger et al. (2001) 55-list DRM pool, augmented with uploaded 2024 supplementary workbook metrics",Roediger2001_55_15word_lists,,roediger2001_55::car,car,3.89270663780567,0.48,0.122,"[{""dataset"": ""Roediger2001_55_15word_lists"", ""list_id"": ""roediger2001_55::car"", ""critical_item"": ""car"", ""role"": ""list_word"", ""position"": ""T6""}]"
drop,Drop,1,1,list_word,False,True,"Brainerd, Chang, & Bialer (2020)",Brainerd2020_120_4word_lists,,brainerd2020_120::hold,hold,1.79,,,"[{""dataset"": ""Brainerd2020_120_4word_lists"", ""list_id"": ""brainerd2020_120::hold"", ""critical_item"": ""Hold"", ""role"": ""list_word"", ""position"": ""T1""}]"
drown,Drown,1,1,list_word,False,True,"Brainerd, Chang, & Bialer (2020)",Brainerd2020_120_4word_lists,,brainerd2020_120::save,save,0.78,,,"[{""dataset"": ""Brainerd2020_120_4word_lists"", ""list_id"": ""brainerd2020_120::save"", ""critical_item"": ""Save"", ""role"": ""list_word"", ""position"": ""T4""}]"
drowsy,drowsy,1,1,list_word,False,True,"Roediger et al. (2001) 55-list DRM pool, augmented with uploaded 2024 supplementary workbook metrics",Roediger2001_55_15word_lists,,roediger2001_55::sleep,sleep,1.57978359661681,0.551,0.0,"[{""dataset"": ""Roediger2001_55_15word_lists"", ""list_id"": ""roediger2001_55::sleep"", ""critical_item"": ""sleep"", ""role"": ""list_word"", ""position"": ""T15""}]"
drug,Drug,1,1,critical_distractor,True,False,"Brainerd, Chang, & Bialer (2020)",Brainerd2020_120_4word_lists,brainerd2020_120::drug,,,1.45,,,"[{""dataset"": ""Brainerd2020_120_4word_lists"", ""list_id"": ""brainerd2020_120::drug"", ""critical_item"": ""Drug"", ""role"": ""critical_distractor"", ""position"": ""CD""}]"
drunk,drunk,1,1,list_word,False,True,"Roediger et al. (2001) 55-list DRM pool, augmented with uploaded 2024 supplementary workbook metrics",Roediger2001_55_15word_lists,,roediger2001_55::whiskey,whiskey,3.59162103821332,0.0,0.121,"[{""dataset"": ""Roediger2001_55_15word_lists"", ""list_id"": ""roediger2001_55::whiskey"", ""critical_item"": ""whiskey"", ""role"": ""list_word"", ""position"": ""T2""}]"
dull,Dull,1,1,list_word,False,True,"Brainerd, Chang, & Bialer (2020)",Brainerd2020_120_4word_lists,,brainerd2020_120::judge,judge,1.65,,,"[{""dataset"": ""Brainerd2020_120_4word_lists"", ""list_id"": ""brainerd2020_120::judge"", ""critical_item"": ""Judge"", ""role"": ""list_word"", ""position"": ""T2""}]"
dump,dump,1,1,list_word,False,True,"Roediger et al. (2001) 55-list DRM pool, augmented with uploaded 2024 supplementary workbook metrics",Roediger2001_55_15word_lists,,roediger2001_55::trash,trash,3.16761267272753,0.218,0.013,"[{""dataset"": ""Roediger2001_55_15word_lists"", ""list_id"": ""roediger2001_55::trash"", ""critical_item"": ""trash"", ""role"": ""list_word"", ""position"": ""T12""}]"
duty,Duty,1,1,list_word,False,True,"Brainerd, Chang, & Bialer (2020)",Brainerd2020_120_4word_lists,,brainerd2020_120::rain,rain,2.02,,,"[{""dataset"": ""Brainerd2020_120_4word_lists"", ""list_id"": ""brainerd2020_120::rain"", ""critical_item"": ""Rain"", ""role"": ""list_word"", ""position"": ""T2""}]"
earthquake,Earthquake,1,1,list_word,False,True,"Brainerd, Chang, & Bialer (2020)",Brainerd2020_120_4word_lists,,brainerd2020_120::disaster,disaster,0.84,,,"[{""dataset"": ""Brainerd2020_120_4word_lists"", ""list_id"": ""brainerd2020_120::disaster"", ""critical_item"": ""Disaster"", ""role"": ""list_word"", ""position"": ""T1""}]"
eat,eat,2,1,list_word,False,True,"Roediger et al. (2001) 55-list DRM pool, augmented with uploaded 2024 supplementary workbook metrics",Roediger2001_55_15word_lists,,roediger2001_55::bread; roediger2001_55::mutton,bread; mutton,4.10880172412203,0.0,0.013,"[{""dataset"": ""Roediger2001_55_15word_lists"", ""list_id"": ""roediger2001_55::bread"", ""critical_item"": ""bread"", ""role"": ""list_word"", ""position"": ""T3""}, {""dataset"": ""Roediger2001_55_15word_lists"", ""list_id"": ""roediger2001_55::mutton"", ""critical_item"": ""mutton"", ""role"": ""list_word"", ""position"": ""T9""}]"
elastic,elastic,1,1,list_word,False,True,"Roediger et al. (2001) 55-list DRM pool, augmented with uploaded 2024 supplementary workbook metrics",Roediger2001_55_15word_lists,,roediger2001_55::rubber,rubber,1.73239375982297,0.035,0.0,"[{""dataset"": ""Roediger2001_55_15word_lists"", ""list_id"": ""roediger2001_55::rubber"", ""critical_item"": ""rubber"", ""role"": ""list_word"", ""position"": ""T1""}]"
elephant,Elephant,1,1,list_word,False,True,"Brainerd, Chang, & Bialer (2020)",Brainerd2020_120_4word_lists,,brainerd2020_120::police,police,1.06,,,"[{""dataset"": ""Brainerd2020_120_4word_lists"", ""list_id"": ""brainerd2020_120::police"", ""critical_item"": ""Police"", ""role"": ""list_word"", ""position"": ""T2""}]"
elevate,elevate,1,1,list_word,False,True,"Roediger et al. (2001) 55-list DRM pool, augmented with uploaded 2024 supplementary workbook metrics",Roediger2001_55_15word_lists,,roediger2001_55::high,high,1.64345267648619,0.174,0.0,"[{""dataset"": ""Roediger2001_55_15word_lists"", ""list_id"": ""roediger2001_55::high"", ""critical_item"": ""high"", ""role"": ""list_word"", ""position"": ""T15""}]"
emblem,emblem,1,1,list_word,False,True,"Roediger et al. (2001) 55-list DRM pool, augmented with uploaded 2024 supplementary workbook metrics",Roediger2001_55_15word_lists,,roediger2001_55::flag,flag,1.53147891704226,0.048,0.0,"[{""dataset"": ""Roediger2001_55_15word_lists"", ""list_id"": ""roediger2001_55::flag"", ""critical_item"": ""flag"", ""role"": ""list_word"", ""position"": ""T12""}]"
emotion,emotion,1,1,list_word,False,True,"Roediger et al. (2001) 55-list DRM pool, augmented with uploaded 2024 supplementary workbook metrics",Roediger2001_55_15word_lists,,roediger2001_55::anger,anger,2.62736585659273,0.0,0.0,"[{""dataset"": ""Roediger2001_55_15word_lists"", ""list_id"": ""roediger2001_55::anger"", ""critical_item"": ""anger"", ""role"": ""list_word"", ""position"": ""T14""}]"
empire,Empire,1,1,list_word,False,True,"Brainerd, Chang, & Bialer (2020)",Brainerd2020_120_4word_lists,,brainerd2020_120::building,building,1.58,,,"[{""dataset"": ""Brainerd2020_120_4word_lists"", ""list_id"": ""brainerd2020_120::building"", ""critical_item"": ""Building"", ""role"": ""list_word"", ""position"": ""T4""}]"
endless,Endless,1,1,list_word,False,True,"Brainerd, Chang, & Bialer (2020)",Brainerd2020_120_4word_lists,,brainerd2020_120::forever,forever,1.3,,,"[{""dataset"": ""Brainerd2020_120_4word_lists"", ""list_id"": ""brainerd2020_120::forever"", ""critical_item"": ""Forever"", ""role"": ""list_word"", ""position"": ""T1""}]"
energetic,Energetic,1,1,list_word,False,True,"Brainerd, Chang, & Bialer (2020)",Brainerd2020_120_4word_lists,,brainerd2020_120::fear,fear,0.99,,,"[{""dataset"": ""Brainerd2020_120_4word_lists"", ""list_id"": ""brainerd2020_120::fear"", ""critical_item"": ""Fear"", ""role"": ""list_word"", ""position"": ""T2""}]"
england,england,1,1,list_word,False,True,"Roediger et al. (2001) 55-list DRM pool, augmented with uploaded 2024 supplementary workbook metrics",Roediger2001_55_15word_lists,,roediger2001_55::king,king,3.25454807710897,0.0,0.0,"[{""dataset"": ""Roediger2001_55_15word_lists"", ""list_id"": ""roediger2001_55::king"", ""critical_item"": ""king"", ""role"": ""list_word"", ""position"": ""T2""}]"
enrage,enrage,1,1,list_word,False,True,"Roediger et al. (2001) 55-list DRM pool, augmented with uploaded 2024 supplementary workbook metrics",Roediger2001_55_15word_lists,,roediger2001_55::anger,anger,1.17609125905568,0.378,0.0,"[{""dataset"": ""Roediger2001_55_15word_lists"", ""list_id"": ""roediger2001_55::anger"", ""critical_item"": ""anger"", ""role"": ""list_word"", ""position"": ""T15""}]"
equal,Equal,1,1,critical_distractor,True,False,"Brainerd, Chang, & Bialer (2020)",Brainerd2020_120_4word_lists,brainerd2020_120::equal,,,1.83,,,"[{""dataset"": ""Brainerd2020_120_4word_lists"", ""list_id"": ""brainerd2020_120::equal"", ""critical_item"": ""Equal"", ""role"": ""critical_distractor"", ""position"": ""CD""}]"
eraser,Eraser; eraser,2,2,list_word,False,True,"Brainerd, Chang, & Bialer (2020); Roediger et al. (2001) 55-list DRM pool, augmented with uploaded 2024 supplementary workbook metrics",Brainerd2020_120_4word_lists; Roediger2001_55_15word_lists,,brainerd2020_120::pen; roediger2001_55::rubber,pen; rubber,0.49300167181739996,0.026,0.0,"[{""dataset"": ""Brainerd2020_120_4word_lists"", ""list_id"": ""brainerd2020_120::pen"", ""critical_item"": ""Pen"", ""role"": ""list_word"", ""position"": ""T3""}, {""dataset"": ""Roediger2001_55_15word_lists"", ""list_id"": ""roediger2001_55::rubber"", ""critical_item"": ""rubber"", ""role"": ""list_word"", ""position"": ""T6""}]"
estate top,Estate Top,1,1,list_word,False,True,"Brainerd, Chang, & Bialer (2020)",Brainerd2020_120_4word_lists,,brainerd2020_120::answer,answer,2.29,,,"[{""dataset"": ""Brainerd2020_120_4word_lists"", ""list_id"": ""brainerd2020_120::answer"", ""critical_item"": ""Answer"", ""role"": ""list_word"", ""position"": ""T4""}]"
eternal,Eternal,1,1,list_word,False,True,"Brainerd, Chang, & Bialer (2020)",Brainerd2020_120_4word_lists,,brainerd2020_120::forever,forever,1.48,,,"[{""dataset"": ""Brainerd2020_120_4word_lists"", ""list_id"": ""brainerd2020_120::forever"", ""critical_item"": ""Forever"", ""role"": ""list_word"", ""position"": ""T2""}]"
evidence,Evidence,1,1,list_word,False,True,"Brainerd, Chang, & Bialer (2020)",Brainerd2020_120_4word_lists,,brainerd2020_120::weak,weak,2.15,,,"[{""dataset"": ""Brainerd2020_120_4word_lists"", ""list_id"": ""brainerd2020_120::weak"", ""critical_item"": ""Weak"", ""role"": ""list_word"", ""position"": ""T2""}]"
evil,evil,1,1,list_word,False,True,"Roediger et al. (2001) 55-list DRM pool, augmented with uploaded 2024 supplementary workbook metrics",Roediger2001_55_15word_lists,,roediger2001_55::whiskey,whiskey,3.57194163507446,0.0,0.0,"[{""dataset"": ""Roediger2001_55_15word_lists"", ""list_id"": ""roediger2001_55::whiskey"", ""critical_item"": ""whiskey"", ""role"": ""list_word"", ""position"": ""T13""}]"
excited,Excited,1,1,list_word,False,True,"Brainerd, Chang, & Bialer (2020)",Brainerd2020_120_4word_lists,,brainerd2020_120::anxious,anxious,1.61,,,"[{""dataset"": ""Brainerd2020_120_4word_lists"", ""list_id"": ""brainerd2020_120::anxious"", ""critical_item"": ""Anxious"", ""role"": ""list_word"", ""position"": ""T1""}]"
eye,eye,1,1,list_word,False,True,"Roediger et al. (2001) 55-list DRM pool, augmented with uploaded 2024 supplementary workbook metrics",Roediger2001_55_15word_lists,,roediger2001_55::needle,needle,3.75602721297344,0.0,0.0,"[{""dataset"": ""Roediger2001_55_15word_lists"", ""list_id"": ""roediger2001_55::needle"", ""critical_item"": ""needle"", ""role"": ""list_word"", ""position"": ""T3""}]"
fair,Fair; fair,2,2,list_word,False,True,"Brainerd, Chang, & Bialer (2020); Roediger et al. (2001) 55-list DRM pool, augmented with uploaded 2024 supplementary workbook metrics",Brainerd2020_120_4word_lists; Roediger2001_55_15word_lists,,brainerd2020_120::weak; roediger2001_55::justice,justice; weak,2.91710839756944,0.03,0.027,"[{""dataset"": ""Brainerd2020_120_4word_lists"", ""list_id"": ""brainerd2020_120::weak"", ""critical_item"": ""Weak"", ""role"": ""list_word"", ""position"": ""T4""}, {""dataset"": ""Roediger2001_55_15word_lists"", ""list_id"": ""roediger2001_55::justice"", ""critical_item"": ""justice"", ""role"": ""list_word"", ""position"": ""T11""}]"
fake,Fake,1,1,list_word,False,True,"Brainerd, Chang, & Bialer (2020)",Brainerd2020_120_4word_lists,,brainerd2020_120::sleep,sleep,0.59,,,"[{""dataset"": ""Brainerd2020_120_4word_lists"", ""list_id"": ""brainerd2020_120::sleep"", ""critical_item"": ""Sleep"", ""role"": ""list_word"", ""position"": ""T3""}]"
famous,Famous,1,1,critical_distractor,True,False,"Brainerd, Chang, & Bialer (2020)",Brainerd2020_120_4word_lists,brainerd2020_120::famous,,,1.8,,,"[{""dataset"": ""Brainerd2020_120_4word_lists"", ""list_id"": ""brainerd2020_120::famous"", ""critical_item"": ""Famous"", ""role"": ""critical_distractor"", ""position"": ""CD""}]"
far,Far; far,2,2,list_word,False,True,"Brainerd, Chang, & Bialer (2020); Roediger et al. (2001) 55-list DRM pool, augmented with uploaded 2024 supplementary workbook metrics",Brainerd2020_120_4word_lists; Roediger2001_55_15word_lists,,brainerd2020_120::trip; roediger2001_55::long,long; trip,3.375769195257665,0.041,0.0,"[{""dataset"": ""Brainerd2020_120_4word_lists"", ""list_id"": ""brainerd2020_120::trip"", ""critical_item"": ""Trip"", ""role"": ""list_word"", ""position"": ""T4""}, {""dataset"": ""Roediger2001_55_15word_lists"", ""list_id"": ""roediger2001_55::long"", ""critical_item"": ""long"", ""role"": ""list_word"", ""position"": ""T6""}]"
fashion,Fashion,1,1,list_word,False,True,"Brainerd, Chang, & Bialer (2020)",Brainerd2020_120_4word_lists,,brainerd2020_120::design,design,1.83,,,"[{""dataset"": ""Brainerd2020_120_4word_lists"", ""list_id"": ""brainerd2020_120::design"", ""critical_item"": ""Design"", ""role"": ""list_word"", ""position"": ""T2""}]"
fast,Fast; fast,3,2,critical_distractor; list_word,True,True,"Brainerd, Chang, & Bialer (2020); Roediger et al. (2001) 55-list DRM pool, augmented with uploaded 2024 supplementary workbook metrics",Brainerd2020_120_4word_lists; Roediger2001_55_15word_lists,brainerd2020_120::fast,roediger2001_55::slow; roediger2001_55::swift,slow; swift,2.912889983555945,0.307,0.5665,"[{""dataset"": ""Brainerd2020_120_4word_lists"", ""list_id"": ""brainerd2020_120::fast"", ""critical_item"": ""Fast"", ""role"": ""critical_distractor"", ""position"": ""CD""}, {""dataset"": ""Roediger2001_55_15word_lists"", ""list_id"": ""roediger2001_55::slow"", ""critical_item"": ""slow"", ""role"": ""list_word"", ""position"": ""T1""}, {""dataset"": ""Roediger2001_55_15word_lists"", ""list_id"": ""roediger2001_55::swift"", ""critical_item"": ""swift"", ""role"": ""list_word"", ""position"": ""T1""}]"
fat,Fat; fat,2,2,list_word,False,True,"Brainerd, Chang, & Bialer (2020); Roediger et al. (2001) 55-list DRM pool, augmented with uploaded 2024 supplementary workbook metrics",Brainerd2020_120_4word_lists; Roediger2001_55_15word_lists,,brainerd2020_120::plan; roediger2001_55::mutton,mutton; plan,2.65383471834412,0.0,0.0,"[{""dataset"": ""Brainerd2020_120_4word_lists"", ""list_id"": ""brainerd2020_120::plan"", ""critical_item"": ""Plan"", ""role"": ""list_word"", ""position"": ""T3""}, {""dataset"": ""Roediger2001_55_15word_lists"", ""list_id"": ""roediger2001_55::mutton"", ""critical_item"": ""mutton"", ""role"": ""list_word"", ""position"": ""T10""}]"
father,father,1,1,list_word,False,True,"Roediger et al. (2001) 55-list DRM pool, augmented with uploaded 2024 supplementary workbook metrics",Roediger2001_55_15word_lists,,roediger2001_55::man,man,4.45147940512486,0.048,0.0,"[{""dataset"": ""Roediger2001_55_15word_lists"", ""list_id"": ""roediger2001_55::man"", ""critical_item"": ""man"", ""role"": ""list_word"", ""position"": ""T7""}]"
fear,Fear; fear,3,2,critical_distractor; list_word,True,True,"Brainerd, Chang, & Bialer (2020); Roediger et al. (2001) 55-list DRM pool, augmented with uploaded 2024 supplementary workbook metrics",Brainerd2020_120_4word_lists; Roediger2001_55_15word_lists,brainerd2020_120::fear,roediger2001_55::anger; roediger2001_55::trouble,anger; trouble,3.108023933160007,0.01,0.0295,"[{""dataset"": ""Brainerd2020_120_4word_lists"", ""list_id"": ""brainerd2020_120::fear"", ""critical_item"": ""Fear"", ""role"": ""critical_distractor"", ""position"": ""CD""}, {""dataset"": ""Roediger2001_55_15word_lists"", ""list_id"": ""roediger2001_55::anger"", ""critical_item"": ""anger"", ""role"": ""list_word"", ""position"": ""T2""}, {""dataset"": ""Roediger2001_55_15word_lists"", ""list_id"": ""roediger2001_55::trouble"", ""critical_item"": ""trouble"", ""role"": ""list_word"", ""position"": ""T6""}]"
feather,feather,1,1,list_word,False,True,"Roediger et al. (2001) 55-list DRM pool, augmented with uploaded 2024 supplementary workbook metrics",Roediger2001_55_15word_lists,,roediger2001_55::soft,soft,2.53019969820308,0.045,0.024,"[{""dataset"": ""Roediger2001_55_15word_lists"", ""list_id"": ""roediger2001_55::soft"", ""critical_item"": ""soft"", ""role"": ""list_word"", ""position"": ""T10""}]"
federal,Federal,1,1,list_word,False,True,"Brainerd, Chang, & Bialer (2020)",Brainerd2020_120_4word_lists,,brainerd2020_120::agent,agent,1.39,,,"[{""dataset"": ""Brainerd2020_120_4word_lists"", ""list_id"": ""brainerd2020_120::agent"", ""critical_item"": ""Agent"", ""role"": ""list_word"", ""position"": ""T1""}]"
feeble,Feeble,1,1,list_word,False,True,"Brainerd, Chang, & Bialer (2020)",Brainerd2020_120_4word_lists,,brainerd2020_120::weak,weak,1.21,,,"[{""dataset"": ""Brainerd2020_120_4word_lists"", ""list_id"": ""brainerd2020_120::weak"", ""critical_item"": ""Weak"", ""role"": ""list_word"", ""position"": ""T1""}]"
feelers,feelers,1,1,list_word,False,True,"Roediger et al. (2001) 55-list DRM pool, augmented with uploaded 2024 supplementary workbook metrics",Roediger2001_55_15word_lists,,roediger2001_55::spider,spider,1.32221929473392,0.0,0.0,"[{""dataset"": ""Roediger2001_55_15word_lists"", ""list_id"": ""roediger2001_55::spider"", ""critical_item"": ""spider"", ""role"": ""list_word"", ""position"": ""T14""}]"
feet,Feet,1,1,list_word,False,True,"Brainerd, Chang, & Bialer (2020)",Brainerd2020_120_4word_lists,,brainerd2020_120::foot,foot,2.44,,,"[{""dataset"": ""Brainerd2020_120_4word_lists"", ""list_id"": ""brainerd2020_120::foot"", ""critical_item"": ""Foot"", ""role"": ""list_word"", ""position"": ""T2""}]"
feline,feline,1,1,list_word,False,True,"Roediger et al. (2001) 55-list DRM pool, augmented with uploaded 2024 supplementary workbook metrics",Roediger2001_55_15word_lists,,roediger2001_55::lion,lion,1.67209785793572,0.0,0.0,"[{""dataset"": ""Roediger2001_55_15word_lists"", ""list_id"": ""roediger2001_55::lion"", ""critical_item"": ""lion"", ""role"": ""list_word"", ""position"": ""T10""}]"
fellow,fellow,1,1,list_word,False,True,"Roediger et al. (2001) 55-list DRM pool, augmented with uploaded 2024 supplementary workbook metrics",Roediger2001_55_15word_lists,,roediger2001_55::long,long,3.47538059314336,0.0,0.0,"[{""dataset"": ""Roediger2001_55_15word_lists"", ""list_id"": ""roediger2001_55::long"", ""critical_item"": ""long"", ""role"": ""list_word"", ""position"": ""T2""}]"
felt,felt,1,1,list_word,False,True,"Roediger et al. (2001) 55-list DRM pool, augmented with uploaded 2024 supplementary workbook metrics",Roediger2001_55_15word_lists,,roediger2001_55::pen,pen,3.78618334556763,0.047,0.0,"[{""dataset"": ""Roediger2001_55_15word_lists"", ""list_id"": ""roediger2001_55::pen"", ""critical_item"": ""pen"", ""role"": ""list_word"", ""position"": ""T6""}]"
female,female,1,1,list_word,False,True,"Roediger et al. (2001) 55-list DRM pool, augmented with uploaded 2024 supplementary workbook metrics",Roediger2001_55_15word_lists,,roediger2001_55::girl,girl,3.20763436738896,0.098,0.013,"[{""dataset"": ""Roediger2001_55_15word_lists"", ""list_id"": ""roediger2001_55::girl"", ""critical_item"": ""girl"", ""role"": ""list_word"", ""position"": ""T3""}]"
fence,fence,1,1,list_word,False,True,"Roediger et al. (2001) 55-list DRM pool, augmented with uploaded 2024 supplementary workbook metrics",Roediger2001_55_15word_lists,,roediger2001_55::cottage,cottage,2.91381385238372,0.0,0.0,"[{""dataset"": ""Roediger2001_55_15word_lists"", ""list_id"": ""roediger2001_55::cottage"", ""critical_item"": ""cottage"", ""role"": ""list_word"", ""position"": ""T9""}]"
fiction,Fiction,1,1,list_word,False,True,"Brainerd, Chang, & Bialer (2020)",Brainerd2020_120_4word_lists,,brainerd2020_120::real,real,1.32,,,"[{""dataset"": ""Brainerd2020_120_4word_lists"", ""list_id"": ""brainerd2020_120::real"", ""critical_item"": ""Real"", ""role"": ""list_word"", ""position"": ""T1""}]"
field,Field,1,1,list_word,False,True,"Brainerd, Chang, & Bialer (2020)",Brainerd2020_120_4word_lists,,brainerd2020_120::land,land,2.16,,,"[{""dataset"": ""Brainerd2020_120_4word_lists"", ""list_id"": ""brainerd2020_120::land"", ""critical_item"": ""Land"", ""role"": ""list_word"", ""position"": ""T2""}]"
fierce,fierce,1,1,list_word,False,True,"Roediger et al. (2001) 55-list DRM pool, augmented with uploaded 2024 supplementary workbook metrics",Roediger2001_55_15word_lists,,roediger2001_55::lion,lion,2.38916608436453,0.112,0.021,"[{""dataset"": ""Roediger2001_55_15word_lists"", ""list_id"": ""roediger2001_55::lion"", ""critical_item"": ""lion"", ""role"": ""list_word"", ""position"": ""T12""}]"
fight,fight,2,1,list_word,False,True,"Roediger et al. (2001) 55-list DRM pool, augmented with uploaded 2024 supplementary workbook metrics",Roediger2001_55_15word_lists,,roediger2001_55::anger; roediger2001_55::trouble,anger; trouble,4.01097801217474,0.017,0.0135,"[{""dataset"": ""Roediger2001_55_15word_lists"", ""list_id"": ""roediger2001_55::anger"", ""critical_item"": ""anger"", ""role"": ""list_word"", ""position"": ""T10""}, {""dataset"": ""Roediger2001_55_15word_lists"", ""list_id"": ""roediger2001_55::trouble"", ""critical_item"": ""trouble"", ""role"": ""list_word"", ""position"": ""T10""}]"
find,Find,1,1,list_word,False,True,"Brainerd, Chang, & Bialer (2020)",Brainerd2020_120_4word_lists,,brainerd2020_120::lose,lose,2.68,,,"[{""dataset"": ""Brainerd2020_120_4word_lists"", ""list_id"": ""brainerd2020_120::lose"", ""critical_item"": ""Lose"", ""role"": ""list_word"", ""position"": ""T2""}]"
finger,Finger,1,1,list_word,False,True,"Brainerd, Chang, & Bialer (2020)",Brainerd2020_120_4word_lists,,brainerd2020_120::ring,ring,1.73,,,"[{""dataset"": ""Brainerd2020_120_4word_lists"", ""list_id"": ""brainerd2020_120::ring"", ""critical_item"": ""Ring"", ""role"": ""list_word"", ""position"": ""T1""}]"
fire,fire,2,1,list_word,False,True,"Roediger et al. (2001) 55-list DRM pool, augmented with uploaded 2024 supplementary workbook metrics",Roediger2001_55_15word_lists,,roediger2001_55::smoke; roediger2001_55::stove,smoke; stove,4.04103720786703,0.009,0.1455,"[{""dataset"": ""Roediger2001_55_15word_lists"", ""list_id"": ""roediger2001_55::smoke"", ""critical_item"": ""smoke"", ""role"": ""list_word"", ""position"": ""T9""}, {""dataset"": ""Roediger2001_55_15word_lists"", ""list_id"": ""roediger2001_55::stove"", ""critical_item"": ""stove"", ""role"": ""list_word"", ""position"": ""T6""}]"
fish,fish,1,1,list_word,False,True,"Roediger et al. (2001) 55-list DRM pool, augmented with uploaded 2024 supplementary workbook metrics",Roediger2001_55_15word_lists,,roediger2001_55::river,river,3.62930764007375,0.0,0.016,"[{""dataset"": ""Roediger2001_55_15word_lists"", ""list_id"": ""roediger2001_55::river"", ""critical_item"": ""river"", ""role"": ""list_word"", ""position"": ""T13""}]"
fitness,Fitness,1,1,list_word,False,True,"Brainerd, Chang, & Bialer (2020)",Brainerd2020_120_4word_lists,,brainerd2020_120::bread,bread,1.25,,,"[{""dataset"": ""Brainerd2020_120_4word_lists"", ""list_id"": ""brainerd2020_120::bread"", ""critical_item"": ""Bread"", ""role"": ""list_word"", ""position"": ""T2""}]"
flag,flag,2,1,critical_distractor; list_word,True,True,"Roediger et al. (2001) 55-list DRM pool, augmented with uploaded 2024 supplementary workbook metrics",Roediger2001_55_15word_lists,roediger2001_55::flag,roediger2001_55::citizen,citizen,2.95085145888855,0.0,0.0,"[{""dataset"": ""Roediger2001_55_15word_lists"", ""list_id"": ""roediger2001_55::citizen"", ""critical_item"": ""citizen"", ""role"": ""list_word"", ""position"": ""T11""}, {""dataset"": ""Roediger2001_55_15word_lists"", ""list_id"": ""roediger2001_55::flag"", ""critical_item"": ""flag"", ""role"": ""critical_distractor"", ""position"": ""CD""}]"
flame,Flame,1,1,list_word,False,True,"Brainerd, Chang, & Bialer (2020)",Brainerd2020_120_4word_lists,,brainerd2020_120::dance,dance,1.5,,,"[{""dataset"": ""Brainerd2020_120_4word_lists"", ""list_id"": ""brainerd2020_120::dance"", ""critical_item"": ""Dance"", ""role"": ""list_word"", ""position"": ""T2""}]"
flames,flames,1,1,list_word,False,True,"Roediger et al. (2001) 55-list DRM pool, augmented with uploaded 2024 supplementary workbook metrics",Roediger2001_55_15word_lists,,roediger2001_55::smoke,smoke,2.58319877396862,0.0,0.0,"[{""dataset"": ""Roediger2001_55_15word_lists"", ""list_id"": ""roediger2001_55::smoke"", ""critical_item"": ""smoke"", ""role"": ""list_word"", ""position"": ""T14""}]"
flexible,flexible,1,1,list_word,False,True,"Roediger et al. (2001) 55-list DRM pool, augmented with uploaded 2024 supplementary workbook metrics",Roediger2001_55_15word_lists,,roediger2001_55::rubber,rubber,2.13672056715641,0.041,0.0,"[{""dataset"": ""Roediger2001_55_15word_lists"", ""list_id"": ""roediger2001_55::rubber"", ""critical_item"": ""rubber"", ""role"": ""list_word"", ""position"": ""T13""}]"
floor,Floor; floor,2,2,list_word,False,True,"Brainerd, Chang, & Bialer (2020); Roediger et al. (2001) 55-list DRM pool, augmented with uploaded 2024 supplementary workbook metrics",Brainerd2020_120_4word_lists; Roediger2001_55_15word_lists,,brainerd2020_120::ground; roediger2001_55::carpet,carpet; ground,2.92018563213038,0.074,0.159,"[{""dataset"": ""Brainerd2020_120_4word_lists"", ""list_id"": ""brainerd2020_120::ground"", ""critical_item"": ""Ground"", ""role"": ""list_word"", ""position"": ""T2""}, {""dataset"": ""Roediger2001_55_15word_lists"", ""list_id"": ""roediger2001_55::carpet"", ""critical_item"": ""carpet"", ""role"": ""list_word"", ""position"": ""T2""}]"
flour,flour,1,1,list_word,False,True,"Roediger et al. (2001) 55-list DRM pool, augmented with uploaded 2024 supplementary workbook metrics",Roediger2001_55_15word_lists,,roediger2001_55::bread,bread,2.20951501454263,0.142,0.0,"[{""dataset"": ""Roediger2001_55_15word_lists"", ""list_id"": ""roediger2001_55::bread"", ""critical_item"": ""bread"", ""role"": ""list_word"", ""position"": ""T8""}]"
flow,Flow; flow,2,2,list_word,False,True,"Brainerd, Chang, & Bialer (2020); Roediger et al. (2001) 55-list DRM pool, augmented with uploaded 2024 supplementary workbook metrics",Brainerd2020_120_4word_lists; Roediger2001_55_15word_lists,,brainerd2020_120::river; roediger2001_55::river,river,2.213168556064905,0.283,0.063,"[{""dataset"": ""Brainerd2020_120_4word_lists"", ""list_id"": ""brainerd2020_120::river"", ""critical_item"": ""River"", ""role"": ""list_word"", ""position"": ""T2""}, {""dataset"": ""Roediger2001_55_15word_lists"", ""list_id"": ""roediger2001_55::river"", ""critical_item"": ""river"", ""role"": ""list_word"", ""position"": ""T8""}]"
flower,Flower; flower,2,2,critical_distractor; list_word,True,True,"Brainerd, Chang, & Bialer (2020); Roediger et al. (2001) 55-list DRM pool, augmented with uploaded 2024 supplementary workbook metrics",Brainerd2020_120_4word_lists; Roediger2001_55_15word_lists,brainerd2020_120::flower,roediger2001_55::butterfly,butterfly,2.367603064027155,0.0,0.036,"[{""dataset"": ""Brainerd2020_120_4word_lists"", ""list_id"": ""brainerd2020_120::flower"", ""critical_item"": ""Flower"", ""role"": ""critical_distractor"", ""position"": ""CD""}, {""dataset"": ""Roediger2001_55_15word_lists"", ""list_id"": ""roediger2001_55::butterfly"", ""critical_item"": ""butterfly"", ""role"": ""list_word"", ""position"": ""T8""}]"
fluffy,Fluffy; fluffy,2,2,list_word,False,True,"Brainerd, Chang, & Bialer (2020); Roediger et al. (2001) 55-list DRM pool, augmented with uploaded 2024 supplementary workbook metrics",Brainerd2020_120_4word_lists; Roediger2001_55_15word_lists,,brainerd2020_120::unusual; roediger2001_55::soft,soft; unusual,1.33975647210896,0.266,0.0,"[{""dataset"": ""Brainerd2020_120_4word_lists"", ""list_id"": ""brainerd2020_120::unusual"", ""critical_item"": ""Unusual"", ""role"": ""list_word"", ""position"": ""T4""}, {""dataset"": ""Roediger2001_55_15word_lists"", ""list_id"": ""roediger2001_55::soft"", ""critical_item"": ""soft"", ""role"": ""list_word"", ""position"": ""T9""}]"
fly,fly,2,1,list_word,False,True,"Roediger et al. (2001) 55-list DRM pool, augmented with uploaded 2024 supplementary workbook metrics",Roediger2001_55_15word_lists,,roediger2001_55::butterfly; roediger2001_55::spider,butterfly; spider,3.63708927353033,0.0,0.0535,"[{""dataset"": ""Roediger2001_55_15word_lists"", ""list_id"": ""roediger2001_55::butterfly"", ""critical_item"": ""butterfly"", ""role"": ""list_word"", ""position"": ""T5""}, {""dataset"": ""Roediger2001_55_15word_lists"", ""list_id"": ""roediger2001_55::spider"", ""critical_item"": ""spider"", ""role"": ""list_word"", ""position"": ""T5""}]"
foam,foam,1,1,list_word,False,True,"Roediger et al. (2001) 55-list DRM pool, augmented with uploaded 2024 supplementary workbook metrics",Roediger2001_55_15word_lists,,roediger2001_55::rubber,rubber,2.25527250510331,0.116,0.0,"[{""dataset"": ""Roediger2001_55_15word_lists"", ""list_id"": ""roediger2001_55::rubber"", ""critical_item"": ""rubber"", ""role"": ""list_word"", ""position"": ""T8""}]"
food,food,2,1,list_word,False,True,"Roediger et al. (2001) 55-list DRM pool, augmented with uploaded 2024 supplementary workbook metrics",Roediger2001_55_15word_lists,,roediger2001_55::bread; roediger2001_55::cabbage,bread; cabbage,3.89636084546932,0.0,0.0335,"[{""dataset"": ""Roediger2001_55_15word_lists"", ""list_id"": ""roediger2001_55::bread"", ""critical_item"": ""bread"", ""role"": ""list_word"", ""position"": ""T2""}, {""dataset"": ""Roediger2001_55_15word_lists"", ""list_id"": ""roediger2001_55::cabbage"", ""critical_item"": ""cabbage"", ""role"": ""list_word"", ""position"": ""T4""}]"
foot,Foot; foot,2,2,critical_distractor,True,False,"Brainerd, Chang, & Bialer (2020); Roediger et al. (2001) 55-list DRM pool, augmented with uploaded 2024 supplementary workbook metrics",Brainerd2020_120_4word_lists; Roediger2001_55_15word_lists,brainerd2020_120::foot; roediger2001_55::foot,,,2.8200451640564204,,,"[{""dataset"": ""Brainerd2020_120_4word_lists"", ""list_id"": ""brainerd2020_120::foot"", ""critical_item"": ""Foot"", ""role"": ""critical_distractor"", ""position"": ""CD""}, {""dataset"": ""Roediger2001_55_15word_lists"", ""list_id"": ""roediger2001_55::foot"", ""critical_item"": ""foot"", ""role"": ""critical_distractor"", ""position"": ""CD""}]"
for,for,1,1,list_word,False,True,"Roediger et al. (2001) 55-list DRM pool, augmented with uploaded 2024 supplementary workbook metrics",Roediger2001_55_15word_lists,,roediger2001_55::wish,wish,5.54611185676681,0.0,0.0,"[{""dataset"": ""Roediger2001_55_15word_lists"", ""list_id"": ""roediger2001_55::wish"", ""critical_item"": ""wish"", ""role"": ""list_word"", ""position"": ""T14""}]"
force,Force,1,1,list_word,False,True,"Brainerd, Chang, & Bialer (2020)",Brainerd2020_120_4word_lists,,brainerd2020_120::dance,dance,2.22,,,"[{""dataset"": ""Brainerd2020_120_4word_lists"", ""list_id"": ""brainerd2020_120::dance"", ""critical_item"": ""Dance"", ""role"": ""list_word"", ""position"": ""T3""}]"
ford,ford,1,1,list_word,False,True,"Roediger et al. (2001) 55-list DRM pool, augmented with uploaded 2024 supplementary workbook metrics",Roediger2001_55_15word_lists,,roediger2001_55::car,car,2.76937732607614,0.331,0.0,"[{""dataset"": ""Roediger2001_55_15word_lists"", ""list_id"": ""roediger2001_55::car"", ""critical_item"": ""car"", ""role"": ""list_word"", ""position"": ""T8""}]"
foreigner,foreigner,1,1,list_word,False,True,"Roediger et al. (2001) 55-list DRM pool, augmented with uploaded 2024 supplementary workbook metrics",Roediger2001_55_15word_lists,,roediger2001_55::citizen,citizen,,0.0,0.0,"[{""dataset"": ""Roediger2001_55_15word_lists"", ""list_id"": ""roediger2001_55::citizen"", ""critical_item"": ""citizen"", ""role"": ""list_word"", ""position"": ""T12""}]"
forever,Forever,1,1,critical_distractor,True,False,"Brainerd, Chang, & Bialer (2020)",Brainerd2020_120_4word_lists,brainerd2020_120::forever,,,1.53,,,"[{""dataset"": ""Brainerd2020_120_4word_lists"", ""list_id"": ""brainerd2020_120::forever"", ""critical_item"": ""Forever"", ""role"": ""critical_distractor"", ""position"": ""CD""}]"
forgive,Forgive,1,1,list_word,False,True,"Brainerd, Chang, & Bialer (2020)",Brainerd2020_120_4word_lists,,brainerd2020_120::agent,agent,1.55,,,"[{""dataset"": ""Brainerd2020_120_4word_lists"", ""list_id"": ""brainerd2020_120::agent"", ""critical_item"": ""Agent"", ""role"": ""list_word"", ""position"": ""T4""}]"
form,Form,1,1,list_word,False,True,"Brainerd, Chang, & Bialer (2020)",Brainerd2020_120_4word_lists,,brainerd2020_120::contract,contract,2.53,,,"[{""dataset"": ""Brainerd2020_120_4word_lists"", ""list_id"": ""brainerd2020_120::contract"", ""critical_item"": ""Contract"", ""role"": ""list_word"", ""position"": ""T3""}]"
fountain,fountain,1,1,list_word,False,True,"Roediger et al. (2001) 55-list DRM pool, augmented with uploaded 2024 supplementary workbook metrics",Roediger2001_55_15word_lists,,roediger2001_55::pen,pen,2.54777470538782,0.071,0.0,"[{""dataset"": ""Roediger2001_55_15word_lists"", ""list_id"": ""roediger2001_55::pen"", ""critical_item"": ""pen"", ""role"": ""list_word"", ""position"": ""T3""}]"
fragrance,fragrance,1,1,list_word,False,True,"Roediger et al. (2001) 55-list DRM pool, augmented with uploaded 2024 supplementary workbook metrics",Roediger2001_55_15word_lists,,roediger2001_55::smell,smell,1.78532983501077,0.389,0.0,"[{""dataset"": ""Roediger2001_55_15word_lists"", ""list_id"": ""roediger2001_55::smell"", ""critical_item"": ""smell"", ""role"": ""list_word"", ""position"": ""T12""}]"
frail,Frail,1,1,list_word,False,True,"Brainerd, Chang, & Bialer (2020)",Brainerd2020_120_4word_lists,,brainerd2020_120::prove,prove,0.96,,,"[{""dataset"": ""Brainerd2020_120_4word_lists"", ""list_id"": ""brainerd2020_120::prove"", ""critical_item"": ""Prove"", ""role"": ""list_word"", ""position"": ""T2""}]"
frame,Frame; frame,2,2,list_word,False,True,"Brainerd, Chang, & Bialer (2020); Roediger et al. (2001) 55-list DRM pool, augmented with uploaded 2024 supplementary workbook metrics",Brainerd2020_120_4word_lists; Roediger2001_55_15word_lists,,brainerd2020_120::picture; roediger2001_55::window,picture; window,2.233666248215635,0.014,0.013,"[{""dataset"": ""Brainerd2020_120_4word_lists"", ""list_id"": ""brainerd2020_120::picture"", ""critical_item"": ""Picture"", ""role"": ""list_word"", ""position"": ""T2""}, {""dataset"": ""Roediger2001_55_15word_lists"", ""list_id"": ""roediger2001_55::window"", ""critical_item"": ""window"", ""role"": ""list_word"", ""position"": ""T10""}]"
france,france,1,1,list_word,False,True,"Roediger et al. (2001) 55-list DRM pool, augmented with uploaded 2024 supplementary workbook metrics",Roediger2001_55_15word_lists,,roediger2001_55::citizen,citizen,,0.0,0.0,"[{""dataset"": ""Roediger2001_55_15word_lists"", ""list_id"": ""roediger2001_55::citizen"", ""critical_item"": ""citizen"", ""role"": ""list_word"", ""position"": ""T13""}]"
free,Free,1,1,list_word,False,True,"Brainerd, Chang, & Bialer (2020)",Brainerd2020_120_4word_lists,,brainerd2020_120::liberty,liberty,2.4,,,"[{""dataset"": ""Brainerd2020_120_4word_lists"", ""list_id"": ""brainerd2020_120::liberty"", ""critical_item"": ""Liberty"", ""role"": ""list_word"", ""position"": ""T2""}]"
freedom,Freedom; freedom,2,2,list_word,False,True,"Brainerd, Chang, & Bialer (2020); Roediger et al. (2001) 55-list DRM pool, augmented with uploaded 2024 supplementary workbook metrics",Brainerd2020_120_4word_lists; Roediger2001_55_15word_lists,,brainerd2020_120::liberty; roediger2001_55::flag,flag; liberty,2.508814824785505,0.021,0.0,"[{""dataset"": ""Brainerd2020_120_4word_lists"", ""list_id"": ""brainerd2020_120::liberty"", ""critical_item"": ""Liberty"", ""role"": ""list_word"", ""position"": ""T3""}, {""dataset"": ""Roediger2001_55_15word_lists"", ""list_id"": ""roediger2001_55::flag"", ""critical_item"": ""flag"", ""role"": ""list_word"", ""position"": ""T14""}]"
freeze,freeze,1,1,list_word,False,True,"Roediger et al. (2001) 55-list DRM pool, augmented with uploaded 2024 supplementary workbook metrics",Roediger2001_55_15word_lists,,roediger2001_55::cold,cold,3.21510858105309,0.461,0.011,"[{""dataset"": ""Roediger2001_55_15word_lists"", ""list_id"": ""roediger2001_55::cold"", ""critical_item"": ""cold"", ""role"": ""list_word"", ""position"": ""T11""}]"
friend,friend,1,1,list_word,False,True,"Roediger et al. (2001) 55-list DRM pool, augmented with uploaded 2024 supplementary workbook metrics",Roediger2001_55_15word_lists,,roediger2001_55::man,man,4.33010925459283,0.0,0.0,"[{""dataset"": ""Roediger2001_55_15word_lists"", ""list_id"": ""roediger2001_55::man"", ""critical_item"": ""man"", ""role"": ""list_word"", ""position"": ""T9""}]"
fright,Fright; fright,2,2,list_word,False,True,"Brainerd, Chang, & Bialer (2020); Roediger et al. (2001) 55-list DRM pool, augmented with uploaded 2024 supplementary workbook metrics",Brainerd2020_120_4word_lists; Roediger2001_55_15word_lists,,brainerd2020_120::fear; roediger2001_55::spider,fear; spider,1.60114417219153,0.0,0.0,"[{""dataset"": ""Brainerd2020_120_4word_lists"", ""list_id"": ""brainerd2020_120::fear"", ""critical_item"": ""Fear"", ""role"": ""list_word"", ""position"": ""T1""}, {""dataset"": ""Roediger2001_55_15word_lists"", ""list_id"": ""roediger2001_55::spider"", ""critical_item"": ""spider"", ""role"": ""list_word"", ""position"": ""T4""}]"
frigid,Frigid; frigid,2,2,list_word,False,True,"Brainerd, Chang, & Bialer (2020); Roediger et al. (2001) 55-list DRM pool, augmented with uploaded 2024 supplementary workbook metrics",Brainerd2020_120_4word_lists; Roediger2001_55_15word_lists,,brainerd2020_120::cold; roediger2001_55::cold,cold,1.088666248215635,0.57,0.0,"[{""dataset"": ""Brainerd2020_120_4word_lists"", ""list_id"": ""brainerd2020_120::cold"", ""critical_item"": ""Cold"", ""role"": ""list_word"", ""position"": ""T4""}, {""dataset"": ""Roediger2001_55_15word_lists"", ""list_id"": ""roediger2001_55::cold"", ""critical_item"": ""cold"", ""role"": ""list_word"", ""position"": ""T7""}]"
frost,frost,1,1,list_word,False,True,"Roediger et al. (2001) 55-list DRM pool, augmented with uploaded 2024 supplementary workbook metrics",Roediger2001_55_15word_lists,,roediger2001_55::cold,cold,2.39093510710338,0.37,0.0,"[{""dataset"": ""Roediger2001_55_15word_lists"", ""list_id"": ""roediger2001_55::cold"", ""critical_item"": ""cold"", ""role"": ""list_word"", ""position"": ""T15""}]"
fruit,Fruit; fruit,3,2,critical_distractor; list_word,True,True,"Brainerd, Chang, & Bialer (2020); Roediger et al. (2001) 55-list DRM pool, augmented with uploaded 2024 supplementary workbook metrics",Brainerd2020_120_4word_lists; Roediger2001_55_15word_lists,brainerd2020_120::fruit; roediger2001_55::fruit,roediger2001_55::bitter,bitter,2.5932876974327734,0.0,0.0,"[{""dataset"": ""Brainerd2020_120_4word_lists"", ""list_id"": ""brainerd2020_120::fruit"", ""critical_item"": ""Fruit"", ""role"": ""critical_distractor"", ""position"": ""CD""}, {""dataset"": ""Roediger2001_55_15word_lists"", ""list_id"": ""roediger2001_55::bitter"", ""critical_item"": ""bitter"", ""role"": ""list_word"", ""position"": ""T15""}, {""dataset"": ""Roediger2001_55_15word_lists"", ""list_id"": ""roediger2001_55::fruit"", ""critical_item"": ""fruit"", ""role"": ""critical_distractor"", ""position"": ""CD""}]"
funeral,funeral,1,1,list_word,False,True,"Roediger et al. (2001) 55-list DRM pool, augmented with uploaded 2024 supplementary workbook metrics",Roediger2001_55_15word_lists,,roediger2001_55::black,black,3.22891340599469,0.034,0.0,"[{""dataset"": ""Roediger2001_55_15word_lists"", ""list_id"": ""roediger2001_55::black"", ""critical_item"": ""black"", ""role"": ""list_word"", ""position"": ""T6""}]"
fur,fur,2,1,list_word,False,True,"Roediger et al. (2001) 55-list DRM pool, augmented with uploaded 2024 supplementary workbook metrics",Roediger2001_55_15word_lists,,roediger2001_55::mutton; roediger2001_55::soft,mutton; soft,2.62634036737504,0.0305,0.0,"[{""dataset"": ""Roediger2001_55_15word_lists"", ""list_id"": ""roediger2001_55::mutton"", ""critical_item"": ""mutton"", ""role"": ""list_word"", ""position"": ""T13""}, {""dataset"": ""Roediger2001_55_15word_lists"", ""list_id"": ""roediger2001_55::soft"", ""critical_item"": ""soft"", ""role"": ""list_word"", ""position"": ""T7""}]"
furnace,furnace,1,1,list_word,False,True,"Roediger et al. (2001) 55-list DRM pool, augmented with uploaded 2024 supplementary workbook metrics",Roediger2001_55_15word_lists,,roediger2001_55::stove,stove,2.14301480025409,0.041,0.0,"[{""dataset"": ""Roediger2001_55_15word_lists"", ""list_id"": ""roediger2001_55::stove"", ""critical_item"": ""stove"", ""role"": ""list_word"", ""position"": ""T15""}]"
furry,furry,1,1,list_word,False,True,"Roediger et al. (2001) 55-list DRM pool, augmented with uploaded 2024 supplementary workbook metrics",Roediger2001_55_15word_lists,,roediger2001_55::soft,soft,2.0899051114394,0.061,0.0,"[{""dataset"": ""Roediger2001_55_15word_lists"", ""list_id"": ""roediger2001_55::soft"", ""critical_item"": ""soft"", ""role"": ""list_word"", ""position"": ""T11""}]"
fury,fury,1,1,list_word,False,True,"Roediger et al. (2001) 55-list DRM pool, augmented with uploaded 2024 supplementary workbook metrics",Roediger2001_55_15word_lists,,roediger2001_55::anger,anger,2.29225607135648,0.306,0.0,"[{""dataset"": ""Roediger2001_55_15word_lists"", ""list_id"": ""roediger2001_55::anger"", ""critical_item"": ""anger"", ""role"": ""list_word"", ""position"": ""T6""}]"
future,Future,1,1,list_word,False,True,"Brainerd, Chang, & Bialer (2020)",Brainerd2020_120_4word_lists,,brainerd2020_120::present,present,2.24,,,"[{""dataset"": ""Brainerd2020_120_4word_lists"", ""list_id"": ""brainerd2020_120::present"", ""critical_item"": ""Present"", ""role"": ""list_word"", ""position"": ""T4""}]"
gain,Gain,1,1,list_word,False,True,"Brainerd, Chang, & Bialer (2020)",Brainerd2020_120_4word_lists,,brainerd2020_120::lose,lose,1.67,,,"[{""dataset"": ""Brainerd2020_120_4word_lists"", ""list_id"": ""brainerd2020_120::lose"", ""critical_item"": ""Lose"", ""role"": ""list_word"", ""position"": ""T3""}]"
gallop,Gallop,1,1,list_word,False,True,"Brainerd, Chang, & Bialer (2020)",Brainerd2020_120_4word_lists,,brainerd2020_120::horse,horse,0.87,,,"[{""dataset"": ""Brainerd2020_120_4word_lists"", ""list_id"": ""brainerd2020_120::horse"", ""critical_item"": ""Horse"", ""role"": ""list_word"", ""position"": ""T3""}]"
galoshes,galoshes,1,1,list_word,False,True,"Roediger et al. (2001) 55-list DRM pool, augmented with uploaded 2024 supplementary workbook metrics",Roediger2001_55_15word_lists,,roediger2001_55::rubber,rubber,1.54406804435028,0.063,0.0,"[{""dataset"": ""Roediger2001_55_15word_lists"", ""list_id"": ""roediger2001_55::rubber"", ""critical_item"": ""rubber"", ""role"": ""list_word"", ""position"": ""T9""}]"
garage,garage,1,1,list_word,False,True,"Roediger et al. (2001) 55-list DRM pool, augmented with uploaded 2024 supplementary workbook metrics",Roediger2001_55_15word_lists,,roediger2001_55::car,car,3.14270224573762,0.519,0.0,"[{""dataset"": ""Roediger2001_55_15word_lists"", ""list_id"": ""roediger2001_55::car"", ""critical_item"": ""car"", ""role"": ""list_word"", ""position"": ""T11""}]"
garbage,garbage,1,1,list_word,False,True,"Roediger et al. (2001) 55-list DRM pool, augmented with uploaded 2024 supplementary workbook metrics",Roediger2001_55_15word_lists,,roediger2001_55::trash,trash,3.12450422483428,0.456,0.526,"[{""dataset"": ""Roediger2001_55_15word_lists"", ""list_id"": ""roediger2001_55::trash"", ""critical_item"": ""trash"", ""role"": ""list_word"", ""position"": ""T1""}]"
garden,garden,1,1,list_word,False,True,"Roediger et al. (2001) 55-list DRM pool, augmented with uploaded 2024 supplementary workbook metrics",Roediger2001_55_15word_lists,,roediger2001_55::cabbage,cabbage,3.13193929521042,0.0,0.0,"[{""dataset"": ""Roediger2001_55_15word_lists"", ""list_id"": ""roediger2001_55::cabbage"", ""critical_item"": ""cabbage"", ""role"": ""list_word"", ""position"": ""T7""}]"
gas,Gas; gas,2,2,list_word,False,True,"Brainerd, Chang, & Bialer (2020); Roediger et al. (2001) 55-list DRM pool, augmented with uploaded 2024 supplementary workbook metrics",Brainerd2020_120_4word_lists; Roediger2001_55_15word_lists,,brainerd2020_120::oil; roediger2001_55::stove,oil; stove,2.62941249446895,0.026,0.0,"[{""dataset"": ""Brainerd2020_120_4word_lists"", ""list_id"": ""brainerd2020_120::oil"", ""critical_item"": ""Oil"", ""role"": ""list_word"", ""position"": ""T1""}, {""dataset"": ""Roediger2001_55_15word_lists"", ""list_id"": ""roediger2001_55::stove"", ""critical_item"": ""stove"", ""role"": ""list_word"", ""position"": ""T12""}]"
gavel,Gavel,1,1,list_word,False,True,"Brainerd, Chang, & Bialer (2020)",Brainerd2020_120_4word_lists,,brainerd2020_120::bright,bright,-0.34,,,"[{""dataset"": ""Brainerd2020_120_4word_lists"", ""list_id"": ""brainerd2020_120::bright"", ""critical_item"": ""Bright"", ""role"": ""list_word"", ""position"": ""T2""}]"
general,general,1,1,list_word,False,True,"Roediger et al. (2001) 55-list DRM pool, augmented with uploaded 2024 supplementary workbook metrics",Roediger2001_55_15word_lists,,roediger2001_55::command,command,3.76982025776359,0.0,0.027,"[{""dataset"": ""Roediger2001_55_15word_lists"", ""list_id"": ""roediger2001_55::command"", ""critical_item"": ""command"", ""role"": ""list_word"", ""position"": ""T8""}]"
george,george,1,1,list_word,False,True,"Roediger et al. (2001) 55-list DRM pool, augmented with uploaded 2024 supplementary workbook metrics",Roediger2001_55_15word_lists,,roediger2001_55::king,king,3.87361119699647,0.02,0.0,"[{""dataset"": ""Roediger2001_55_15word_lists"", ""list_id"": ""roediger2001_55::king"", ""critical_item"": ""king"", ""role"": ""list_word"", ""position"": ""T5""}]"
get,get,1,1,list_word,False,True,"Roediger et al. (2001) 55-list DRM pool, augmented with uploaded 2024 supplementary workbook metrics",Roediger2001_55_15word_lists,,roediger2001_55::wish,wish,5.36879435016141,0.0,0.0,"[{""dataset"": ""Roediger2001_55_15word_lists"", ""list_id"": ""roediger2001_55::wish"", ""critical_item"": ""wish"", ""role"": ""list_word"", ""position"": ""T12""}]"
giant,Giant,1,1,list_word,False,True,"Brainerd, Chang, & Bialer (2020)",Brainerd2020_120_4word_lists,,brainerd2020_120::large,large,1.48,,,"[{""dataset"": ""Brainerd2020_120_4word_lists"", ""list_id"": ""brainerd2020_120::large"", ""critical_item"": ""Large"", ""role"": ""list_word"", ""position"": ""T1""}]"
gin,gin,1,1,list_word,False,True,"Roediger et al. (2001) 55-list DRM pool, augmented with uploaded 2024 supplementary workbook metrics",Roediger2001_55_15word_lists,,roediger2001_55::whiskey,whiskey,2.76042248342321,0.021,0.0,"[{""dataset"": ""Roediger2001_55_15word_lists"", ""list_id"": ""roediger2001_55::whiskey"", ""critical_item"": ""whiskey"", ""role"": ""list_word"", ""position"": ""T5""}]"
girl,girl,1,1,critical_distractor,True,False,"Roediger et al. (2001) 55-list DRM pool, augmented with uploaded 2024 supplementary workbook metrics",Roediger2001_55_15word_lists,roediger2001_55::girl,,,4.45353237612511,,,"[{""dataset"": ""Roediger2001_55_15word_lists"", ""list_id"": ""roediger2001_55::girl"", ""critical_item"": ""girl"", ""role"": ""critical_distractor"", ""position"": ""CD""}]"
girls,girls,1,1,list_word,False,True,"Roediger et al. (2001) 55-list DRM pool, augmented with uploaded 2024 supplementary workbook metrics",Roediger2001_55_15word_lists,,roediger2001_55::beautiful,beautiful,4.02641068057877,0.033,0.049,"[{""dataset"": ""Roediger2001_55_15word_lists"", ""list_id"": ""roediger2001_55::beautiful"", ""critical_item"": ""beautiful"", ""role"": ""list_word"", ""position"": ""T3""}]"
glacier,glacier,1,1,list_word,False,True,"Roediger et al. (2001) 55-list DRM pool, augmented with uploaded 2024 supplementary workbook metrics",Roediger2001_55_15word_lists,,roediger2001_55::mountain,mountain,1.5910646070265,0.02,0.0,"[{""dataset"": ""Roediger2001_55_15word_lists"", ""list_id"": ""roediger2001_55::mountain"", ""critical_item"": ""mountain"", ""role"": ""list_word"", ""position"": ""T9""}]"
glad,Glad,1,1,list_word,False,True,"Brainerd, Chang, & Bialer (2020)",Brainerd2020_120_4word_lists,,brainerd2020_120::sad,sad,2.08,,,"[{""dataset"": ""Brainerd2020_120_4word_lists"", ""list_id"": ""brainerd2020_120::sad"", ""critical_item"": ""Sad"", ""role"": ""list_word"", ""position"": ""T2""}]"
glass,Glass; glass,3,2,list_word,False,True,"Brainerd, Chang, & Bialer (2020); Roediger et al. (2001) 55-list DRM pool, augmented with uploaded 2024 supplementary workbook metrics",Brainerd2020_120_4word_lists; Roediger2001_55_15word_lists,,brainerd2020_120::harsh; roediger2001_55::whiskey; roediger2001_55::window,harsh; whiskey; window,3.01062747023786,0.072,0.138,"[{""dataset"": ""Brainerd2020_120_4word_lists"", ""list_id"": ""brainerd2020_120::harsh"", ""critical_item"": ""Harsh"", ""role"": ""list_word"", ""position"": ""T3""}, {""dataset"": ""Roediger2001_55_15word_lists"", ""list_id"": ""roediger2001_55::whiskey"", ""critical_item"": ""whiskey"", ""role"": ""list_word"", ""position"": ""T9""}, {""dataset"": ""Roediger2001_55_15word_lists"", ""list_id"": ""roediger2001_55::window"", ""critical_item"": ""window"", ""role"": ""list_word"", ""position"": ""T2""}]"
glory,Glory,1,1,list_word,False,True,"Brainerd, Chang, & Bialer (2020)",Brainerd2020_120_4word_lists,,brainerd2020_120::honor,honor,1.66,,,"[{""dataset"": ""Brainerd2020_120_4word_lists"", ""list_id"": ""brainerd2020_120::honor"", ""critical_item"": ""Honor"", ""role"": ""list_word"", ""position"": ""T1""}]"
gloves,gloves,1,1,list_word,False,True,"Roediger et al. (2001) 55-list DRM pool, augmented with uploaded 2024 supplementary workbook metrics",Roediger2001_55_15word_lists,,roediger2001_55::rubber,rubber,2.91855453055027,0.033,0.041,"[{""dataset"": ""Roediger2001_55_15word_lists"", ""list_id"": ""roediger2001_55::rubber"", ""critical_item"": ""rubber"", ""role"": ""list_word"", ""position"": ""T3""}]"
glue,glue,1,1,list_word,False,True,"Roediger et al. (2001) 55-list DRM pool, augmented with uploaded 2024 supplementary workbook metrics",Roediger2001_55_15word_lists,,roediger2001_55::rubber,rubber,2.47856649559384,0.0,0.0,"[{""dataset"": ""Roediger2001_55_15word_lists"", ""list_id"": ""roediger2001_55::rubber"", ""critical_item"": ""rubber"", ""role"": ""list_word"", ""position"": ""T12""}]"
goat,goat,1,1,list_word,False,True,"Roediger et al. (2001) 55-list DRM pool, augmented with uploaded 2024 supplementary workbook metrics",Roediger2001_55_15word_lists,,roediger2001_55::mountain,mountain,2.73078227566639,0.028,0.0,"[{""dataset"": ""Roediger2001_55_15word_lists"", ""list_id"": ""roediger2001_55::mountain"", ""critical_item"": ""mountain"", ""role"": ""list_word"", ""position"": ""T10""}]"
goblet,goblet,1,1,list_word,False,True,"Roediger et al. (2001) 55-list DRM pool, augmented with uploaded 2024 supplementary workbook metrics",Roediger2001_55_15word_lists,,roediger2001_55::cup,cup,1.30102999566398,0.118,0.0,"[{""dataset"": ""Roediger2001_55_15word_lists"", ""list_id"": ""roediger2001_55::cup"", ""critical_item"": ""cup"", ""role"": ""list_word"", ""position"": ""T10""}]"
gold,Gold,1,1,list_word,False,True,"Brainerd, Chang, & Bialer (2020)",Brainerd2020_120_4word_lists,,brainerd2020_120::ring,ring,2.14,,,"[{""dataset"": ""Brainerd2020_120_4word_lists"", ""list_id"": ""brainerd2020_120::ring"", ""critical_item"": ""Ring"", ""role"": ""list_word"", ""position"": ""T3""}]"
good,good,2,1,list_word,False,True,"Roediger et al. (2001) 55-list DRM pool, augmented with uploaded 2024 supplementary workbook metrics",Roediger2001_55_15word_lists,,roediger2001_55::health; roediger2001_55::sweet,health; sweet,5.12423678404063,0.0,0.07350000000000001,"[{""dataset"": ""Roediger2001_55_15word_lists"", ""list_id"": ""roediger2001_55::health"", ""critical_item"": ""health"", ""role"": ""list_word"", ""position"": ""T2""}, {""dataset"": ""Roediger2001_55_15word_lists"", ""list_id"": ""roediger2001_55::sweet"", ""critical_item"": ""sweet"", ""role"": ""list_word"", ""position"": ""T5""}]"
gorgeous,gorgeous,1,1,list_word,False,True,"Roediger et al. (2001) 55-list DRM pool, augmented with uploaded 2024 supplementary workbook metrics",Roediger2001_55_15word_lists,,roediger2001_55::beautiful,beautiful,3.08919836680515,0.184,0.056,"[{""dataset"": ""Roediger2001_55_15word_lists"", ""list_id"": ""roediger2001_55::beautiful"", ""critical_item"": ""beautiful"", ""role"": ""list_word"", ""position"": ""T15""}]"
government,government,1,1,list_word,False,True,"Roediger et al. (2001) 55-list DRM pool, augmented with uploaded 2024 supplementary workbook metrics",Roediger2001_55_15word_lists,,roediger2001_55::justice,justice,3.52218331761869,0.0,0.0,"[{""dataset"": ""Roediger2001_55_15word_lists"", ""list_id"": ""roediger2001_55::justice"", ""critical_item"": ""justice"", ""role"": ""list_word"", ""position"": ""T7""}]"
grab,Grab,1,1,list_word,False,True,"Brainerd, Chang, & Bialer (2020)",Brainerd2020_120_4word_lists,,brainerd2020_120::hold,hold,1.2,,,"[{""dataset"": ""Brainerd2020_120_4word_lists"", ""list_id"": ""brainerd2020_120::hold"", ""critical_item"": ""Hold"", ""role"": ""list_word"", ""position"": ""T2""}]"
grape,grape,1,1,list_word,False,True,"Roediger et al. (2001) 55-list DRM pool, augmented with uploaded 2024 supplementary workbook metrics",Roediger2001_55_15word_lists,,roediger2001_55::bitter,bitter,2.31175386105575,0.0,0.0,"[{""dataset"": ""Roediger2001_55_15word_lists"", ""list_id"": ""roediger2001_55::bitter"", ""critical_item"": ""bitter"", ""role"": ""list_word"", ""position"": ""T14""}]"
grass,Grass,1,1,critical_distractor,True,False,"Brainerd, Chang, & Bialer (2020)",Brainerd2020_120_4word_lists,brainerd2020_120::grass,,,1.87,,,"[{""dataset"": ""Brainerd2020_120_4word_lists"", ""list_id"": ""brainerd2020_120::grass"", ""critical_item"": ""Grass"", ""role"": ""critical_distractor"", ""position"": ""CD""}]"
gravel,gravel,1,1,list_word,False,True,"Roediger et al. (2001) 55-list DRM pool, augmented with uploaded 2024 supplementary workbook metrics",Roediger2001_55_15word_lists,,roediger2001_55::rough,rough,1.86923171973098,0.0,0.0,"[{""dataset"": ""Roediger2001_55_15word_lists"", ""list_id"": ""roediger2001_55::rough"", ""critical_item"": ""rough"", ""role"": ""list_word"", ""position"": ""T15""}]"
gray,gray,1,1,list_word,False,True,"Roediger et al. (2001) 55-list DRM pool, augmented with uploaded 2024 supplementary workbook metrics",Roediger2001_55_15word_lists,,roediger2001_55::black,black,3.03261876085072,0.365,0.0,"[{""dataset"": ""Roediger2001_55_15word_lists"", ""list_id"": ""roediger2001_55::black"", ""critical_item"": ""black"", ""role"": ""list_word"", ""position"": ""T15""}]"
grease,Grease,1,1,list_word,False,True,"Brainerd, Chang, & Bialer (2020)",Brainerd2020_120_4word_lists,,brainerd2020_120::oil,oil,0.73,,,"[{""dataset"": ""Brainerd2020_120_4word_lists"", ""list_id"": ""brainerd2020_120::oil"", ""critical_item"": ""Oil"", ""role"": ""list_word"", ""position"": ""T2""}]"
green,Green; green,2,2,critical_distractor; list_word,True,True,"Brainerd, Chang, & Bialer (2020); Roediger et al. (2001) 55-list DRM pool, augmented with uploaded 2024 supplementary workbook metrics",Brainerd2020_120_4word_lists; Roediger2001_55_15word_lists,brainerd2020_120::green,roediger2001_55::cabbage,cabbage,2.8939247252865554,0.0,0.079,"[{""dataset"": ""Brainerd2020_120_4word_lists"", ""list_id"": ""brainerd2020_120::green"", ""critical_item"": ""Green"", ""role"": ""critical_distractor"", ""position"": ""CD""}, {""dataset"": ""Roediger2001_55_15word_lists"", ""list_id"": ""roediger2001_55::cabbage"", ""critical_item"": ""cabbage"", ""role"": ""list_word"", ""position"": ""T6""}]"
grief,grief,1,1,list_word,False,True,"Roediger et al. (2001) 55-list DRM pool, augmented with uploaded 2024 supplementary workbook metrics",Roediger2001_55_15word_lists,,roediger2001_55::black,black,2.7427251313047,0.0,0.0,"[{""dataset"": ""Roediger2001_55_15word_lists"", ""list_id"": ""roediger2001_55::black"", ""critical_item"": ""black"", ""role"": ""list_word"", ""position"": ""T8""}]"
groceries,Groceries,1,1,list_word,False,True,"Brainerd, Chang, & Bialer (2020)",Brainerd2020_120_4word_lists,,brainerd2020_120::devil,devil,0.34,,,"[{""dataset"": ""Brainerd2020_120_4word_lists"", ""list_id"": ""brainerd2020_120::devil"", ""critical_item"": ""Devil"", ""role"": ""list_word"", ""position"": ""T2""}]"
ground,Ground; ground,2,2,critical_distractor; list_word,True,True,"Brainerd, Chang, & Bialer (2020); Roediger et al. (2001) 55-list DRM pool, augmented with uploaded 2024 supplementary workbook metrics",Brainerd2020_120_4word_lists; Roediger2001_55_15word_lists,brainerd2020_120::ground,roediger2001_55::rough,rough,2.953924725286555,0.0,0.0,"[{""dataset"": ""Brainerd2020_120_4word_lists"", ""list_id"": ""brainerd2020_120::ground"", ""critical_item"": ""Ground"", ""role"": ""critical_distractor"", ""position"": ""CD""}, {""dataset"": ""Roediger2001_55_15word_lists"", ""list_id"": ""roediger2001_55::rough"", ""critical_item"": ""rough"", ""role"": ""list_word"", ""position"": ""T14""}]"
group,Group,1,1,list_word,False,True,"Brainerd, Chang, & Bialer (2020)",Brainerd2020_120_4word_lists,,brainerd2020_120::flower,flower,2.33,,,"[{""dataset"": ""Brainerd2020_120_4word_lists"", ""list_id"": ""brainerd2020_120::flower"", ""critical_item"": ""Flower"", ""role"": ""list_word"", ""position"": ""T3""}]"
guilt,Guilt,1,1,list_word,False,True,"Brainerd, Chang, & Bialer (2020)",Brainerd2020_120_4word_lists,,brainerd2020_120::single,single,1.2,,,"[{""dataset"": ""Brainerd2020_120_4word_lists"", ""list_id"": ""brainerd2020_120::single"", ""critical_item"": ""Single"", ""role"": ""list_word"", ""position"": ""T3""}]"
gulliver,gulliver,1,1,list_word,False,True,"Roediger et al. (2001) 55-list DRM pool, augmented with uploaded 2024 supplementary workbook metrics",Roediger2001_55_15word_lists,,roediger2001_55::swift,swift,,0.0,0.0,"[{""dataset"": ""Roediger2001_55_15word_lists"", ""list_id"": ""roediger2001_55::swift"", ""critical_item"": ""swift"", ""role"": ""list_word"", ""position"": ""T10""}]"
gums,Gums,1,1,list_word,False,True,"Brainerd, Chang, & Bialer (2020)",Brainerd2020_120_4word_lists,,brainerd2020_120::bridge,bridge,0.27,,,"[{""dataset"": ""Brainerd2020_120_4word_lists"", ""list_id"": ""brainerd2020_120::bridge"", ""critical_item"": ""Bridge"", ""role"": ""list_word"", ""position"": ""T3""}]"
gun,Gun; gun,2,2,critical_distractor; list_word,True,True,"Brainerd, Chang, & Bialer (2020); Roediger et al. (2001) 55-list DRM pool, augmented with uploaded 2024 supplementary workbook metrics",Brainerd2020_120_4word_lists; Roediger2001_55_15word_lists,brainerd2020_120::gun,roediger2001_55::thief,thief,2.868194664332845,0.0,0.0,"[{""dataset"": ""Brainerd2020_120_4word_lists"", ""list_id"": ""brainerd2020_120::gun"", ""critical_item"": ""Gun"", ""role"": ""critical_distractor"", ""position"": ""CD""}, {""dataset"": ""Roediger2001_55_15word_lists"", ""list_id"": ""roediger2001_55::thief"", ""critical_item"": ""thief"", ""role"": ""list_word"", ""position"": ""T10""}]"
hail,Hail,1,1,list_word,False,True,"Brainerd, Chang, & Bialer (2020)",Brainerd2020_120_4word_lists,,brainerd2020_120::prove,prove,1.07,,,"[{""dataset"": ""Brainerd2020_120_4word_lists"", ""list_id"": ""brainerd2020_120::prove"", ""critical_item"": ""Prove"", ""role"": ""list_word"", ""position"": ""T3""}]"
hair,Hair; hair,3,2,critical_distractor; list_word,True,True,"Brainerd, Chang, & Bialer (2020); Roediger et al. (2001) 55-list DRM pool, augmented with uploaded 2024 supplementary workbook metrics",Brainerd2020_120_4word_lists; Roediger2001_55_15word_lists,brainerd2020_120::hair,roediger2001_55::girl; roediger2001_55::long,girl; long,3.3592484525300534,0.0515,0.039,"[{""dataset"": ""Brainerd2020_120_4word_lists"", ""list_id"": ""brainerd2020_120::hair"", ""critical_item"": ""Hair"", ""role"": ""critical_distractor"", ""position"": ""CD""}, {""dataset"": ""Roediger2001_55_15word_lists"", ""list_id"": ""roediger2001_55::girl"", ""critical_item"": ""girl"", ""role"": ""list_word"", ""position"": ""T7""}, {""dataset"": ""Roediger2001_55_15word_lists"", ""list_id"": ""roediger2001_55::long"", ""critical_item"": ""long"", ""role"": ""list_word"", ""position"": ""T7""}]"
halt,halt,1,1,list_word,False,True,"Roediger et al. (2001) 55-list DRM pool, augmented with uploaded 2024 supplementary workbook metrics",Roediger2001_55_15word_lists,,roediger2001_55::command,command,2.76042248342321,0.0,0.0,"[{""dataset"": ""Roediger2001_55_15word_lists"", ""list_id"": ""roediger2001_55::command"", ""critical_item"": ""command"", ""role"": ""list_word"", ""position"": ""T10""}]"
hammock,Hammock,1,1,list_word,False,True,"Brainerd, Chang, & Bialer (2020)",Brainerd2020_120_4word_lists,,brainerd2020_120::danger,danger,0.44,,,"[{""dataset"": ""Brainerd2020_120_4word_lists"", ""list_id"": ""brainerd2020_120::danger"", ""critical_item"": ""Danger"", ""role"": ""list_word"", ""position"": ""T4""}]"
hand,hand,1,1,list_word,False,True,"Roediger et al. (2001) 55-list DRM pool, augmented with uploaded 2024 supplementary workbook metrics",Roediger2001_55_15word_lists,,roediger2001_55::foot,foot,4.15421088220697,0.158,0.122,"[{""dataset"": ""Roediger2001_55_15word_lists"", ""list_id"": ""roediger2001_55::foot"", ""critical_item"": ""foot"", ""role"": ""list_word"", ""position"": ""T2""}]"
handle,handle,1,1,list_word,False,True,"Roediger et al. (2001) 55-list DRM pool, augmented with uploaded 2024 supplementary workbook metrics",Roediger2001_55_15word_lists,,roediger2001_55::cup,cup,3.7427251313047,0.014,0.0,"[{""dataset"": ""Roediger2001_55_15word_lists"", ""list_id"": ""roediger2001_55::cup"", ""critical_item"": ""cup"", ""role"": ""list_word"", ""position"": ""T7""}]"
handsome,handsome,1,1,list_word,False,True,"Roediger et al. (2001) 55-list DRM pool, augmented with uploaded 2024 supplementary workbook metrics",Roediger2001_55_15word_lists,,roediger2001_55::man,man,3.22659990520736,0.144,0.0,"[{""dataset"": ""Roediger2001_55_15word_lists"", ""list_id"": ""roediger2001_55::man"", ""critical_item"": ""man"", ""role"": ""list_word"", ""position"": ""T12""}]"
happiness,happiness,1,1,list_word,False,True,"Roediger et al. (2001) 55-list DRM pool, augmented with uploaded 2024 supplementary workbook metrics",Roediger2001_55_15word_lists,,roediger2001_55::health,health,3.09691001300806,0.0,0.014,"[{""dataset"": ""Roediger2001_55_15word_lists"", ""list_id"": ""roediger2001_55::health"", ""critical_item"": ""health"", ""role"": ""list_word"", ""position"": ""T3""}]"
happy,Happy; happy,2,2,list_word,False,True,"Brainerd, Chang, & Bialer (2020); Roediger et al. (2001) 55-list DRM pool, augmented with uploaded 2024 supplementary workbook metrics",Brainerd2020_120_4word_lists; Roediger2001_55_15word_lists,,brainerd2020_120::sad; roediger2001_55::anger,anger; sad,3.2301478069585245,0.0,0.042,"[{""dataset"": ""Brainerd2020_120_4word_lists"", ""list_id"": ""brainerd2020_120::sad"", ""critical_item"": ""Sad"", ""role"": ""list_word"", ""position"": ""T3""}, {""dataset"": ""Roediger2001_55_15word_lists"", ""list_id"": ""roediger2001_55::anger"", ""critical_item"": ""anger"", ""role"": ""list_word"", ""position"": ""T9""}]"
hard,Hard; hard,3,2,list_word,False,True,"Brainerd, Chang, & Bialer (2020); Roediger et al. (2001) 55-list DRM pool, augmented with uploaded 2024 supplementary workbook metrics",Brainerd2020_120_4word_lists; Roediger2001_55_15word_lists,,brainerd2020_120::soft; roediger2001_55::bitter; roediger2001_55::soft,bitter; soft,3.60728487573148,0.282,0.2545,"[{""dataset"": ""Brainerd2020_120_4word_lists"", ""list_id"": ""brainerd2020_120::soft"", ""critical_item"": ""Soft"", ""role"": ""list_word"", ""position"": ""T1""}, {""dataset"": ""Roediger2001_55_15word_lists"", ""list_id"": ""roediger2001_55::bitter"", ""critical_item"": ""bitter"", ""role"": ""list_word"", ""position"": ""T9""}, {""dataset"": ""Roediger2001_55_15word_lists"", ""list_id"": ""roediger2001_55::soft"", ""critical_item"": ""soft"", ""role"": ""list_word"", ""position"": ""T1""}]"
harmony,Harmony,1,1,list_word,False,True,"Brainerd, Chang, & Bialer (2020)",Brainerd2020_120_4word_lists,,brainerd2020_120::ability,ability,1.32,,,"[{""dataset"": ""Brainerd2020_120_4word_lists"", ""list_id"": ""brainerd2020_120::ability"", ""critical_item"": ""Ability"", ""role"": ""list_word"", ""position"": ""T3""}]"
harsh,Harsh; harsh,2,2,critical_distractor; list_word,True,True,"Brainerd, Chang, & Bialer (2020); Roediger et al. (2001) 55-list DRM pool, augmented with uploaded 2024 supplementary workbook metrics",Brainerd2020_120_4word_lists; Roediger2001_55_15word_lists,brainerd2020_120::harsh,roediger2001_55::command,command,1.899953312518055,0.0,0.0,"[{""dataset"": ""Brainerd2020_120_4word_lists"", ""list_id"": ""brainerd2020_120::harsh"", ""critical_item"": ""Harsh"", ""role"": ""critical_distractor"", ""position"": ""CD""}, {""dataset"": ""Roediger2001_55_15word_lists"", ""list_id"": ""roediger2001_55::command"", ""critical_item"": ""command"", ""role"": ""list_word"", ""position"": ""T13""}]"
hate,hate,1,1,list_word,False,True,"Roediger et al. (2001) 55-list DRM pool, augmented with uploaded 2024 supplementary workbook metrics",Roediger2001_55_15word_lists,,roediger2001_55::anger,anger,4.03921576590395,0.028,0.109,"[{""dataset"": ""Roediger2001_55_15word_lists"", ""list_id"": ""roediger2001_55::anger"", ""critical_item"": ""anger"", ""role"": ""list_word"", ""position"": ""T3""}]"
hatred,hatred,1,1,list_word,False,True,"Roediger et al. (2001) 55-list DRM pool, augmented with uploaded 2024 supplementary workbook metrics",Roediger2001_55_15word_lists,,roediger2001_55::anger,anger,2.44247976906445,0.07,0.0,"[{""dataset"": ""Roediger2001_55_15word_lists"", ""list_id"": ""roediger2001_55::anger"", ""critical_item"": ""anger"", ""role"": ""list_word"", ""position"": ""T11""}]"
haul,Haul,1,1,list_word,False,True,"Brainerd, Chang, & Bialer (2020)",Brainerd2020_120_4word_lists,,brainerd2020_120::move,move,0.79,,,"[{""dataset"": ""Brainerd2020_120_4word_lists"", ""list_id"": ""brainerd2020_120::move"", ""critical_item"": ""Move"", ""role"": ""list_word"", ""position"": ""T1""}]"
haystack,haystack,1,1,list_word,False,True,"Roediger et al. (2001) 55-list DRM pool, augmented with uploaded 2024 supplementary workbook metrics",Roediger2001_55_15word_lists,,roediger2001_55::needle,needle,1.85125834871908,0.418,0.03,"[{""dataset"": ""Roediger2001_55_15word_lists"", ""list_id"": ""roediger2001_55::needle"", ""critical_item"": ""needle"", ""role"": ""list_word"", ""position"": ""T9""}]"
head,Head; head,2,2,list_word,False,True,"Brainerd, Chang, & Bialer (2020); Roediger et al. (2001) 55-list DRM pool, augmented with uploaded 2024 supplementary workbook metrics",Brainerd2020_120_4word_lists; Roediger2001_55_15word_lists,,brainerd2020_120::hair; roediger2001_55::cabbage,cabbage; hair,3.51878168802796,0.0,0.022,"[{""dataset"": ""Brainerd2020_120_4word_lists"", ""list_id"": ""brainerd2020_120::hair"", ""critical_item"": ""Hair"", ""role"": ""list_word"", ""position"": ""T1""}, {""dataset"": ""Roediger2001_55_15word_lists"", ""list_id"": ""roediger2001_55::cabbage"", ""critical_item"": ""cabbage"", ""role"": ""list_word"", ""position"": ""T1""}]"
health,health,2,1,critical_distractor; list_word,True,True,"Roediger et al. (2001) 55-list DRM pool, augmented with uploaded 2024 supplementary workbook metrics",Roediger2001_55_15word_lists,roediger2001_55::health,roediger2001_55::doctor,doctor,3.31281182621209,0.049,0.02,"[{""dataset"": ""Roediger2001_55_15word_lists"", ""list_id"": ""roediger2001_55::doctor"", ""critical_item"": ""doctor"", ""role"": ""list_word"", ""position"": ""T5""}, {""dataset"": ""Roediger2001_55_15word_lists"", ""list_id"": ""roediger2001_55::health"", ""critical_item"": ""health"", ""role"": ""critical_distractor"", ""position"": ""CD""}]"
hear,hear,1,1,list_word,False,True,"Roediger et al. (2001) 55-list DRM pool, augmented with uploaded 2024 supplementary workbook metrics",Roediger2001_55_15word_lists,,roediger2001_55::smell,smell,4.45215458571466,0.0,0.0,"[{""dataset"": ""Roediger2001_55_15word_lists"", ""list_id"": ""roediger2001_55::smell"", ""critical_item"": ""smell"", ""role"": ""list_word"", ""position"": ""T5""}]"
heart,heart,1,1,list_word,False,True,"Roediger et al. (2001) 55-list DRM pool, augmented with uploaded 2024 supplementary workbook metrics",Roediger2001_55_15word_lists,,roediger2001_55::sweet,sweet,4.09530886138538,0.0,0.0,"[{""dataset"": ""Roediger2001_55_15word_lists"", ""list_id"": ""roediger2001_55::sweet"", ""critical_item"": ""sweet"", ""role"": ""list_word"", ""position"": ""T12""}]"
heat,Heat; heat,3,2,critical_distractor; list_word,True,True,"Brainerd, Chang, & Bialer (2020); Roediger et al. (2001) 55-list DRM pool, augmented with uploaded 2024 supplementary workbook metrics",Brainerd2020_120_4word_lists; Roediger2001_55_15word_lists,brainerd2020_120::heat,roediger2001_55::cold; roediger2001_55::stove,cold; stove,2.8137955415622398,0.0845,0.015,"[{""dataset"": ""Brainerd2020_120_4word_lists"", ""list_id"": ""brainerd2020_120::heat"", ""critical_item"": ""Heat"", ""role"": ""critical_distractor"", ""position"": ""CD""}, {""dataset"": ""Roediger2001_55_15word_lists"", ""list_id"": ""roediger2001_55::cold"", ""critical_item"": ""cold"", ""role"": ""list_word"", ""position"": ""T9""}, {""dataset"": ""Roediger2001_55_15word_lists"", ""list_id"": ""roediger2001_55::stove"", ""critical_item"": ""stove"", ""role"": ""list_word"", ""position"": ""T2""}]"
hell,Hell,1,1,list_word,False,True,"Brainerd, Chang, & Bialer (2020)",Brainerd2020_120_4word_lists,,brainerd2020_120::clerk,clerk,1.73,,,"[{""dataset"": ""Brainerd2020_120_4word_lists"", ""list_id"": ""brainerd2020_120::clerk"", ""critical_item"": ""Clerk"", ""role"": ""list_word"", ""position"": ""T3""}]"
help,Help; help,2,2,list_word,False,True,"Brainerd, Chang, & Bialer (2020); Roediger et al. (2001) 55-list DRM pool, augmented with uploaded 2024 supplementary workbook metrics",Brainerd2020_120_4word_lists; Roediger2001_55_15word_lists,,brainerd2020_120::save; roediger2001_55::trouble,save; trouble,3.605947261782175,0.049,0.041,"[{""dataset"": ""Brainerd2020_120_4word_lists"", ""list_id"": ""brainerd2020_120::save"", ""critical_item"": ""Save"", ""role"": ""list_word"", ""position"": ""T1""}, {""dataset"": ""Roediger2001_55_15word_lists"", ""list_id"": ""roediger2001_55::trouble"", ""critical_item"": ""trouble"", ""role"": ""list_word"", ""position"": ""T13""}]"
herbs,herbs,1,1,list_word,False,True,"Roediger et al. (2001) 55-list DRM pool, augmented with uploaded 2024 supplementary workbook metrics",Roediger2001_55_15word_lists,,roediger2001_55::bitter,bitter,2.15228834438306,0.0,0.0,"[{""dataset"": ""Roediger2001_55_15word_lists"", ""list_id"": ""roediger2001_55::bitter"", ""critical_item"": ""bitter"", ""role"": ""list_word"", ""position"": ""T13""}]"
hesitant,hesitant,1,1,list_word,False,True,"Roediger et al. (2001) 55-list DRM pool, augmented with uploaded 2024 supplementary workbook metrics",Roediger2001_55_15word_lists,,roediger2001_55::slow,slow,1.34242268082221,0.034,0.0,"[{""dataset"": ""Roediger2001_55_15word_lists"", ""list_id"": ""roediger2001_55::slow"", ""critical_item"": ""slow"", ""role"": ""list_word"", ""position"": ""T10""}]"
high,High; high,2,2,critical_distractor; list_word,True,True,"Brainerd, Chang, & Bialer (2020); Roediger et al. (2001) 55-list DRM pool, augmented with uploaded 2024 supplementary workbook metrics",Brainerd2020_120_4word_lists; Roediger2001_55_15word_lists,roediger2001_55::high,brainerd2020_120::hill,hill,3.2938242274481047,,,"[{""dataset"": ""Brainerd2020_120_4word_lists"", ""list_id"": ""brainerd2020_120::hill"", ""critical_item"": ""Hill"", ""role"": ""list_word"", ""position"": ""T1""}, {""dataset"": ""Roediger2001_55_15word_lists"", ""list_id"": ""roediger2001_55::high"", ""critical_item"": ""high"", ""role"": ""critical_distractor"", ""position"": ""CD""}]"
highway,highway,1,1,list_word,False,True,"Roediger et al. (2001) 55-list DRM pool, augmented with uploaded 2024 supplementary workbook metrics",Roediger2001_55_15word_lists,,roediger2001_55::car,car,2.95999483832842,0.115,0.0,"[{""dataset"": ""Roediger2001_55_15word_lists"", ""list_id"": ""roediger2001_55::car"", ""critical_item"": ""car"", ""role"": ""list_word"", ""position"": ""T12""}]"
hill,Hill; hill,2,2,critical_distractor; list_word,True,True,"Brainerd, Chang, & Bialer (2020); Roediger et al. (2001) 55-list DRM pool, augmented with uploaded 2024 supplementary workbook metrics",Brainerd2020_120_4word_lists; Roediger2001_55_15word_lists,brainerd2020_120::hill,roediger2001_55::mountain,mountain,2.641197752371265,0.428,0.265,"[{""dataset"": ""Brainerd2020_120_4word_lists"", ""list_id"": ""brainerd2020_120::hill"", ""critical_item"": ""Hill"", ""role"": ""critical_distractor"", ""position"": ""CD""}, {""dataset"": ""Roediger2001_55_15word_lists"", ""list_id"": ""roediger2001_55::mountain"", ""critical_item"": ""mountain"", ""role"": ""list_word"", ""position"": ""T1""}]"
hold,Hold,1,1,critical_distractor,True,False,"Brainerd, Chang, & Bialer (2020)",Brainerd2020_120_4word_lists,brainerd2020_120::hold,,,2.29,,,"[{""dataset"": ""Brainerd2020_120_4word_lists"", ""list_id"": ""brainerd2020_120::hold"", ""critical_item"": ""Hold"", ""role"": ""critical_distractor"", ""position"": ""CD""}]"
home,home,1,1,list_word,False,True,"Roediger et al. (2001) 55-list DRM pool, augmented with uploaded 2024 supplementary workbook metrics",Roediger2001_55_15word_lists,,roediger2001_55::cottage,cottage,4.596509128342,0.0,0.04,"[{""dataset"": ""Roediger2001_55_15word_lists"", ""list_id"": ""roediger2001_55::cottage"", ""critical_item"": ""cottage"", ""role"": ""list_word"", ""position"": ""T4""}]"
homely,homely,1,1,list_word,False,True,"Roediger et al. (2001) 55-list DRM pool, augmented with uploaded 2024 supplementary workbook metrics",Roediger2001_55_15word_lists,,roediger2001_55::beautiful,beautiful,1.68124123737559,0.0,0.0,"[{""dataset"": ""Roediger2001_55_15word_lists"", ""list_id"": ""roediger2001_55::beautiful"", ""critical_item"": ""beautiful"", ""role"": ""list_word"", ""position"": ""T5""}]"
honey,honey,1,1,list_word,False,True,"Roediger et al. (2001) 55-list DRM pool, augmented with uploaded 2024 supplementary workbook metrics",Roediger2001_55_15word_lists,,roediger2001_55::sweet,sweet,4.18542882122067,0.451,0.0,"[{""dataset"": ""Roediger2001_55_15word_lists"", ""list_id"": ""roediger2001_55::sweet"", ""critical_item"": ""sweet"", ""role"": ""list_word"", ""position"": ""T9""}]"
honor,Honor,1,1,critical_distractor,True,False,"Brainerd, Chang, & Bialer (2020)",Brainerd2020_120_4word_lists,brainerd2020_120::honor,,,1.69,,,"[{""dataset"": ""Brainerd2020_120_4word_lists"", ""list_id"": ""brainerd2020_120::honor"", ""critical_item"": ""Honor"", ""role"": ""critical_distractor"", ""position"": ""CD""}]"
hope,hope,1,1,list_word,False,True,"Roediger et al. (2001) 55-list DRM pool, augmented with uploaded 2024 supplementary workbook metrics",Roediger2001_55_15word_lists,,roediger2001_55::wish,wish,4.21359743674736,0.068,0.213,"[{""dataset"": ""Roediger2001_55_15word_lists"", ""list_id"": ""roediger2001_55::wish"", ""critical_item"": ""wish"", ""role"": ""list_word"", ""position"": ""T4""}]"
horn,horn,1,1,list_word,False,True,"Roediger et al. (2001) 55-list DRM pool, augmented with uploaded 2024 supplementary workbook metrics",Roediger2001_55_15word_lists,,roediger2001_55::music,music,3.03181227133037,0.014,0.0,"[{""dataset"": ""Roediger2001_55_15word_lists"", ""list_id"": ""roediger2001_55::music"", ""critical_item"": ""music"", ""role"": ""list_word"", ""position"": ""T8""}]"
horse,Horse,1,1,critical_distractor,True,False,"Brainerd, Chang, & Bialer (2020)",Brainerd2020_120_4word_lists,brainerd2020_120::horse,,,2.2,,,"[{""dataset"": ""Brainerd2020_120_4word_lists"", ""list_id"": ""brainerd2020_120::horse"", ""critical_item"": ""Horse"", ""role"": ""critical_distractor"", ""position"": ""CD""}]"
hospital,hospital,2,1,list_word,False,True,"Roediger et al. (2001) 55-list DRM pool, augmented with uploaded 2024 supplementary workbook metrics",Roediger2001_55_15word_lists,,roediger2001_55::doctor; roediger2001_55::health,doctor; health,3.80174661921946,0.0135,0.014499999999999999,"[{""dataset"": ""Roediger2001_55_15word_lists"", ""list_id"": ""roediger2001_55::doctor"", ""critical_item"": ""doctor"", ""role"": ""list_word"", ""position"": ""T6""}, {""dataset"": ""Roediger2001_55_15word_lists"", ""list_id"": ""roediger2001_55::health"", ""critical_item"": ""health"", ""role"": ""list_word"", ""position"": ""T9""}]"
hot,Hot; hot,3,2,list_word,False,True,"Brainerd, Chang, & Bialer (2020); Roediger et al. (2001) 55-list DRM pool, augmented with uploaded 2024 supplementary workbook metrics",Brainerd2020_120_4word_lists; Roediger2001_55_15word_lists,,brainerd2020_120::cold; roediger2001_55::cold; roediger2001_55::stove,cold; stove,3.34733995456884,0.338,0.349,"[{""dataset"": ""Brainerd2020_120_4word_lists"", ""list_id"": ""brainerd2020_120::cold"", ""critical_item"": ""Cold"", ""role"": ""list_word"", ""position"": ""T1""}, {""dataset"": ""Roediger2001_55_15word_lists"", ""list_id"": ""roediger2001_55::cold"", ""critical_item"": ""cold"", ""role"": ""list_word"", ""position"": ""T1""}, {""dataset"": ""Roediger2001_55_15word_lists"", ""list_id"": ""roediger2001_55::stove"", ""critical_item"": ""stove"", ""role"": ""list_word"", ""position"": ""T1""}]"
house,house,2,1,list_word,False,True,"Roediger et al. (2001) 55-list DRM pool, augmented with uploaded 2024 supplementary workbook metrics",Roediger2001_55_15word_lists,,roediger2001_55::cottage; roediger2001_55::window,cottage; window,4.41854986204974,0.0,0.1905,"[{""dataset"": ""Roediger2001_55_15word_lists"", ""list_id"": ""roediger2001_55::cottage"", ""critical_item"": ""cottage"", ""role"": ""list_word"", ""position"": ""T1""}, {""dataset"": ""Roediger2001_55_15word_lists"", ""list_id"": ""roediger2001_55::window"", ""critical_item"": ""window"", ""role"": ""list_word"", ""position"": ""T7""}]"
hug,Hug,1,1,list_word,False,True,"Brainerd, Chang, & Bialer (2020)",Brainerd2020_120_4word_lists,,brainerd2020_120::hold,hold,0.7,,,"[{""dataset"": ""Brainerd2020_120_4word_lists"", ""list_id"": ""brainerd2020_120::hold"", ""critical_item"": ""Hold"", ""role"": ""list_word"", ""position"": ""T3""}]"
huge,Huge,1,1,list_word,False,True,"Brainerd, Chang, & Bialer (2020)",Brainerd2020_120_4word_lists,,brainerd2020_120::judge,judge,1.86,,,"[{""dataset"": ""Brainerd2020_120_4word_lists"", ""list_id"": ""brainerd2020_120::judge"", ""critical_item"": ""Judge"", ""role"": ""list_word"", ""position"": ""T4""}]"
hum,Hum,1,1,list_word,False,True,"Brainerd, Chang, & Bialer (2020)",Brainerd2020_120_4word_lists,,brainerd2020_120::science,science,0.98,,,"[{""dataset"": ""Brainerd2020_120_4word_lists"", ""list_id"": ""brainerd2020_120::science"", ""critical_item"": ""Science"", ""role"": ""list_word"", ""position"": ""T3""}]"
hunt,hunt,1,1,list_word,False,True,"Roediger et al. (2001) 55-list DRM pool, augmented with uploaded 2024 supplementary workbook metrics",Roediger2001_55_15word_lists,,roediger2001_55::lion,lion,3.12057393120585,0.0,0.0,"[{""dataset"": ""Roediger2001_55_15word_lists"", ""list_id"": ""roediger2001_55::lion"", ""critical_item"": ""lion"", ""role"": ""list_word"", ""position"": ""T14""}]"
hurricane,Hurricane,1,1,list_word,False,True,"Brainerd, Chang, & Bialer (2020)",Brainerd2020_120_4word_lists,,brainerd2020_120::fast,fast,0.75,,,"[{""dataset"": ""Brainerd2020_120_4word_lists"", ""list_id"": ""brainerd2020_120::fast"", ""critical_item"": ""Fast"", ""role"": ""list_word"", ""position"": ""T3""}]"
hurt,hurt,1,1,list_word,False,True,"Roediger et al. (2001) 55-list DRM pool, augmented with uploaded 2024 supplementary workbook metrics",Roediger2001_55_15word_lists,,roediger2001_55::needle,needle,4.09916249292859,0.0,0.0,"[{""dataset"": ""Roediger2001_55_15word_lists"", ""list_id"": ""roediger2001_55::needle"", ""critical_item"": ""needle"", ""role"": ""list_word"", ""position"": ""T11""}]"
husband,husband,1,1,list_word,False,True,"Roediger et al. (2001) 55-list DRM pool, augmented with uploaded 2024 supplementary workbook metrics",Roediger2001_55_15word_lists,,roediger2001_55::man,man,3.9972115828325,0.018,0.0,"[{""dataset"": ""Roediger2001_55_15word_lists"", ""list_id"": ""roediger2001_55::man"", ""critical_item"": ""man"", ""role"": ""list_word"", ""position"": ""T2""}]"
hut,hut,1,1,list_word,False,True,"Roediger et al. (2001) 55-list DRM pool, augmented with uploaded 2024 supplementary workbook metrics",Roediger2001_55_15word_lists,,roediger2001_55::cottage,cottage,2.82930377283102,0.03,0.032,"[{""dataset"": ""Roediger2001_55_15word_lists"", ""list_id"": ""roediger2001_55::cottage"", ""critical_item"": ""cottage"", ""role"": ""list_word"", ""position"": ""T15""}]"
ice,Ice; ice,2,2,list_word,False,True,"Brainerd, Chang, & Bialer (2020); Roediger et al. (2001) 55-list DRM pool, augmented with uploaded 2024 supplementary workbook metrics",Brainerd2020_120_4word_lists; Roediger2001_55_15word_lists,,brainerd2020_120::cold; roediger2001_55::cold,cold,2.6491560213486647,0.364,0.098,"[{""dataset"": ""Brainerd2020_120_4word_lists"", ""list_id"": ""brainerd2020_120::cold"", ""critical_item"": ""Cold"", ""role"": ""list_word"", ""position"": ""T3""}, {""dataset"": ""Roediger2001_55_15word_lists"", ""list_id"": ""roediger2001_55::cold"", ""critical_item"": ""cold"", ""role"": ""list_word"", ""position"": ""T5""}]"
ill,ill,2,1,list_word,False,True,"Roediger et al. (2001) 55-list DRM pool, augmented with uploaded 2024 supplementary workbook metrics",Roediger2001_55_15word_lists,,roediger2001_55::doctor; roediger2001_55::health,doctor; health,3.03582982525283,0.007,0.0125,"[{""dataset"": ""Roediger2001_55_15word_lists"", ""list_id"": ""roediger2001_55::doctor"", ""critical_item"": ""doctor"", ""role"": ""list_word"", ""position"": ""T9""}, {""dataset"": ""Roediger2001_55_15word_lists"", ""list_id"": ""roediger2001_55::health"", ""critical_item"": ""health"", ""role"": ""list_word"", ""position"": ""T5""}]"
immigrant,immigrant,1,1,list_word,False,True,"Roediger et al. (2001) 55-list DRM pool, augmented with uploaded 2024 supplementary workbook metrics",Roediger2001_55_15word_lists,,roediger2001_55::citizen,citizen,,0.0,0.013,"[{""dataset"": ""Roediger2001_55_15word_lists"", ""list_id"": ""roediger2001_55::citizen"", ""critical_item"": ""citizen"", ""role"": ""list_word"", ""position"": ""T14""}]"
impatient,Impatient,1,1,list_word,False,True,"Brainerd, Chang, & Bialer (2020)",Brainerd2020_120_4word_lists,,brainerd2020_120::anxious,anxious,1.21,,,"[{""dataset"": ""Brainerd2020_120_4word_lists"", ""list_id"": ""brainerd2020_120::anxious"", ""critical_item"": ""Anxious"", ""role"": ""list_word"", ""position"": ""T2""}]"
inability,Inability,1,1,list_word,False,True,"Brainerd, Chang, & Bialer (2020)",Brainerd2020_120_4word_lists,,brainerd2020_120::judge,judge,0.94,,,"[{""dataset"": ""Brainerd2020_120_4word_lists"", ""list_id"": ""brainerd2020_120::judge"", ""critical_item"": ""Judge"", ""role"": ""list_word"", ""position"": ""T3""}]"
inch,inch,1,1,list_word,False,True,"Roediger et al. (2001) 55-list DRM pool, augmented with uploaded 2024 supplementary workbook metrics",Roediger2001_55_15word_lists,,roediger2001_55::foot,foot,2.80071707828239,0.473,0.02,"[{""dataset"": ""Roediger2001_55_15word_lists"", ""list_id"": ""roediger2001_55::foot"", ""critical_item"": ""foot"", ""role"": ""list_word"", ""position"": ""T12""}]"
increase,Increase,1,1,list_word,False,True,"Brainerd, Chang, & Bialer (2020)",Brainerd2020_120_4word_lists,,brainerd2020_120::add,add,1.97,,,"[{""dataset"": ""Brainerd2020_120_4word_lists"", ""list_id"": ""brainerd2020_120::add"", ""critical_item"": ""Add"", ""role"": ""list_word"", ""position"": ""T2""}]"
infantry,Infantry; infantry,2,2,list_word,False,True,"Brainerd, Chang, & Bialer (2020); Roediger et al. (2001) 55-list DRM pool, augmented with uploaded 2024 supplementary workbook metrics",Brainerd2020_120_4word_lists; Roediger2001_55_15word_lists,,brainerd2020_120::army; roediger2001_55::army,army,1.04,0.284,0.0,"[{""dataset"": ""Brainerd2020_120_4word_lists"", ""list_id"": ""brainerd2020_120::army"", ""critical_item"": ""Army"", ""role"": ""list_word"", ""position"": ""T3""}, {""dataset"": ""Roediger2001_55_15word_lists"", ""list_id"": ""roediger2001_55::army"", ""critical_item"": ""army"", ""role"": ""list_word"", ""position"": ""T10""}]"
initial,Initial,1,1,list_word,False,True,"Brainerd, Chang, & Bialer (2020)",Brainerd2020_120_4word_lists,,brainerd2020_120::danger,danger,1.52,,,"[{""dataset"": ""Brainerd2020_120_4word_lists"", ""list_id"": ""brainerd2020_120::danger"", ""critical_item"": ""Danger"", ""role"": ""list_word"", ""position"": ""T2""}]"
injection,injection,1,1,list_word,False,True,"Roediger et al. (2001) 55-list DRM pool, augmented with uploaded 2024 supplementary workbook metrics",Roediger2001_55_15word_lists,,roediger2001_55::needle,needle,2.32633586092875,0.331,0.0,"[{""dataset"": ""Roediger2001_55_15word_lists"", ""list_id"": ""roediger2001_55::needle"", ""critical_item"": ""needle"", ""role"": ""list_word"", ""position"": ""T12""}]"
ink,ink,1,1,list_word,False,True,"Roediger et al. (2001) 55-list DRM pool, augmented with uploaded 2024 supplementary workbook metrics",Roediger2001_55_15word_lists,,roediger2001_55::black,black,2.58319877396862,0.02,0.0,"[{""dataset"": ""Roediger2001_55_15word_lists"", ""list_id"": ""roediger2001_55::black"", ""critical_item"": ""black"", ""role"": ""list_word"", ""position"": ""T11""}]"
insect,insect,2,1,list_word,False,True,"Roediger et al. (2001) 55-list DRM pool, augmented with uploaded 2024 supplementary workbook metrics",Roediger2001_55_15word_lists,,roediger2001_55::butterfly; roediger2001_55::spider,butterfly; spider,2.20951501454263,0.0,0.10300000000000001,"[{""dataset"": ""Roediger2001_55_15word_lists"", ""list_id"": ""roediger2001_55::butterfly"", ""critical_item"": ""butterfly"", ""role"": ""list_word"", ""position"": ""T2""}, {""dataset"": ""Roediger2001_55_15word_lists"", ""list_id"": ""roediger2001_55::spider"", ""critical_item"": ""spider"", ""role"": ""list_word"", ""position"": ""T2""}]"
instrument,instrument,1,1,list_word,False,True,"Roediger et al. (2001) 55-list DRM pool, augmented with uploaded 2024 supplementary workbook metrics",Roediger2001_55_15word_lists,,roediger2001_55::music,music,2.6170003411209,0.148,0.0,"[{""dataset"": ""Roediger2001_55_15word_lists"", ""list_id"": ""roediger2001_55::music"", ""critical_item"": ""music"", ""role"": ""list_word"", ""position"": ""T10""}]"
insurance,Insurance,1,1,list_word,False,True,"Brainerd, Chang, & Bialer (2020)",Brainerd2020_120_4word_lists,,brainerd2020_120::sing,sing,1.52,,,"[{""dataset"": ""Brainerd2020_120_4word_lists"", ""list_id"": ""brainerd2020_120::sing"", ""critical_item"": ""Sing"", ""role"": ""list_word"", ""position"": ""T2""}]"
ire,ire,1,1,list_word,False,True,"Roediger et al. (2001) 55-list DRM pool, augmented with uploaded 2024 supplementary workbook metrics",Roediger2001_55_15word_lists,,roediger2001_55::anger,anger,1.17609125905568,0.179,0.0,"[{""dataset"": ""Roediger2001_55_15word_lists"", ""list_id"": ""roediger2001_55::anger"", ""critical_item"": ""anger"", ""role"": ""list_word"", ""position"": ""T7""}]"
iron,iron,2,1,list_word,False,True,"Roediger et al. (2001) 55-list DRM pool, augmented with uploaded 2024 supplementary workbook metrics",Roediger2001_55_15word_lists,,roediger2001_55::shirt; roediger2001_55::stove,shirt; stove,2.96189547366785,0.005,0.0,"[{""dataset"": ""Roediger2001_55_15word_lists"", ""list_id"": ""roediger2001_55::shirt"", ""critical_item"": ""shirt"", ""role"": ""list_word"", ""position"": ""T7""}, {""dataset"": ""Roediger2001_55_15word_lists"", ""list_id"": ""roediger2001_55::stove"", ""critical_item"": ""stove"", ""role"": ""list_word"", ""position"": ""T13""}]"
island,Island; island,2,2,list_word,False,True,"Brainerd, Chang, & Bialer (2020); Roediger et al. (2001) 55-list DRM pool, augmented with uploaded 2024 supplementary workbook metrics",Brainerd2020_120_4word_lists; Roediger2001_55_15word_lists,,brainerd2020_120::land; roediger2001_55::long,land; long,2.62756815947182,0.0,0.0,"[{""dataset"": ""Brainerd2020_120_4word_lists"", ""list_id"": ""brainerd2020_120::land"", ""critical_item"": ""Land"", ""role"": ""list_word"", ""position"": ""T3""}, {""dataset"": ""Roediger2001_55_15word_lists"", ""list_id"": ""roediger2001_55::long"", ""critical_item"": ""long"", ""role"": ""list_word"", ""position"": ""T8""}]"
ivy,ivy,1,1,list_word,False,True,"Roediger et al. (2001) 55-list DRM pool, augmented with uploaded 2024 supplementary workbook metrics",Roediger2001_55_15word_lists,,roediger2001_55::cottage,cottage,2.2380461031288,0.0,0.0,"[{""dataset"": ""Roediger2001_55_15word_lists"", ""list_id"": ""roediger2001_55::cottage"", ""critical_item"": ""cottage"", ""role"": ""list_word"", ""position"": ""T12""}]"
jagged,jagged,1,1,list_word,False,True,"Roediger et al. (2001) 55-list DRM pool, augmented with uploaded 2024 supplementary workbook metrics",Roediger2001_55_15word_lists,,roediger2001_55::rough,rough,1.47712125471966,0.128,0.0,"[{""dataset"": ""Roediger2001_55_15word_lists"", ""list_id"": ""roediger2001_55::rough"", ""critical_item"": ""rough"", ""role"": ""list_word"", ""position"": ""T6""}]"
jail,jail,2,1,list_word,False,True,"Roediger et al. (2001) 55-list DRM pool, augmented with uploaded 2024 supplementary workbook metrics",Roediger2001_55_15word_lists,,roediger2001_55::thief; roediger2001_55::trouble,thief; trouble,3.55666426212257,0.0065,0.0,"[{""dataset"": ""Roediger2001_55_15word_lists"", ""list_id"": ""roediger2001_55::thief"", ""critical_item"": ""thief"", ""role"": ""list_word"", ""position"": ""T9""}, {""dataset"": ""Roediger2001_55_15word_lists"", ""list_id"": ""roediger2001_55::trouble"", ""critical_item"": ""trouble"", ""role"": ""list_word"", ""position"": ""T15""}]"
jam,jam,1,1,list_word,False,True,"Roediger et al. (2001) 55-list DRM pool, augmented with uploaded 2024 supplementary workbook metrics",Roediger2001_55_15word_lists,,roediger2001_55::bread,bread,2.8394780473742,0.054,0.0,"[{""dataset"": ""Roediger2001_55_15word_lists"", ""list_id"": ""roediger2001_55::bread"", ""critical_item"": ""bread"", ""role"": ""list_word"", ""position"": ""T6""}]"
jazz,jazz,1,1,list_word,False,True,"Roediger et al. (2001) 55-list DRM pool, augmented with uploaded 2024 supplementary workbook metrics",Roediger2001_55_15word_lists,,roediger2001_55::music,music,2.78461729263288,0.367,0.0,"[{""dataset"": ""Roediger2001_55_15word_lists"", ""list_id"": ""roediger2001_55::music"", ""critical_item"": ""music"", ""role"": ""list_word"", ""position"": ""T12""}]"
jeep,jeep,1,1,list_word,False,True,"Roediger et al. (2001) 55-list DRM pool, augmented with uploaded 2024 supplementary workbook metrics",Roediger2001_55_15word_lists,,roediger2001_55::car,car,2.72015930340596,0.24,0.0,"[{""dataset"": ""Roediger2001_55_15word_lists"", ""list_id"": ""roediger2001_55::car"", ""critical_item"": ""car"", ""role"": ""list_word"", ""position"": ""T7""}]"
jelly,jelly,1,1,list_word,False,True,"Roediger et al. (2001) 55-list DRM pool, augmented with uploaded 2024 supplementary workbook metrics",Roediger2001_55_15word_lists,,roediger2001_55::bread,bread,2.56110138364906,0.053,0.019,"[{""dataset"": ""Roediger2001_55_15word_lists"", ""list_id"": ""roediger2001_55::bread"", ""critical_item"": ""bread"", ""role"": ""list_word"", ""position"": ""T9""}]"
jersey,jersey,1,1,list_word,False,True,"Roediger et al. (2001) 55-list DRM pool, augmented with uploaded 2024 supplementary workbook metrics",Roediger2001_55_15word_lists,,roediger2001_55::shirt,shirt,2.96567197122011,0.174,0.0,"[{""dataset"": ""Roediger2001_55_15word_lists"", ""list_id"": ""roediger2001_55::shirt"", ""critical_item"": ""shirt"", ""role"": ""list_word"", ""position"": ""T12""}]"
job,Job,1,1,list_word,False,True,"Brainerd, Chang, & Bialer (2020)",Brainerd2020_120_4word_lists,,brainerd2020_120::church,church,2.1,,,"[{""dataset"": ""Brainerd2020_120_4word_lists"", ""list_id"": ""brainerd2020_120::church"", ""critical_item"": ""Church"", ""role"": ""list_word"", ""position"": ""T4""}]"
john,john,1,1,list_word,False,True,"Roediger et al. (2001) 55-list DRM pool, augmented with uploaded 2024 supplementary workbook metrics",Roediger2001_55_15word_lists,,roediger2001_55::long,long,3.99466902182553,0.0,0.017,"[{""dataset"": ""Roediger2001_55_15word_lists"", ""list_id"": ""roediger2001_55::long"", ""critical_item"": ""long"", ""role"": ""list_word"", ""position"": ""T4""}]"
jonathan,jonathan,1,1,list_word,False,True,"Roediger et al. (2001) 55-list DRM pool, augmented with uploaded 2024 supplementary workbook metrics",Roediger2001_55_15word_lists,,roediger2001_55::swift,swift,,0.054,0.0,"[{""dataset"": ""Roediger2001_55_15word_lists"", ""list_id"": ""roediger2001_55::swift"", ""critical_item"": ""swift"", ""role"": ""list_word"", ""position"": ""T4""}]"
journey,Journey,1,1,list_word,False,True,"Brainerd, Chang, & Bialer (2020)",Brainerd2020_120_4word_lists,,brainerd2020_120::trip,trip,1.87,,,"[{""dataset"": ""Brainerd2020_120_4word_lists"", ""list_id"": ""brainerd2020_120::trip"", ""critical_item"": ""Trip"", ""role"": ""list_word"", ""position"": ""T1""}]"
judge,Judge; judge,2,2,critical_distractor; list_word,True,True,"Brainerd, Chang, & Bialer (2020); Roediger et al. (2001) 55-list DRM pool, augmented with uploaded 2024 supplementary workbook metrics",Brainerd2020_120_4word_lists; Roediger2001_55_15word_lists,brainerd2020_120::judge,roediger2001_55::justice,justice,2.76447684963793,0.014,0.096,"[{""dataset"": ""Brainerd2020_120_4word_lists"", ""list_id"": ""brainerd2020_120::judge"", ""critical_item"": ""Judge"", ""role"": ""critical_distractor"", ""position"": ""CD""}, {""dataset"": ""Roediger2001_55_15word_lists"", ""list_id"": ""roediger2001_55::justice"", ""critical_item"": ""justice"", ""role"": ""list_word"", ""position"": ""T4""}]"
juice,juice,1,1,list_word,False,True,"Roediger et al. (2001) 55-list DRM pool, augmented with uploaded 2024 supplementary workbook metrics",Roediger2001_55_15word_lists,,roediger2001_55::fruit,fruit,3.13735411137073,0.035,0.027,"[{""dataset"": ""Roediger2001_55_15word_lists"", ""list_id"": ""roediger2001_55::fruit"", ""critical_item"": ""fruit"", ""role"": ""list_word"", ""position"": ""T12""}]"
jump,jump,1,1,list_word,False,True,"Roediger et al. (2001) 55-list DRM pool, augmented with uploaded 2024 supplementary workbook metrics",Roediger2001_55_15word_lists,,roediger2001_55::high,high,3.55169391512722,0.072,0.0,"[{""dataset"": ""Roediger2001_55_15word_lists"", ""list_id"": ""roediger2001_55::high"", ""critical_item"": ""high"", ""role"": ""list_word"", ""position"": ""T6""}]"
jungle,jungle,1,1,list_word,False,True,"Roediger et al. (2001) 55-list DRM pool, augmented with uploaded 2024 supplementary workbook metrics",Roediger2001_55_15word_lists,,roediger2001_55::lion,lion,3.06145247908719,0.034,0.0,"[{""dataset"": ""Roediger2001_55_15word_lists"", ""list_id"": ""roediger2001_55::lion"", ""critical_item"": ""lion"", ""role"": ""list_word"", ""position"": ""T3""}]"
junk,junk,1,1,list_word,False,True,"Roediger et al. (2001) 55-list DRM pool, augmented with uploaded 2024 supplementary workbook metrics",Roediger2001_55_15word_lists,,roediger2001_55::trash,trash,2.89486965674525,0.126,0.013,"[{""dataset"": ""Roediger2001_55_15word_lists"", ""list_id"": ""roediger2001_55::trash"", ""critical_item"": ""trash"", ""role"": ""list_word"", ""position"": ""T7""}]"
jury,Jury; jury,2,2,list_word,False,True,"Brainerd, Chang, & Bialer (2020); Roediger et al. (2001) 55-list DRM pool, augmented with uploaded 2024 supplementary workbook metrics",Brainerd2020_120_4word_lists; Roediger2001_55_15word_lists,,brainerd2020_120::equal; roediger2001_55::justice,equal; justice,2.32942737312616,0.0,0.0,"[{""dataset"": ""Brainerd2020_120_4word_lists"", ""list_id"": ""brainerd2020_120::equal"", ""critical_item"": ""Equal"", ""role"": ""list_word"", ""position"": ""T3""}, {""dataset"": ""Roediger2001_55_15word_lists"", ""list_id"": ""roediger2001_55::justice"", ""critical_item"": ""justice"", ""role"": ""list_word"", ""position"": ""T8""}]"
justice,Justice; justice,2,2,critical_distractor; list_word,True,True,"Brainerd, Chang, & Bialer (2020); Roediger et al. (2001) 55-list DRM pool, augmented with uploaded 2024 supplementary workbook metrics",Brainerd2020_120_4word_lists; Roediger2001_55_15word_lists,roediger2001_55::justice,brainerd2020_120::liberty,liberty,2.595630343527505,,,"[{""dataset"": ""Brainerd2020_120_4word_lists"", ""list_id"": ""brainerd2020_120::liberty"", ""critical_item"": ""Liberty"", ""role"": ""list_word"", ""position"": ""T4""}, {""dataset"": ""Roediger2001_55_15word_lists"", ""list_id"": ""roediger2001_55::justice"", ""critical_item"": ""justice"", ""role"": ""critical_distractor"", ""position"": ""CD""}]"
justify,Justify,1,1,list_word,False,True,"Brainerd, Chang, & Bialer (2020)",Brainerd2020_120_4word_lists,,brainerd2020_120::map,map,1.2,,,"[{""dataset"": ""Brainerd2020_120_4word_lists"", ""list_id"": ""brainerd2020_120::map"", ""critical_item"": ""Map"", ""role"": ""list_word"", ""position"": ""T3""}]"
keyboard,Keyboard,1,1,list_word,False,True,"Brainerd, Chang, & Bialer (2020)",Brainerd2020_120_4word_lists,,brainerd2020_120::computer,computer,1.01,,,"[{""dataset"": ""Brainerd2020_120_4word_lists"", ""list_id"": ""brainerd2020_120::computer"", ""critical_item"": ""Computer"", ""role"": ""list_word"", ""position"": ""T2""}]"
keys,keys,1,1,list_word,False,True,"Roediger et al. (2001) 55-list DRM pool, augmented with uploaded 2024 supplementary workbook metrics",Roediger2001_55_15word_lists,,roediger2001_55::car,car,3.41530729222557,0.36,0.0,"[{""dataset"": ""Roediger2001_55_15word_lists"", ""list_id"": ""roediger2001_55::car"", ""critical_item"": ""car"", ""role"": ""list_word"", ""position"": ""T10""}]"
kick,kick,1,1,list_word,False,True,"Roediger et al. (2001) 55-list DRM pool, augmented with uploaded 2024 supplementary workbook metrics",Roediger2001_55_15word_lists,,roediger2001_55::foot,foot,3.57345182203549,0.039,0.0,"[{""dataset"": ""Roediger2001_55_15word_lists"", ""list_id"": ""roediger2001_55::foot"", ""critical_item"": ""foot"", ""role"": ""list_word"", ""position"": ""T4""}]"
king,king,1,1,critical_distractor,True,False,"Roediger et al. (2001) 55-list DRM pool, augmented with uploaded 2024 supplementary workbook metrics",Roediger2001_55_15word_lists,roediger2001_55::king,,,3.8190830757437,,,"[{""dataset"": ""Roediger2001_55_15word_lists"", ""list_id"": ""roediger2001_55::king"", ""critical_item"": ""king"", ""role"": ""critical_distractor"", ""position"": ""CD""}]"
kitchen,kitchen,1,1,list_word,False,True,"Roediger et al. (2001) 55-list DRM pool, augmented with uploaded 2024 supplementary workbook metrics",Roediger2001_55_15word_lists,,roediger2001_55::stove,stove,3.47348697006457,0.056,0.018,"[{""dataset"": ""Roediger2001_55_15word_lists"", ""list_id"": ""roediger2001_55::stove"", ""critical_item"": ""stove"", ""role"": ""list_word"", ""position"": ""T9""}]"
kitten,kitten,1,1,list_word,False,True,"Roediger et al. (2001) 55-list DRM pool, augmented with uploaded 2024 supplementary workbook metrics",Roediger2001_55_15word_lists,,roediger2001_55::soft,soft,2.38381536598043,0.033,0.0,"[{""dataset"": ""Roediger2001_55_15word_lists"", ""list_id"": ""roediger2001_55::soft"", ""critical_item"": ""soft"", ""role"": ""list_word"", ""position"": ""T13""}]"
kiwi,kiwi,1,1,list_word,False,True,"Roediger et al. (2001) 55-list DRM pool, augmented with uploaded 2024 supplementary workbook metrics",Roediger2001_55_15word_lists,,roediger2001_55::fruit,fruit,1.61278385671974,0.709,0.0,"[{""dataset"": ""Roediger2001_55_15word_lists"", ""list_id"": ""roediger2001_55::fruit"", ""critical_item"": ""fruit"", ""role"": ""list_word"", ""position"": ""T4""}]"
knee,knee,1,1,list_word,False,True,"Roediger et al. (2001) 55-list DRM pool, augmented with uploaded 2024 supplementary workbook metrics",Roediger2001_55_15word_lists,,roediger2001_55::foot,foot,2.8750612633917,0.032,0.0,"[{""dataset"": ""Roediger2001_55_15word_lists"", ""list_id"": ""roediger2001_55::foot"", ""critical_item"": ""foot"", ""role"": ""list_word"", ""position"": ""T14""}]"
knitting,knitting,1,1,list_word,False,True,"Roediger et al. (2001) 55-list DRM pool, augmented with uploaded 2024 supplementary workbook metrics",Roediger2001_55_15word_lists,,roediger2001_55::needle,needle,2.06445798922692,0.135,0.0,"[{""dataset"": ""Roediger2001_55_15word_lists"", ""list_id"": ""roediger2001_55::needle"", ""critical_item"": ""needle"", ""role"": ""list_word"", ""position"": ""T15""}]"
knot,Knot,1,1,list_word,False,True,"Brainerd, Chang, & Bialer (2020)",Brainerd2020_120_4word_lists,,brainerd2020_120::rope,rope,1.03,,,"[{""dataset"": ""Brainerd2020_120_4word_lists"", ""list_id"": ""brainerd2020_120::rope"", ""critical_item"": ""Rope"", ""role"": ""list_word"", ""position"": ""T1""}]"
lab,Lab,1,1,list_word,False,True,"Brainerd, Chang, & Bialer (2020)",Brainerd2020_120_4word_lists,,brainerd2020_120::church,church,0.71,,,"[{""dataset"": ""Brainerd2020_120_4word_lists"", ""list_id"": ""brainerd2020_120::church"", ""critical_item"": ""Church"", ""role"": ""list_word"", ""position"": ""T2""}]"
lady,lady,2,1,list_word,False,True,"Roediger et al. (2001) 55-list DRM pool, augmented with uploaded 2024 supplementary workbook metrics",Roediger2001_55_15word_lists,,roediger2001_55::beautiful; roediger2001_55::man,beautiful; man,4.04422607711268,0.1905,0.0065,"[{""dataset"": ""Roediger2001_55_15word_lists"", ""list_id"": ""roediger2001_55::beautiful"", ""critical_item"": ""beautiful"", ""role"": ""list_word"", ""position"": ""T9""}, {""dataset"": ""Roediger2001_55_15word_lists"", ""list_id"": ""roediger2001_55::man"", ""critical_item"": ""man"", ""role"": ""list_word"", ""position"": ""T4""}]"
lake,Lake; lake,3,2,list_word,False,True,"Brainerd, Chang, & Bialer (2020); Roediger et al. (2001) 55-list DRM pool, augmented with uploaded 2024 supplementary workbook metrics",Brainerd2020_120_4word_lists; Roediger2001_55_15word_lists,,brainerd2020_120::river; roediger2001_55::cottage; roediger2001_55::river,cottage; river,2.76607277087054,0.071,0.0905,"[{""dataset"": ""Brainerd2020_120_4word_lists"", ""list_id"": ""brainerd2020_120::river"", ""critical_item"": ""River"", ""role"": ""list_word"", ""position"": ""T3""}, {""dataset"": ""Roediger2001_55_15word_lists"", ""list_id"": ""roediger2001_55::cottage"", ""critical_item"": ""cottage"", ""role"": ""list_word"", ""position"": ""T2""}, {""dataset"": ""Roediger2001_55_15word_lists"", ""list_id"": ""roediger2001_55::river"", ""critical_item"": ""river"", ""role"": ""list_word"", ""position"": ""T3""}]"
lamb,lamb,1,1,list_word,False,True,"Roediger et al. (2001) 55-list DRM pool, augmented with uploaded 2024 supplementary workbook metrics",Roediger2001_55_15word_lists,,roediger2001_55::mutton,mutton,2.73479982958885,0.024,0.133,"[{""dataset"": ""Roediger2001_55_15word_lists"", ""list_id"": ""roediger2001_55::mutton"", ""critical_item"": ""mutton"", ""role"": ""list_word"", ""position"": ""T1""}]"
lamp,lamp,1,1,critical_distractor,True,False,"Roediger et al. (2001) 55-list DRM pool, augmented with uploaded 2024 supplementary workbook metrics",Roediger2001_55_15word_lists,roediger2001_55::lamp,,,2.81822589361396,,,"[{""dataset"": ""Roediger2001_55_15word_lists"", ""list_id"": ""roediger2001_55::lamp"", ""critical_item"": ""lamp"", ""role"": ""critical_distractor"", ""position"": ""CD""}]"
land,Land,1,1,critical_distractor,True,False,"Brainerd, Chang, & Bialer (2020)",Brainerd2020_120_4word_lists,brainerd2020_120::land,,,2.41,,,"[{""dataset"": ""Brainerd2020_120_4word_lists"", ""list_id"": ""brainerd2020_120::land"", ""critical_item"": ""Land"", ""role"": ""critical_distractor"", ""position"": ""CD""}]"
landfill,landfill,1,1,list_word,False,True,"Roediger et al. (2001) 55-list DRM pool, augmented with uploaded 2024 supplementary workbook metrics",Roediger2001_55_15word_lists,,roediger2001_55::trash,trash,1.82607480270083,0.186,0.0,"[{""dataset"": ""Roediger2001_55_15word_lists"", ""list_id"": ""roediger2001_55::trash"", ""critical_item"": ""trash"", ""role"": ""list_word"", ""position"": ""T13""}]"
language,Language,1,1,critical_distractor,True,False,"Brainerd, Chang, & Bialer (2020)",Brainerd2020_120_4word_lists,brainerd2020_120::language,,,2.16,,,"[{""dataset"": ""Brainerd2020_120_4word_lists"", ""list_id"": ""brainerd2020_120::language"", ""critical_item"": ""Language"", ""role"": ""critical_distractor"", ""position"": ""CD""}]"
large,Large,1,1,critical_distractor,True,False,"Brainerd, Chang, & Bialer (2020)",Brainerd2020_120_4word_lists,brainerd2020_120::large,,,2.53,,,"[{""dataset"": ""Brainerd2020_120_4word_lists"", ""list_id"": ""brainerd2020_120::large"", ""critical_item"": ""Large"", ""role"": ""critical_distractor"", ""position"": ""CD""}]"
lasting,Lasting,1,1,list_word,False,True,"Brainerd, Chang, & Bialer (2020)",Brainerd2020_120_4word_lists,,brainerd2020_120::forever,forever,1.08,,,"[{""dataset"": ""Brainerd2020_120_4word_lists"", ""list_id"": ""brainerd2020_120::forever"", ""critical_item"": ""Forever"", ""role"": ""list_word"", ""position"": ""T4""}]"
latex,latex,1,1,list_word,False,True,"Roediger et al. (2001) 55-list DRM pool, augmented with uploaded 2024 supplementary workbook metrics",Roediger2001_55_15word_lists,,roediger2001_55::rubber,rubber,1.8750612633917,0.107,0.014,"[{""dataset"": ""Roediger2001_55_15word_lists"", ""list_id"": ""roediger2001_55::rubber"", ""critical_item"": ""rubber"", ""role"": ""list_word"", ""position"": ""T11""}]"
law,Law; law,2,2,list_word,False,True,"Brainerd, Chang, & Bialer (2020); Roediger et al. (2001) 55-list DRM pool, augmented with uploaded 2024 supplementary workbook metrics",Brainerd2020_120_4word_lists; Roediger2001_55_15word_lists,,brainerd2020_120::determine; roediger2001_55::justice,determine; justice,3.091637174168725,0.031,0.171,"[{""dataset"": ""Brainerd2020_120_4word_lists"", ""list_id"": ""brainerd2020_120::determine"", ""critical_item"": ""Determine"", ""role"": ""list_word"", ""position"": ""T3""}, {""dataset"": ""Roediger2001_55_15word_lists"", ""list_id"": ""roediger2001_55::justice"", ""critical_item"": ""justice"", ""role"": ""list_word"", ""position"": ""T2""}]"
lawn,Lawn,1,1,list_word,False,True,"Brainerd, Chang, & Bialer (2020)",Brainerd2020_120_4word_lists,,brainerd2020_120::grass,grass,1.22,,,"[{""dataset"": ""Brainerd2020_120_4word_lists"", ""list_id"": ""brainerd2020_120::grass"", ""critical_item"": ""Grass"", ""role"": ""list_word"", ""position"": ""T1""}]"
lawyer,Lawyer; lawyer,2,2,list_word,False,True,"Brainerd, Chang, & Bialer (2020); Roediger et al. (2001) 55-list DRM pool, augmented with uploaded 2024 supplementary workbook metrics",Brainerd2020_120_4word_lists; Roediger2001_55_15word_lists,,brainerd2020_120::real; roediger2001_55::doctor,doctor; real,2.53904897316264,0.149,0.101,"[{""dataset"": ""Brainerd2020_120_4word_lists"", ""list_id"": ""brainerd2020_120::real"", ""critical_item"": ""Real"", ""role"": ""list_word"", ""position"": ""T4""}, {""dataset"": ""Roediger2001_55_15word_lists"", ""list_id"": ""roediger2001_55::doctor"", ""critical_item"": ""doctor"", ""role"": ""list_word"", ""position"": ""T3""}]"
lazy,Lazy,1,1,critical_distractor,True,False,"Brainerd, Chang, & Bialer (2020)",Brainerd2020_120_4word_lists,brainerd2020_120::lazy,,,1.17,,,"[{""dataset"": ""Brainerd2020_120_4word_lists"", ""list_id"": ""brainerd2020_120::lazy"", ""critical_item"": ""Lazy"", ""role"": ""critical_distractor"", ""position"": ""CD""}]"
leader,Leader; leader,2,2,list_word,False,True,"Brainerd, Chang, & Bialer (2020); Roediger et al. (2001) 55-list DRM pool, augmented with uploaded 2024 supplementary workbook metrics",Brainerd2020_120_4word_lists; Roediger2001_55_15word_lists,,brainerd2020_120::rule; roediger2001_55::king,king; rule,2.4856985621602252,0.034,0.0,"[{""dataset"": ""Brainerd2020_120_4word_lists"", ""list_id"": ""brainerd2020_120::rule"", ""critical_item"": ""Rule"", ""role"": ""list_word"", ""position"": ""T2""}, {""dataset"": ""Roediger2001_55_15word_lists"", ""list_id"": ""roediger2001_55::king"", ""critical_item"": ""king"", ""role"": ""list_word"", ""position"": ""T14""}]"
leaf,Leaf; leaf,2,2,list_word,False,True,"Brainerd, Chang, & Bialer (2020); Roediger et al. (2001) 55-list DRM pool, augmented with uploaded 2024 supplementary workbook metrics",Brainerd2020_120_4word_lists; Roediger2001_55_15word_lists,,brainerd2020_120::branch; roediger2001_55::cabbage,branch; cabbage,1.917440818315535,0.0,0.029,"[{""dataset"": ""Brainerd2020_120_4word_lists"", ""list_id"": ""brainerd2020_120::branch"", ""critical_item"": ""Branch"", ""role"": ""list_word"", ""position"": ""T1""}, {""dataset"": ""Roediger2001_55_15word_lists"", ""list_id"": ""roediger2001_55::cabbage"", ""critical_item"": ""cabbage"", ""role"": ""list_word"", ""position"": ""T8""}]"
leak,leak,1,1,list_word,False,True,"Roediger et al. (2001) 55-list DRM pool, augmented with uploaded 2024 supplementary workbook metrics",Roediger2001_55_15word_lists,,roediger2001_55::pen,pen,2.71432975974523,0.0,0.0,"[{""dataset"": ""Roediger2001_55_15word_lists"", ""list_id"": ""roediger2001_55::pen"", ""critical_item"": ""pen"", ""role"": ""list_word"", ""position"": ""T4""}]"
learn,Learn,1,1,list_word,False,True,"Brainerd, Chang, & Bialer (2020)",Brainerd2020_120_4word_lists,,brainerd2020_120::class,class,1.99,,,"[{""dataset"": ""Brainerd2020_120_4word_lists"", ""list_id"": ""brainerd2020_120::class"", ""critical_item"": ""Class"", ""role"": ""list_word"", ""position"": ""T1""}]"
lecture,Lecture,1,1,critical_distractor,True,False,"Brainerd, Chang, & Bialer (2020)",Brainerd2020_120_4word_lists,brainerd2020_120::lecture,,,1.35,,,"[{""dataset"": ""Brainerd2020_120_4word_lists"", ""list_id"": ""brainerd2020_120::lecture"", ""critical_item"": ""Lecture"", ""role"": ""critical_distractor"", ""position"": ""CD""}]"
ledge,ledge,1,1,list_word,False,True,"Roediger et al. (2001) 55-list DRM pool, augmented with uploaded 2024 supplementary workbook metrics",Roediger2001_55_15word_lists,,roediger2001_55::window,window,2.25527250510331,0.152,0.013,"[{""dataset"": ""Roediger2001_55_15word_lists"", ""list_id"": ""roediger2001_55::window"", ""critical_item"": ""window"", ""role"": ""list_word"", ""position"": ""T5""}]"
leg,leg,1,1,list_word,False,True,"Roediger et al. (2001) 55-list DRM pool, augmented with uploaded 2024 supplementary workbook metrics",Roediger2001_55_15word_lists,,roediger2001_55::mutton,mutton,3.45984464238821,0.0,0.0,"[{""dataset"": ""Roediger2001_55_15word_lists"", ""list_id"": ""roediger2001_55::mutton"", ""critical_item"": ""mutton"", ""role"": ""list_word"", ""position"": ""T8""}]"
legs,legs,1,1,list_word,False,True,"Roediger et al. (2001) 55-list DRM pool, augmented with uploaded 2024 supplementary workbook metrics",Roediger2001_55_15word_lists,,roediger2001_55::chair,chair,3.45270622651103,0.0,0.013,"[{""dataset"": ""Roediger2001_55_15word_lists"", ""list_id"": ""roediger2001_55::chair"", ""critical_item"": ""chair"", ""role"": ""list_word"", ""position"": ""T3""}]"
lemon,lemon,1,1,list_word,False,True,"Roediger et al. (2001) 55-list DRM pool, augmented with uploaded 2024 supplementary workbook metrics",Roediger2001_55_15word_lists,,roediger2001_55::bitter,bitter,2.78816837114117,0.0,0.022,"[{""dataset"": ""Roediger2001_55_15word_lists"", ""list_id"": ""roediger2001_55::bitter"", ""critical_item"": ""bitter"", ""role"": ""list_word"", ""position"": ""T7""}]"
less,Less,1,1,list_word,False,True,"Brainerd, Chang, & Bialer (2020)",Brainerd2020_120_4word_lists,,brainerd2020_120::equal,equal,2.57,,,"[{""dataset"": ""Brainerd2020_120_4word_lists"", ""list_id"": ""brainerd2020_120::equal"", ""critical_item"": ""Equal"", ""role"": ""list_word"", ""position"": ""T1""}]"
lethargic,lethargic,1,1,list_word,False,True,"Roediger et al. (2001) 55-list DRM pool, augmented with uploaded 2024 supplementary workbook metrics",Roediger2001_55_15word_lists,,roediger2001_55::slow,slow,1.23044892137827,0.142,0.0,"[{""dataset"": ""Roediger2001_55_15word_lists"", ""list_id"": ""roediger2001_55::slow"", ""critical_item"": ""slow"", ""role"": ""list_word"", ""position"": ""T2""}]"
letter,letter,1,1,list_word,False,True,"Roediger et al. (2001) 55-list DRM pool, augmented with uploaded 2024 supplementary workbook metrics",Roediger2001_55_15word_lists,,roediger2001_55::pen,pen,3.62469453127208,0.0,0.0,"[{""dataset"": ""Roediger2001_55_15word_lists"", ""list_id"": ""roediger2001_55::pen"", ""critical_item"": ""pen"", ""role"": ""list_word"", ""position"": ""T15""}]"
lettuce,lettuce,1,1,list_word,False,True,"Roediger et al. (2001) 55-list DRM pool, augmented with uploaded 2024 supplementary workbook metrics",Roediger2001_55_15word_lists,,roediger2001_55::cabbage,cabbage,2.2405492482826,0.021,0.281,"[{""dataset"": ""Roediger2001_55_15word_lists"", ""list_id"": ""roediger2001_55::cabbage"", ""critical_item"": ""cabbage"", ""role"": ""list_word"", ""position"": ""T2""}]"
liberty,Liberty; liberty,2,2,critical_distractor; list_word,True,True,"Brainerd, Chang, & Bialer (2020); Roediger et al. (2001) 55-list DRM pool, augmented with uploaded 2024 supplementary workbook metrics",Brainerd2020_120_4word_lists; Roediger2001_55_15word_lists,brainerd2020_120::liberty,roediger2001_55::justice,justice,2.2647094628571454,0.113,0.021,"[{""dataset"": ""Brainerd2020_120_4word_lists"", ""list_id"": ""brainerd2020_120::liberty"", ""critical_item"": ""Liberty"", ""role"": ""critical_distractor"", ""position"": ""CD""}, {""dataset"": ""Roediger2001_55_15word_lists"", ""list_id"": ""roediger2001_55::justice"", ""critical_item"": ""justice"", ""role"": ""list_word"", ""position"": ""T6""}]"
lid,lid,2,1,list_word,False,True,"Roediger et al. (2001) 55-list DRM pool, augmented with uploaded 2024 supplementary workbook metrics",Roediger2001_55_15word_lists,,roediger2001_55::cup; roediger2001_55::stove,cup; stove,2.40140054078154,0.0,0.0,"[{""dataset"": ""Roediger2001_55_15word_lists"", ""list_id"": ""roediger2001_55::cup"", ""critical_item"": ""cup"", ""role"": ""list_word"", ""position"": ""T6""}, {""dataset"": ""Roediger2001_55_15word_lists"", ""list_id"": ""roediger2001_55::stove"", ""critical_item"": ""stove"", ""role"": ""list_word"", ""position"": ""T10""}]"
light,Light; light,3,2,list_word,False,True,"Brainerd, Chang, & Bialer (2020); Roediger et al. (2001) 55-list DRM pool, augmented with uploaded 2024 supplementary workbook metrics",Brainerd2020_120_4word_lists; Roediger2001_55_15word_lists,,brainerd2020_120::weak; roediger2001_55::lamp; roediger2001_55::soft,lamp; soft; weak,3.4770809698605536,0.01,0.3905,"[{""dataset"": ""Brainerd2020_120_4word_lists"", ""list_id"": ""brainerd2020_120::weak"", ""critical_item"": ""Weak"", ""role"": ""list_word"", ""position"": ""T3""}, {""dataset"": ""Roediger2001_55_15word_lists"", ""list_id"": ""roediger2001_55::lamp"", ""critical_item"": ""lamp"", ""role"": ""list_word"", ""position"": ""T1""}, {""dataset"": ""Roediger2001_55_15word_lists"", ""list_id"": ""roediger2001_55::soft"", ""critical_item"": ""soft"", ""role"": ""list_word"", ""position"": ""T2""}]"
lighter,lighter,1,1,list_word,False,True,"Roediger et al. (2001) 55-list DRM pool, augmented with uploaded 2024 supplementary workbook metrics",Roediger2001_55_15word_lists,,roediger2001_55::lamp,lamp,2.66086547800387,0.0,0.0,"[{""dataset"": ""Roediger2001_55_15word_lists"", ""list_id"": ""roediger2001_55::lamp"", ""critical_item"": ""lamp"", ""role"": ""list_word"", ""position"": ""T10""}]"
limb,Limb,1,1,list_word,False,True,"Brainerd, Chang, & Bialer (2020)",Brainerd2020_120_4word_lists,,brainerd2020_120::branch,branch,1.05,,,"[{""dataset"": ""Brainerd2020_120_4word_lists"", ""list_id"": ""brainerd2020_120::branch"", ""critical_item"": ""Branch"", ""role"": ""list_word"", ""position"": ""T2""}]"
line,Line; line,2,2,list_word,False,True,"Brainerd, Chang, & Bialer (2020); Roediger et al. (2001) 55-list DRM pool, augmented with uploaded 2024 supplementary workbook metrics",Brainerd2020_120_4word_lists; Roediger2001_55_15word_lists,,brainerd2020_120::bridge; roediger2001_55::long,bridge; long,3.2009252887171598,0.031,0.0,"[{""dataset"": ""Brainerd2020_120_4word_lists"", ""list_id"": ""brainerd2020_120::bridge"", ""critical_item"": ""Bridge"", ""role"": ""list_word"", ""position"": ""T4""}, {""dataset"": ""Roediger2001_55_15word_lists"", ""list_id"": ""roediger2001_55::long"", ""critical_item"": ""long"", ""role"": ""list_word"", ""position"": ""T13""}]"
linen,linen,1,1,list_word,False,True,"Roediger et al. (2001) 55-list DRM pool, augmented with uploaded 2024 supplementary workbook metrics",Roediger2001_55_15word_lists,,roediger2001_55::shirt,shirt,2.17609125905568,0.0,0.0,"[{""dataset"": ""Roediger2001_55_15word_lists"", ""list_id"": ""roediger2001_55::shirt"", ""critical_item"": ""shirt"", ""role"": ""list_word"", ""position"": ""T14""}]"
lion,lion,1,1,critical_distractor,True,False,"Roediger et al. (2001) 55-list DRM pool, augmented with uploaded 2024 supplementary workbook metrics",Roediger2001_55_15word_lists,roediger2001_55::lion,,,2.89431606268444,,,"[{""dataset"": ""Roediger2001_55_15word_lists"", ""list_id"": ""roediger2001_55::lion"", ""critical_item"": ""lion"", ""role"": ""critical_distractor"", ""position"": ""CD""}]"
lips,lips,1,1,list_word,False,True,"Roediger et al. (2001) 55-list DRM pool, augmented with uploaded 2024 supplementary workbook metrics",Roediger2001_55_15word_lists,,roediger2001_55::whistle,whistle,3.20167017964658,0.0,0.024,"[{""dataset"": ""Roediger2001_55_15word_lists"", ""list_id"": ""roediger2001_55::whistle"", ""critical_item"": ""whistle"", ""role"": ""list_word"", ""position"": ""T12""}]"
liquor,liquor,1,1,list_word,False,True,"Roediger et al. (2001) 55-list DRM pool, augmented with uploaded 2024 supplementary workbook metrics",Roediger2001_55_15word_lists,,roediger2001_55::whiskey,whiskey,2.94596070357757,0.0,0.081,"[{""dataset"": ""Roediger2001_55_15word_lists"", ""list_id"": ""roediger2001_55::whiskey"", ""critical_item"": ""whiskey"", ""role"": ""list_word"", ""position"": ""T4""}]"
list,List,1,1,list_word,False,True,"Brainerd, Chang, & Bialer (2020)",Brainerd2020_120_4word_lists,,brainerd2020_120::fast,fast,2.04,,,"[{""dataset"": ""Brainerd2020_120_4word_lists"", ""list_id"": ""brainerd2020_120::fast"", ""critical_item"": ""Fast"", ""role"": ""list_word"", ""position"": ""T2""}]"
listen,Listen,1,1,list_word,False,True,"Brainerd, Chang, & Bialer (2020)",Brainerd2020_120_4word_lists,,brainerd2020_120::peace,peace,1.91,,,"[{""dataset"": ""Brainerd2020_120_4word_lists"", ""list_id"": ""brainerd2020_120::peace"", ""critical_item"": ""Peace"", ""role"": ""list_word"", ""position"": ""T3""}]"
listless,listless,1,1,list_word,False,True,"Roediger et al. (2001) 55-list DRM pool, augmented with uploaded 2024 supplementary workbook metrics",Roediger2001_55_15word_lists,,roediger2001_55::slow,slow,1.0,0.0,0.0,"[{""dataset"": ""Roediger2001_55_15word_lists"", ""list_id"": ""roediger2001_55::slow"", ""critical_item"": ""slow"", ""role"": ""list_word"", ""position"": ""T4""}]"
litter,litter,1,1,list_word,False,True,"Roediger et al. (2001) 55-list DRM pool, augmented with uploaded 2024 supplementary workbook metrics",Roediger2001_55_15word_lists,,roediger2001_55::trash,trash,2.30319605742049,0.209,0.0,"[{""dataset"": ""Roediger2001_55_15word_lists"", ""list_id"": ""roediger2001_55::trash"", ""critical_item"": ""trash"", ""role"": ""list_word"", ""position"": ""T15""}]"
live,Live,1,1,list_word,False,True,"Brainerd, Chang, & Bialer (2020)",Brainerd2020_120_4word_lists,,brainerd2020_120::buy,buy,2.34,,,"[{""dataset"": ""Brainerd2020_120_4word_lists"", ""list_id"": ""brainerd2020_120::buy"", ""critical_item"": ""Buy"", ""role"": ""list_word"", ""position"": ""T4""}]"
loaf,Loaf; loaf,2,2,list_word,False,True,"Brainerd, Chang, & Bialer (2020); Roediger et al. (2001) 55-list DRM pool, augmented with uploaded 2024 supplementary workbook metrics",Brainerd2020_120_4word_lists; Roediger2001_55_15word_lists,,brainerd2020_120::bread; roediger2001_55::bread,bread,1.564917741169945,0.552,0.051,"[{""dataset"": ""Brainerd2020_120_4word_lists"", ""list_id"": ""brainerd2020_120::bread"", ""critical_item"": ""Bread"", ""role"": ""list_word"", ""position"": ""T1""}, {""dataset"": ""Roediger2001_55_15word_lists"", ""list_id"": ""roediger2001_55::bread"", ""critical_item"": ""bread"", ""role"": ""list_word"", ""position"": ""T14""}]"
loan,Loan,1,1,list_word,False,True,"Brainerd, Chang, & Bialer (2020)",Brainerd2020_120_4word_lists,,brainerd2020_120::bank,bank,1.31,,,"[{""dataset"": ""Brainerd2020_120_4word_lists"", ""list_id"": ""brainerd2020_120::bank"", ""critical_item"": ""Bank"", ""role"": ""list_word"", ""position"": ""T2""}]"
london,London,1,1,list_word,False,True,"Brainerd, Chang, & Bialer (2020)",Brainerd2020_120_4word_lists,,brainerd2020_120::flower,flower,2.34,,,"[{""dataset"": ""Brainerd2020_120_4word_lists"", ""list_id"": ""brainerd2020_120::flower"", ""critical_item"": ""Flower"", ""role"": ""list_word"", ""position"": ""T2""}]"
long,Long; long,2,2,critical_distractor; list_word,True,True,"Brainerd, Chang, & Bialer (2020); Roediger et al. (2001) 55-list DRM pool, augmented with uploaded 2024 supplementary workbook metrics",Brainerd2020_120_4word_lists; Roediger2001_55_15word_lists,roediger2001_55::long,brainerd2020_120::bright,bright,3.7434937375653,,,"[{""dataset"": ""Brainerd2020_120_4word_lists"", ""list_id"": ""brainerd2020_120::bright"", ""critical_item"": ""Bright"", ""role"": ""list_word"", ""position"": ""T4""}, {""dataset"": ""Roediger2001_55_15word_lists"", ""list_id"": ""roediger2001_55::long"", ""critical_item"": ""long"", ""role"": ""critical_distractor"", ""position"": ""CD""}]"
lose,Lose,1,1,critical_distractor,True,False,"Brainerd, Chang, & Bialer (2020)",Brainerd2020_120_4word_lists,brainerd2020_120::lose,,,1.86,,,"[{""dataset"": ""Brainerd2020_120_4word_lists"", ""list_id"": ""brainerd2020_120::lose"", ""critical_item"": ""Lose"", ""role"": ""critical_distractor"", ""position"": ""CD""}]"
loud,Loud; loud,3,2,list_word,False,True,"Brainerd, Chang, & Bialer (2020); Roediger et al. (2001) 55-list DRM pool, augmented with uploaded 2024 supplementary workbook metrics",Brainerd2020_120_4word_lists; Roediger2001_55_15word_lists,,brainerd2020_120::ability; roediger2001_55::soft; roediger2001_55::whistle,ability; soft; whistle,2.761949135741254,0.1665,0.024,"[{""dataset"": ""Brainerd2020_120_4word_lists"", ""list_id"": ""brainerd2020_120::ability"", ""critical_item"": ""Ability"", ""role"": ""list_word"", ""position"": ""T2""}, {""dataset"": ""Roediger2001_55_15word_lists"", ""list_id"": ""roediger2001_55::soft"", ""critical_item"": ""soft"", ""role"": ""list_word"", ""position"": ""T5""}, {""dataset"": ""Roediger2001_55_15word_lists"", ""list_id"": ""roediger2001_55::whistle"", ""critical_item"": ""whistle"", ""role"": ""list_word"", ""position"": ""T15""}]"
lovely,lovely,1,1,list_word,False,True,"Roediger et al. (2001) 55-list DRM pool, augmented with uploaded 2024 supplementary workbook metrics",Roediger2001_55_15word_lists,,roediger2001_55::beautiful,beautiful,3.68609977199592,0.182,0.0,"[{""dataset"": ""Roediger2001_55_15word_lists"", ""list_id"": ""roediger2001_55::beautiful"", ""critical_item"": ""beautiful"", ""role"": ""list_word"", ""position"": ""T6""}]"
low,low,2,1,list_word,False,True,"Roediger et al. (2001) 55-list DRM pool, augmented with uploaded 2024 supplementary workbook metrics",Roediger2001_55_15word_lists,,roediger2001_55::high; roediger2001_55::long,high; long,3.47957531017499,0.3885,0.3275,"[{""dataset"": ""Roediger2001_55_15word_lists"", ""list_id"": ""roediger2001_55::high"", ""critical_item"": ""high"", ""role"": ""list_word"", ""position"": ""T1""}, {""dataset"": ""Roediger2001_55_15word_lists"", ""list_id"": ""roediger2001_55::long"", ""critical_item"": ""long"", ""role"": ""list_word"", ""position"": ""T14""}]"
lunch,Lunch,1,1,list_word,False,True,"Brainerd, Chang, & Bialer (2020)",Brainerd2020_120_4word_lists,,brainerd2020_120::church,church,0.77,,,"[{""dataset"": ""Brainerd2020_120_4word_lists"", ""list_id"": ""brainerd2020_120::church"", ""critical_item"": ""Church"", ""role"": ""list_word"", ""position"": ""T3""}]"
lungs,lungs,1,1,list_word,False,True,"Roediger et al. (2001) 55-list DRM pool, augmented with uploaded 2024 supplementary workbook metrics",Roediger2001_55_15word_lists,,roediger2001_55::smoke,smoke,2.73319726510657,0.119,0.0,"[{""dataset"": ""Roediger2001_55_15word_lists"", ""list_id"": ""roediger2001_55::smoke"", ""critical_item"": ""smoke"", ""role"": ""list_word"", ""position"": ""T13""}]"
mad,mad,2,1,list_word,False,True,"Roediger et al. (2001) 55-list DRM pool, augmented with uploaded 2024 supplementary workbook metrics",Roediger2001_55_15word_lists,,roediger2001_55::anger; roediger2001_55::bitter,anger; bitter,3.76230336328777,0.1965,0.206,"[{""dataset"": ""Roediger2001_55_15word_lists"", ""list_id"": ""roediger2001_55::anger"", ""critical_item"": ""anger"", ""role"": ""list_word"", ""position"": ""T1""}, {""dataset"": ""Roediger2001_55_15word_lists"", ""list_id"": ""roediger2001_55::bitter"", ""critical_item"": ""bitter"", ""role"": ""list_word"", ""position"": ""T10""}]"
magic,magic,1,1,list_word,False,True,"Roediger et al. (2001) 55-list DRM pool, augmented with uploaded 2024 supplementary workbook metrics",Roediger2001_55_15word_lists,,roediger2001_55::carpet,carpet,3.42942926438179,0.014,0.028,"[{""dataset"": ""Roediger2001_55_15word_lists"", ""list_id"": ""roediger2001_55::carpet"", ""critical_item"": ""carpet"", ""role"": ""list_word"", ""position"": ""T14""}]"
mail,Mail,1,1,list_word,False,True,"Brainerd, Chang, & Bialer (2020)",Brainerd2020_120_4word_lists,,brainerd2020_120::package,package,1.71,,,"[{""dataset"": ""Brainerd2020_120_4word_lists"", ""list_id"": ""brainerd2020_120::package"", ""critical_item"": ""Package"", ""role"": ""list_word"", ""position"": ""T1""}]"
maker,maker,1,1,list_word,False,True,"Roediger et al. (2001) 55-list DRM pool, augmented with uploaded 2024 supplementary workbook metrics",Roediger2001_55_15word_lists,,roediger2001_55::trouble,trouble,2.40140054078154,0.0,0.0,"[{""dataset"": ""Roediger2001_55_15word_lists"", ""list_id"": ""roediger2001_55::trouble"", ""critical_item"": ""trouble"", ""role"": ""list_word"", ""position"": ""T14""}]"
male,male,1,1,list_word,False,True,"Roediger et al. (2001) 55-list DRM pool, augmented with uploaded 2024 supplementary workbook metrics",Roediger2001_55_15word_lists,,roediger2001_55::man,man,3.23854788768133,0.131,0.0,"[{""dataset"": ""Roediger2001_55_15word_lists"", ""list_id"": ""roediger2001_55::man"", ""critical_item"": ""man"", ""role"": ""list_word"", ""position"": ""T6""}]"
man,man,2,1,critical_distractor; list_word,True,True,"Roediger et al. (2001) 55-list DRM pool, augmented with uploaded 2024 supplementary workbook metrics",Roediger2001_55_15word_lists,roediger2001_55::man,roediger2001_55::citizen,citizen,4.97374651338917,0.0,0.0,"[{""dataset"": ""Roediger2001_55_15word_lists"", ""list_id"": ""roediger2001_55::citizen"", ""critical_item"": ""citizen"", ""role"": ""list_word"", ""position"": ""T2""}, {""dataset"": ""Roediger2001_55_15word_lists"", ""list_id"": ""roediger2001_55::man"", ""critical_item"": ""man"", ""role"": ""critical_distractor"", ""position"": ""CD""}]"
mane,mane,1,1,list_word,False,True,"Roediger et al. (2001) 55-list DRM pool, augmented with uploaded 2024 supplementary workbook metrics",Roediger2001_55_15word_lists,,roediger2001_55::lion,lion,1.49136169383427,0.2,0.021,"[{""dataset"": ""Roediger2001_55_15word_lists"", ""list_id"": ""roediger2001_55::lion"", ""critical_item"": ""lion"", ""role"": ""list_word"", ""position"": ""T8""}]"
map,Map,1,1,critical_distractor,True,False,"Brainerd, Chang, & Bialer (2020)",Brainerd2020_120_4word_lists,brainerd2020_120::map,,,1.48,,,"[{""dataset"": ""Brainerd2020_120_4word_lists"", ""list_id"": ""brainerd2020_120::map"", ""critical_item"": ""Map"", ""role"": ""critical_distractor"", ""position"": ""CD""}]"
march,march,1,1,list_word,False,True,"Roediger et al. (2001) 55-list DRM pool, augmented with uploaded 2024 supplementary workbook metrics",Roediger2001_55_15word_lists,,roediger2001_55::army,army,,0.041,0.0,"[{""dataset"": ""Roediger2001_55_15word_lists"", ""list_id"": ""roediger2001_55::army"", ""critical_item"": ""army"", ""role"": ""list_word"", ""position"": ""T9""}]"
marijuana,Marijuana,1,1,list_word,False,True,"Brainerd, Chang, & Bialer (2020)",Brainerd2020_120_4word_lists,,brainerd2020_120::lecture,lecture,-0.17,,,"[{""dataset"": ""Brainerd2020_120_4word_lists"", ""list_id"": ""brainerd2020_120::lecture"", ""critical_item"": ""Lecture"", ""role"": ""list_word"", ""position"": ""T3""}]"
marines,marines,1,1,list_word,False,True,"Roediger et al. (2001) 55-list DRM pool, augmented with uploaded 2024 supplementary workbook metrics",Roediger2001_55_15word_lists,,roediger2001_55::army,army,,0.283,0.047,"[{""dataset"": ""Roediger2001_55_15word_lists"", ""list_id"": ""roediger2001_55::army"", ""critical_item"": ""army"", ""role"": ""list_word"", ""position"": ""T8""}]"
mark,Mark,1,1,list_word,False,True,"Brainerd, Chang, & Bialer (2020)",Brainerd2020_120_4word_lists,,brainerd2020_120::pen,pen,2.07,,,"[{""dataset"": ""Brainerd2020_120_4word_lists"", ""list_id"": ""brainerd2020_120::pen"", ""critical_item"": ""Pen"", ""role"": ""list_word"", ""position"": ""T1""}]"
marker,marker,1,1,list_word,False,True,"Roediger et al. (2001) 55-list DRM pool, augmented with uploaded 2024 supplementary workbook metrics",Roediger2001_55_15word_lists,,roediger2001_55::pen,pen,2.42813479402879,0.257,0.0,"[{""dataset"": ""Roediger2001_55_15word_lists"", ""list_id"": ""roediger2001_55::pen"", ""critical_item"": ""pen"", ""role"": ""list_word"", ""position"": ""T12""}]"
marriage,Marriage,1,1,list_word,False,True,"Brainerd, Chang, & Bialer (2020)",Brainerd2020_120_4word_lists,,brainerd2020_120::ring,ring,1.97,,,"[{""dataset"": ""Brainerd2020_120_4word_lists"", ""list_id"": ""brainerd2020_120::ring"", ""critical_item"": ""Ring"", ""role"": ""list_word"", ""position"": ""T4""}]"
marry,Marry,1,1,list_word,False,True,"Brainerd, Chang, & Bialer (2020)",Brainerd2020_120_4word_lists,,brainerd2020_120::teeth,teeth,1.85,,,"[{""dataset"": ""Brainerd2020_120_4word_lists"", ""list_id"": ""brainerd2020_120::teeth"", ""critical_item"": ""Teeth"", ""role"": ""list_word"", ""position"": ""T3""}]"
mass,Mass,1,1,list_word,False,True,"Brainerd, Chang, & Bialer (2020)",Brainerd2020_120_4word_lists,,brainerd2020_120::land,land,1.86,,,"[{""dataset"": ""Brainerd2020_120_4word_lists"", ""list_id"": ""brainerd2020_120::land"", ""critical_item"": ""Land"", ""role"": ""list_word"", ""position"": ""T4""}]"
match,Match,1,1,critical_distractor,True,False,"Brainerd, Chang, & Bialer (2020)",Brainerd2020_120_4word_lists,brainerd2020_120::match,,,1.81,,,"[{""dataset"": ""Brainerd2020_120_4word_lists"", ""list_id"": ""brainerd2020_120::match"", ""critical_item"": ""Match"", ""role"": ""critical_distractor"", ""position"": ""CD""}]"
math,Math,1,1,list_word,False,True,"Brainerd, Chang, & Bialer (2020)",Brainerd2020_120_4word_lists,,brainerd2020_120::add,add,0.0,,,"[{""dataset"": ""Brainerd2020_120_4word_lists"", ""list_id"": ""brainerd2020_120::add"", ""critical_item"": ""Add"", ""role"": ""list_word"", ""position"": ""T3""}]"
me,me,1,1,list_word,False,True,"Roediger et al. (2001) 55-list DRM pool, augmented with uploaded 2024 supplementary workbook metrics",Roediger2001_55_15word_lists,,roediger2001_55::citizen,citizen,,0.0,0.0,"[{""dataset"": ""Roediger2001_55_15word_lists"", ""list_id"": ""roediger2001_55::citizen"", ""critical_item"": ""citizen"", ""role"": ""list_word"", ""position"": ""T9""}]"
mean,mean,1,1,list_word,False,True,"Roediger et al. (2001) 55-list DRM pool, augmented with uploaded 2024 supplementary workbook metrics",Roediger2001_55_15word_lists,,roediger2001_55::anger,anger,4.80239055645274,0.09,0.0,"[{""dataset"": ""Roediger2001_55_15word_lists"", ""list_id"": ""roediger2001_55::anger"", ""critical_item"": ""anger"", ""role"": ""list_word"", ""position"": ""T12""}]"
measure,Measure,1,1,list_word,False,True,"Brainerd, Chang, & Bialer (2020)",Brainerd2020_120_4word_lists,,brainerd2020_120::rule,rule,1.8,,,"[{""dataset"": ""Brainerd2020_120_4word_lists"", ""list_id"": ""brainerd2020_120::rule"", ""critical_item"": ""Rule"", ""role"": ""list_word"", ""position"": ""T3""}]"
measurement,Measurement,1,1,list_word,False,True,"Brainerd, Chang, & Bialer (2020)",Brainerd2020_120_4word_lists,,brainerd2020_120::foot,foot,1.05,,,"[{""dataset"": ""Brainerd2020_120_4word_lists"", ""list_id"": ""brainerd2020_120::foot"", ""critical_item"": ""Foot"", ""role"": ""list_word"", ""position"": ""T1""}]"
measuring,measuring,1,1,list_word,False,True,"Roediger et al. (2001) 55-list DRM pool, augmented with uploaded 2024 supplementary workbook metrics",Roediger2001_55_15word_lists,,roediger2001_55::cup,cup,2.10380372095596,0.385,0.0,"[{""dataset"": ""Roediger2001_55_15word_lists"", ""list_id"": ""roediger2001_55::cup"", ""critical_item"": ""cup"", ""role"": ""list_word"", ""position"": ""T4""}]"
meat,meat,1,1,list_word,False,True,"Roediger et al. (2001) 55-list DRM pool, augmented with uploaded 2024 supplementary workbook metrics",Roediger2001_55_15word_lists,,roediger2001_55::mutton,mutton,3.34772021703404,0.0,0.047,"[{""dataset"": ""Roediger2001_55_15word_lists"", ""list_id"": ""roediger2001_55::mutton"", ""critical_item"": ""mutton"", ""role"": ""list_word"", ""position"": ""T3""}]"
medicine,Medicine; medicine,2,2,list_word,False,True,"Brainerd, Chang, & Bialer (2020); Roediger et al. (2001) 55-list DRM pool, augmented with uploaded 2024 supplementary workbook metrics",Brainerd2020_120_4word_lists; Roediger2001_55_15word_lists,,brainerd2020_120::body; roediger2001_55::doctor,body; doctor,2.3658977156476,0.152,0.066,"[{""dataset"": ""Brainerd2020_120_4word_lists"", ""list_id"": ""brainerd2020_120::body"", ""critical_item"": ""Body"", ""role"": ""list_word"", ""position"": ""T3""}, {""dataset"": ""Roediger2001_55_15word_lists"", ""list_id"": ""roediger2001_55::doctor"", ""critical_item"": ""doctor"", ""role"": ""list_word"", ""position"": ""T4""}]"
medium,Medium,1,1,list_word,False,True,"Brainerd, Chang, & Bialer (2020)",Brainerd2020_120_4word_lists,,brainerd2020_120::bread,bread,1.91,,,"[{""dataset"": ""Brainerd2020_120_4word_lists"", ""list_id"": ""brainerd2020_120::bread"", ""critical_item"": ""Bread"", ""role"": ""list_word"", ""position"": ""T3""}]"
meek,Meek,1,1,list_word,False,True,"Brainerd, Chang, & Bialer (2020)",Brainerd2020_120_4word_lists,,brainerd2020_120::agent,agent,0.67,,,"[{""dataset"": ""Brainerd2020_120_4word_lists"", ""list_id"": ""brainerd2020_120::agent"", ""critical_item"": ""Agent"", ""role"": ""list_word"", ""position"": ""T3""}]"
melody,melody,1,1,list_word,False,True,"Roediger et al. (2001) 55-list DRM pool, augmented with uploaded 2024 supplementary workbook metrics",Roediger2001_55_15word_lists,,roediger2001_55::music,music,2.52891670027765,0.243,0.02,"[{""dataset"": ""Roediger2001_55_15word_lists"", ""list_id"": ""roediger2001_55::music"", ""critical_item"": ""music"", ""role"": ""list_word"", ""position"": ""T7""}]"
member,member,1,1,list_word,False,True,"Roediger et al. (2001) 55-list DRM pool, augmented with uploaded 2024 supplementary workbook metrics",Roediger2001_55_15word_lists,,roediger2001_55::citizen,citizen,,0.0,0.033,"[{""dataset"": ""Roediger2001_55_15word_lists"", ""list_id"": ""roediger2001_55::citizen"", ""critical_item"": ""citizen"", ""role"": ""list_word"", ""position"": ""T15""}]"
mess,Mess,1,1,list_word,False,True,"Brainerd, Chang, & Bialer (2020)",Brainerd2020_120_4word_lists,,brainerd2020_120::peace,peace,1.25,,,"[{""dataset"": ""Brainerd2020_120_4word_lists"", ""list_id"": ""brainerd2020_120::peace"", ""critical_item"": ""Peace"", ""role"": ""list_word"", ""position"": ""T2""}]"
metropolis,metropolis,1,1,list_word,False,True,"Roediger et al. (2001) 55-list DRM pool, augmented with uploaded 2024 supplementary workbook metrics",Roediger2001_55_15word_lists,,roediger2001_55::city,city,,0.536,0.0,"[{""dataset"": ""Roediger2001_55_15word_lists"", ""list_id"": ""roediger2001_55::city"", ""critical_item"": ""city"", ""role"": ""list_word"", ""position"": ""T10""}]"
middle,Middle,1,1,critical_distractor,True,False,"Brainerd, Chang, & Bialer (2020)",Brainerd2020_120_4word_lists,brainerd2020_120::middle,,,2.13,,,"[{""dataset"": ""Brainerd2020_120_4word_lists"", ""list_id"": ""brainerd2020_120::middle"", ""critical_item"": ""Middle"", ""role"": ""critical_distractor"", ""position"": ""CD""}]"
midnight,Midnight,1,1,list_word,False,True,"Brainerd, Chang, & Bialer (2020)",Brainerd2020_120_4word_lists,,brainerd2020_120::sing,sing,1.67,,,"[{""dataset"": ""Brainerd2020_120_4word_lists"", ""list_id"": ""brainerd2020_120::sing"", ""critical_item"": ""Sing"", ""role"": ""list_word"", ""position"": ""T4""}]"
military,Military; military,2,2,list_word,False,True,"Brainerd, Chang, & Bialer (2020); Roediger et al. (2001) 55-list DRM pool, augmented with uploaded 2024 supplementary workbook metrics",Brainerd2020_120_4word_lists; Roediger2001_55_15word_lists,,brainerd2020_120::army; roediger2001_55::army,army,1.9,0.266,0.027,"[{""dataset"": ""Brainerd2020_120_4word_lists"", ""list_id"": ""brainerd2020_120::army"", ""critical_item"": ""Army"", ""role"": ""list_word"", ""position"": ""T4""}, {""dataset"": ""Roediger2001_55_15word_lists"", ""list_id"": ""roediger2001_55::army"", ""critical_item"": ""army"", ""role"": ""list_word"", ""position"": ""T7""}]"
milk,milk,1,1,list_word,False,True,"Roediger et al. (2001) 55-list DRM pool, augmented with uploaded 2024 supplementary workbook metrics",Roediger2001_55_15word_lists,,roediger2001_55::bread,bread,3.33645973384853,0.012,0.0,"[{""dataset"": ""Roediger2001_55_15word_lists"", ""list_id"": ""roediger2001_55::bread"", ""critical_item"": ""bread"", ""role"": ""list_word"", ""position"": ""T7""}]"
minus,Minus,1,1,list_word,False,True,"Brainerd, Chang, & Bialer (2020)",Brainerd2020_120_4word_lists,,brainerd2020_120::add,add,0.95,,,"[{""dataset"": ""Brainerd2020_120_4word_lists"", ""list_id"": ""brainerd2020_120::add"", ""critical_item"": ""Add"", ""role"": ""list_word"", ""position"": ""T1""}]"
mississippi,mississippi,1,1,list_word,False,True,"Roediger et al. (2001) 55-list DRM pool, augmented with uploaded 2024 supplementary workbook metrics",Roediger2001_55_15word_lists,,roediger2001_55::river,river,2.53147891704225,0.654,0.031,"[{""dataset"": ""Roediger2001_55_15word_lists"", ""list_id"": ""roediger2001_55::river"", ""critical_item"": ""river"", ""role"": ""list_word"", ""position"": ""T4""}]"
mix,Mix,1,1,list_word,False,True,"Brainerd, Chang, & Bialer (2020)",Brainerd2020_120_4word_lists,,brainerd2020_120::beer,beer,1.24,,,"[{""dataset"": ""Brainerd2020_120_4word_lists"", ""list_id"": ""brainerd2020_120::beer"", ""critical_item"": ""Beer"", ""role"": ""list_word"", ""position"": ""T3""}]"
model,Model,1,1,list_word,False,True,"Brainerd, Chang, & Bialer (2020)",Brainerd2020_120_4word_lists,,brainerd2020_120::pretty,pretty,1.88,,,"[{""dataset"": ""Brainerd2020_120_4word_lists"", ""list_id"": ""brainerd2020_120::pretty"", ""critical_item"": ""Pretty"", ""role"": ""list_word"", ""position"": ""T4""}]"
molasses,molasses,1,1,list_word,False,True,"Roediger et al. (2001) 55-list DRM pool, augmented with uploaded 2024 supplementary workbook metrics",Roediger2001_55_15word_lists,,roediger2001_55::slow,slow,1.72427586960079,0.17,0.0,"[{""dataset"": ""Roediger2001_55_15word_lists"", ""list_id"": ""roediger2001_55::slow"", ""critical_item"": ""slow"", ""role"": ""list_word"", ""position"": ""T15""}]"
molehill,molehill,1,1,list_word,False,True,"Roediger et al. (2001) 55-list DRM pool, augmented with uploaded 2024 supplementary workbook metrics",Roediger2001_55_15word_lists,,roediger2001_55::mountain,mountain,1.20411998265592,0.256,0.031,"[{""dataset"": ""Roediger2001_55_15word_lists"", ""list_id"": ""roediger2001_55::mountain"", ""critical_item"": ""mountain"", ""role"": ""list_word"", ""position"": ""T6""}]"
mom,Mom,1,1,list_word,False,True,"Brainerd, Chang, & Bialer (2020)",Brainerd2020_120_4word_lists,,brainerd2020_120::fear,fear,1.17,,,"[{""dataset"": ""Brainerd2020_120_4word_lists"", ""list_id"": ""brainerd2020_120::fear"", ""critical_item"": ""Fear"", ""role"": ""list_word"", ""position"": ""T3""}]"
monarch,monarch,1,1,list_word,False,True,"Roediger et al. (2001) 55-list DRM pool, augmented with uploaded 2024 supplementary workbook metrics",Roediger2001_55_15word_lists,,roediger2001_55::king,king,1.63346845557959,0.317,0.039,"[{""dataset"": ""Roediger2001_55_15word_lists"", ""list_id"": ""roediger2001_55::king"", ""critical_item"": ""king"", ""role"": ""list_word"", ""position"": ""T12""}]"
money,Money; money,3,2,list_word,False,True,"Brainerd, Chang, & Bialer (2020); Roediger et al. (2001) 55-list DRM pool, augmented with uploaded 2024 supplementary workbook metrics",Brainerd2020_120_4word_lists; Roediger2001_55_15word_lists,,brainerd2020_120::bank; roediger2001_55::thief; roediger2001_55::wish,bank; thief; wish,3.87618803190692,0.0,0.006,"[{""dataset"": ""Brainerd2020_120_4word_lists"", ""list_id"": ""brainerd2020_120::bank"", ""critical_item"": ""Bank"", ""role"": ""list_word"", ""position"": ""T4""}, {""dataset"": ""Roediger2001_55_15word_lists"", ""list_id"": ""roediger2001_55::thief"", ""critical_item"": ""thief"", ""role"": ""list_word"", ""position"": ""T5""}, {""dataset"": ""Roediger2001_55_15word_lists"", ""list_id"": ""roediger2001_55::wish"", ""critical_item"": ""wish"", ""role"": ""list_word"", ""position"": ""T15""}]"
moon,moon,1,1,list_word,False,True,"Roediger et al. (2001) 55-list DRM pool, augmented with uploaded 2024 supplementary workbook metrics",Roediger2001_55_15word_lists,,roediger2001_55::high,high,3.40636983546927,0.033,0.0,"[{""dataset"": ""Roediger2001_55_15word_lists"", ""list_id"": ""roediger2001_55::high"", ""critical_item"": ""high"", ""role"": ""list_word"", ""position"": ""T9""}]"
moth,moth,1,1,list_word,False,True,"Roediger et al. (2001) 55-list DRM pool, augmented with uploaded 2024 supplementary workbook metrics",Roediger2001_55_15word_lists,,roediger2001_55::butterfly,butterfly,2.06818586174616,0.267,0.109,"[{""dataset"": ""Roediger2001_55_15word_lists"", ""list_id"": ""roediger2001_55::butterfly"", ""critical_item"": ""butterfly"", ""role"": ""list_word"", ""position"": ""T1""}]"
motion,Motion,1,1,list_word,False,True,"Brainerd, Chang, & Bialer (2020)",Brainerd2020_120_4word_lists,,brainerd2020_120::move,move,1.69,,,"[{""dataset"": ""Brainerd2020_120_4word_lists"", ""list_id"": ""brainerd2020_120::move"", ""critical_item"": ""Move"", ""role"": ""list_word"", ""position"": ""T2""}]"
mountain,Mountain; mountain,3,2,critical_distractor; list_word,True,True,"Brainerd, Chang, & Bialer (2020); Roediger et al. (2001) 55-list DRM pool, augmented with uploaded 2024 supplementary workbook metrics",Brainerd2020_120_4word_lists; Roediger2001_55_15word_lists,roediger2001_55::mountain,brainerd2020_120::cabin; roediger2001_55::beautiful,beautiful; cabin,2.79781183065166,0.0,0.0,"[{""dataset"": ""Brainerd2020_120_4word_lists"", ""list_id"": ""brainerd2020_120::cabin"", ""critical_item"": ""Cabin"", ""role"": ""list_word"", ""position"": ""T1""}, {""dataset"": ""Roediger2001_55_15word_lists"", ""list_id"": ""roediger2001_55::beautiful"", ""critical_item"": ""beautiful"", ""role"": ""list_word"", ""position"": ""T10""}, {""dataset"": ""Roediger2001_55_15word_lists"", ""list_id"": ""roediger2001_55::mountain"", ""critical_item"": ""mountain"", ""role"": ""critical_distractor"", ""position"": ""CD""}]"
mouse,mouse,1,1,list_word,False,True,"Roediger et al. (2001) 55-list DRM pool, augmented with uploaded 2024 supplementary workbook metrics",Roediger2001_55_15word_lists,,roediger2001_55::man,man,2.98944981766669,0.0,0.0,"[{""dataset"": ""Roediger2001_55_15word_lists"", ""list_id"": ""roediger2001_55::man"", ""critical_item"": ""man"", ""role"": ""list_word"", ""position"": ""T5""}]"
mouth,Mouth; mouth,2,2,list_word,False,True,"Brainerd, Chang, & Bialer (2020); Roediger et al. (2001) 55-list DRM pool, augmented with uploaded 2024 supplementary workbook metrics",Brainerd2020_120_4word_lists; Roediger2001_55_15word_lists,,brainerd2020_120::large; roediger2001_55::foot,foot; large,2.9432005810514603,0.0,0.0,"[{""dataset"": ""Brainerd2020_120_4word_lists"", ""list_id"": ""brainerd2020_120::large"", ""critical_item"": ""Large"", ""role"": ""list_word"", ""position"": ""T4""}, {""dataset"": ""Roediger2001_55_15word_lists"", ""list_id"": ""roediger2001_55::foot"", ""critical_item"": ""foot"", ""role"": ""list_word"", ""position"": ""T15""}]"
move,Move,1,1,critical_distractor,True,False,"Brainerd, Chang, & Bialer (2020)",Brainerd2020_120_4word_lists,brainerd2020_120::move,,,2.17,,,"[{""dataset"": ""Brainerd2020_120_4word_lists"", ""list_id"": ""brainerd2020_120::move"", ""critical_item"": ""Move"", ""role"": ""critical_distractor"", ""position"": ""CD""}]"
mow,Mow,1,1,list_word,False,True,"Brainerd, Chang, & Bialer (2020)",Brainerd2020_120_4word_lists,,brainerd2020_120::grass,grass,0.03,,,"[{""dataset"": ""Brainerd2020_120_4word_lists"", ""list_id"": ""brainerd2020_120::grass"", ""critical_item"": ""Grass"", ""role"": ""list_word"", ""position"": ""T2""}]"
mug,mug,1,1,list_word,False,True,"Roediger et al. (2001) 55-list DRM pool, augmented with uploaded 2024 supplementary workbook metrics",Roediger2001_55_15word_lists,,roediger2001_55::cup,cup,2.54406804435028,0.268,0.025,"[{""dataset"": ""Roediger2001_55_15word_lists"", ""list_id"": ""roediger2001_55::cup"", ""critical_item"": ""cup"", ""role"": ""list_word"", ""position"": ""T1""}]"
muscle,Muscle; muscle,2,2,list_word,False,True,"Brainerd, Chang, & Bialer (2020); Roediger et al. (2001) 55-list DRM pool, augmented with uploaded 2024 supplementary workbook metrics",Brainerd2020_120_4word_lists; Roediger2001_55_15word_lists,,brainerd2020_120::body; roediger2001_55::man,body; man,1.995992402295055,0.048,0.013,"[{""dataset"": ""Brainerd2020_120_4word_lists"", ""list_id"": ""brainerd2020_120::body"", ""critical_item"": ""Body"", ""role"": ""list_word"", ""position"": ""T1""}, {""dataset"": ""Roediger2001_55_15word_lists"", ""list_id"": ""roediger2001_55::man"", ""critical_item"": ""man"", ""role"": ""list_word"", ""position"": ""T13""}]"
music,Music; music,3,2,critical_distractor; list_word,True,True,"Brainerd, Chang, & Bialer (2020); Roediger et al. (2001) 55-list DRM pool, augmented with uploaded 2024 supplementary workbook metrics",Brainerd2020_120_4word_lists; Roediger2001_55_15word_lists,roediger2001_55::music,brainerd2020_120::record; roediger2001_55::beautiful,beautiful; record,3.30230687869026,0.0,0.0,"[{""dataset"": ""Brainerd2020_120_4word_lists"", ""list_id"": ""brainerd2020_120::record"", ""critical_item"": ""Record"", ""role"": ""list_word"", ""position"": ""T2""}, {""dataset"": ""Roediger2001_55_15word_lists"", ""list_id"": ""roediger2001_55::beautiful"", ""critical_item"": ""beautiful"", ""role"": ""list_word"", ""position"": ""T13""}, {""dataset"": ""Roediger2001_55_15word_lists"", ""list_id"": ""roediger2001_55::music"", ""critical_item"": ""music"", ""role"": ""critical_distractor"", ""position"": ""CD""}]"
mutton,mutton,1,1,critical_distractor,True,False,"Roediger et al. (2001) 55-list DRM pool, augmented with uploaded 2024 supplementary workbook metrics",Roediger2001_55_15word_lists,roediger2001_55::mutton,,,1.61278385671974,,,"[{""dataset"": ""Roediger2001_55_15word_lists"", ""list_id"": ""roediger2001_55::mutton"", ""critical_item"": ""mutton"", ""role"": ""critical_distractor"", ""position"": ""CD""}]"
nap,nap,1,1,list_word,False,True,"Roediger et al. (2001) 55-list DRM pool, augmented with uploaded 2024 supplementary workbook metrics",Roediger2001_55_15word_lists,,roediger2001_55::sleep,sleep,2.81023251799508,0.73,0.0,"[{""dataset"": ""Roediger2001_55_15word_lists"", ""list_id"": ""roediger2001_55::sleep"", ""critical_item"": ""sleep"", ""role"": ""list_word"", ""position"": ""T12""}]"
narrow,narrow,1,1,list_word,False,True,"Roediger et al. (2001) 55-list DRM pool, augmented with uploaded 2024 supplementary workbook metrics",Roediger2001_55_15word_lists,,roediger2001_55::long,long,2.55509444857832,0.021,0.0,"[{""dataset"": ""Roediger2001_55_15word_lists"", ""list_id"": ""roediger2001_55::long"", ""critical_item"": ""long"", ""role"": ""list_word"", ""position"": ""T3""}]"
national,national,1,1,list_word,False,True,"Roediger et al. (2001) 55-list DRM pool, augmented with uploaded 2024 supplementary workbook metrics",Roediger2001_55_15word_lists,,roediger2001_55::flag,flag,3.28936595152003,0.027,0.0,"[{""dataset"": ""Roediger2001_55_15word_lists"", ""list_id"": ""roediger2001_55::flag"", ""critical_item"": ""flag"", ""role"": ""list_word"", ""position"": ""T10""}]"
nature,Nature,1,1,list_word,False,True,"Brainerd, Chang, & Bialer (2020)",Brainerd2020_120_4word_lists,,brainerd2020_120::green,green,2.41,,,"[{""dataset"": ""Brainerd2020_120_4word_lists"", ""list_id"": ""brainerd2020_120::green"", ""critical_item"": ""Green"", ""role"": ""list_word"", ""position"": ""T3""}]"
navy,Navy; navy,2,2,list_word,False,True,"Brainerd, Chang, & Bialer (2020); Roediger et al. (2001) 55-list DRM pool, augmented with uploaded 2024 supplementary workbook metrics",Brainerd2020_120_4word_lists; Roediger2001_55_15word_lists,,brainerd2020_120::army; roediger2001_55::army,army,1.21,0.543,0.5,"[{""dataset"": ""Brainerd2020_120_4word_lists"", ""list_id"": ""brainerd2020_120::army"", ""critical_item"": ""Army"", ""role"": ""list_word"", ""position"": ""T1""}, {""dataset"": ""Roediger2001_55_15word_lists"", ""list_id"": ""roediger2001_55::army"", ""critical_item"": ""army"", ""role"": ""list_word"", ""position"": ""T1""}]"
needle,needle,1,1,critical_distractor,True,False,"Roediger et al. (2001) 55-list DRM pool, augmented with uploaded 2024 supplementary workbook metrics",Roediger2001_55_15word_lists,roediger2001_55::needle,,,2.78461729263288,,,"[{""dataset"": ""Roediger2001_55_15word_lists"", ""list_id"": ""roediger2001_55::needle"", ""critical_item"": ""needle"", ""role"": ""critical_distractor"", ""position"": ""CD""}]"
negotiation,Negotiation,1,1,list_word,False,True,"Brainerd, Chang, & Bialer (2020)",Brainerd2020_120_4word_lists,,brainerd2020_120::contract,contract,0.79,,,"[{""dataset"": ""Brainerd2020_120_4word_lists"", ""list_id"": ""brainerd2020_120::contract"", ""critical_item"": ""Contract"", ""role"": ""list_word"", ""position"": ""T4""}]"
nervous,Nervous,1,1,list_word,False,True,"Brainerd, Chang, & Bialer (2020)",Brainerd2020_120_4word_lists,,brainerd2020_120::anxious,anxious,1.63,,,"[{""dataset"": ""Brainerd2020_120_4word_lists"", ""list_id"": ""brainerd2020_120::anxious"", ""critical_item"": ""Anxious"", ""role"": ""list_word"", ""position"": ""T3""}]"
net,net,1,1,list_word,False,True,"Roediger et al. (2001) 55-list DRM pool, augmented with uploaded 2024 supplementary workbook metrics",Roediger2001_55_15word_lists,,roediger2001_55::butterfly,butterfly,2.8998205024271,0.0,0.03,"[{""dataset"": ""Roediger2001_55_15word_lists"", ""list_id"": ""roediger2001_55::butterfly"", ""critical_item"": ""butterfly"", ""role"": ""list_word"", ""position"": ""T7""}]"
new york,new york,1,1,list_word,False,True,"Roediger et al. (2001) 55-list DRM pool, augmented with uploaded 2024 supplementary workbook metrics",Roediger2001_55_15word_lists,,roediger2001_55::city,city,,0.383,0.066,"[{""dataset"": ""Roediger2001_55_15word_lists"", ""list_id"": ""roediger2001_55::city"", ""critical_item"": ""city"", ""role"": ""list_word"", ""position"": ""T8""}]"
nice,nice,2,1,list_word,False,True,"Roediger et al. (2001) 55-list DRM pool, augmented with uploaded 2024 supplementary workbook metrics",Roediger2001_55_15word_lists,,roediger2001_55::beautiful; roediger2001_55::sweet,beautiful; sweet,4.52016899752378,0.0475,0.0475,"[{""dataset"": ""Roediger2001_55_15word_lists"", ""list_id"": ""roediger2001_55::beautiful"", ""critical_item"": ""beautiful"", ""role"": ""list_word"", ""position"": ""T7""}, {""dataset"": ""Roediger2001_55_15word_lists"", ""list_id"": ""roediger2001_55::sweet"", ""critical_item"": ""sweet"", ""role"": ""list_word"", ""position"": ""T8""}]"
niece,niece,1,1,list_word,False,True,"Roediger et al. (2001) 55-list DRM pool, augmented with uploaded 2024 supplementary workbook metrics",Roediger2001_55_15word_lists,,roediger2001_55::girl,girl,2.68752896121463,0.026,0.0,"[{""dataset"": ""Roediger2001_55_15word_lists"", ""list_id"": ""roediger2001_55::girl"", ""critical_item"": ""girl"", ""role"": ""list_word"", ""position"": ""T8""}]"
night,night,1,1,list_word,False,True,"Roediger et al. (2001) 55-list DRM pool, augmented with uploaded 2024 supplementary workbook metrics",Roediger2001_55_15word_lists,,roediger2001_55::black,black,4.64511756680654,0.0,0.021,"[{""dataset"": ""Roediger2001_55_15word_lists"", ""list_id"": ""roediger2001_55::black"", ""critical_item"": ""black"", ""role"": ""list_word"", ""position"": ""T5""}]"
noise,Noise; noise,2,2,list_word,False,True,"Brainerd, Chang, & Bialer (2020); Roediger et al. (2001) 55-list DRM pool, augmented with uploaded 2024 supplementary workbook metrics",Brainerd2020_120_4word_lists; Roediger2001_55_15word_lists,,brainerd2020_120::hair; roediger2001_55::whistle,hair; whistle,2.410210001154445,0.0,0.071,"[{""dataset"": ""Brainerd2020_120_4word_lists"", ""list_id"": ""brainerd2020_120::hair"", ""critical_item"": ""Hair"", ""role"": ""list_word"", ""position"": ""T4""}, {""dataset"": ""Roediger2001_55_15word_lists"", ""list_id"": ""roediger2001_55::whistle"", ""critical_item"": ""whistle"", ""role"": ""list_word"", ""position"": ""T3""}]"
noose,Noose,1,1,list_word,False,True,"Brainerd, Chang, & Bialer (2020)",Brainerd2020_120_4word_lists,,brainerd2020_120::rope,rope,0.38,,,"[{""dataset"": ""Brainerd2020_120_4word_lists"", ""list_id"": ""brainerd2020_120::rope"", ""critical_item"": ""Rope"", ""role"": ""list_word"", ""position"": ""T3""}]"
nose,nose,1,1,list_word,False,True,"Roediger et al. (2001) 55-list DRM pool, augmented with uploaded 2024 supplementary workbook metrics",Roediger2001_55_15word_lists,,roediger2001_55::smell,smell,3.55120594374791,0.108,0.116,"[{""dataset"": ""Roediger2001_55_15word_lists"", ""list_id"": ""roediger2001_55::smell"", ""critical_item"": ""smell"", ""role"": ""list_word"", ""position"": ""T1""}]"
nostril,nostril,1,1,list_word,False,True,"Roediger et al. (2001) 55-list DRM pool, augmented with uploaded 2024 supplementary workbook metrics",Roediger2001_55_15word_lists,,roediger2001_55::smell,smell,1.55630250076729,0.0,0.0,"[{""dataset"": ""Roediger2001_55_15word_lists"", ""list_id"": ""roediger2001_55::smell"", ""critical_item"": ""smell"", ""role"": ""list_word"", ""position"": ""T7""}]"
note,note,1,1,list_word,False,True,"Roediger et al. (2001) 55-list DRM pool, augmented with uploaded 2024 supplementary workbook metrics",Roediger2001_55_15word_lists,,roediger2001_55::music,music,3.43648069500949,0.132,0.068,"[{""dataset"": ""Roediger2001_55_15word_lists"", ""list_id"": ""roediger2001_55::music"", ""critical_item"": ""music"", ""role"": ""list_word"", ""position"": ""T1""}]"
notes,Notes,1,1,list_word,False,True,"Brainerd, Chang, & Bialer (2020)",Brainerd2020_120_4word_lists,,brainerd2020_120::window,window,1.8,,,"[{""dataset"": ""Brainerd2020_120_4word_lists"", ""list_id"": ""brainerd2020_120::window"", ""critical_item"": ""Window"", ""role"": ""list_word"", ""position"": ""T2""}]"
nurse,nurse,1,1,list_word,False,True,"Roediger et al. (2001) 55-list DRM pool, augmented with uploaded 2024 supplementary workbook metrics",Roediger2001_55_15word_lists,,roediger2001_55::doctor,doctor,3.36078268987328,0.547,0.379,"[{""dataset"": ""Roediger2001_55_15word_lists"", ""list_id"": ""roediger2001_55::doctor"", ""critical_item"": ""doctor"", ""role"": ""list_word"", ""position"": ""T1""}]"
obey,Obey; obey,2,2,list_word,False,True,"Brainerd, Chang, & Bialer (2020); Roediger et al. (2001) 55-list DRM pool, augmented with uploaded 2024 supplementary workbook metrics",Brainerd2020_120_4word_lists; Roediger2001_55_15word_lists,,brainerd2020_120::rain; roediger2001_55::command,command; rain,2.004958100034925,0.14,0.062,"[{""dataset"": ""Brainerd2020_120_4word_lists"", ""list_id"": ""brainerd2020_120::rain"", ""critical_item"": ""Rain"", ""role"": ""list_word"", ""position"": ""T3""}, {""dataset"": ""Roediger2001_55_15word_lists"", ""list_id"": ""roediger2001_55::command"", ""critical_item"": ""command"", ""role"": ""list_word"", ""position"": ""T3""}]"
odd,Odd,1,1,list_word,False,True,"Brainerd, Chang, & Bialer (2020)",Brainerd2020_120_4word_lists,,brainerd2020_120::map,map,1.68,,,"[{""dataset"": ""Brainerd2020_120_4word_lists"", ""list_id"": ""brainerd2020_120::map"", ""critical_item"": ""Map"", ""role"": ""list_word"", ""position"": ""T2""}]"
office,Office; office,2,2,list_word,False,True,"Brainerd, Chang, & Bialer (2020); Roediger et al. (2001) 55-list DRM pool, augmented with uploaded 2024 supplementary workbook metrics",Brainerd2020_120_4word_lists; Roediger2001_55_15word_lists,,brainerd2020_120::beer; roediger2001_55::doctor,beer; doctor,3.15851666964939,0.014,0.01,"[{""dataset"": ""Brainerd2020_120_4word_lists"", ""list_id"": ""brainerd2020_120::beer"", ""critical_item"": ""Beer"", ""role"": ""list_word"", ""position"": ""T2""}, {""dataset"": ""Roediger2001_55_15word_lists"", ""list_id"": ""roediger2001_55::doctor"", ""critical_item"": ""doctor"", ""role"": ""list_word"", ""position"": ""T11""}]"
officer,Officer; officer,2,2,list_word,False,True,"Brainerd, Chang, & Bialer (2020); Roediger et al. (2001) 55-list DRM pool, augmented with uploaded 2024 supplementary workbook metrics",Brainerd2020_120_4word_lists; Roediger2001_55_15word_lists,,brainerd2020_120::crowd; roediger2001_55::command,command; crowd,2.800740427385025,0.0,0.027,"[{""dataset"": ""Brainerd2020_120_4word_lists"", ""list_id"": ""brainerd2020_120::crowd"", ""critical_item"": ""Crowd"", ""role"": ""list_word"", ""position"": ""T4""}, {""dataset"": ""Roediger2001_55_15word_lists"", ""list_id"": ""roediger2001_55::command"", ""critical_item"": ""command"", ""role"": ""list_word"", ""position"": ""T4""}]"
oil,Oil,1,1,critical_distractor,True,False,"Brainerd, Chang, & Bialer (2020)",Brainerd2020_120_4word_lists,brainerd2020_120::oil,,,1.81,,,"[{""dataset"": ""Brainerd2020_120_4word_lists"", ""list_id"": ""brainerd2020_120::oil"", ""critical_item"": ""Oil"", ""role"": ""critical_distractor"", ""position"": ""CD""}]"
old,old,1,1,list_word,False,True,"Roediger et al. (2001) 55-list DRM pool, augmented with uploaded 2024 supplementary workbook metrics",Roediger2001_55_15word_lists,,roediger2001_55::man,man,4.49215950205671,0.034,0.0,"[{""dataset"": ""Roediger2001_55_15word_lists"", ""list_id"": ""roediger2001_55::man"", ""critical_item"": ""man"", ""role"": ""list_word"", ""position"": ""T15""}]"
on,on,1,1,list_word,False,True,"Roediger et al. (2001) 55-list DRM pool, augmented with uploaded 2024 supplementary workbook metrics",Roediger2001_55_15word_lists,,roediger2001_55::lamp,lamp,5.54991383445688,0.0,0.0,"[{""dataset"": ""Roediger2001_55_15word_lists"", ""list_id"": ""roediger2001_55::lamp"", ""critical_item"": ""lamp"", ""role"": ""list_word"", ""position"": ""T12""}]"
open,open,1,1,list_word,False,True,"Roediger et al. (2001) 55-list DRM pool, augmented with uploaded 2024 supplementary workbook metrics",Roediger2001_55_15word_lists,,roediger2001_55::window,window,4.21330520616279,0.014,0.019,"[{""dataset"": ""Roediger2001_55_15word_lists"", ""list_id"": ""roediger2001_55::window"", ""critical_item"": ""window"", ""role"": ""list_word"", ""position"": ""T8""}]"
opportunity,Opportunity,1,1,list_word,False,True,"Brainerd, Chang, & Bialer (2020)",Brainerd2020_120_4word_lists,,brainerd2020_120::sing,sing,1.98,,,"[{""dataset"": ""Brainerd2020_120_4word_lists"", ""list_id"": ""brainerd2020_120::sing"", ""critical_item"": ""Sing"", ""role"": ""list_word"", ""position"": ""T3""}]"
orange,Orange; orange,2,2,list_word,False,True,"Brainerd, Chang, & Bialer (2020); Roediger et al. (2001) 55-list DRM pool, augmented with uploaded 2024 supplementary workbook metrics",Brainerd2020_120_4word_lists; Roediger2001_55_15word_lists,,brainerd2020_120::fruit; roediger2001_55::fruit,fruit,2.21826186203955,0.194,0.174,"[{""dataset"": ""Brainerd2020_120_4word_lists"", ""list_id"": ""brainerd2020_120::fruit"", ""critical_item"": ""Fruit"", ""role"": ""list_word"", ""position"": ""T3""}, {""dataset"": ""Roediger2001_55_15word_lists"", ""list_id"": ""roediger2001_55::fruit"", ""critical_item"": ""fruit"", ""role"": ""list_word"", ""position"": ""T3""}]"
orchestra,orchestra,1,1,list_word,False,True,"Roediger et al. (2001) 55-list DRM pool, augmented with uploaded 2024 supplementary workbook metrics",Roediger2001_55_15word_lists,,roediger2001_55::music,music,2.45024910831936,0.309,0.0,"[{""dataset"": ""Roediger2001_55_15word_lists"", ""list_id"": ""roediger2001_55::music"", ""critical_item"": ""music"", ""role"": ""list_word"", ""position"": ""T13""}]"
order,Order; order,2,2,critical_distractor; list_word,True,True,"Brainerd, Chang, & Bialer (2020); Roediger et al. (2001) 55-list DRM pool, augmented with uploaded 2024 supplementary workbook metrics",Brainerd2020_120_4word_lists; Roediger2001_55_15word_lists,brainerd2020_120::order,roediger2001_55::command,command,3.19616465292916,0.0,0.288,"[{""dataset"": ""Brainerd2020_120_4word_lists"", ""list_id"": ""brainerd2020_120::order"", ""critical_item"": ""Order"", ""role"": ""critical_distractor"", ""position"": ""CD""}, {""dataset"": ""Roediger2001_55_15word_lists"", ""list_id"": ""roediger2001_55::command"", ""critical_item"": ""command"", ""role"": ""list_word"", ""position"": ""T1""}]"
organize,Organize,1,1,list_word,False,True,"Brainerd, Chang, & Bialer (2020)",Brainerd2020_120_4word_lists,,brainerd2020_120::flower,flower,0.78,,,"[{""dataset"": ""Brainerd2020_120_4word_lists"", ""list_id"": ""brainerd2020_120::flower"", ""critical_item"": ""Flower"", ""role"": ""list_word"", ""position"": ""T4""}]"
oven,Oven; oven,2,2,list_word,False,True,"Brainerd, Chang, & Bialer (2020); Roediger et al. (2001) 55-list DRM pool, augmented with uploaded 2024 supplementary workbook metrics",Brainerd2020_120_4word_lists; Roediger2001_55_15word_lists,,brainerd2020_120::rain; roediger2001_55::stove,rain; stove,1.8435279264285502,0.224,0.279,"[{""dataset"": ""Brainerd2020_120_4word_lists"", ""list_id"": ""brainerd2020_120::rain"", ""critical_item"": ""Rain"", ""role"": ""list_word"", ""position"": ""T4""}, {""dataset"": ""Roediger2001_55_15word_lists"", ""list_id"": ""roediger2001_55::stove"", ""critical_item"": ""stove"", ""role"": ""list_word"", ""position"": ""T7""}]"
over,over,1,1,list_word,False,True,"Roediger et al. (2001) 55-list DRM pool, augmented with uploaded 2024 supplementary workbook metrics",Roediger2001_55_15word_lists,,roediger2001_55::high,high,4.82923299314807,0.0,0.0,"[{""dataset"": ""Roediger2001_55_15word_lists"", ""list_id"": ""roediger2001_55::high"", ""critical_item"": ""high"", ""role"": ""list_word"", ""position"": ""T12""}]"
package,Package,1,1,critical_distractor,True,False,"Brainerd, Chang, & Bialer (2020)",Brainerd2020_120_4word_lists,brainerd2020_120::package,,,1.47,,,"[{""dataset"": ""Brainerd2020_120_4word_lists"", ""list_id"": ""brainerd2020_120::package"", ""critical_item"": ""Package"", ""role"": ""critical_distractor"", ""position"": ""CD""}]"
pain,pain,1,1,list_word,False,True,"Roediger et al. (2001) 55-list DRM pool, augmented with uploaded 2024 supplementary workbook metrics",Roediger2001_55_15word_lists,,roediger2001_55::health,health,3.6986224297021,0.0,0.0,"[{""dataset"": ""Roediger2001_55_15word_lists"", ""list_id"": ""roediger2001_55::health"", ""critical_item"": ""health"", ""role"": ""list_word"", ""position"": ""T14""}]"
painting,Painting,1,1,list_word,False,True,"Brainerd, Chang, & Bialer (2020)",Brainerd2020_120_4word_lists,,brainerd2020_120::picture,picture,1.47,,,"[{""dataset"": ""Brainerd2020_120_4word_lists"", ""list_id"": ""brainerd2020_120::picture"", ""critical_item"": ""Picture"", ""role"": ""list_word"", ""position"": ""T3""}]"
palace,palace,1,1,list_word,False,True,"Roediger et al. (2001) 55-list DRM pool, augmented with uploaded 2024 supplementary workbook metrics",Roediger2001_55_15word_lists,,roediger2001_55::king,king,2.99122607569249,0.159,0.0,"[{""dataset"": ""Roediger2001_55_15word_lists"", ""list_id"": ""roediger2001_55::king"", ""critical_item"": ""king"", ""role"": ""list_word"", ""position"": ""T7""}]"
pane,Pane; pane,2,2,list_word,False,True,"Brainerd, Chang, & Bialer (2020); Roediger et al. (2001) 55-list DRM pool, augmented with uploaded 2024 supplementary workbook metrics",Brainerd2020_120_4word_lists; Roediger2001_55_15word_lists,,brainerd2020_120::lecture; roediger2001_55::window,lecture; window,0.97897000433602,0.833,0.179,"[{""dataset"": ""Brainerd2020_120_4word_lists"", ""list_id"": ""brainerd2020_120::lecture"", ""critical_item"": ""Lecture"", ""role"": ""list_word"", ""position"": ""T2""}, {""dataset"": ""Roediger2001_55_15word_lists"", ""list_id"": ""roediger2001_55::window"", ""critical_item"": ""window"", ""role"": ""list_word"", ""position"": ""T3""}]"
pants,pants,1,1,list_word,False,True,"Roediger et al. (2001) 55-list DRM pool, augmented with uploaded 2024 supplementary workbook metrics",Roediger2001_55_15word_lists,,roediger2001_55::shirt,shirt,3.47668674294564,0.185,0.269,"[{""dataset"": ""Roediger2001_55_15word_lists"", ""list_id"": ""roediger2001_55::shirt"", ""critical_item"": ""shirt"", ""role"": ""list_word"", ""position"": ""T3""}]"
parent,Parent,1,1,critical_distractor,True,False,"Brainerd, Chang, & Bialer (2020)",Brainerd2020_120_4word_lists,brainerd2020_120::parent,,,1.45,,,"[{""dataset"": ""Brainerd2020_120_4word_lists"", ""list_id"": ""brainerd2020_120::parent"", ""critical_item"": ""Parent"", ""role"": ""critical_distractor"", ""position"": ""CD""}]"
patch,patch,1,1,list_word,False,True,"Roediger et al. (2001) 55-list DRM pool, augmented with uploaded 2024 supplementary workbook metrics",Roediger2001_55_15word_lists,,roediger2001_55::cabbage,cabbage,2.94890176097021,0.066,0.115,"[{""dataset"": ""Roediger2001_55_15word_lists"", ""list_id"": ""roediger2001_55::cabbage"", ""critical_item"": ""cabbage"", ""role"": ""list_word"", ""position"": ""T12""}]"
patient,Patient; patient,2,2,list_word,False,True,"Brainerd, Chang, & Bialer (2020); Roediger et al. (2001) 55-list DRM pool, augmented with uploaded 2024 supplementary workbook metrics",Brainerd2020_120_4word_lists; Roediger2001_55_15word_lists,,brainerd2020_120::doctor; roediger2001_55::doctor,doctor,2.645741144313,0.365,0.025,"[{""dataset"": ""Brainerd2020_120_4word_lists"", ""list_id"": ""brainerd2020_120::doctor"", ""critical_item"": ""Doctor"", ""role"": ""list_word"", ""position"": ""T1""}, {""dataset"": ""Roediger2001_55_15word_lists"", ""list_id"": ""roediger2001_55::doctor"", ""critical_item"": ""doctor"", ""role"": ""list_word"", ""position"": ""T10""}]"
patriot,patriot,1,1,list_word,False,True,"Roediger et al. (2001) 55-list DRM pool, augmented with uploaded 2024 supplementary workbook metrics",Roediger2001_55_15word_lists,,roediger2001_55::citizen,citizen,,0.013,0.02,"[{""dataset"": ""Roediger2001_55_15word_lists"", ""list_id"": ""roediger2001_55::citizen"", ""critical_item"": ""citizen"", ""role"": ""list_word"", ""position"": ""T10""}]"
pattern,Pattern,1,1,list_word,False,True,"Brainerd, Chang, & Bialer (2020)",Brainerd2020_120_4word_lists,,brainerd2020_120::design,design,1.72,,,"[{""dataset"": ""Brainerd2020_120_4word_lists"", ""list_id"": ""brainerd2020_120::design"", ""critical_item"": ""Design"", ""role"": ""list_word"", ""position"": ""T4""}]"
peace,Peace; peace,3,2,critical_distractor; list_word,True,True,"Brainerd, Chang, & Bialer (2020); Roediger et al. (2001) 55-list DRM pool, augmented with uploaded 2024 supplementary workbook metrics",Brainerd2020_120_4word_lists; Roediger2001_55_15word_lists,brainerd2020_120::peace,roediger2001_55::justice; roediger2001_55::sleep,justice; sleep,3.060233781534414,0.0,0.0755,"[{""dataset"": ""Brainerd2020_120_4word_lists"", ""list_id"": ""brainerd2020_120::peace"", ""critical_item"": ""Peace"", ""role"": ""critical_distractor"", ""position"": ""CD""}, {""dataset"": ""Roediger2001_55_15word_lists"", ""list_id"": ""roediger2001_55::justice"", ""critical_item"": ""justice"", ""role"": ""list_word"", ""position"": ""T1""}, {""dataset"": ""Roediger2001_55_15word_lists"", ""list_id"": ""roediger2001_55::sleep"", ""critical_item"": ""sleep"", ""role"": ""list_word"", ""position"": ""T13""}]"
peak,peak,1,1,list_word,False,True,"Roediger et al. (2001) 55-list DRM pool, augmented with uploaded 2024 supplementary workbook metrics",Roediger2001_55_15word_lists,,roediger2001_55::mountain,mountain,2.48287358360875,0.248,0.02,"[{""dataset"": ""Roediger2001_55_15word_lists"", ""list_id"": ""roediger2001_55::mountain"", ""critical_item"": ""mountain"", ""role"": ""list_word"", ""position"": ""T7""}]"
pear,pear,1,1,list_word,False,True,"Roediger et al. (2001) 55-list DRM pool, augmented with uploaded 2024 supplementary workbook metrics",Roediger2001_55_15word_lists,,roediger2001_55::fruit,fruit,1.83884909073726,0.347,0.0,"[{""dataset"": ""Roediger2001_55_15word_lists"", ""list_id"": ""roediger2001_55::fruit"", ""critical_item"": ""fruit"", ""role"": ""list_word"", ""position"": ""T7""}]"
pedal,Pedal,1,1,list_word,False,True,"Brainerd, Chang, & Bialer (2020)",Brainerd2020_120_4word_lists,,brainerd2020_120::foot,foot,0.36,,,"[{""dataset"": ""Brainerd2020_120_4word_lists"", ""list_id"": ""brainerd2020_120::foot"", ""critical_item"": ""Foot"", ""role"": ""list_word"", ""position"": ""T4""}]"
pen,Pen; pen,2,2,critical_distractor,True,False,"Brainerd, Chang, & Bialer (2020); Roediger et al. (2001) 55-list DRM pool, augmented with uploaded 2024 supplementary workbook metrics",Brainerd2020_120_4word_lists; Roediger2001_55_15word_lists,brainerd2020_120::pen; roediger2001_55::pen,,,2.32552967745406,,,"[{""dataset"": ""Brainerd2020_120_4word_lists"", ""list_id"": ""brainerd2020_120::pen"", ""critical_item"": ""Pen"", ""role"": ""critical_distractor"", ""position"": ""CD""}, {""dataset"": ""Roediger2001_55_15word_lists"", ""list_id"": ""roediger2001_55::pen"", ""critical_item"": ""pen"", ""role"": ""critical_distractor"", ""position"": ""CD""}]"
pencil,pencil,1,1,list_word,False,True,"Roediger et al. (2001) 55-list DRM pool, augmented with uploaded 2024 supplementary workbook metrics",Roediger2001_55_15word_lists,,roediger2001_55::pen,pen,2.70243053644553,0.476,0.594,"[{""dataset"": ""Roediger2001_55_15word_lists"", ""list_id"": ""roediger2001_55::pen"", ""critical_item"": ""pen"", ""role"": ""list_word"", ""position"": ""T1""}]"
pennant,pennant,1,1,list_word,False,True,"Roediger et al. (2001) 55-list DRM pool, augmented with uploaded 2024 supplementary workbook metrics",Roediger2001_55_15word_lists,,roediger2001_55::flag,flag,1.67209785793572,0.0,0.0,"[{""dataset"": ""Roediger2001_55_15word_lists"", ""list_id"": ""roediger2001_55::flag"", ""critical_item"": ""flag"", ""role"": ""list_word"", ""position"": ""T15""}]"
people,people,1,1,list_word,False,True,"Roediger et al. (2001) 55-list DRM pool, augmented with uploaded 2024 supplementary workbook metrics",Roediger2001_55_15word_lists,,roediger2001_55::citizen,citizen,,0.0,0.0,"[{""dataset"": ""Roediger2001_55_15word_lists"", ""list_id"": ""roediger2001_55::citizen"", ""critical_item"": ""citizen"", ""role"": ""list_word"", ""position"": ""T7""}]"
perform,Perform,1,1,list_word,False,True,"Brainerd, Chang, & Bialer (2020)",Brainerd2020_120_4word_lists,,brainerd2020_120::act,act,1.46,,,"[{""dataset"": ""Brainerd2020_120_4word_lists"", ""list_id"": ""brainerd2020_120::act"", ""critical_item"": ""Act"", ""role"": ""list_word"", ""position"": ""T1""}]"
performance,performance,1,1,list_word,False,True,"Roediger et al. (2001) 55-list DRM pool, augmented with uploaded 2024 supplementary workbook metrics",Roediger2001_55_15word_lists,,roediger2001_55::command,command,3.04688519083771,0.0,0.014,"[{""dataset"": ""Roediger2001_55_15word_lists"", ""list_id"": ""roediger2001_55::command"", ""critical_item"": ""command"", ""role"": ""list_word"", ""position"": ""T5""}]"
perfume,perfume,1,1,list_word,False,True,"Roediger et al. (2001) 55-list DRM pool, augmented with uploaded 2024 supplementary workbook metrics",Roediger2001_55_15word_lists,,roediger2001_55::smell,smell,2.7664128471124,0.393,0.036,"[{""dataset"": ""Roediger2001_55_15word_lists"", ""list_id"": ""roediger2001_55::smell"", ""critical_item"": ""smell"", ""role"": ""list_word"", ""position"": ""T13""}]"
permission,Permission,1,1,list_word,False,True,"Brainerd, Chang, & Bialer (2020)",Brainerd2020_120_4word_lists,,brainerd2020_120::approval,approval,1.66,,,"[{""dataset"": ""Brainerd2020_120_4word_lists"", ""list_id"": ""brainerd2020_120::approval"", ""critical_item"": ""Approval"", ""role"": ""list_word"", ""position"": ""T1""}]"
person,person,2,1,list_word,False,True,"Roediger et al. (2001) 55-list DRM pool, augmented with uploaded 2024 supplementary workbook metrics",Roediger2001_55_15word_lists,,roediger2001_55::citizen; roediger2001_55::man,citizen; man,4.03574983731966,0.061,0.0955,"[{""dataset"": ""Roediger2001_55_15word_lists"", ""list_id"": ""roediger2001_55::citizen"", ""critical_item"": ""citizen"", ""role"": ""list_word"", ""position"": ""T3""}, {""dataset"": ""Roediger2001_55_15word_lists"", ""list_id"": ""roediger2001_55::man"", ""critical_item"": ""man"", ""role"": ""list_word"", ""position"": ""T11""}]"
personal,Personal,1,1,list_word,False,True,"Brainerd, Chang, & Bialer (2020)",Brainerd2020_120_4word_lists,,brainerd2020_120::private,private,2.12,,,"[{""dataset"": ""Brainerd2020_120_4word_lists"", ""list_id"": ""brainerd2020_120::private"", ""critical_item"": ""Private"", ""role"": ""list_word"", ""position"": ""T1""}]"
petals,Petals,1,1,list_word,False,True,"Brainerd, Chang, & Bialer (2020)",Brainerd2020_120_4word_lists,,brainerd2020_120::bag,bag,0.77,,,"[{""dataset"": ""Brainerd2020_120_4word_lists"", ""list_id"": ""brainerd2020_120::bag"", ""critical_item"": ""Bag"", ""role"": ""list_word"", ""position"": ""T2""}]"
photo,Photo,1,1,list_word,False,True,"Brainerd, Chang, & Bialer (2020)",Brainerd2020_120_4word_lists,,brainerd2020_120::picture,picture,0.86,,,"[{""dataset"": ""Brainerd2020_120_4word_lists"", ""list_id"": ""brainerd2020_120::picture"", ""critical_item"": ""Picture"", ""role"": ""list_word"", ""position"": ""T4""}]"
physician,physician,1,1,list_word,False,True,"Roediger et al. (2001) 55-list DRM pool, augmented with uploaded 2024 supplementary workbook metrics",Roediger2001_55_15word_lists,,roediger2001_55::doctor,doctor,2.49692964807321,0.804,0.04,"[{""dataset"": ""Roediger2001_55_15word_lists"", ""list_id"": ""roediger2001_55::doctor"", ""critical_item"": ""doctor"", ""role"": ""list_word"", ""position"": ""T8""}]"
piano,piano,1,1,list_word,False,True,"Roediger et al. (2001) 55-list DRM pool, augmented with uploaded 2024 supplementary workbook metrics",Roediger2001_55_15word_lists,,roediger2001_55::music,music,3.1034616220947,0.23,0.02,"[{""dataset"": ""Roediger2001_55_15word_lists"", ""list_id"": ""roediger2001_55::music"", ""critical_item"": ""music"", ""role"": ""list_word"", ""position"": ""T3""}]"
picture,Picture; picture,2,2,critical_distractor; list_word,True,True,"Brainerd, Chang, & Bialer (2020); Roediger et al. (2001) 55-list DRM pool, augmented with uploaded 2024 supplementary workbook metrics",Brainerd2020_120_4word_lists; Roediger2001_55_15word_lists,brainerd2020_120::picture,roediger2001_55::beautiful,beautiful,2.9544638566135397,0.0,0.0,"[{""dataset"": ""Brainerd2020_120_4word_lists"", ""list_id"": ""brainerd2020_120::picture"", ""critical_item"": ""Picture"", ""role"": ""critical_distractor"", ""position"": ""CD""}, {""dataset"": ""Roediger2001_55_15word_lists"", ""list_id"": ""roediger2001_55::beautiful"", ""critical_item"": ""beautiful"", ""role"": ""list_word"", ""position"": ""T8""}]"
pie,pie,1,1,list_word,False,True,"Roediger et al. (2001) 55-list DRM pool, augmented with uploaded 2024 supplementary workbook metrics",Roediger2001_55_15word_lists,,roediger2001_55::sweet,sweet,3.16643011384328,0.0,0.0,"[{""dataset"": ""Roediger2001_55_15word_lists"", ""list_id"": ""roediger2001_55::sweet"", ""critical_item"": ""sweet"", ""role"": ""list_word"", ""position"": ""T15""}]"
pile,pile,1,1,list_word,False,True,"Roediger et al. (2001) 55-list DRM pool, augmented with uploaded 2024 supplementary workbook metrics",Roediger2001_55_15word_lists,,roediger2001_55::trash,trash,2.82801506422398,0.049,0.0,"[{""dataset"": ""Roediger2001_55_15word_lists"", ""list_id"": ""roediger2001_55::trash"", ""critical_item"": ""trash"", ""role"": ""list_word"", ""position"": ""T11""}]"
pill,Pill,1,1,list_word,False,True,"Brainerd, Chang, & Bialer (2020)",Brainerd2020_120_4word_lists,,brainerd2020_120::drug,drug,0.66,,,"[{""dataset"": ""Brainerd2020_120_4word_lists"", ""list_id"": ""brainerd2020_120::drug"", ""critical_item"": ""Drug"", ""role"": ""list_word"", ""position"": ""T1""}]"
pillow,pillow,1,1,list_word,False,True,"Roediger et al. (2001) 55-list DRM pool, augmented with uploaded 2024 supplementary workbook metrics",Roediger2001_55_15word_lists,,roediger2001_55::soft,soft,2.76492298464989,0.236,0.018,"[{""dataset"": ""Roediger2001_55_15word_lists"", ""list_id"": ""roediger2001_55::soft"", ""critical_item"": ""soft"", ""role"": ""list_word"", ""position"": ""T3""}]"
pilot,pilot,1,1,list_word,False,True,"Roediger et al. (2001) 55-list DRM pool, augmented with uploaded 2024 supplementary workbook metrics",Roediger2001_55_15word_lists,,roediger2001_55::army,army,,0.0,0.0,"[{""dataset"": ""Roediger2001_55_15word_lists"", ""list_id"": ""roediger2001_55::army"", ""critical_item"": ""army"", ""role"": ""list_word"", ""position"": ""T14""}]"
pin,pin,1,1,list_word,False,True,"Roediger et al. (2001) 55-list DRM pool, augmented with uploaded 2024 supplementary workbook metrics",Roediger2001_55_15word_lists,,roediger2001_55::needle,needle,2.92220627743902,0.289,0.212,"[{""dataset"": ""Roediger2001_55_15word_lists"", ""list_id"": ""roediger2001_55::needle"", ""critical_item"": ""needle"", ""role"": ""list_word"", ""position"": ""T2""}]"
pipe,Pipe; pipe,3,2,list_word,False,True,"Brainerd, Chang, & Bialer (2020); Roediger et al. (2001) 55-list DRM pool, augmented with uploaded 2024 supplementary workbook metrics",Brainerd2020_120_4word_lists; Roediger2001_55_15word_lists,,brainerd2020_120::smoke; roediger2001_55::smoke; roediger2001_55::stove,smoke; stove,2.5304234630650337,0.2095,0.017,"[{""dataset"": ""Brainerd2020_120_4word_lists"", ""list_id"": ""brainerd2020_120::smoke"", ""critical_item"": ""Smoke"", ""role"": ""list_word"", ""position"": ""T4""}, {""dataset"": ""Roediger2001_55_15word_lists"", ""list_id"": ""roediger2001_55::smoke"", ""critical_item"": ""smoke"", ""role"": ""list_word"", ""position"": ""T12""}, {""dataset"": ""Roediger2001_55_15word_lists"", ""list_id"": ""roediger2001_55::stove"", ""critical_item"": ""stove"", ""role"": ""list_word"", ""position"": ""T3""}]"
pistol,Pistol,1,1,list_word,False,True,"Brainerd, Chang, & Bialer (2020)",Brainerd2020_120_4word_lists,,brainerd2020_120::gun,gun,1.2,,,"[{""dataset"": ""Brainerd2020_120_4word_lists"", ""list_id"": ""brainerd2020_120::gun"", ""critical_item"": ""Gun"", ""role"": ""list_word"", ""position"": ""T2""}]"
plain,plain,1,1,list_word,False,True,"Roediger et al. (2001) 55-list DRM pool, augmented with uploaded 2024 supplementary workbook metrics",Roediger2001_55_15word_lists,,roediger2001_55::mountain,mountain,3.04688519083771,0.0,0.0,"[{""dataset"": ""Roediger2001_55_15word_lists"", ""list_id"": ""roediger2001_55::mountain"", ""critical_item"": ""mountain"", ""role"": ""list_word"", ""position"": ""T8""}]"
plan,Plan,1,1,critical_distractor,True,False,"Brainerd, Chang, & Bialer (2020)",Brainerd2020_120_4word_lists,brainerd2020_120::plan,,,2.06,,,"[{""dataset"": ""Brainerd2020_120_4word_lists"", ""list_id"": ""brainerd2020_120::plan"", ""critical_item"": ""Plan"", ""role"": ""critical_distractor"", ""position"": ""CD""}]"
plant,plant,1,1,list_word,False,True,"Roediger et al. (2001) 55-list DRM pool, augmented with uploaded 2024 supplementary workbook metrics",Roediger2001_55_15word_lists,,roediger2001_55::cabbage,cabbage,3.14891099310936,0.0,0.0,"[{""dataset"": ""Roediger2001_55_15word_lists"", ""list_id"": ""roediger2001_55::cabbage"", ""critical_item"": ""cabbage"", ""role"": ""list_word"", ""position"": ""T13""}]"
plastic,plastic,1,1,list_word,False,True,"Roediger et al. (2001) 55-list DRM pool, augmented with uploaded 2024 supplementary workbook metrics",Roediger2001_55_15word_lists,,roediger2001_55::cup,cup,2.98136550907854,0.075,0.0,"[{""dataset"": ""Roediger2001_55_15word_lists"", ""list_id"": ""roediger2001_55::cup"", ""critical_item"": ""cup"", ""role"": ""list_word"", ""position"": ""T14""}]"
player,Player,1,1,list_word,False,True,"Brainerd, Chang, & Bialer (2020)",Brainerd2020_120_4word_lists,,brainerd2020_120::record,record,1.47,,,"[{""dataset"": ""Brainerd2020_120_4word_lists"", ""list_id"": ""brainerd2020_120::record"", ""critical_item"": ""Record"", ""role"": ""list_word"", ""position"": ""T3""}]"
plot,Plot,1,1,list_word,False,True,"Brainerd, Chang, & Bialer (2020)",Brainerd2020_120_4word_lists,,brainerd2020_120::body,body,1.32,,,"[{""dataset"": ""Brainerd2020_120_4word_lists"", ""list_id"": ""brainerd2020_120::body"", ""critical_item"": ""Body"", ""role"": ""list_word"", ""position"": ""T2""}]"
plush,plush,1,1,list_word,False,True,"Roediger et al. (2001) 55-list DRM pool, augmented with uploaded 2024 supplementary workbook metrics",Roediger2001_55_15word_lists,,roediger2001_55::soft,soft,1.46239799789896,0.178,0.0,"[{""dataset"": ""Roediger2001_55_15word_lists"", ""list_id"": ""roediger2001_55::soft"", ""critical_item"": ""soft"", ""role"": ""list_word"", ""position"": ""T4""}]"
pocket,pocket,1,1,list_word,False,True,"Roediger et al. (2001) 55-list DRM pool, augmented with uploaded 2024 supplementary workbook metrics",Roediger2001_55_15word_lists,,roediger2001_55::shirt,shirt,3.26054837263698,0.058,0.0,"[{""dataset"": ""Roediger2001_55_15word_lists"", ""list_id"": ""roediger2001_55::shirt"", ""critical_item"": ""shirt"", ""role"": ""list_word"", ""position"": ""T11""}]"
poem,Poem,1,1,list_word,False,True,"Brainerd, Chang, & Bialer (2020)",Brainerd2020_120_4word_lists,,brainerd2020_120::answer,answer,1.46,,,"[{""dataset"": ""Brainerd2020_120_4word_lists"", ""list_id"": ""brainerd2020_120::answer"", ""critical_item"": ""Answer"", ""role"": ""list_word"", ""position"": ""T2""}]"
poet,Poet,1,1,critical_distractor,True,False,"Brainerd, Chang, & Bialer (2020)",Brainerd2020_120_4word_lists,brainerd2020_120::poet,,,1.6,,,"[{""dataset"": ""Brainerd2020_120_4word_lists"", ""list_id"": ""brainerd2020_120::poet"", ""critical_item"": ""Poet"", ""role"": ""critical_distractor"", ""position"": ""CD""}]"
point,point,1,1,list_word,False,True,"Roediger et al. (2001) 55-list DRM pool, augmented with uploaded 2024 supplementary workbook metrics",Roediger2001_55_15word_lists,,roediger2001_55::needle,needle,4.0814913285257,0.024,0.024,"[{""dataset"": ""Roediger2001_55_15word_lists"", ""list_id"": ""roediger2001_55::needle"", ""critical_item"": ""needle"", ""role"": ""list_word"", ""position"": ""T6""}]"
poison,poison,1,1,list_word,False,True,"Roediger et al. (2001) 55-list DRM pool, augmented with uploaded 2024 supplementary workbook metrics",Roediger2001_55_15word_lists,,roediger2001_55::spider,spider,3.09795107099415,0.0,0.0,"[{""dataset"": ""Roediger2001_55_15word_lists"", ""list_id"": ""roediger2001_55::spider"", ""critical_item"": ""spider"", ""role"": ""list_word"", ""position"": ""T9""}]"
pole,pole,1,1,list_word,False,True,"Roediger et al. (2001) 55-list DRM pool, augmented with uploaded 2024 supplementary workbook metrics",Roediger2001_55_15word_lists,,roediger2001_55::flag,flag,2.80821097292422,0.157,0.193,"[{""dataset"": ""Roediger2001_55_15word_lists"", ""list_id"": ""roediger2001_55::flag"", ""critical_item"": ""flag"", ""role"": ""list_word"", ""position"": ""T7""}]"
police,Police; police,2,2,critical_distractor; list_word,True,True,"Brainerd, Chang, & Bialer (2020); Roediger et al. (2001) 55-list DRM pool, augmented with uploaded 2024 supplementary workbook metrics",Brainerd2020_120_4word_lists; Roediger2001_55_15word_lists,brainerd2020_120::police,roediger2001_55::trouble,trouble,3.12540340216718,0.0,0.041,"[{""dataset"": ""Brainerd2020_120_4word_lists"", ""list_id"": ""brainerd2020_120::police"", ""critical_item"": ""Police"", ""role"": ""critical_distractor"", ""position"": ""CD""}, {""dataset"": ""Roediger2001_55_15word_lists"", ""list_id"": ""roediger2001_55::trouble"", ""critical_item"": ""trouble"", ""role"": ""list_word"", ""position"": ""T9""}]"
pollution,pollution,1,1,list_word,False,True,"Roediger et al. (2001) 55-list DRM pool, augmented with uploaded 2024 supplementary workbook metrics",Roediger2001_55_15word_lists,,roediger2001_55::smoke,smoke,1.99122607569249,0.068,0.0,"[{""dataset"": ""Roediger2001_55_15word_lists"", ""list_id"": ""roediger2001_55::smoke"", ""critical_item"": ""smoke"", ""role"": ""list_word"", ""position"": ""T5""}]"
polo,polo,1,1,list_word,False,True,"Roediger et al. (2001) 55-list DRM pool, augmented with uploaded 2024 supplementary workbook metrics",Roediger2001_55_15word_lists,,roediger2001_55::shirt,shirt,2.25285303097989,0.177,0.0,"[{""dataset"": ""Roediger2001_55_15word_lists"", ""list_id"": ""roediger2001_55::shirt"", ""critical_item"": ""shirt"", ""role"": ""list_word"", ""position"": ""T8""}]"
pony,Pony,1,1,list_word,False,True,"Brainerd, Chang, & Bialer (2020)",Brainerd2020_120_4word_lists,,brainerd2020_120::horse,horse,1.13,,,"[{""dataset"": ""Brainerd2020_120_4word_lists"", ""list_id"": ""brainerd2020_120::horse"", ""critical_item"": ""Horse"", ""role"": ""list_word"", ""position"": ""T2""}]"
popular,Popular,1,1,list_word,False,True,"Brainerd, Chang, & Bialer (2020)",Brainerd2020_120_4word_lists,,brainerd2020_120::famous,famous,1.87,,,"[{""dataset"": ""Brainerd2020_120_4word_lists"", ""list_id"": ""brainerd2020_120::famous"", ""critical_item"": ""Famous"", ""role"": ""list_word"", ""position"": ""T2""}]"
pork,pork,1,1,list_word,False,True,"Roediger et al. (2001) 55-list DRM pool, augmented with uploaded 2024 supplementary workbook metrics",Roediger2001_55_15word_lists,,roediger2001_55::mutton,mutton,2.73078227566639,0.0,0.0,"[{""dataset"": ""Roediger2001_55_15word_lists"", ""list_id"": ""roediger2001_55::mutton"", ""critical_item"": ""mutton"", ""role"": ""list_word"", ""position"": ""T14""}]"
portray,Portray,1,1,list_word,False,True,"Brainerd, Chang, & Bialer (2020)",Brainerd2020_120_4word_lists,,brainerd2020_120::act,act,0.3,,,"[{""dataset"": ""Brainerd2020_120_4word_lists"", ""list_id"": ""brainerd2020_120::act"", ""critical_item"": ""Act"", ""role"": ""list_word"", ""position"": ""T2""}]"
post,post,1,1,list_word,False,True,"Roediger et al. (2001) 55-list DRM pool, augmented with uploaded 2024 supplementary workbook metrics",Roediger2001_55_15word_lists,,roediger2001_55::lamp,lamp,3.21879799811174,0.0,0.026,"[{""dataset"": ""Roediger2001_55_15word_lists"", ""list_id"": ""roediger2001_55::lamp"", ""critical_item"": ""lamp"", ""role"": ""list_word"", ""position"": ""T5""}]"
power,Power,1,1,list_word,False,True,"Brainerd, Chang, & Bialer (2020)",Brainerd2020_120_4word_lists,,brainerd2020_120::control,control,2.49,,,"[{""dataset"": ""Brainerd2020_120_4word_lists"", ""list_id"": ""brainerd2020_120::control"", ""critical_item"": ""Control"", ""role"": ""list_word"", ""position"": ""T2""}]"
praise,Praise,1,1,list_word,False,True,"Brainerd, Chang, & Bialer (2020)",Brainerd2020_120_4word_lists,,brainerd2020_120::sorry,sorry,1.49,,,"[{""dataset"": ""Brainerd2020_120_4word_lists"", ""list_id"": ""brainerd2020_120::sorry"", ""critical_item"": ""Sorry"", ""role"": ""list_word"", ""position"": ""T2""}]"
preacher,Preacher,1,1,list_word,False,True,"Brainerd, Chang, & Bialer (2020)",Brainerd2020_120_4word_lists,,brainerd2020_120::single,single,0.98,,,"[{""dataset"": ""Brainerd2020_120_4word_lists"", ""list_id"": ""brainerd2020_120::single"", ""critical_item"": ""Single"", ""role"": ""list_word"", ""position"": ""T4""}]"
present,Present,1,1,critical_distractor,True,False,"Brainerd, Chang, & Bialer (2020)",Brainerd2020_120_4word_lists,brainerd2020_120::present,,,2.47,,,"[{""dataset"": ""Brainerd2020_120_4word_lists"", ""list_id"": ""brainerd2020_120::present"", ""critical_item"": ""Present"", ""role"": ""critical_distractor"", ""position"": ""CD""}]"
pressure,Pressure,1,1,list_word,False,True,"Brainerd, Chang, & Bialer (2020)",Brainerd2020_120_4word_lists,,brainerd2020_120::stress,stress,1.83,,,"[{""dataset"": ""Brainerd2020_120_4word_lists"", ""list_id"": ""brainerd2020_120::stress"", ""critical_item"": ""Stress"", ""role"": ""list_word"", ""position"": ""T2""}]"
pretend,Pretend,1,1,list_word,False,True,"Brainerd, Chang, & Bialer (2020)",Brainerd2020_120_4word_lists,,brainerd2020_120::act,act,1.25,,,"[{""dataset"": ""Brainerd2020_120_4word_lists"", ""list_id"": ""brainerd2020_120::act"", ""critical_item"": ""Act"", ""role"": ""list_word"", ""position"": ""T4""}]"
pretty,Pretty; pretty,3,2,critical_distractor; list_word,True,True,"Brainerd, Chang, & Bialer (2020); Roediger et al. (2001) 55-list DRM pool, augmented with uploaded 2024 supplementary workbook metrics",Brainerd2020_120_4word_lists; Roediger2001_55_15word_lists,brainerd2020_120::pretty,roediger2001_55::beautiful; roediger2001_55::girl,beautiful; girl,3.5974112305837536,0.122,0.20800000000000002,"[{""dataset"": ""Brainerd2020_120_4word_lists"", ""list_id"": ""brainerd2020_120::pretty"", ""critical_item"": ""Pretty"", ""role"": ""critical_distractor"", ""position"": ""CD""}, {""dataset"": ""Roediger2001_55_15word_lists"", ""list_id"": ""roediger2001_55::beautiful"", ""critical_item"": ""beautiful"", ""role"": ""list_word"", ""position"": ""T2""}, {""dataset"": ""Roediger2001_55_15word_lists"", ""list_id"": ""roediger2001_55::girl"", ""critical_item"": ""girl"", ""role"": ""list_word"", ""position"": ""T6""}]"
prick,prick,1,1,list_word,False,True,"Roediger et al. (2001) 55-list DRM pool, augmented with uploaded 2024 supplementary workbook metrics",Roediger2001_55_15word_lists,,roediger2001_55::needle,needle,2.85793526471943,0.108,0.012,"[{""dataset"": ""Roediger2001_55_15word_lists"", ""list_id"": ""roediger2001_55::needle"", ""critical_item"": ""needle"", ""role"": ""list_word"", ""position"": ""T7""}]"
pride,Pride; pride,2,2,list_word,False,True,"Brainerd, Chang, & Bialer (2020); Roediger et al. (2001) 55-list DRM pool, augmented with uploaded 2024 supplementary workbook metrics",Brainerd2020_120_4word_lists; Roediger2001_55_15word_lists,,brainerd2020_120::honor; roediger2001_55::lion,honor; lion,2.45991734835789,0.029,0.0,"[{""dataset"": ""Brainerd2020_120_4word_lists"", ""list_id"": ""brainerd2020_120::honor"", ""critical_item"": ""Honor"", ""role"": ""list_word"", ""position"": ""T2""}, {""dataset"": ""Roediger2001_55_15word_lists"", ""list_id"": ""roediger2001_55::lion"", ""critical_item"": ""lion"", ""role"": ""list_word"", ""position"": ""T15""}]"
prince,prince,1,1,list_word,False,True,"Roediger et al. (2001) 55-list DRM pool, augmented with uploaded 2024 supplementary workbook metrics",Roediger2001_55_15word_lists,,roediger2001_55::king,king,3.36172783601759,0.134,0.016,"[{""dataset"": ""Roediger2001_55_15word_lists"", ""list_id"": ""roediger2001_55::king"", ""critical_item"": ""king"", ""role"": ""list_word"", ""position"": ""T4""}]"
printer,Printer,1,1,list_word,False,True,"Brainerd, Chang, & Bialer (2020)",Brainerd2020_120_4word_lists,,brainerd2020_120::computer,computer,1.1,,,"[{""dataset"": ""Brainerd2020_120_4word_lists"", ""list_id"": ""brainerd2020_120::computer"", ""critical_item"": ""Computer"", ""role"": ""list_word"", ""position"": ""T3""}]"
private,Private,1,1,critical_distractor,True,False,"Brainerd, Chang, & Bialer (2020)",Brainerd2020_120_4word_lists,brainerd2020_120::private,,,2.12,,,"[{""dataset"": ""Brainerd2020_120_4word_lists"", ""list_id"": ""brainerd2020_120::private"", ""critical_item"": ""Private"", ""role"": ""critical_distractor"", ""position"": ""CD""}]"
problem,problem,1,1,list_word,False,True,"Roediger et al. (2001) 55-list DRM pool, augmented with uploaded 2024 supplementary workbook metrics",Roediger2001_55_15word_lists,,roediger2001_55::trouble,trouble,4.22618732283988,0.027,0.089,"[{""dataset"": ""Roediger2001_55_15word_lists"", ""list_id"": ""roediger2001_55::trouble"", ""critical_item"": ""trouble"", ""role"": ""list_word"", ""position"": ""T8""}]"
professor,Professor,1,1,list_word,False,True,"Brainerd, Chang, & Bialer (2020)",Brainerd2020_120_4word_lists,,brainerd2020_120::train,train,1.85,,,"[{""dataset"": ""Brainerd2020_120_4word_lists"", ""list_id"": ""brainerd2020_120::train"", ""critical_item"": ""Train"", ""role"": ""list_word"", ""position"": ""T4""}]"
property,Property,1,1,list_word,False,True,"Brainerd, Chang, & Bialer (2020)",Brainerd2020_120_4word_lists,,brainerd2020_120::land,land,2.04,,,"[{""dataset"": ""Brainerd2020_120_4word_lists"", ""list_id"": ""brainerd2020_120::land"", ""critical_item"": ""Land"", ""role"": ""list_word"", ""position"": ""T1""}]"
prove,Prove,1,1,critical_distractor,True,False,"Brainerd, Chang, & Bialer (2020)",Brainerd2020_120_4word_lists,brainerd2020_120::prove,,,1.82,,,"[{""dataset"": ""Brainerd2020_120_4word_lists"", ""list_id"": ""brainerd2020_120::prove"", ""critical_item"": ""Prove"", ""role"": ""critical_distractor"", ""position"": ""CD""}]"
psychology,Psychology,1,1,list_word,False,True,"Brainerd, Chang, & Bialer (2020)",Brainerd2020_120_4word_lists,,brainerd2020_120::soft,soft,1.3,,,"[{""dataset"": ""Brainerd2020_120_4word_lists"", ""list_id"": ""brainerd2020_120::soft"", ""critical_item"": ""Soft"", ""role"": ""list_word"", ""position"": ""T4""}]"
public,Public,1,1,list_word,False,True,"Brainerd, Chang, & Bialer (2020)",Brainerd2020_120_4word_lists,,brainerd2020_120::private,private,2.51,,,"[{""dataset"": ""Brainerd2020_120_4word_lists"", ""list_id"": ""brainerd2020_120::private"", ""critical_item"": ""Private"", ""role"": ""list_word"", ""position"": ""T2""}]"
puddle,Puddle,1,1,list_word,False,True,"Brainerd, Chang, & Bialer (2020)",Brainerd2020_120_4word_lists,,brainerd2020_120::lecture,lecture,0.29,,,"[{""dataset"": ""Brainerd2020_120_4word_lists"", ""list_id"": ""brainerd2020_120::lecture"", ""critical_item"": ""Lecture"", ""role"": ""list_word"", ""position"": ""T4""}]"
puff,puff,1,1,list_word,False,True,"Roediger et al. (2001) 55-list DRM pool, augmented with uploaded 2024 supplementary workbook metrics",Roediger2001_55_15word_lists,,roediger2001_55::smoke,smoke,2.35793484700045,0.24,0.0,"[{""dataset"": ""Roediger2001_55_15word_lists"", ""list_id"": ""roediger2001_55::smoke"", ""critical_item"": ""smoke"", ""role"": ""list_word"", ""position"": ""T2""}]"
purchase,Purchase,1,1,list_word,False,True,"Brainerd, Chang, & Bialer (2020)",Brainerd2020_120_4word_lists,,brainerd2020_120::bright,bright,1.5,,,"[{""dataset"": ""Brainerd2020_120_4word_lists"", ""list_id"": ""brainerd2020_120::bright"", ""critical_item"": ""Bright"", ""role"": ""list_word"", ""position"": ""T3""}]"
queen,queen,1,1,list_word,False,True,"Roediger et al. (2001) 55-list DRM pool, augmented with uploaded 2024 supplementary workbook metrics",Roediger2001_55_15word_lists,,roediger2001_55::king,king,3.4456042032736,0.73,0.772,"[{""dataset"": ""Roediger2001_55_15word_lists"", ""list_id"": ""roediger2001_55::king"", ""critical_item"": ""king"", ""role"": ""list_word"", ""position"": ""T1""}]"
quick,Quick; quick,3,2,list_word,False,True,"Brainerd, Chang, & Bialer (2020); Roediger et al. (2001) 55-list DRM pool, augmented with uploaded 2024 supplementary workbook metrics",Brainerd2020_120_4word_lists; Roediger2001_55_15word_lists,,brainerd2020_120::clerk; roediger2001_55::slow; roediger2001_55::swift,clerk; slow; swift,2.85187243929623,0.136,0.024,"[{""dataset"": ""Brainerd2020_120_4word_lists"", ""list_id"": ""brainerd2020_120::clerk"", ""critical_item"": ""Clerk"", ""role"": ""list_word"", ""position"": ""T4""}, {""dataset"": ""Roediger2001_55_15word_lists"", ""list_id"": ""roediger2001_55::slow"", ""critical_item"": ""slow"", ""role"": ""list_word"", ""position"": ""T12""}, {""dataset"": ""Roediger2001_55_15word_lists"", ""list_id"": ""roediger2001_55::swift"", ""critical_item"": ""swift"", ""role"": ""list_word"", ""position"": ""T9""}]"
quill,quill,1,1,list_word,False,True,"Roediger et al. (2001) 55-list DRM pool, augmented with uploaded 2024 supplementary workbook metrics",Roediger2001_55_15word_lists,,roediger2001_55::pen,pen,2.14612803567824,0.635,0.0,"[{""dataset"": ""Roediger2001_55_15word_lists"", ""list_id"": ""roediger2001_55::pen"", ""critical_item"": ""pen"", ""role"": ""list_word"", ""position"": ""T5""}]"
race,race,1,1,list_word,False,True,"Roediger et al. (2001) 55-list DRM pool, augmented with uploaded 2024 supplementary workbook metrics",Roediger2001_55_15word_lists,,roediger2001_55::car,car,3.49941212567228,0.043,0.011,"[{""dataset"": ""Roediger2001_55_15word_lists"", ""list_id"": ""roediger2001_55::car"", ""critical_item"": ""car"", ""role"": ""list_word"", ""position"": ""T9""}]"
radio,radio,1,1,list_word,False,True,"Roediger et al. (2001) 55-list DRM pool, augmented with uploaded 2024 supplementary workbook metrics",Roediger2001_55_15word_lists,,roediger2001_55::music,music,3.59516541479023,0.27,0.041,"[{""dataset"": ""Roediger2001_55_15word_lists"", ""list_id"": ""roediger2001_55::music"", ""critical_item"": ""music"", ""role"": ""list_word"", ""position"": ""T5""}]"
rage,rage,1,1,list_word,False,True,"Roediger et al. (2001) 55-list DRM pool, augmented with uploaded 2024 supplementary workbook metrics",Roediger2001_55_15word_lists,,roediger2001_55::anger,anger,2.76192783842053,0.541,0.042,"[{""dataset"": ""Roediger2001_55_15word_lists"", ""list_id"": ""roediger2001_55::anger"", ""critical_item"": ""anger"", ""role"": ""list_word"", ""position"": ""T4""}]"
ragged,ragged,1,1,list_word,False,True,"Roediger et al. (2001) 55-list DRM pool, augmented with uploaded 2024 supplementary workbook metrics",Roediger2001_55_15word_lists,,roediger2001_55::rough,rough,1.90848501887865,0.174,0.014,"[{""dataset"": ""Roediger2001_55_15word_lists"", ""list_id"": ""roediger2001_55::rough"", ""critical_item"": ""rough"", ""role"": ""list_word"", ""position"": ""T11""}]"
railroad,Railroad,1,1,list_word,False,True,"Brainerd, Chang, & Bialer (2020)",Brainerd2020_120_4word_lists,,brainerd2020_120::train,train,1.31,,,"[{""dataset"": ""Brainerd2020_120_4word_lists"", ""list_id"": ""brainerd2020_120::train"", ""critical_item"": ""Train"", ""role"": ""list_word"", ""position"": ""T1""}]"
rain,Rain,1,1,critical_distractor,True,False,"Brainerd, Chang, & Bialer (2020)",Brainerd2020_120_4word_lists,brainerd2020_120::rain,,,1.91,,,"[{""dataset"": ""Brainerd2020_120_4word_lists"", ""list_id"": ""brainerd2020_120::rain"", ""critical_item"": ""Rain"", ""role"": ""critical_distractor"", ""position"": ""CD""}]"
raised,raised,1,1,list_word,False,True,"Roediger et al. (2001) 55-list DRM pool, augmented with uploaded 2024 supplementary workbook metrics",Roediger2001_55_15word_lists,,roediger2001_55::flag,flag,3.11826472608948,0.0,0.0,"[{""dataset"": ""Roediger2001_55_15word_lists"", ""list_id"": ""roediger2001_55::flag"", ""critical_item"": ""flag"", ""role"": ""list_word"", ""position"": ""T9""}]"
range,range,2,1,list_word,False,True,"Roediger et al. (2001) 55-list DRM pool, augmented with uploaded 2024 supplementary workbook metrics",Roediger2001_55_15word_lists,,roediger2001_55::mountain; roediger2001_55::stove,mountain; stove,3.06520612805431,0.0745,0.0315,"[{""dataset"": ""Roediger2001_55_15word_lists"", ""list_id"": ""roediger2001_55::mountain"", ""critical_item"": ""mountain"", ""role"": ""list_word"", ""position"": ""T13""}, {""dataset"": ""Roediger2001_55_15word_lists"", ""list_id"": ""roediger2001_55::stove"", ""critical_item"": ""stove"", ""role"": ""list_word"", ""position"": ""T14""}]"
rapid,rapid,1,1,list_word,False,True,"Roediger et al. (2001) 55-list DRM pool, augmented with uploaded 2024 supplementary workbook metrics",Roediger2001_55_15word_lists,,roediger2001_55::swift,swift,,0.021,0.012,"[{""dataset"": ""Roediger2001_55_15word_lists"", ""list_id"": ""roediger2001_55::swift"", ""critical_item"": ""swift"", ""role"": ""list_word"", ""position"": ""T6""}]"
rash,Rash,1,1,list_word,False,True,"Brainerd, Chang, & Bialer (2020)",Brainerd2020_120_4word_lists,,brainerd2020_120::soft,soft,0.86,,,"[{""dataset"": ""Brainerd2020_120_4word_lists"", ""list_id"": ""brainerd2020_120::soft"", ""critical_item"": ""Soft"", ""role"": ""list_word"", ""position"": ""T3""}]"
read,read,1,1,list_word,False,True,"Roediger et al. (2001) 55-list DRM pool, augmented with uploaded 2024 supplementary workbook metrics",Roediger2001_55_15word_lists,,roediger2001_55::lamp,lamp,4.09001102400715,0.0,0.0,"[{""dataset"": ""Roediger2001_55_15word_lists"", ""list_id"": ""roediger2001_55::lamp"", ""critical_item"": ""lamp"", ""role"": ""list_word"", ""position"": ""T11""}]"
ready,ready,1,1,list_word,False,True,"Roediger et al. (2001) 55-list DRM pool, augmented with uploaded 2024 supplementary workbook metrics",Roediger2001_55_15word_lists,,roediger2001_55::rough,rough,4.29620433046337,0.0,0.0,"[{""dataset"": ""Roediger2001_55_15word_lists"", ""list_id"": ""roediger2001_55::rough"", ""critical_item"": ""rough"", ""role"": ""list_word"", ""position"": ""T7""}]"
real,Real,2,1,critical_distractor; list_word,True,True,"Brainerd, Chang, & Bialer (2020)",Brainerd2020_120_4word_lists,brainerd2020_120::real,brainerd2020_120::answer,answer,1.57,,,"[{""dataset"": ""Brainerd2020_120_4word_lists"", ""list_id"": ""brainerd2020_120::answer"", ""critical_item"": ""Answer"", ""role"": ""list_word"", ""position"": ""T3""}, {""dataset"": ""Brainerd2020_120_4word_lists"", ""list_id"": ""brainerd2020_120::real"", ""critical_item"": ""Real"", ""role"": ""critical_distractor"", ""position"": ""CD""}]"
reckless,Reckless,1,1,list_word,False,True,"Brainerd, Chang, & Bialer (2020)",Brainerd2020_120_4word_lists,,brainerd2020_120::dangerous,dangerous,1.07,,,"[{""dataset"": ""Brainerd2020_120_4word_lists"", ""list_id"": ""brainerd2020_120::dangerous"", ""critical_item"": ""Dangerous"", ""role"": ""list_word"", ""position"": ""T4""}]"
recliner,recliner,1,1,list_word,False,True,"Roediger et al. (2001) 55-list DRM pool, augmented with uploaded 2024 supplementary workbook metrics",Roediger2001_55_15word_lists,,roediger2001_55::chair,chair,1.0,0.547,0.0,"[{""dataset"": ""Roediger2001_55_15word_lists"", ""list_id"": ""roediger2001_55::chair"", ""critical_item"": ""chair"", ""role"": ""list_word"", ""position"": ""T7""}]"
record,Record,1,1,critical_distractor,True,False,"Brainerd, Chang, & Bialer (2020)",Brainerd2020_120_4word_lists,brainerd2020_120::record,,,2.02,,,"[{""dataset"": ""Brainerd2020_120_4word_lists"", ""list_id"": ""brainerd2020_120::record"", ""critical_item"": ""Record"", ""role"": ""critical_distractor"", ""position"": ""CD""}]"
red,Red; red,3,2,list_word,False,True,"Brainerd, Chang, & Bialer (2020); Roediger et al. (2001) 55-list DRM pool, augmented with uploaded 2024 supplementary workbook metrics",Brainerd2020_120_4word_lists; Roediger2001_55_15word_lists,,brainerd2020_120::green; roediger2001_55::carpet; roediger2001_55::pen,carpet; green; pen,3.3753746541933403,0.0,0.024,"[{""dataset"": ""Brainerd2020_120_4word_lists"", ""list_id"": ""brainerd2020_120::green"", ""critical_item"": ""Green"", ""role"": ""list_word"", ""position"": ""T2""}, {""dataset"": ""Roediger2001_55_15word_lists"", ""list_id"": ""roediger2001_55::carpet"", ""critical_item"": ""carpet"", ""role"": ""list_word"", ""position"": ""T4""}, {""dataset"": ""Roediger2001_55_15word_lists"", ""list_id"": ""roediger2001_55::pen"", ""critical_item"": ""pen"", ""role"": ""list_word"", ""position"": ""T13""}]"
reek,reek,1,1,list_word,False,True,"Roediger et al. (2001) 55-list DRM pool, augmented with uploaded 2024 supplementary workbook metrics",Roediger2001_55_15word_lists,,roediger2001_55::smell,smell,1.67209785793572,0.51,0.0,"[{""dataset"": ""Roediger2001_55_15word_lists"", ""list_id"": ""roediger2001_55::smell"", ""critical_item"": ""smell"", ""role"": ""list_word"", ""position"": ""T10""}]"
refuse,Refuse; refuse,2,2,list_word,False,True,"Brainerd, Chang, & Bialer (2020); Roediger et al. (2001) 55-list DRM pool, augmented with uploaded 2024 supplementary workbook metrics",Brainerd2020_120_4word_lists; Roediger2001_55_15word_lists,,brainerd2020_120::accept; roediger2001_55::trash,accept; trash,2.27989473541593,0.017,0.0,"[{""dataset"": ""Brainerd2020_120_4word_lists"", ""list_id"": ""brainerd2020_120::accept"", ""critical_item"": ""Accept"", ""role"": ""list_word"", ""position"": ""T1""}, {""dataset"": ""Roediger2001_55_15word_lists"", ""list_id"": ""roediger2001_55::trash"", ""critical_item"": ""trash"", ""role"": ""list_word"", ""position"": ""T4""}]"
register,Register,1,1,list_word,False,True,"Brainerd, Chang, & Bialer (2020)",Brainerd2020_120_4word_lists,,brainerd2020_120::vote,vote,1.31,,,"[{""dataset"": ""Brainerd2020_120_4word_lists"", ""list_id"": ""brainerd2020_120::vote"", ""critical_item"": ""Vote"", ""role"": ""list_word"", ""position"": ""T4""}]"
regret,Regret,1,1,list_word,False,True,"Brainerd, Chang, & Bialer (2020)",Brainerd2020_120_4word_lists,,brainerd2020_120::sorry,sorry,1.49,,,"[{""dataset"": ""Brainerd2020_120_4word_lists"", ""list_id"": ""brainerd2020_120::sorry"", ""critical_item"": ""Sorry"", ""role"": ""list_word"", ""position"": ""T1""}]"
regulation,Regulation,1,1,list_word,False,True,"Brainerd, Chang, & Bialer (2020)",Brainerd2020_120_4word_lists,,brainerd2020_120::control,control,1.17,,,"[{""dataset"": ""Brainerd2020_120_4word_lists"", ""list_id"": ""brainerd2020_120::control"", ""critical_item"": ""Control"", ""role"": ""list_word"", ""position"": ""T3""}]"
reign,reign,1,1,list_word,False,True,"Roediger et al. (2001) 55-list DRM pool, augmented with uploaded 2024 supplementary workbook metrics",Roediger2001_55_15word_lists,,roediger2001_55::king,king,2.20411998265592,0.383,0.0,"[{""dataset"": ""Roediger2001_55_15word_lists"", ""list_id"": ""roediger2001_55::king"", ""critical_item"": ""king"", ""role"": ""list_word"", ""position"": ""T15""}]"
relative,Relative,1,1,list_word,False,True,"Brainerd, Chang, & Bialer (2020)",Brainerd2020_120_4word_lists,,brainerd2020_120::sorry,sorry,1.61,,,"[{""dataset"": ""Brainerd2020_120_4word_lists"", ""list_id"": ""brainerd2020_120::sorry"", ""critical_item"": ""Sorry"", ""role"": ""list_word"", ""position"": ""T4""}]"
relax,Relax,1,1,list_word,False,True,"Brainerd, Chang, & Bialer (2020)",Brainerd2020_120_4word_lists,,brainerd2020_120::sleep,sleep,1.14,,,"[{""dataset"": ""Brainerd2020_120_4word_lists"", ""list_id"": ""brainerd2020_120::sleep"", ""critical_item"": ""Sleep"", ""role"": ""list_word"", ""position"": ""T1""}]"
release,Release,1,1,list_word,False,True,"Brainerd, Chang, & Bialer (2020)",Brainerd2020_120_4word_lists,,brainerd2020_120::hold,hold,1.87,,,"[{""dataset"": ""Brainerd2020_120_4word_lists"", ""list_id"": ""brainerd2020_120::hold"", ""critical_item"": ""Hold"", ""role"": ""list_word"", ""position"": ""T4""}]"
reply,Reply,1,1,list_word,False,True,"Brainerd, Chang, & Bialer (2020)",Brainerd2020_120_4word_lists,,brainerd2020_120::middle,middle,1.86,,,"[{""dataset"": ""Brainerd2020_120_4word_lists"", ""list_id"": ""brainerd2020_120::middle"", ""critical_item"": ""Middle"", ""role"": ""list_word"", ""position"": ""T4""}]"
resilient,resilient,1,1,list_word,False,True,"Roediger et al. (2001) 55-list DRM pool, augmented with uploaded 2024 supplementary workbook metrics",Roediger2001_55_15word_lists,,roediger2001_55::rubber,rubber,1.46239799789896,0.0,0.0,"[{""dataset"": ""Roediger2001_55_15word_lists"", ""list_id"": ""roediger2001_55::rubber"", ""critical_item"": ""rubber"", ""role"": ""list_word"", ""position"": ""T14""}]"
response,Response,1,1,list_word,False,True,"Brainerd, Chang, & Bialer (2020)",Brainerd2020_120_4word_lists,,brainerd2020_120::large,large,1.85,,,"[{""dataset"": ""Brainerd2020_120_4word_lists"", ""list_id"": ""brainerd2020_120::large"", ""critical_item"": ""Large"", ""role"": ""list_word"", ""position"": ""T3""}]"
rest,rest,1,1,list_word,False,True,"Roediger et al. (2001) 55-list DRM pool, augmented with uploaded 2024 supplementary workbook metrics",Roediger2001_55_15word_lists,,roediger2001_55::sleep,sleep,4.03590979845661,0.475,0.163,"[{""dataset"": ""Roediger2001_55_15word_lists"", ""list_id"": ""roediger2001_55::sleep"", ""critical_item"": ""sleep"", ""role"": ""list_word"", ""position"": ""T2""}]"
rhyme,Rhyme,1,1,list_word,False,True,"Brainerd, Chang, & Bialer (2020)",Brainerd2020_120_4word_lists,,brainerd2020_120::doctor,doctor,0.73,,,"[{""dataset"": ""Brainerd2020_120_4word_lists"", ""list_id"": ""brainerd2020_120::doctor"", ""critical_item"": ""Doctor"", ""role"": ""list_word"", ""position"": ""T3""}]"
rhythm,rhythm,1,1,list_word,False,True,"Roediger et al. (2001) 55-list DRM pool, augmented with uploaded 2024 supplementary workbook metrics",Roediger2001_55_15word_lists,,roediger2001_55::music,music,2.74585519517373,0.277,0.0,"[{""dataset"": ""Roediger2001_55_15word_lists"", ""list_id"": ""roediger2001_55::music"", ""critical_item"": ""music"", ""role"": ""list_word"", ""position"": ""T15""}]"
rice,rice,1,1,list_word,False,True,"Roediger et al. (2001) 55-list DRM pool, augmented with uploaded 2024 supplementary workbook metrics",Roediger2001_55_15word_lists,,roediger2001_55::bitter,bitter,2.88649072517248,0.0,0.0,"[{""dataset"": ""Roediger2001_55_15word_lists"", ""list_id"": ""roediger2001_55::bitter"", ""critical_item"": ""bitter"", ""role"": ""list_word"", ""position"": ""T5""}]"
rich,Rich,1,1,list_word,False,True,"Brainerd, Chang, & Bialer (2020)",Brainerd2020_120_4word_lists,,brainerd2020_120::famous,famous,2.03,,,"[{""dataset"": ""Brainerd2020_120_4word_lists"", ""list_id"": ""brainerd2020_120::famous"", ""critical_item"": ""Famous"", ""role"": ""list_word"", ""position"": ""T3""}]"
riders,riders,1,1,list_word,False,True,"Roediger et al. (2001) 55-list DRM pool, augmented with uploaded 2024 supplementary workbook metrics",Roediger2001_55_15word_lists,,roediger2001_55::rough,rough,2.20139712432045,0.027,0.0,"[{""dataset"": ""Roediger2001_55_15word_lists"", ""list_id"": ""roediger2001_55::rough"", ""critical_item"": ""rough"", ""role"": ""list_word"", ""position"": ""T10""}]"
rifle,Rifle; rifle,2,2,list_word,False,True,"Brainerd, Chang, & Bialer (2020); Roediger et al. (2001) 55-list DRM pool, augmented with uploaded 2024 supplementary workbook metrics",Brainerd2020_120_4word_lists; Roediger2001_55_15word_lists,,brainerd2020_120::gun; roediger2001_55::army,army; gun,1.31,0.0,0.0,"[{""dataset"": ""Brainerd2020_120_4word_lists"", ""list_id"": ""brainerd2020_120::gun"", ""critical_item"": ""Gun"", ""role"": ""list_word"", ""position"": ""T3""}, {""dataset"": ""Roediger2001_55_15word_lists"", ""list_id"": ""roediger2001_55::army"", ""critical_item"": ""army"", ""role"": ""list_word"", ""position"": ""T4""}]"
right,right,1,1,list_word,False,True,"Roediger et al. (2001) 55-list DRM pool, augmented with uploaded 2024 supplementary workbook metrics",Roediger2001_55_15word_lists,,roediger2001_55::justice,justice,5.31054250421518,0.0,0.021,"[{""dataset"": ""Roediger2001_55_15word_lists"", ""list_id"": ""roediger2001_55::justice"", ""critical_item"": ""justice"", ""role"": ""list_word"", ""position"": ""T5""}]"
rights,Rights,1,1,list_word,False,True,"Brainerd, Chang, & Bialer (2020)",Brainerd2020_120_4word_lists,,brainerd2020_120::window,window,1.95,,,"[{""dataset"": ""Brainerd2020_120_4word_lists"", ""list_id"": ""brainerd2020_120::window"", ""critical_item"": ""Window"", ""role"": ""list_word"", ""position"": ""T4""}]"
ring,Ring; ring,2,2,critical_distractor; list_word,True,True,"Brainerd, Chang, & Bialer (2020); Roediger et al. (2001) 55-list DRM pool, augmented with uploaded 2024 supplementary workbook metrics",Brainerd2020_120_4word_lists; Roediger2001_55_15word_lists,brainerd2020_120::ring,roediger2001_55::wish,wish,2.6724764740242852,0.0,0.0,"[{""dataset"": ""Brainerd2020_120_4word_lists"", ""list_id"": ""brainerd2020_120::ring"", ""critical_item"": ""Ring"", ""role"": ""critical_distractor"", ""position"": ""CD""}, {""dataset"": ""Roediger2001_55_15word_lists"", ""list_id"": ""roediger2001_55::wish"", ""critical_item"": ""wish"", ""role"": ""list_word"", ""position"": ""T9""}]"
ripe,ripe,1,1,list_word,False,True,"Roediger et al. (2001) 55-list DRM pool, augmented with uploaded 2024 supplementary workbook metrics",Roediger2001_55_15word_lists,,roediger2001_55::fruit,fruit,2.33041377334919,0.151,0.0,"[{""dataset"": ""Roediger2001_55_15word_lists"", ""list_id"": ""roediger2001_55::fruit"", ""critical_item"": ""fruit"", ""role"": ""list_word"", ""position"": ""T6""}]"
risk,Risk,1,1,list_word,False,True,"Brainerd, Chang, & Bialer (2020)",Brainerd2020_120_4word_lists,,brainerd2020_120::middle,middle,1.88,,,"[{""dataset"": ""Brainerd2020_120_4word_lists"", ""list_id"": ""brainerd2020_120::middle"", ""critical_item"": ""Middle"", ""role"": ""list_word"", ""position"": ""T2""}]"
river,River; river,3,2,critical_distractor; list_word,True,True,"Brainerd, Chang, & Bialer (2020); Roediger et al. (2001) 55-list DRM pool, augmented with uploaded 2024 supplementary workbook metrics",Brainerd2020_120_4word_lists; Roediger2001_55_15word_lists,brainerd2020_120::river; roediger2001_55::river,roediger2001_55::swift,swift,2.8508932177621453,0.0,0.0,"[{""dataset"": ""Brainerd2020_120_4word_lists"", ""list_id"": ""brainerd2020_120::river"", ""critical_item"": ""River"", ""role"": ""critical_distractor"", ""position"": ""CD""}, {""dataset"": ""Roediger2001_55_15word_lists"", ""list_id"": ""roediger2001_55::river"", ""critical_item"": ""river"", ""role"": ""critical_distractor"", ""position"": ""CD""}, {""dataset"": ""Roediger2001_55_15word_lists"", ""list_id"": ""roediger2001_55::swift"", ""critical_item"": ""swift"", ""role"": ""list_word"", ""position"": ""T3""}]"
road,Road; road,3,2,list_word,False,True,"Brainerd, Chang, & Bialer (2020); Roediger et al. (2001) 55-list DRM pool, augmented with uploaded 2024 supplementary workbook metrics",Brainerd2020_120_4word_lists; Roediger2001_55_15word_lists,,brainerd2020_120::bread; roediger2001_55::long; roediger2001_55::rough,bread; long; rough,3.2944240721639004,0.01,0.0,"[{""dataset"": ""Brainerd2020_120_4word_lists"", ""list_id"": ""brainerd2020_120::bread"", ""critical_item"": ""Bread"", ""role"": ""list_word"", ""position"": ""T4""}, {""dataset"": ""Roediger2001_55_15word_lists"", ""list_id"": ""roediger2001_55::long"", ""critical_item"": ""long"", ""role"": ""list_word"", ""position"": ""T9""}, {""dataset"": ""Roediger2001_55_15word_lists"", ""list_id"": ""roediger2001_55::rough"", ""critical_item"": ""rough"", ""role"": ""list_word"", ""position"": ""T3""}]"
roar,roar,1,1,list_word,False,True,"Roediger et al. (2001) 55-list DRM pool, augmented with uploaded 2024 supplementary workbook metrics",Roediger2001_55_15word_lists,,roediger2001_55::lion,lion,2.31386722036915,0.614,0.032,"[{""dataset"": ""Roediger2001_55_15word_lists"", ""list_id"": ""roediger2001_55::lion"", ""critical_item"": ""lion"", ""role"": ""list_word"", ""position"": ""T11""}]"
rob,rob,1,1,list_word,False,True,"Roediger et al. (2001) 55-list DRM pool, augmented with uploaded 2024 supplementary workbook metrics",Roediger2001_55_15word_lists,,roediger2001_55::thief,thief,2.38021124171161,0.074,0.0,"[{""dataset"": ""Roediger2001_55_15word_lists"", ""list_id"": ""roediger2001_55::thief"", ""critical_item"": ""thief"", ""role"": ""list_word"", ""position"": ""T8""}]"
robber,robber,1,1,list_word,False,True,"Roediger et al. (2001) 55-list DRM pool, augmented with uploaded 2024 supplementary workbook metrics",Roediger2001_55_15word_lists,,roediger2001_55::thief,thief,2.38021124171161,0.361,0.224,"[{""dataset"": ""Roediger2001_55_15word_lists"", ""list_id"": ""roediger2001_55::thief"", ""critical_item"": ""thief"", ""role"": ""list_word"", ""position"": ""T2""}]"
robust,robust,1,1,list_word,False,True,"Roediger et al. (2001) 55-list DRM pool, augmented with uploaded 2024 supplementary workbook metrics",Roediger2001_55_15word_lists,,roediger2001_55::health,health,1.56820172406699,0.0,0.0,"[{""dataset"": ""Roediger2001_55_15word_lists"", ""list_id"": ""roediger2001_55::health"", ""critical_item"": ""health"", ""role"": ""list_word"", ""position"": ""T15""}]"
rock,Rock,1,1,critical_distractor,True,False,"Brainerd, Chang, & Bialer (2020)",Brainerd2020_120_4word_lists,brainerd2020_120::rock,,,1.92,,,"[{""dataset"": ""Brainerd2020_120_4word_lists"", ""list_id"": ""brainerd2020_120::rock"", ""critical_item"": ""Rock"", ""role"": ""critical_distractor"", ""position"": ""CD""}]"
rocking,rocking,1,1,list_word,False,True,"Roediger et al. (2001) 55-list DRM pool, augmented with uploaded 2024 supplementary workbook metrics",Roediger2001_55_15word_lists,,roediger2001_55::chair,chair,2.35024801833416,0.593,0.019,"[{""dataset"": ""Roediger2001_55_15word_lists"", ""list_id"": ""roediger2001_55::chair"", ""critical_item"": ""chair"", ""role"": ""list_word"", ""position"": ""T14""}]"
roll,Roll,1,1,list_word,False,True,"Brainerd, Chang, & Bialer (2020)",Brainerd2020_120_4word_lists,,brainerd2020_120::rock,rock,1.54,,,"[{""dataset"": ""Brainerd2020_120_4word_lists"", ""list_id"": ""brainerd2020_120::rock"", ""critical_item"": ""Rock"", ""role"": ""list_word"", ""position"": ""T4""}]"
roof,Roof,1,1,critical_distractor,True,False,"Brainerd, Chang, & Bialer (2020)",Brainerd2020_120_4word_lists,brainerd2020_120::roof,,,1.72,,,"[{""dataset"": ""Brainerd2020_120_4word_lists"", ""list_id"": ""brainerd2020_120::roof"", ""critical_item"": ""Roof"", ""role"": ""critical_distractor"", ""position"": ""CD""}]"
room,room,1,1,list_word,False,True,"Roediger et al. (2001) 55-list DRM pool, augmented with uploaded 2024 supplementary workbook metrics",Roediger2001_55_15word_lists,,roediger2001_55::carpet,carpet,4.3505581179417,0.0,0.0,"[{""dataset"": ""Roediger2001_55_15word_lists"", ""list_id"": ""roediger2001_55::carpet"", ""critical_item"": ""carpet"", ""role"": ""list_word"", ""position"": ""T9""}]"
rope,Rope; rope,2,2,critical_distractor; list_word,True,True,"Brainerd, Chang, & Bialer (2020); Roediger et al. (2001) 55-list DRM pool, augmented with uploaded 2024 supplementary workbook metrics",Brainerd2020_120_4word_lists; Roediger2001_55_15word_lists,brainerd2020_120::rope,roediger2001_55::long,long,2.2720417179818,0.0,0.0,"[{""dataset"": ""Brainerd2020_120_4word_lists"", ""list_id"": ""brainerd2020_120::rope"", ""critical_item"": ""Rope"", ""role"": ""critical_distractor"", ""position"": ""CD""}, {""dataset"": ""Roediger2001_55_15word_lists"", ""list_id"": ""roediger2001_55::long"", ""critical_item"": ""long"", ""role"": ""list_word"", ""position"": ""T15""}]"
rose,rose,1,1,list_word,False,True,"Roediger et al. (2001) 55-list DRM pool, augmented with uploaded 2024 supplementary workbook metrics",Roediger2001_55_15word_lists,,roediger2001_55::smell,smell,3.43216726944259,0.034,0.0,"[{""dataset"": ""Roediger2001_55_15word_lists"", ""list_id"": ""roediger2001_55::smell"", ""critical_item"": ""smell"", ""role"": ""list_word"", ""position"": ""T15""}]"
roses,roses,1,1,list_word,False,True,"Roediger et al. (2001) 55-list DRM pool, augmented with uploaded 2024 supplementary workbook metrics",Roediger2001_55_15word_lists,,roediger2001_55::cottage,cottage,2.85973856619715,0.0,0.0,"[{""dataset"": ""Roediger2001_55_15word_lists"", ""list_id"": ""roediger2001_55::cottage"", ""critical_item"": ""cottage"", ""role"": ""list_word"", ""position"": ""T13""}]"
rough,Rough; rough,2,2,critical_distractor; list_word,True,True,"Brainerd, Chang, & Bialer (2020); Roediger et al. (2001) 55-list DRM pool, augmented with uploaded 2024 supplementary workbook metrics",Brainerd2020_120_4word_lists; Roediger2001_55_15word_lists,roediger2001_55::rough,brainerd2020_120::harsh,harsh,2.50528918518404,,,"[{""dataset"": ""Brainerd2020_120_4word_lists"", ""list_id"": ""brainerd2020_120::harsh"", ""critical_item"": ""Harsh"", ""role"": ""list_word"", ""position"": ""T1""}, {""dataset"": ""Roediger2001_55_15word_lists"", ""list_id"": ""roediger2001_55::rough"", ""critical_item"": ""rough"", ""role"": ""critical_distractor"", ""position"": ""CD""}]"
round,Round,1,1,list_word,False,True,"Brainerd, Chang, & Bialer (2020)",Brainerd2020_120_4word_lists,,brainerd2020_120::square,square,2.56,,,"[{""dataset"": ""Brainerd2020_120_4word_lists"", ""list_id"": ""brainerd2020_120::square"", ""critical_item"": ""Square"", ""role"": ""list_word"", ""position"": ""T3""}]"
routine,Routine,1,1,list_word,False,True,"Brainerd, Chang, & Bialer (2020)",Brainerd2020_120_4word_lists,,brainerd2020_120::schedule,schedule,1.44,,,"[{""dataset"": ""Brainerd2020_120_4word_lists"", ""list_id"": ""brainerd2020_120::schedule"", ""critical_item"": ""Schedule"", ""role"": ""list_word"", ""position"": ""T2""}]"
royal,royal,1,1,list_word,False,True,"Roediger et al. (2001) 55-list DRM pool, augmented with uploaded 2024 supplementary workbook metrics",Roediger2001_55_15word_lists,,roediger2001_55::king,king,3.07408468902824,0.315,0.016,"[{""dataset"": ""Roediger2001_55_15word_lists"", ""list_id"": ""roediger2001_55::king"", ""critical_item"": ""king"", ""role"": ""list_word"", ""position"": ""T13""}]"
rubber,rubber,1,1,critical_distractor,True,False,"Roediger et al. (2001) 55-list DRM pool, augmented with uploaded 2024 supplementary workbook metrics",Roediger2001_55_15word_lists,roediger2001_55::rubber,,,2.85430604180108,,,"[{""dataset"": ""Roediger2001_55_15word_lists"", ""list_id"": ""roediger2001_55::rubber"", ""critical_item"": ""rubber"", ""role"": ""critical_distractor"", ""position"": ""CD""}]"
rubbish,rubbish,1,1,list_word,False,True,"Roediger et al. (2001) 55-list DRM pool, augmented with uploaded 2024 supplementary workbook metrics",Roediger2001_55_15word_lists,,roediger2001_55::trash,trash,2.45636603312904,0.397,0.013,"[{""dataset"": ""Roediger2001_55_15word_lists"", ""list_id"": ""roediger2001_55::trash"", ""critical_item"": ""trash"", ""role"": ""list_word"", ""position"": ""T8""}]"
rug,rug,1,1,list_word,False,True,"Roediger et al. (2001) 55-list DRM pool, augmented with uploaded 2024 supplementary workbook metrics",Roediger2001_55_15word_lists,,roediger2001_55::carpet,carpet,2.72591163229505,0.468,0.248,"[{""dataset"": ""Roediger2001_55_15word_lists"", ""list_id"": ""roediger2001_55::carpet"", ""critical_item"": ""carpet"", ""role"": ""list_word"", ""position"": ""T1""}]"
rule,Rule; rule,2,2,critical_distractor; list_word,True,True,"Brainerd, Chang, & Bialer (2020); Roediger et al. (2001) 55-list DRM pool, augmented with uploaded 2024 supplementary workbook metrics",Brainerd2020_120_4word_lists; Roediger2001_55_15word_lists,brainerd2020_120::rule,roediger2001_55::king,king,2.660114181234565,0.014,0.031,"[{""dataset"": ""Brainerd2020_120_4word_lists"", ""list_id"": ""brainerd2020_120::rule"", ""critical_item"": ""Rule"", ""role"": ""critical_distractor"", ""position"": ""CD""}, {""dataset"": ""Roediger2001_55_15word_lists"", ""list_id"": ""roediger2001_55::king"", ""critical_item"": ""king"", ""role"": ""list_word"", ""position"": ""T10""}]"
rum,rum,1,1,list_word,False,True,"Roediger et al. (2001) 55-list DRM pool, augmented with uploaded 2024 supplementary workbook metrics",Roediger2001_55_15word_lists,,roediger2001_55::whiskey,whiskey,2.58319877396862,0.035,0.081,"[{""dataset"": ""Roediger2001_55_15word_lists"", ""list_id"": ""roediger2001_55::whiskey"", ""critical_item"": ""whiskey"", ""role"": ""list_word"", ""position"": ""T11""}]"
run,Run; run,3,2,list_word,False,True,"Brainerd, Chang, & Bialer (2020); Roediger et al. (2001) 55-list DRM pool, augmented with uploaded 2024 supplementary workbook metrics",Brainerd2020_120_4word_lists; Roediger2001_55_15word_lists,,brainerd2020_120::order; roediger2001_55::river; roediger2001_55::swift,order; river; swift,3.296171612190045,0.0,0.02,"[{""dataset"": ""Brainerd2020_120_4word_lists"", ""list_id"": ""brainerd2020_120::order"", ""critical_item"": ""Order"", ""role"": ""list_word"", ""position"": ""T2""}, {""dataset"": ""Roediger2001_55_15word_lists"", ""list_id"": ""roediger2001_55::river"", ""critical_item"": ""river"", ""role"": ""list_word"", ""position"": ""T9""}, {""dataset"": ""Roediger2001_55_15word_lists"", ""list_id"": ""roediger2001_55::swift"", ""critical_item"": ""swift"", ""role"": ""list_word"", ""position"": ""T11""}]"
rye,Rye; rye,3,2,list_word,False,True,"Brainerd, Chang, & Bialer (2020); Roediger et al. (2001) 55-list DRM pool, augmented with uploaded 2024 supplementary workbook metrics",Brainerd2020_120_4word_lists; Roediger2001_55_15word_lists,,brainerd2020_120::equal; roediger2001_55::bread; roediger2001_55::whiskey,bread; equal; whiskey,1.7789197356258264,0.3955,0.0,"[{""dataset"": ""Brainerd2020_120_4word_lists"", ""list_id"": ""brainerd2020_120::equal"", ""critical_item"": ""Equal"", ""role"": ""list_word"", ""position"": ""T2""}, {""dataset"": ""Roediger2001_55_15word_lists"", ""list_id"": ""roediger2001_55::bread"", ""critical_item"": ""bread"", ""role"": ""list_word"", ""position"": ""T5""}, {""dataset"": ""Roediger2001_55_15word_lists"", ""list_id"": ""roediger2001_55::whiskey"", ""critical_item"": ""whiskey"", ""role"": ""list_word"", ""position"": ""T8""}]"
sad,Sad; sad,2,2,critical_distractor; list_word,True,True,"Brainerd, Chang, & Bialer (2020); Roediger et al. (2001) 55-list DRM pool, augmented with uploaded 2024 supplementary workbook metrics",Brainerd2020_120_4word_lists; Roediger2001_55_15word_lists,brainerd2020_120::sad,roediger2001_55::trouble,trouble,2.64480285230578,0.0,0.0,"[{""dataset"": ""Brainerd2020_120_4word_lists"", ""list_id"": ""brainerd2020_120::sad"", ""critical_item"": ""Sad"", ""role"": ""critical_distractor"", ""position"": ""CD""}, {""dataset"": ""Roediger2001_55_15word_lists"", ""list_id"": ""roediger2001_55::trouble"", ""critical_item"": ""trouble"", ""role"": ""list_word"", ""position"": ""T11""}]"
saddle,Saddle,1,1,list_word,False,True,"Brainerd, Chang, & Bialer (2020)",Brainerd2020_120_4word_lists,,brainerd2020_120::horse,horse,1.42,,,"[{""dataset"": ""Brainerd2020_120_4word_lists"", ""list_id"": ""brainerd2020_120::horse"", ""critical_item"": ""Horse"", ""role"": ""list_word"", ""position"": ""T1""}]"
safe,Safe,1,1,list_word,False,True,"Brainerd, Chang, & Bialer (2020)",Brainerd2020_120_4word_lists,,brainerd2020_120::crowd,crowd,1.94,,,"[{""dataset"": ""Brainerd2020_120_4word_lists"", ""list_id"": ""brainerd2020_120::crowd"", ""critical_item"": ""Crowd"", ""role"": ""list_word"", ""position"": ""T3""}]"
salad,salad,2,1,list_word,False,True,"Roediger et al. (2001) 55-list DRM pool, augmented with uploaded 2024 supplementary workbook metrics",Roediger2001_55_15word_lists,,roediger2001_55::cabbage; roediger2001_55::fruit,cabbage; fruit,2.93901977644867,0.0,0.011,"[{""dataset"": ""Roediger2001_55_15word_lists"", ""list_id"": ""roediger2001_55::cabbage"", ""critical_item"": ""cabbage"", ""role"": ""list_word"", ""position"": ""T5""}, {""dataset"": ""Roediger2001_55_15word_lists"", ""list_id"": ""roediger2001_55::fruit"", ""critical_item"": ""fruit"", ""role"": ""list_word"", ""position"": ""T13""}]"
salts,salts,1,1,list_word,False,True,"Roediger et al. (2001) 55-list DRM pool, augmented with uploaded 2024 supplementary workbook metrics",Roediger2001_55_15word_lists,,roediger2001_55::smell,smell,1.86923171973098,0.028,0.0,"[{""dataset"": ""Roediger2001_55_15word_lists"", ""list_id"": ""roediger2001_55::smell"", ""critical_item"": ""smell"", ""role"": ""list_word"", ""position"": ""T14""}]"
sand,sand,1,1,list_word,False,True,"Roediger et al. (2001) 55-list DRM pool, augmented with uploaded 2024 supplementary workbook metrics",Roediger2001_55_15word_lists,,roediger2001_55::rough,rough,3.01535975540921,0.0,0.0,"[{""dataset"": ""Roediger2001_55_15word_lists"", ""list_id"": ""roediger2001_55::rough"", ""critical_item"": ""rough"", ""role"": ""list_word"", ""position"": ""T12""}]"
sandals,sandals,1,1,list_word,False,True,"Roediger et al. (2001) 55-list DRM pool, augmented with uploaded 2024 supplementary workbook metrics",Roediger2001_55_15word_lists,,roediger2001_55::foot,foot,1.94939000664491,0.209,0.0,"[{""dataset"": ""Roediger2001_55_15word_lists"", ""list_id"": ""roediger2001_55::foot"", ""critical_item"": ""foot"", ""role"": ""list_word"", ""position"": ""T5""}]"
sandpaper,sandpaper,1,1,list_word,False,True,"Roediger et al. (2001) 55-list DRM pool, augmented with uploaded 2024 supplementary workbook metrics",Roediger2001_55_15word_lists,,roediger2001_55::rough,rough,1.36172783601759,0.429,0.041,"[{""dataset"": ""Roediger2001_55_15word_lists"", ""list_id"": ""roediger2001_55::rough"", ""critical_item"": ""rough"", ""role"": ""list_word"", ""position"": ""T5""}]"
sandwich,sandwich,1,1,list_word,False,True,"Roediger et al. (2001) 55-list DRM pool, augmented with uploaded 2024 supplementary workbook metrics",Roediger2001_55_15word_lists,,roediger2001_55::bread,bread,3.04883008652835,0.067,0.026,"[{""dataset"": ""Roediger2001_55_15word_lists"", ""list_id"": ""roediger2001_55::bread"", ""critical_item"": ""bread"", ""role"": ""list_word"", ""position"": ""T4""}]"
sash,sash,1,1,list_word,False,True,"Roediger et al. (2001) 55-list DRM pool, augmented with uploaded 2024 supplementary workbook metrics",Roediger2001_55_15word_lists,,roediger2001_55::window,window,1.77085201164214,0.0,0.0,"[{""dataset"": ""Roediger2001_55_15word_lists"", ""list_id"": ""roediger2001_55::window"", ""critical_item"": ""window"", ""role"": ""list_word"", ""position"": ""T13""}]"
satan,Satan,1,1,list_word,False,True,"Brainerd, Chang, & Bialer (2020)",Brainerd2020_120_4word_lists,,brainerd2020_120::determine,determine,1.02,,,"[{""dataset"": ""Brainerd2020_120_4word_lists"", ""list_id"": ""brainerd2020_120::determine"", ""critical_item"": ""Determine"", ""role"": ""list_word"", ""position"": ""T4""}]"
saucer,saucer,1,1,list_word,False,True,"Roediger et al. (2001) 55-list DRM pool, augmented with uploaded 2024 supplementary workbook metrics",Roediger2001_55_15word_lists,,roediger2001_55::cup,cup,2.14921911265538,0.527,0.418,"[{""dataset"": ""Roediger2001_55_15word_lists"", ""list_id"": ""roediger2001_55::cup"", ""critical_item"": ""cup"", ""role"": ""list_word"", ""position"": ""T2""}]"
sauerkraut,sauerkraut,1,1,list_word,False,True,"Roediger et al. (2001) 55-list DRM pool, augmented with uploaded 2024 supplementary workbook metrics",Roediger2001_55_15word_lists,,roediger2001_55::cabbage,cabbage,1.7160033436348,0.042,0.0,"[{""dataset"": ""Roediger2001_55_15word_lists"", ""list_id"": ""roediger2001_55::cabbage"", ""critical_item"": ""cabbage"", ""role"": ""list_word"", ""position"": ""T9""}]"
save,Save,1,1,critical_distractor,True,False,"Brainerd, Chang, & Bialer (2020)",Brainerd2020_120_4word_lists,brainerd2020_120::save,,,2.09,,,"[{""dataset"": ""Brainerd2020_120_4word_lists"", ""list_id"": ""brainerd2020_120::save"", ""critical_item"": ""Save"", ""role"": ""critical_distractor"", ""position"": ""CD""}]"
scared,Scared,1,1,list_word,False,True,"Brainerd, Chang, & Bialer (2020)",Brainerd2020_120_4word_lists,,brainerd2020_120::disaster,disaster,1.23,,,"[{""dataset"": ""Brainerd2020_120_4word_lists"", ""list_id"": ""brainerd2020_120::disaster"", ""critical_item"": ""Disaster"", ""role"": ""list_word"", ""position"": ""T3""}]"
scene,scene,1,1,list_word,False,True,"Roediger et al. (2001) 55-list DRM pool, augmented with uploaded 2024 supplementary workbook metrics",Roediger2001_55_15word_lists,,roediger2001_55::beautiful,beautiful,3.58069693971244,0.024,0.0,"[{""dataset"": ""Roediger2001_55_15word_lists"", ""list_id"": ""roediger2001_55::beautiful"", ""critical_item"": ""beautiful"", ""role"": ""list_word"", ""position"": ""T12""}]"
scent,scent,1,1,list_word,False,True,"Roediger et al. (2001) 55-list DRM pool, augmented with uploaded 2024 supplementary workbook metrics",Roediger2001_55_15word_lists,,roediger2001_55::smell,smell,2.48429983934679,0.625,0.029,"[{""dataset"": ""Roediger2001_55_15word_lists"", ""list_id"": ""roediger2001_55::smell"", ""critical_item"": ""smell"", ""role"": ""list_word"", ""position"": ""T9""}]"
schedule,Schedule,1,1,critical_distractor,True,False,"Brainerd, Chang, & Bialer (2020)",Brainerd2020_120_4word_lists,brainerd2020_120::schedule,,,1.24,,,"[{""dataset"": ""Brainerd2020_120_4word_lists"", ""list_id"": ""brainerd2020_120::schedule"", ""critical_item"": ""Schedule"", ""role"": ""critical_distractor"", ""position"": ""CD""}]"
scheme,Scheme,1,1,list_word,False,True,"Brainerd, Chang, & Bialer (2020)",Brainerd2020_120_4word_lists,,brainerd2020_120::black,black,1.85,,,"[{""dataset"": ""Brainerd2020_120_4word_lists"", ""list_id"": ""brainerd2020_120::black"", ""critical_item"": ""Black"", ""role"": ""list_word"", ""position"": ""T3""}]"
school,School; school,2,2,list_word,False,True,"Brainerd, Chang, & Bialer (2020); Roediger et al. (2001) 55-list DRM pool, augmented with uploaded 2024 supplementary workbook metrics",Brainerd2020_120_4word_lists; Roediger2001_55_15word_lists,,brainerd2020_120::class; roediger2001_55::trouble,class; trouble,3.315096689434525,0.0,0.0,"[{""dataset"": ""Brainerd2020_120_4word_lists"", ""list_id"": ""brainerd2020_120::class"", ""critical_item"": ""Class"", ""role"": ""list_word"", ""position"": ""T2""}, {""dataset"": ""Roediger2001_55_15word_lists"", ""list_id"": ""roediger2001_55::trouble"", ""critical_item"": ""trouble"", ""role"": ""list_word"", ""position"": ""T7""}]"
science,Science,1,1,critical_distractor,True,False,"Brainerd, Chang, & Bialer (2020)",Brainerd2020_120_4word_lists,brainerd2020_120::science,,,2.03,,,"[{""dataset"": ""Brainerd2020_120_4word_lists"", ""list_id"": ""brainerd2020_120::science"", ""critical_item"": ""Science"", ""role"": ""critical_distractor"", ""position"": ""CD""}]"
scientist,Scientist,1,1,list_word,False,True,"Brainerd, Chang, & Bialer (2020)",Brainerd2020_120_4word_lists,,brainerd2020_120::science,science,1.08,,,"[{""dataset"": ""Brainerd2020_120_4word_lists"", ""list_id"": ""brainerd2020_120::science"", ""critical_item"": ""Science"", ""role"": ""list_word"", ""position"": ""T1""}]"
scotch,scotch,1,1,list_word,False,True,"Roediger et al. (2001) 55-list DRM pool, augmented with uploaded 2024 supplementary workbook metrics",Roediger2001_55_15word_lists,,roediger2001_55::whiskey,whiskey,2.8767949762007,0.135,0.04,"[{""dataset"": ""Roediger2001_55_15word_lists"", ""list_id"": ""roediger2001_55::whiskey"", ""critical_item"": ""whiskey"", ""role"": ""list_word"", ""position"": ""T15""}]"
scraps,scraps,1,1,list_word,False,True,"Roediger et al. (2001) 55-list DRM pool, augmented with uploaded 2024 supplementary workbook metrics",Roediger2001_55_15word_lists,,roediger2001_55::trash,trash,2.02118929906994,0.048,0.0,"[{""dataset"": ""Roediger2001_55_15word_lists"", ""list_id"": ""roediger2001_55::trash"", ""critical_item"": ""trash"", ""role"": ""list_word"", ""position"": ""T10""}]"
screen,screen,1,1,list_word,False,True,"Roediger et al. (2001) 55-list DRM pool, augmented with uploaded 2024 supplementary workbook metrics",Roediger2001_55_15word_lists,,roediger2001_55::window,window,3.07700432679335,0.027,0.0,"[{""dataset"": ""Roediger2001_55_15word_lists"", ""list_id"": ""roediger2001_55::window"", ""critical_item"": ""window"", ""role"": ""list_word"", ""position"": ""T14""}]"
scribble,scribble,1,1,list_word,False,True,"Roediger et al. (2001) 55-list DRM pool, augmented with uploaded 2024 supplementary workbook metrics",Roediger2001_55_15word_lists,,roediger2001_55::pen,pen,1.51851393987789,0.02,0.0,"[{""dataset"": ""Roediger2001_55_15word_lists"", ""list_id"": ""roediger2001_55::pen"", ""critical_item"": ""pen"", ""role"": ""list_word"", ""position"": ""T8""}]"
seat,Seat; seat,2,2,list_word,False,True,"Brainerd, Chang, & Bialer (2020); Roediger et al. (2001) 55-list DRM pool, augmented with uploaded 2024 supplementary workbook metrics",Brainerd2020_120_4word_lists; Roediger2001_55_15word_lists,,brainerd2020_120::chair; roediger2001_55::chair,chair,2.76205900309602,0.543,0.109,"[{""dataset"": ""Brainerd2020_120_4word_lists"", ""list_id"": ""brainerd2020_120::chair"", ""critical_item"": ""Chair"", ""role"": ""list_word"", ""position"": ""T2""}, {""dataset"": ""Roediger2001_55_15word_lists"", ""list_id"": ""roediger2001_55::chair"", ""critical_item"": ""chair"", ""role"": ""list_word"", ""position"": ""T4""}]"
secluded,Secluded,1,1,list_word,False,True,"Brainerd, Chang, & Bialer (2020)",Brainerd2020_120_4word_lists,,brainerd2020_120::private,private,0.66,,,"[{""dataset"": ""Brainerd2020_120_4word_lists"", ""list_id"": ""brainerd2020_120::private"", ""critical_item"": ""Private"", ""role"": ""list_word"", ""position"": ""T3""}]"
secret,Secret,1,1,list_word,False,True,"Brainerd, Chang, & Bialer (2020)",Brainerd2020_120_4word_lists,,brainerd2020_120::private,private,2.04,,,"[{""dataset"": ""Brainerd2020_120_4word_lists"", ""list_id"": ""brainerd2020_120::private"", ""critical_item"": ""Private"", ""role"": ""list_word"", ""position"": ""T4""}]"
secretary,Secretary,1,1,list_word,False,True,"Brainerd, Chang, & Bialer (2020)",Brainerd2020_120_4word_lists,,brainerd2020_120::window,window,1.91,,,"[{""dataset"": ""Brainerd2020_120_4word_lists"", ""list_id"": ""brainerd2020_120::window"", ""critical_item"": ""Window"", ""role"": ""list_word"", ""position"": ""T3""}]"
sedan,sedan,1,1,list_word,False,True,"Roediger et al. (2001) 55-list DRM pool, augmented with uploaded 2024 supplementary workbook metrics",Roediger2001_55_15word_lists,,roediger2001_55::car,car,1.95904139232109,0.51,0.0,"[{""dataset"": ""Roediger2001_55_15word_lists"", ""list_id"": ""roediger2001_55::car"", ""critical_item"": ""car"", ""role"": ""list_word"", ""position"": ""T13""}]"
see,see,1,1,list_word,False,True,"Roediger et al. (2001) 55-list DRM pool, augmented with uploaded 2024 supplementary workbook metrics",Roediger2001_55_15word_lists,,roediger2001_55::smell,smell,5.11525760806122,0.0,0.0,"[{""dataset"": ""Roediger2001_55_15word_lists"", ""list_id"": ""roediger2001_55::smell"", ""critical_item"": ""smell"", ""role"": ""list_word"", ""position"": ""T6""}]"
sell,Sell,1,1,list_word,False,True,"Brainerd, Chang, & Bialer (2020)",Brainerd2020_120_4word_lists,,brainerd2020_120::black,black,1.81,,,"[{""dataset"": ""Brainerd2020_120_4word_lists"", ""list_id"": ""brainerd2020_120::black"", ""critical_item"": ""Black"", ""role"": ""list_word"", ""position"": ""T2""}]"
send,Send,1,1,list_word,False,True,"Brainerd, Chang, & Bialer (2020)",Brainerd2020_120_4word_lists,,brainerd2020_120::package,package,2.13,,,"[{""dataset"": ""Brainerd2020_120_4word_lists"", ""list_id"": ""brainerd2020_120::package"", ""critical_item"": ""Package"", ""role"": ""list_word"", ""position"": ""T4""}]"
sense,Sense,1,1,list_word,False,True,"Brainerd, Chang, & Bialer (2020)",Brainerd2020_120_4word_lists,,brainerd2020_120::taste,taste,2.36,,,"[{""dataset"": ""Brainerd2020_120_4word_lists"", ""list_id"": ""brainerd2020_120::taste"", ""critical_item"": ""Taste"", ""role"": ""list_word"", ""position"": ""T3""}]"
service,service,1,1,list_word,False,True,"Roediger et al. (2001) 55-list DRM pool, augmented with uploaded 2024 supplementary workbook metrics",Roediger2001_55_15word_lists,,roediger2001_55::health,health,3.61034071145216,0.0,0.0,"[{""dataset"": ""Roediger2001_55_15word_lists"", ""list_id"": ""roediger2001_55::health"", ""critical_item"": ""health"", ""role"": ""list_word"", ""position"": ""T7""}]"
set,Set,1,1,list_word,False,True,"Brainerd, Chang, & Bialer (2020)",Brainerd2020_120_4word_lists,,brainerd2020_120::straight,straight,2.66,,,"[{""dataset"": ""Brainerd2020_120_4word_lists"", ""list_id"": ""brainerd2020_120::straight"", ""critical_item"": ""Straight"", ""role"": ""list_word"", ""position"": ""T2""}]"
severe,Severe,1,1,list_word,False,True,"Brainerd, Chang, & Bialer (2020)",Brainerd2020_120_4word_lists,,brainerd2020_120::ball,ball,1.59,,,"[{""dataset"": ""Brainerd2020_120_4word_lists"", ""list_id"": ""brainerd2020_120::ball"", ""critical_item"": ""Ball"", ""role"": ""list_word"", ""position"": ""T4""}]"
sewage,sewage,1,1,list_word,False,True,"Roediger et al. (2001) 55-list DRM pool, augmented with uploaded 2024 supplementary workbook metrics",Roediger2001_55_15word_lists,,roediger2001_55::trash,trash,1.78532983501077,0.053,0.0,"[{""dataset"": ""Roediger2001_55_15word_lists"", ""list_id"": ""roediger2001_55::trash"", ""critical_item"": ""trash"", ""role"": ""list_word"", ""position"": ""T5""}]"
sewing,sewing,1,1,list_word,False,True,"Roediger et al. (2001) 55-list DRM pool, augmented with uploaded 2024 supplementary workbook metrics",Roediger2001_55_15word_lists,,roediger2001_55::needle,needle,2.29885307640971,0.181,0.224,"[{""dataset"": ""Roediger2001_55_15word_lists"", ""list_id"": ""roediger2001_55::needle"", ""critical_item"": ""needle"", ""role"": ""list_word"", ""position"": ""T4""}]"
shade,shade,2,1,list_word,False,True,"Roediger et al. (2001) 55-list DRM pool, augmented with uploaded 2024 supplementary workbook metrics",Roediger2001_55_15word_lists,,roediger2001_55::lamp; roediger2001_55::window,lamp; window,2.48429983934679,0.0245,0.058,"[{""dataset"": ""Roediger2001_55_15word_lists"", ""list_id"": ""roediger2001_55::lamp"", ""critical_item"": ""lamp"", ""role"": ""list_word"", ""position"": ""T2""}, {""dataset"": ""Roediger2001_55_15word_lists"", ""list_id"": ""roediger2001_55::window"", ""critical_item"": ""window"", ""role"": ""list_word"", ""position"": ""T4""}]"
shape,Shape,1,1,list_word,False,True,"Brainerd, Chang, & Bialer (2020)",Brainerd2020_120_4word_lists,,brainerd2020_120::square,square,1.84,,,"[{""dataset"": ""Brainerd2020_120_4word_lists"", ""list_id"": ""brainerd2020_120::square"", ""critical_item"": ""Square"", ""role"": ""list_word"", ""position"": ""T4""}]"
sharp,sharp,2,1,list_word,False,True,"Roediger et al. (2001) 55-list DRM pool, augmented with uploaded 2024 supplementary workbook metrics",Roediger2001_55_15word_lists,,roediger2001_55::command; roediger2001_55::needle,command; needle,3.08421868673924,0.015,0.012,"[{""dataset"": ""Roediger2001_55_15word_lists"", ""list_id"": ""roediger2001_55::command"", ""critical_item"": ""command"", ""role"": ""list_word"", ""position"": ""T15""}, {""dataset"": ""Roediger2001_55_15word_lists"", ""list_id"": ""roediger2001_55::needle"", ""critical_item"": ""needle"", ""role"": ""list_word"", ""position"": ""T5""}]"
sheep,sheep,1,1,list_word,False,True,"Roediger et al. (2001) 55-list DRM pool, augmented with uploaded 2024 supplementary workbook metrics",Roediger2001_55_15word_lists,,roediger2001_55::mutton,mutton,2.83632411570675,0.0,0.027,"[{""dataset"": ""Roediger2001_55_15word_lists"", ""list_id"": ""roediger2001_55::mutton"", ""critical_item"": ""mutton"", ""role"": ""list_word"", ""position"": ""T2""}]"
shield,Shield,1,1,list_word,False,True,"Brainerd, Chang, & Bialer (2020)",Brainerd2020_120_4word_lists,,brainerd2020_120::devil,devil,1.21,,,"[{""dataset"": ""Brainerd2020_120_4word_lists"", ""list_id"": ""brainerd2020_120::devil"", ""critical_item"": ""Devil"", ""role"": ""list_word"", ""position"": ""T3""}]"
shift,Shift,1,1,list_word,False,True,"Brainerd, Chang, & Bialer (2020)",Brainerd2020_120_4word_lists,,brainerd2020_120::move,move,1.4,,,"[{""dataset"": ""Brainerd2020_120_4word_lists"", ""list_id"": ""brainerd2020_120::move"", ""critical_item"": ""Move"", ""role"": ""list_word"", ""position"": ""T3""}]"
shingle,Shingle,1,1,list_word,False,True,"Brainerd, Chang, & Bialer (2020)",Brainerd2020_120_4word_lists,,brainerd2020_120::roof,roof,0.44,,,"[{""dataset"": ""Brainerd2020_120_4word_lists"", ""list_id"": ""brainerd2020_120::roof"", ""critical_item"": ""Roof"", ""role"": ""list_word"", ""position"": ""T1""}]"
shirt,shirt,1,1,critical_distractor,True,False,"Roediger et al. (2001) 55-list DRM pool, augmented with uploaded 2024 supplementary workbook metrics",Roediger2001_55_15word_lists,roediger2001_55::shirt,,,3.37401474029191,,,"[{""dataset"": ""Roediger2001_55_15word_lists"", ""list_id"": ""roediger2001_55::shirt"", ""critical_item"": ""shirt"", ""role"": ""critical_distractor"", ""position"": ""CD""}]"
shiver,Shiver; shiver,2,2,list_word,False,True,"Brainerd, Chang, & Bialer (2020); Roediger et al. (2001) 55-list DRM pool, augmented with uploaded 2024 supplementary workbook metrics",Brainerd2020_120_4word_lists; Roediger2001_55_15word_lists,,brainerd2020_120::cold; roediger2001_55::cold,cold,1.38381354564522,0.669,0.011,"[{""dataset"": ""Brainerd2020_120_4word_lists"", ""list_id"": ""brainerd2020_120::cold"", ""critical_item"": ""Cold"", ""role"": ""list_word"", ""position"": ""T2""}, {""dataset"": ""Roediger2001_55_15word_lists"", ""list_id"": ""roediger2001_55::cold"", ""critical_item"": ""cold"", ""role"": ""list_word"", ""position"": ""T13""}]"
shoe,shoe,1,1,list_word,False,True,"Roediger et al. (2001) 55-list DRM pool, augmented with uploaded 2024 supplementary workbook metrics",Roediger2001_55_15word_lists,,roediger2001_55::foot,foot,3.19061179781361,0.321,0.337,"[{""dataset"": ""Roediger2001_55_15word_lists"", ""list_id"": ""roediger2001_55::foot"", ""critical_item"": ""foot"", ""role"": ""list_word"", ""position"": ""T1""}]"
shoot,Shoot,1,1,list_word,False,True,"Brainerd, Chang, & Bialer (2020)",Brainerd2020_120_4word_lists,,brainerd2020_120::gun,gun,1.44,,,"[{""dataset"": ""Brainerd2020_120_4word_lists"", ""list_id"": ""brainerd2020_120::gun"", ""critical_item"": ""Gun"", ""role"": ""list_word"", ""position"": ""T4""}]"
shooter,shooter,1,1,list_word,False,True,"Roediger et al. (2001) 55-list DRM pool, augmented with uploaded 2024 supplementary workbook metrics",Roediger2001_55_15word_lists,,roediger2001_55::trouble,trouble,2.69897000433602,0.0,0.048,"[{""dataset"": ""Roediger2001_55_15word_lists"", ""list_id"": ""roediger2001_55::trouble"", ""critical_item"": ""trouble"", ""role"": ""list_word"", ""position"": ""T2""}]"
shopping,Shopping,1,1,list_word,False,True,"Brainerd, Chang, & Bialer (2020)",Brainerd2020_120_4word_lists,,brainerd2020_120::bag,bag,1.26,,,"[{""dataset"": ""Brainerd2020_120_4word_lists"", ""list_id"": ""brainerd2020_120::bag"", ""critical_item"": ""Bag"", ""role"": ""list_word"", ""position"": ""T1""}]"
short,short,1,1,list_word,False,True,"Roediger et al. (2001) 55-list DRM pool, augmented with uploaded 2024 supplementary workbook metrics",Roediger2001_55_15word_lists,,roediger2001_55::long,long,3.64028262969668,0.222,0.536,"[{""dataset"": ""Roediger2001_55_15word_lists"", ""list_id"": ""roediger2001_55::long"", ""critical_item"": ""long"", ""role"": ""list_word"", ""position"": ""T1""}]"
shorts,shorts,1,1,list_word,False,True,"Roediger et al. (2001) 55-list DRM pool, augmented with uploaded 2024 supplementary workbook metrics",Roediger2001_55_15word_lists,,roediger2001_55::shirt,shirt,2.68214507637383,0.252,0.013,"[{""dataset"": ""Roediger2001_55_15word_lists"", ""list_id"": ""roediger2001_55::shirt"", ""critical_item"": ""shirt"", ""role"": ""list_word"", ""position"": ""T6""}]"
shout,shout,1,1,list_word,False,True,"Roediger et al. (2001) 55-list DRM pool, augmented with uploaded 2024 supplementary workbook metrics",Roediger2001_55_15word_lists,,roediger2001_55::command,command,2.92427928606188,0.0,0.0,"[{""dataset"": ""Roediger2001_55_15word_lists"", ""list_id"": ""roediger2001_55::command"", ""critical_item"": ""command"", ""role"": ""list_word"", ""position"": ""T9""}]"
show,Show,1,1,list_word,False,True,"Brainerd, Chang, & Bialer (2020)",Brainerd2020_120_4word_lists,,brainerd2020_120::fear,fear,2.4,,,"[{""dataset"": ""Brainerd2020_120_4word_lists"", ""list_id"": ""brainerd2020_120::fear"", ""critical_item"": ""Fear"", ""role"": ""list_word"", ""position"": ""T4""}]"
shrill,shrill,1,1,list_word,False,True,"Roediger et al. (2001) 55-list DRM pool, augmented with uploaded 2024 supplementary workbook metrics",Roediger2001_55_15word_lists,,roediger2001_55::whistle,whistle,1.39794000867204,0.0,0.0,"[{""dataset"": ""Roediger2001_55_15word_lists"", ""list_id"": ""roediger2001_55::whistle"", ""critical_item"": ""whistle"", ""role"": ""list_word"", ""position"": ""T10""}]"
shutter,shutter,1,1,list_word,False,True,"Roediger et al. (2001) 55-list DRM pool, augmented with uploaded 2024 supplementary workbook metrics",Roediger2001_55_15word_lists,,roediger2001_55::window,window,1.8750612633917,0.48,0.0,"[{""dataset"": ""Roediger2001_55_15word_lists"", ""list_id"": ""roediger2001_55::window"", ""critical_item"": ""window"", ""role"": ""list_word"", ""position"": ""T15""}]"
sick,Sick; sick,2,2,list_word,False,True,"Brainerd, Chang, & Bialer (2020); Roediger et al. (2001) 55-list DRM pool, augmented with uploaded 2024 supplementary workbook metrics",Brainerd2020_120_4word_lists; Roediger2001_55_15word_lists,,brainerd2020_120::heat; roediger2001_55::doctor,doctor; heat,2.89311976052293,0.031,0.051,"[{""dataset"": ""Brainerd2020_120_4word_lists"", ""list_id"": ""brainerd2020_120::heat"", ""critical_item"": ""Heat"", ""role"": ""list_word"", ""position"": ""T2""}, {""dataset"": ""Roediger2001_55_15word_lists"", ""list_id"": ""roediger2001_55::doctor"", ""critical_item"": ""doctor"", ""role"": ""list_word"", ""position"": ""T2""}]"
sickness,sickness,1,1,list_word,False,True,"Roediger et al. (2001) 55-list DRM pool, augmented with uploaded 2024 supplementary workbook metrics",Roediger2001_55_15word_lists,,roediger2001_55::health,health,2.60852603357719,0.22,0.14,"[{""dataset"": ""Roediger2001_55_15word_lists"", ""list_id"": ""roediger2001_55::health"", ""critical_item"": ""health"", ""role"": ""list_word"", ""position"": ""T1""}]"
side,Side,1,1,list_word,False,True,"Brainerd, Chang, & Bialer (2020)",Brainerd2020_120_4word_lists,,brainerd2020_120::match,match,2.65,,,"[{""dataset"": ""Brainerd2020_120_4word_lists"", ""list_id"": ""brainerd2020_120::match"", ""critical_item"": ""Match"", ""role"": ""list_word"", ""position"": ""T3""}]"
sign,sign,1,1,list_word,False,True,"Roediger et al. (2001) 55-list DRM pool, augmented with uploaded 2024 supplementary workbook metrics",Roediger2001_55_15word_lists,,roediger2001_55::flag,flag,3.83238116024704,0.0,0.0,"[{""dataset"": ""Roediger2001_55_15word_lists"", ""list_id"": ""roediger2001_55::flag"", ""critical_item"": ""flag"", ""role"": ""list_word"", ""position"": ""T13""}]"
sill,Sill; sill,2,2,list_word,False,True,"Brainerd, Chang, & Bialer (2020); Roediger et al. (2001) 55-list DRM pool, augmented with uploaded 2024 supplementary workbook metrics",Brainerd2020_120_4word_lists; Roediger2001_55_15word_lists,,brainerd2020_120::task; roediger2001_55::window,task; window,1.060105620855805,0.682,0.128,"[{""dataset"": ""Brainerd2020_120_4word_lists"", ""list_id"": ""brainerd2020_120::task"", ""critical_item"": ""Task"", ""role"": ""list_word"", ""position"": ""T4""}, {""dataset"": ""Roediger2001_55_15word_lists"", ""list_id"": ""roediger2001_55::window"", ""critical_item"": ""window"", ""role"": ""list_word"", ""position"": ""T6""}]"
sing,Sing; sing,3,2,critical_distractor; list_word,True,True,"Brainerd, Chang, & Bialer (2020); Roediger et al. (2001) 55-list DRM pool, augmented with uploaded 2024 supplementary workbook metrics",Brainerd2020_120_4word_lists; Roediger2001_55_15word_lists,brainerd2020_120::sing,roediger2001_55::music; roediger2001_55::whistle,music; whistle,3.0180365948483803,0.0165,0.052,"[{""dataset"": ""Brainerd2020_120_4word_lists"", ""list_id"": ""brainerd2020_120::sing"", ""critical_item"": ""Sing"", ""role"": ""critical_distractor"", ""position"": ""CD""}, {""dataset"": ""Roediger2001_55_15word_lists"", ""list_id"": ""roediger2001_55::music"", ""critical_item"": ""music"", ""role"": ""list_word"", ""position"": ""T4""}, {""dataset"": ""Roediger2001_55_15word_lists"", ""list_id"": ""roediger2001_55::whistle"", ""critical_item"": ""whistle"", ""role"": ""list_word"", ""position"": ""T4""}]"
single,Single,1,1,critical_distractor,True,False,"Brainerd, Chang, & Bialer (2020)",Brainerd2020_120_4word_lists,brainerd2020_120::single,,,2.22,,,"[{""dataset"": ""Brainerd2020_120_4word_lists"", ""list_id"": ""brainerd2020_120::single"", ""critical_item"": ""Single"", ""role"": ""critical_distractor"", ""position"": ""CD""}]"
sip,sip,1,1,list_word,False,True,"Roediger et al. (2001) 55-list DRM pool, augmented with uploaded 2024 supplementary workbook metrics",Roediger2001_55_15word_lists,,roediger2001_55::cup,cup,2.41664050733828,0.0,0.0,"[{""dataset"": ""Roediger2001_55_15word_lists"", ""list_id"": ""roediger2001_55::cup"", ""critical_item"": ""cup"", ""role"": ""list_word"", ""position"": ""T15""}]"
sister,sister,1,1,list_word,False,True,"Roediger et al. (2001) 55-list DRM pool, augmented with uploaded 2024 supplementary workbook metrics",Roediger2001_55_15word_lists,,roediger2001_55::girl,girl,3.96416531062174,0.041,0.0,"[{""dataset"": ""Roediger2001_55_15word_lists"", ""list_id"": ""roediger2001_55::girl"", ""critical_item"": ""girl"", ""role"": ""list_word"", ""position"": ""T15""}]"
sit,Sit; sit,2,2,list_word,False,True,"Brainerd, Chang, & Bialer (2020); Roediger et al. (2001) 55-list DRM pool, augmented with uploaded 2024 supplementary workbook metrics",Brainerd2020_120_4word_lists; Roediger2001_55_15word_lists,,brainerd2020_120::chair; roediger2001_55::chair,chair,3.12542524904554,0.183,0.212,"[{""dataset"": ""Brainerd2020_120_4word_lists"", ""list_id"": ""brainerd2020_120::chair"", ""critical_item"": ""Chair"", ""role"": ""list_word"", ""position"": ""T3""}, {""dataset"": ""Roediger2001_55_15word_lists"", ""list_id"": ""roediger2001_55::chair"", ""critical_item"": ""chair"", ""role"": ""list_word"", ""position"": ""T2""}]"
sitting,sitting,1,1,list_word,False,True,"Roediger et al. (2001) 55-list DRM pool, augmented with uploaded 2024 supplementary workbook metrics",Roediger2001_55_15word_lists,,roediger2001_55::chair,chair,3.68259629146055,0.096,0.0,"[{""dataset"": ""Roediger2001_55_15word_lists"", ""list_id"": ""roediger2001_55::chair"", ""critical_item"": ""chair"", ""role"": ""list_word"", ""position"": ""T13""}]"
ski,ski,1,1,list_word,False,True,"Roediger et al. (2001) 55-list DRM pool, augmented with uploaded 2024 supplementary workbook metrics",Roediger2001_55_15word_lists,,roediger2001_55::mountain,mountain,2.6170003411209,0.034,0.0,"[{""dataset"": ""Roediger2001_55_15word_lists"", ""list_id"": ""roediger2001_55::mountain"", ""critical_item"": ""mountain"", ""role"": ""list_word"", ""position"": ""T15""}]"
skin,Skin; skin,2,2,list_word,False,True,"Brainerd, Chang, & Bialer (2020); Roediger et al. (2001) 55-list DRM pool, augmented with uploaded 2024 supplementary workbook metrics",Brainerd2020_120_4word_lists; Roediger2001_55_15word_lists,,brainerd2020_120::train; roediger2001_55::soft,soft; train,2.6058015362095652,0.161,0.018,"[{""dataset"": ""Brainerd2020_120_4word_lists"", ""list_id"": ""brainerd2020_120::train"", ""critical_item"": ""Train"", ""role"": ""list_word"", ""position"": ""T3""}, {""dataset"": ""Roediger2001_55_15word_lists"", ""list_id"": ""roediger2001_55::soft"", ""critical_item"": ""soft"", ""role"": ""list_word"", ""position"": ""T14""}]"
sky,Sky; sky,2,2,list_word,False,True,"Brainerd, Chang, & Bialer (2020); Roediger et al. (2001) 55-list DRM pool, augmented with uploaded 2024 supplementary workbook metrics",Brainerd2020_120_4word_lists; Roediger2001_55_15word_lists,,brainerd2020_120::ground; roediger2001_55::high,ground; high,2.66453811302963,0.017,0.014,"[{""dataset"": ""Brainerd2020_120_4word_lists"", ""list_id"": ""brainerd2020_120::ground"", ""critical_item"": ""Ground"", ""role"": ""list_word"", ""position"": ""T3""}, {""dataset"": ""Roediger2001_55_15word_lists"", ""list_id"": ""roediger2001_55::high"", ""critical_item"": ""high"", ""role"": ""list_word"", ""position"": ""T11""}]"
slaw,slaw,1,1,list_word,False,True,"Roediger et al. (2001) 55-list DRM pool, augmented with uploaded 2024 supplementary workbook metrics",Roediger2001_55_15word_lists,,roediger2001_55::cabbage,cabbage,1.25527250510331,0.041,0.043,"[{""dataset"": ""Roediger2001_55_15word_lists"", ""list_id"": ""roediger2001_55::cabbage"", ""critical_item"": ""cabbage"", ""role"": ""list_word"", ""position"": ""T11""}]"
sleep,Sleep; sleep,2,2,critical_distractor,True,False,"Brainerd, Chang, & Bialer (2020); Roediger et al. (2001) 55-list DRM pool, augmented with uploaded 2024 supplementary workbook metrics",Brainerd2020_120_4word_lists; Roediger2001_55_15word_lists,brainerd2020_120::sleep; roediger2001_55::sleep,,,3.097715159310185,,,"[{""dataset"": ""Brainerd2020_120_4word_lists"", ""list_id"": ""brainerd2020_120::sleep"", ""critical_item"": ""Sleep"", ""role"": ""critical_distractor"", ""position"": ""CD""}, {""dataset"": ""Roediger2001_55_15word_lists"", ""list_id"": ""roediger2001_55::sleep"", ""critical_item"": ""sleep"", ""role"": ""critical_distractor"", ""position"": ""CD""}]"
sleeves,sleeves,1,1,list_word,False,True,"Roediger et al. (2001) 55-list DRM pool, augmented with uploaded 2024 supplementary workbook metrics",Roediger2001_55_15word_lists,,roediger2001_55::shirt,shirt,2.19865708695442,0.347,0.038,"[{""dataset"": ""Roediger2001_55_15word_lists"", ""list_id"": ""roediger2001_55::shirt"", ""critical_item"": ""shirt"", ""role"": ""list_word"", ""position"": ""T2""}]"
slice,slice,1,1,list_word,False,True,"Roediger et al. (2001) 55-list DRM pool, augmented with uploaded 2024 supplementary workbook metrics",Roediger2001_55_15word_lists,,roediger2001_55::bread,bread,2.63948648926859,0.048,0.019,"[{""dataset"": ""Roediger2001_55_15word_lists"", ""list_id"": ""roediger2001_55::bread"", ""critical_item"": ""bread"", ""role"": ""list_word"", ""position"": ""T12""}]"
slope,Slope,1,1,list_word,False,True,"Brainerd, Chang, & Bialer (2020)",Brainerd2020_120_4word_lists,,brainerd2020_120::hill,hill,1.42,,,"[{""dataset"": ""Brainerd2020_120_4word_lists"", ""list_id"": ""brainerd2020_120::hill"", ""critical_item"": ""Hill"", ""role"": ""list_word"", ""position"": ""T2""}]"
slow,Slow; slow,3,2,critical_distractor; list_word,True,True,"Brainerd, Chang, & Bialer (2020); Roediger et al. (2001) 55-list DRM pool, augmented with uploaded 2024 supplementary workbook metrics",Brainerd2020_120_4word_lists; Roediger2001_55_15word_lists,roediger2001_55::slow,brainerd2020_120::task; roediger2001_55::swift,swift; task,2.714303902371345,0.0,0.176,"[{""dataset"": ""Brainerd2020_120_4word_lists"", ""list_id"": ""brainerd2020_120::task"", ""critical_item"": ""Task"", ""role"": ""list_word"", ""position"": ""T3""}, {""dataset"": ""Roediger2001_55_15word_lists"", ""list_id"": ""roediger2001_55::slow"", ""critical_item"": ""slow"", ""role"": ""critical_distractor"", ""position"": ""CD""}, {""dataset"": ""Roediger2001_55_15word_lists"", ""list_id"": ""roediger2001_55::swift"", ""critical_item"": ""swift"", ""role"": ""list_word"", ""position"": ""T2""}]"
sluggish,sluggish,1,1,list_word,False,True,"Roediger et al. (2001) 55-list DRM pool, augmented with uploaded 2024 supplementary workbook metrics",Roediger2001_55_15word_lists,,roediger2001_55::slow,slow,1.61278385671974,0.34,0.0,"[{""dataset"": ""Roediger2001_55_15word_lists"", ""list_id"": ""roediger2001_55::slow"", ""critical_item"": ""slow"", ""role"": ""list_word"", ""position"": ""T13""}]"
slumber,Slumber; slumber,2,2,list_word,False,True,"Brainerd, Chang, & Bialer (2020); Roediger et al. (2001) 55-list DRM pool, augmented with uploaded 2024 supplementary workbook metrics",Brainerd2020_120_4word_lists; Roediger2001_55_15word_lists,,brainerd2020_120::harsh; roediger2001_55::sleep,harsh; sleep,1.49960955632769,0.514,0.0,"[{""dataset"": ""Brainerd2020_120_4word_lists"", ""list_id"": ""brainerd2020_120::harsh"", ""critical_item"": ""Harsh"", ""role"": ""list_word"", ""position"": ""T2""}, {""dataset"": ""Roediger2001_55_15word_lists"", ""list_id"": ""roediger2001_55::sleep"", ""critical_item"": ""sleep"", ""role"": ""list_word"", ""position"": ""T10""}]"
small,small,2,1,list_word,False,True,"Roediger et al. (2001) 55-list DRM pool, augmented with uploaded 2024 supplementary workbook metrics",Roediger2001_55_15word_lists,,roediger2001_55::cottage; roediger2001_55::spider,cottage; spider,3.80441205913771,0.0,0.008,"[{""dataset"": ""Roediger2001_55_15word_lists"", ""list_id"": ""roediger2001_55::cottage"", ""critical_item"": ""cottage"", ""role"": ""list_word"", ""position"": ""T7""}, {""dataset"": ""Roediger2001_55_15word_lists"", ""list_id"": ""roediger2001_55::spider"", ""critical_item"": ""spider"", ""role"": ""list_word"", ""position"": ""T15""}]"
smell,smell,2,1,critical_distractor; list_word,True,True,"Roediger et al. (2001) 55-list DRM pool, augmented with uploaded 2024 supplementary workbook metrics",Roediger2001_55_15word_lists,roediger2001_55::smell,roediger2001_55::cabbage,cabbage,3.62746827245971,0.0,0.0,"[{""dataset"": ""Roediger2001_55_15word_lists"", ""list_id"": ""roediger2001_55::cabbage"", ""critical_item"": ""cabbage"", ""role"": ""list_word"", ""position"": ""T10""}, {""dataset"": ""Roediger2001_55_15word_lists"", ""list_id"": ""roediger2001_55::smell"", ""critical_item"": ""smell"", ""role"": ""critical_distractor"", ""position"": ""CD""}]"
smoke,Smoke; smoke,2,2,critical_distractor,True,False,"Brainerd, Chang, & Bialer (2020); Roediger et al. (2001) 55-list DRM pool, augmented with uploaded 2024 supplementary workbook metrics",Brainerd2020_120_4word_lists; Roediger2001_55_15word_lists,brainerd2020_120::smoke; roediger2001_55::smoke,,,2.666743166171615,,,"[{""dataset"": ""Brainerd2020_120_4word_lists"", ""list_id"": ""brainerd2020_120::smoke"", ""critical_item"": ""Smoke"", ""role"": ""critical_distractor"", ""position"": ""CD""}, {""dataset"": ""Roediger2001_55_15word_lists"", ""list_id"": ""roediger2001_55::smoke"", ""critical_item"": ""smoke"", ""role"": ""critical_distractor"", ""position"": ""CD""}]"
smooth,smooth,1,1,list_word,False,True,"Roediger et al. (2001) 55-list DRM pool, augmented with uploaded 2024 supplementary workbook metrics",Roediger2001_55_15word_lists,,roediger2001_55::rough,rough,2.9698816437465,0.416,0.352,"[{""dataset"": ""Roediger2001_55_15word_lists"", ""list_id"": ""roediger2001_55::rough"", ""critical_item"": ""rough"", ""role"": ""list_word"", ""position"": ""T1""}]"
snail,snail,1,1,list_word,False,True,"Roediger et al. (2001) 55-list DRM pool, augmented with uploaded 2024 supplementary workbook metrics",Roediger2001_55_15word_lists,,roediger2001_55::slow,slow,3.27415784926368,0.486,0.02,"[{""dataset"": ""Roediger2001_55_15word_lists"", ""list_id"": ""roediger2001_55::slow"", ""critical_item"": ""slow"", ""role"": ""list_word"", ""position"": ""T5""}]"
sniff,sniff,1,1,list_word,False,True,"Roediger et al. (2001) 55-list DRM pool, augmented with uploaded 2024 supplementary workbook metrics",Roediger2001_55_15word_lists,,roediger2001_55::smell,smell,2.26007138798507,0.442,0.043,"[{""dataset"": ""Roediger2001_55_15word_lists"", ""list_id"": ""roediger2001_55::smell"", ""critical_item"": ""smell"", ""role"": ""list_word"", ""position"": ""T3""}]"
snooze,snooze,1,1,list_word,False,True,"Roediger et al. (2001) 55-list DRM pool, augmented with uploaded 2024 supplementary workbook metrics",Roediger2001_55_15word_lists,,roediger2001_55::sleep,sleep,1.67209785793572,0.52,0.02,"[{""dataset"": ""Roediger2001_55_15word_lists"", ""list_id"": ""roediger2001_55::sleep"", ""critical_item"": ""sleep"", ""role"": ""list_word"", ""position"": ""T7""}]"
snore,Snore; snore,2,2,list_word,False,True,"Brainerd, Chang, & Bialer (2020); Roediger et al. (2001) 55-list DRM pool, augmented with uploaded 2024 supplementary workbook metrics",Brainerd2020_120_4word_lists; Roediger2001_55_15word_lists,,brainerd2020_120::approval; roediger2001_55::sleep,approval; sleep,1.044539046188035,0.439,0.0,"[{""dataset"": ""Brainerd2020_120_4word_lists"", ""list_id"": ""brainerd2020_120::approval"", ""critical_item"": ""Approval"", ""role"": ""list_word"", ""position"": ""T3""}, {""dataset"": ""Roediger2001_55_15word_lists"", ""list_id"": ""roediger2001_55::sleep"", ""critical_item"": ""sleep"", ""role"": ""list_word"", ""position"": ""T11""}]"
snow,snow,2,1,list_word,False,True,"Roediger et al. (2001) 55-list DRM pool, augmented with uploaded 2024 supplementary workbook metrics",Roediger2001_55_15word_lists,,roediger2001_55::beautiful; roediger2001_55::cold,beautiful; cold,3.20411998265592,0.0995,0.0165,"[{""dataset"": ""Roediger2001_55_15word_lists"", ""list_id"": ""roediger2001_55::beautiful"", ""critical_item"": ""beautiful"", ""role"": ""list_word"", ""position"": ""T11""}, {""dataset"": ""Roediger2001_55_15word_lists"", ""list_id"": ""roediger2001_55::cold"", ""critical_item"": ""cold"", ""role"": ""list_word"", ""position"": ""T2""}]"
soccer,soccer,1,1,list_word,False,True,"Roediger et al. (2001) 55-list DRM pool, augmented with uploaded 2024 supplementary workbook metrics",Roediger2001_55_15word_lists,,roediger2001_55::foot,foot,2.80685802951882,0.0,0.0,"[{""dataset"": ""Roediger2001_55_15word_lists"", ""list_id"": ""roediger2001_55::foot"", ""critical_item"": ""foot"", ""role"": ""list_word"", ""position"": ""T6""}]"
sock,sock,1,1,list_word,False,True,"Roediger et al. (2001) 55-list DRM pool, augmented with uploaded 2024 supplementary workbook metrics",Roediger2001_55_15word_lists,,roediger2001_55::foot,foot,2.66181268553726,0.172,0.0,"[{""dataset"": ""Roediger2001_55_15word_lists"", ""list_id"": ""roediger2001_55::foot"", ""critical_item"": ""foot"", ""role"": ""list_word"", ""position"": ""T13""}]"
soda,soda,1,1,list_word,False,True,"Roediger et al. (2001) 55-list DRM pool, augmented with uploaded 2024 supplementary workbook metrics",Roediger2001_55_15word_lists,,roediger2001_55::sweet,sweet,3.00560944536028,0.0,0.0,"[{""dataset"": ""Roediger2001_55_15word_lists"", ""list_id"": ""roediger2001_55::sweet"", ""critical_item"": ""sweet"", ""role"": ""list_word"", ""position"": ""T10""}]"
sofa,sofa,1,1,list_word,False,True,"Roediger et al. (2001) 55-list DRM pool, augmented with uploaded 2024 supplementary workbook metrics",Roediger2001_55_15word_lists,,roediger2001_55::chair,chair,2.47712125471966,0.132,0.077,"[{""dataset"": ""Roediger2001_55_15word_lists"", ""list_id"": ""roediger2001_55::chair"", ""critical_item"": ""chair"", ""role"": ""list_word"", ""position"": ""T8""}]"
soft,Soft; soft,3,2,critical_distractor; list_word,True,True,"Brainerd, Chang, & Bialer (2020); Roediger et al. (2001) 55-list DRM pool, augmented with uploaded 2024 supplementary workbook metrics",Brainerd2020_120_4word_lists; Roediger2001_55_15word_lists,brainerd2020_120::soft; roediger2001_55::soft,roediger2001_55::carpet,carpet,2.8055013681309333,0.0,0.062,"[{""dataset"": ""Brainerd2020_120_4word_lists"", ""list_id"": ""brainerd2020_120::soft"", ""critical_item"": ""Soft"", ""role"": ""critical_distractor"", ""position"": ""CD""}, {""dataset"": ""Roediger2001_55_15word_lists"", ""list_id"": ""roediger2001_55::carpet"", ""critical_item"": ""carpet"", ""role"": ""list_word"", ""position"": ""T3""}, {""dataset"": ""Roediger2001_55_15word_lists"", ""list_id"": ""roediger2001_55::soft"", ""critical_item"": ""soft"", ""role"": ""critical_distractor"", ""position"": ""CD""}]"
soil,Soil,1,1,list_word,False,True,"Brainerd, Chang, & Bialer (2020)",Brainerd2020_120_4word_lists,,brainerd2020_120::ground,ground,1.7,,,"[{""dataset"": ""Brainerd2020_120_4word_lists"", ""list_id"": ""brainerd2020_120::ground"", ""critical_item"": ""Ground"", ""role"": ""list_word"", ""position"": ""T4""}]"
soldier,Soldier; soldier,3,2,list_word,False,True,"Brainerd, Chang, & Bialer (2020); Roediger et al. (2001) 55-list DRM pool, augmented with uploaded 2024 supplementary workbook metrics",Brainerd2020_120_4word_lists; Roediger2001_55_15word_lists,,brainerd2020_120::army; roediger2001_55::army; roediger2001_55::command,army; command,2.4489896220796803,0.1435,0.0135,"[{""dataset"": ""Brainerd2020_120_4word_lists"", ""list_id"": ""brainerd2020_120::army"", ""critical_item"": ""Army"", ""role"": ""list_word"", ""position"": ""T2""}, {""dataset"": ""Roediger2001_55_15word_lists"", ""list_id"": ""roediger2001_55::army"", ""critical_item"": ""army"", ""role"": ""list_word"", ""position"": ""T2""}, {""dataset"": ""Roediger2001_55_15word_lists"", ""list_id"": ""roediger2001_55::command"", ""critical_item"": ""command"", ""role"": ""list_word"", ""position"": ""T12""}]"
soles,soles,1,1,list_word,False,True,"Roediger et al. (2001) 55-list DRM pool, augmented with uploaded 2024 supplementary workbook metrics",Roediger2001_55_15word_lists,,roediger2001_55::rubber,rubber,1.68124123737559,0.0,0.041,"[{""dataset"": ""Roediger2001_55_15word_lists"", ""list_id"": ""roediger2001_55::rubber"", ""critical_item"": ""rubber"", ""role"": ""list_word"", ""position"": ""T10""}]"
solid,Solid,1,1,list_word,False,True,"Brainerd, Chang, & Bialer (2020)",Brainerd2020_120_4word_lists,,brainerd2020_120::rock,rock,1.58,,,"[{""dataset"": ""Brainerd2020_120_4word_lists"", ""list_id"": ""brainerd2020_120::rock"", ""critical_item"": ""Rock"", ""role"": ""list_word"", ""position"": ""T3""}]"
solution,Solution,1,1,list_word,False,True,"Brainerd, Chang, & Bialer (2020)",Brainerd2020_120_4word_lists,,brainerd2020_120::answer,answer,1.61,,,"[{""dataset"": ""Brainerd2020_120_4word_lists"", ""list_id"": ""brainerd2020_120::answer"", ""critical_item"": ""Answer"", ""role"": ""list_word"", ""position"": ""T1""}]"
song,Song; song,2,2,list_word,False,True,"Brainerd, Chang, & Bialer (2020); Roediger et al. (2001) 55-list DRM pool, augmented with uploaded 2024 supplementary workbook metrics",Brainerd2020_120_4word_lists; Roediger2001_55_15word_lists,,brainerd2020_120::unusual; roediger2001_55::whistle,unusual; whistle,2.769668515260395,0.0,0.127,"[{""dataset"": ""Brainerd2020_120_4word_lists"", ""list_id"": ""brainerd2020_120::unusual"", ""critical_item"": ""Unusual"", ""role"": ""list_word"", ""position"": ""T3""}, {""dataset"": ""Roediger2001_55_15word_lists"", ""list_id"": ""roediger2001_55::whistle"", ""critical_item"": ""whistle"", ""role"": ""list_word"", ""position"": ""T9""}]"
sorrow,sorrow,1,1,list_word,False,True,"Roediger et al. (2001) 55-list DRM pool, augmented with uploaded 2024 supplementary workbook metrics",Roediger2001_55_15word_lists,,roediger2001_55::trouble,trouble,2.54530711646582,0.0,0.0,"[{""dataset"": ""Roediger2001_55_15word_lists"", ""list_id"": ""roediger2001_55::trouble"", ""critical_item"": ""trouble"", ""role"": ""list_word"", ""position"": ""T5""}]"
sorry,Sorry,1,1,critical_distractor,True,False,"Brainerd, Chang, & Bialer (2020)",Brainerd2020_120_4word_lists,brainerd2020_120::sorry,,,2.04,,,"[{""dataset"": ""Brainerd2020_120_4word_lists"", ""list_id"": ""brainerd2020_120::sorry"", ""critical_item"": ""Sorry"", ""role"": ""critical_distractor"", ""position"": ""CD""}]"
soul,Soul,1,1,list_word,False,True,"Brainerd, Chang, & Bialer (2020)",Brainerd2020_120_4word_lists,,brainerd2020_120::plan,plan,2.22,,,"[{""dataset"": ""Brainerd2020_120_4word_lists"", ""list_id"": ""brainerd2020_120::plan"", ""critical_item"": ""Plan"", ""role"": ""list_word"", ""position"": ""T2""}]"
sound,sound,2,1,list_word,False,True,"Roediger et al. (2001) 55-list DRM pool, augmented with uploaded 2024 supplementary workbook metrics",Roediger2001_55_15word_lists,,roediger2001_55::music; roediger2001_55::whistle,music; whistle,3.86415495600203,0.1025,0.01,"[{""dataset"": ""Roediger2001_55_15word_lists"", ""list_id"": ""roediger2001_55::music"", ""critical_item"": ""music"", ""role"": ""list_word"", ""position"": ""T2""}, {""dataset"": ""Roediger2001_55_15word_lists"", ""list_id"": ""roediger2001_55::whistle"", ""critical_item"": ""whistle"", ""role"": ""list_word"", ""position"": ""T7""}]"
soup,soup,2,1,list_word,False,True,"Roediger et al. (2001) 55-list DRM pool, augmented with uploaded 2024 supplementary workbook metrics",Roediger2001_55_15word_lists,,roediger2001_55::cabbage; roediger2001_55::cup,cabbage; cup,3.1092409685882,0.0,0.038,"[{""dataset"": ""Roediger2001_55_15word_lists"", ""list_id"": ""roediger2001_55::cabbage"", ""critical_item"": ""cabbage"", ""role"": ""list_word"", ""position"": ""T15""}, {""dataset"": ""Roediger2001_55_15word_lists"", ""list_id"": ""roediger2001_55::cup"", ""critical_item"": ""cup"", ""role"": ""list_word"", ""position"": ""T11""}]"
sour,Sour; sour,3,2,list_word,False,True,"Brainerd, Chang, & Bialer (2020); Roediger et al. (2001) 55-list DRM pool, augmented with uploaded 2024 supplementary workbook metrics",Brainerd2020_120_4word_lists; Roediger2001_55_15word_lists,,brainerd2020_120::sweet; roediger2001_55::bitter; roediger2001_55::sweet,bitter; sweet,1.9494775093841732,0.26,0.313,"[{""dataset"": ""Brainerd2020_120_4word_lists"", ""list_id"": ""brainerd2020_120::sweet"", ""critical_item"": ""Sweet"", ""role"": ""list_word"", ""position"": ""T1""}, {""dataset"": ""Roediger2001_55_15word_lists"", ""list_id"": ""roediger2001_55::bitter"", ""critical_item"": ""bitter"", ""role"": ""list_word"", ""position"": ""T2""}, {""dataset"": ""Roediger2001_55_15word_lists"", ""list_id"": ""roediger2001_55::sweet"", ""critical_item"": ""sweet"", ""role"": ""list_word"", ""position"": ""T1""}]"
span,Span,1,1,list_word,False,True,"Brainerd, Chang, & Bialer (2020)",Brainerd2020_120_4word_lists,,brainerd2020_120::drug,drug,0.87,,,"[{""dataset"": ""Brainerd2020_120_4word_lists"", ""list_id"": ""brainerd2020_120::drug"", ""critical_item"": ""Drug"", ""role"": ""list_word"", ""position"": ""T3""}]"
speak,Speak,1,1,list_word,False,True,"Brainerd, Chang, & Bialer (2020)",Brainerd2020_120_4word_lists,,brainerd2020_120::language,language,2.31,,,"[{""dataset"": ""Brainerd2020_120_4word_lists"", ""list_id"": ""brainerd2020_120::language"", ""critical_item"": ""Language"", ""role"": ""list_word"", ""position"": ""T2""}]"
speech,Speech,1,1,list_word,False,True,"Brainerd, Chang, & Bialer (2020)",Brainerd2020_120_4word_lists,,brainerd2020_120::language,language,1.97,,,"[{""dataset"": ""Brainerd2020_120_4word_lists"", ""list_id"": ""brainerd2020_120::language"", ""critical_item"": ""Language"", ""role"": ""list_word"", ""position"": ""T1""}]"
speed,Speed; speed,2,2,list_word,False,True,"Brainerd, Chang, & Bialer (2020); Roediger et al. (2001) 55-list DRM pool, augmented with uploaded 2024 supplementary workbook metrics",Brainerd2020_120_4word_lists; Roediger2001_55_15word_lists,,brainerd2020_120::fast; roediger2001_55::slow,fast; slow,2.566626050085845,0.061,0.014,"[{""dataset"": ""Brainerd2020_120_4word_lists"", ""list_id"": ""brainerd2020_120::fast"", ""critical_item"": ""Fast"", ""role"": ""list_word"", ""position"": ""T1""}, {""dataset"": ""Roediger2001_55_15word_lists"", ""list_id"": ""roediger2001_55::slow"", ""critical_item"": ""slow"", ""role"": ""list_word"", ""position"": ""T11""}]"
spend,Spend,1,1,list_word,False,True,"Brainerd, Chang, & Bialer (2020)",Brainerd2020_120_4word_lists,,brainerd2020_120::parent,parent,1.76,,,"[{""dataset"": ""Brainerd2020_120_4word_lists"", ""list_id"": ""brainerd2020_120::parent"", ""critical_item"": ""Parent"", ""role"": ""list_word"", ""position"": ""T4""}]"
spider,spider,1,1,critical_distractor,True,False,"Roediger et al. (2001) 55-list DRM pool, augmented with uploaded 2024 supplementary workbook metrics",Roediger2001_55_15word_lists,roediger2001_55::spider,,,2.71264970162721,,,"[{""dataset"": ""Roediger2001_55_15word_lists"", ""list_id"": ""roediger2001_55::spider"", ""critical_item"": ""spider"", ""role"": ""critical_distractor"", ""position"": ""CD""}]"
spill,Spill,1,1,list_word,False,True,"Brainerd, Chang, & Bialer (2020)",Brainerd2020_120_4word_lists,,brainerd2020_120::oil,oil,0.53,,,"[{""dataset"": ""Brainerd2020_120_4word_lists"", ""list_id"": ""brainerd2020_120::oil"", ""critical_item"": ""Oil"", ""role"": ""list_word"", ""position"": ""T4""}]"
springy,springy,1,1,list_word,False,True,"Roediger et al. (2001) 55-list DRM pool, augmented with uploaded 2024 supplementary workbook metrics",Roediger2001_55_15word_lists,,roediger2001_55::rubber,rubber,0.778151250383644,0.0,0.0,"[{""dataset"": ""Roediger2001_55_15word_lists"", ""list_id"": ""roediger2001_55::rubber"", ""critical_item"": ""rubber"", ""role"": ""list_word"", ""position"": ""T7""}]"
spy,Spy,1,1,list_word,False,True,"Brainerd, Chang, & Bialer (2020)",Brainerd2020_120_4word_lists,,brainerd2020_120::peace,peace,1.1,,,"[{""dataset"": ""Brainerd2020_120_4word_lists"", ""list_id"": ""brainerd2020_120::peace"", ""critical_item"": ""Peace"", ""role"": ""list_word"", ""position"": ""T4""}]"
square,Square,1,1,critical_distractor,True,False,"Brainerd, Chang, & Bialer (2020)",Brainerd2020_120_4word_lists,brainerd2020_120::square,,,1.91,,,"[{""dataset"": ""Brainerd2020_120_4word_lists"", ""list_id"": ""brainerd2020_120::square"", ""critical_item"": ""Square"", ""role"": ""critical_distractor"", ""position"": ""CD""}]"
stain,stain,1,1,list_word,False,True,"Roediger et al. (2001) 55-list DRM pool, augmented with uploaded 2024 supplementary workbook metrics",Roediger2001_55_15word_lists,,roediger2001_55::smoke,smoke,2.50105926221775,0.0,0.0,"[{""dataset"": ""Roediger2001_55_15word_lists"", ""list_id"": ""roediger2001_55::smoke"", ""critical_item"": ""smoke"", ""role"": ""list_word"", ""position"": ""T15""}]"
stand,stand,1,1,list_word,False,True,"Roediger et al. (2001) 55-list DRM pool, augmented with uploaded 2024 supplementary workbook metrics",Roediger2001_55_15word_lists,,roediger2001_55::lamp,lamp,4.06209289263017,0.0,0.0,"[{""dataset"": ""Roediger2001_55_15word_lists"", ""list_id"": ""roediger2001_55::lamp"", ""critical_item"": ""lamp"", ""role"": ""list_word"", ""position"": ""T15""}]"
star,star,1,1,list_word,False,True,"Roediger et al. (2001) 55-list DRM pool, augmented with uploaded 2024 supplementary workbook metrics",Roediger2001_55_15word_lists,,roediger2001_55::wish,wish,3.61804809671209,0.045,0.126,"[{""dataset"": ""Roediger2001_55_15word_lists"", ""list_id"": ""roediger2001_55::wish"", ""critical_item"": ""wish"", ""role"": ""list_word"", ""position"": ""T7""}]"
stars,stars,1,1,list_word,False,True,"Roediger et al. (2001) 55-list DRM pool, augmented with uploaded 2024 supplementary workbook metrics",Roediger2001_55_15word_lists,,roediger2001_55::flag,flag,3.37180645850742,0.0,0.048,"[{""dataset"": ""Roediger2001_55_15word_lists"", ""list_id"": ""roediger2001_55::flag"", ""critical_item"": ""flag"", ""role"": ""list_word"", ""position"": ""T4""}]"
state,state,1,1,list_word,False,True,"Roediger et al. (2001) 55-list DRM pool, augmented with uploaded 2024 supplementary workbook metrics",Roediger2001_55_15word_lists,,roediger2001_55::city,city,,0.117,0.132,"[{""dataset"": ""Roediger2001_55_15word_lists"", ""list_id"": ""roediger2001_55::city"", ""critical_item"": ""city"", ""role"": ""list_word"", ""position"": ""T3""}]"
statement,Statement,1,1,list_word,False,True,"Brainerd, Chang, & Bialer (2020)",Brainerd2020_120_4word_lists,,brainerd2020_120::comment,comment,2.04,,,"[{""dataset"": ""Brainerd2020_120_4word_lists"", ""list_id"": ""brainerd2020_120::comment"", ""critical_item"": ""Comment"", ""role"": ""list_word"", ""position"": ""T3""}]"
station,Station,1,1,list_word,False,True,"Brainerd, Chang, & Bialer (2020)",Brainerd2020_120_4word_lists,,brainerd2020_120::cover,cover,1.95,,,"[{""dataset"": ""Brainerd2020_120_4word_lists"", ""list_id"": ""brainerd2020_120::cover"", ""critical_item"": ""Cover"", ""role"": ""list_word"", ""position"": ""T3""}]"
steak,steak,1,1,list_word,False,True,"Roediger et al. (2001) 55-list DRM pool, augmented with uploaded 2024 supplementary workbook metrics",Roediger2001_55_15word_lists,,roediger2001_55::mutton,mutton,2.91855453055027,0.0,0.0,"[{""dataset"": ""Roediger2001_55_15word_lists"", ""list_id"": ""roediger2001_55::mutton"", ""critical_item"": ""mutton"", ""role"": ""list_word"", ""position"": ""T15""}]"
steal,steal,1,1,list_word,False,True,"Roediger et al. (2001) 55-list DRM pool, augmented with uploaded 2024 supplementary workbook metrics",Roediger2001_55_15word_lists,,roediger2001_55::thief,thief,3.43472854177976,0.089,0.388,"[{""dataset"": ""Roediger2001_55_15word_lists"", ""list_id"": ""roediger2001_55::thief"", ""critical_item"": ""thief"", ""role"": ""list_word"", ""position"": ""T1""}]"
steep,Steep; steep,2,2,list_word,False,True,"Brainerd, Chang, & Bialer (2020); Roediger et al. (2001) 55-list DRM pool, augmented with uploaded 2024 supplementary workbook metrics",Brainerd2020_120_4word_lists; Roediger2001_55_15word_lists,,brainerd2020_120::hill; roediger2001_55::mountain,hill; mountain,1.7201852725587798,0.061,0.0,"[{""dataset"": ""Brainerd2020_120_4word_lists"", ""list_id"": ""brainerd2020_120::hill"", ""critical_item"": ""Hill"", ""role"": ""list_word"", ""position"": ""T3""}, {""dataset"": ""Roediger2001_55_15word_lists"", ""list_id"": ""roediger2001_55::mountain"", ""critical_item"": ""mountain"", ""role"": ""list_word"", ""position"": ""T14""}]"
steeple,Steeple,1,1,list_word,False,True,"Brainerd, Chang, & Bialer (2020)",Brainerd2020_120_4word_lists,,brainerd2020_120::science,science,0.38,,,"[{""dataset"": ""Brainerd2020_120_4word_lists"", ""list_id"": ""brainerd2020_120::science"", ""critical_item"": ""Science"", ""role"": ""list_word"", ""position"": ""T2""}]"
stein,stein,1,1,list_word,False,True,"Roediger et al. (2001) 55-list DRM pool, augmented with uploaded 2024 supplementary workbook metrics",Roediger2001_55_15word_lists,,roediger2001_55::cup,cup,2.19312459835446,0.014,0.0,"[{""dataset"": ""Roediger2001_55_15word_lists"", ""list_id"": ""roediger2001_55::cup"", ""critical_item"": ""cup"", ""role"": ""list_word"", ""position"": ""T12""}]"
stem,Stem,1,1,list_word,False,True,"Brainerd, Chang, & Bialer (2020)",Brainerd2020_120_4word_lists,,brainerd2020_120::branch,branch,1.13,,,"[{""dataset"": ""Brainerd2020_120_4word_lists"", ""list_id"": ""brainerd2020_120::branch"", ""critical_item"": ""Branch"", ""role"": ""list_word"", ""position"": ""T4""}]"
stench,stench,1,1,list_word,False,True,"Roediger et al. (2001) 55-list DRM pool, augmented with uploaded 2024 supplementary workbook metrics",Roediger2001_55_15word_lists,,roediger2001_55::smell,smell,2.05690485133647,0.562,0.0,"[{""dataset"": ""Roediger2001_55_15word_lists"", ""list_id"": ""roediger2001_55::smell"", ""critical_item"": ""smell"", ""role"": ""list_word"", ""position"": ""T11""}]"
step,Step,1,1,list_word,False,True,"Brainerd, Chang, & Bialer (2020)",Brainerd2020_120_4word_lists,,brainerd2020_120::foot,foot,2.05,,,"[{""dataset"": ""Brainerd2020_120_4word_lists"", ""list_id"": ""brainerd2020_120::foot"", ""critical_item"": ""Foot"", ""role"": ""list_word"", ""position"": ""T3""}]"
stethoscope,stethoscope,1,1,list_word,False,True,"Roediger et al. (2001) 55-list DRM pool, augmented with uploaded 2024 supplementary workbook metrics",Roediger2001_55_15word_lists,,roediger2001_55::doctor,doctor,1.69019608002851,0.52,0.0,"[{""dataset"": ""Roediger2001_55_15word_lists"", ""list_id"": ""roediger2001_55::doctor"", ""critical_item"": ""doctor"", ""role"": ""list_word"", ""position"": ""T12""}]"
stew,stew,1,1,list_word,False,True,"Roediger et al. (2001) 55-list DRM pool, augmented with uploaded 2024 supplementary workbook metrics",Roediger2001_55_15word_lists,,roediger2001_55::mutton,mutton,2.51719589794997,0.0,0.0,"[{""dataset"": ""Roediger2001_55_15word_lists"", ""list_id"": ""roediger2001_55::mutton"", ""critical_item"": ""mutton"", ""role"": ""list_word"", ""position"": ""T12""}]"
stick,Stick,1,1,list_word,False,True,"Brainerd, Chang, & Bialer (2020)",Brainerd2020_120_4word_lists,,brainerd2020_120::branch,branch,1.72,,,"[{""dataset"": ""Brainerd2020_120_4word_lists"", ""list_id"": ""brainerd2020_120::branch"", ""critical_item"": ""Branch"", ""role"": ""list_word"", ""position"": ""T3""}]"
still,Still,1,1,list_word,False,True,"Brainerd, Chang, & Bialer (2020)",Brainerd2020_120_4word_lists,,brainerd2020_120::move,move,2.91,,,"[{""dataset"": ""Brainerd2020_120_4word_lists"", ""list_id"": ""brainerd2020_120::move"", ""critical_item"": ""Move"", ""role"": ""list_word"", ""position"": ""T4""}]"
stink,stink,1,1,list_word,False,True,"Roediger et al. (2001) 55-list DRM pool, augmented with uploaded 2024 supplementary workbook metrics",Roediger2001_55_15word_lists,,roediger2001_55::smoke,smoke,2.82865989653532,0.0,0.0,"[{""dataset"": ""Roediger2001_55_15word_lists"", ""list_id"": ""roediger2001_55::smoke"", ""critical_item"": ""smoke"", ""role"": ""list_word"", ""position"": ""T11""}]"
stomach,stomach,1,1,list_word,False,True,"Roediger et al. (2001) 55-list DRM pool, augmented with uploaded 2024 supplementary workbook metrics",Roediger2001_55_15word_lists,,roediger2001_55::butterfly,butterfly,3.23704079137919,0.0,0.0,"[{""dataset"": ""Roediger2001_55_15word_lists"", ""list_id"": ""roediger2001_55::butterfly"", ""critical_item"": ""butterfly"", ""role"": ""list_word"", ""position"": ""T14""}]"
stone,Stone,1,1,list_word,False,True,"Brainerd, Chang, & Bialer (2020)",Brainerd2020_120_4word_lists,,brainerd2020_120::rock,rock,2.08,,,"[{""dataset"": ""Brainerd2020_120_4word_lists"", ""list_id"": ""brainerd2020_120::rock"", ""critical_item"": ""Rock"", ""role"": ""list_word"", ""position"": ""T2""}]"
stool,stool,1,1,list_word,False,True,"Roediger et al. (2001) 55-list DRM pool, augmented with uploaded 2024 supplementary workbook metrics",Roediger2001_55_15word_lists,,roediger2001_55::chair,chair,2.25527250510331,0.32,0.032,"[{""dataset"": ""Roediger2001_55_15word_lists"", ""list_id"": ""roediger2001_55::chair"", ""critical_item"": ""chair"", ""role"": ""list_word"", ""position"": ""T12""}]"
stop,stop,2,1,list_word,False,True,"Roediger et al. (2001) 55-list DRM pool, augmented with uploaded 2024 supplementary workbook metrics",Roediger2001_55_15word_lists,,roediger2001_55::slow; roediger2001_55::whistle,slow; whistle,4.55717022229851,0.0,0.033,"[{""dataset"": ""Roediger2001_55_15word_lists"", ""list_id"": ""roediger2001_55::slow"", ""critical_item"": ""slow"", ""role"": ""list_word"", ""position"": ""T3""}, {""dataset"": ""Roediger2001_55_15word_lists"", ""list_id"": ""roediger2001_55::whistle"", ""critical_item"": ""whistle"", ""role"": ""list_word"", ""position"": ""T1""}]"
store,Store,1,1,list_word,False,True,"Brainerd, Chang, & Bialer (2020)",Brainerd2020_120_4word_lists,,brainerd2020_120::buy,buy,1.75,,,"[{""dataset"": ""Brainerd2020_120_4word_lists"", ""list_id"": ""brainerd2020_120::buy"", ""critical_item"": ""Buy"", ""role"": ""list_word"", ""position"": ""T1""}]"
storm,Storm,1,1,list_word,False,True,"Brainerd, Chang, & Bialer (2020)",Brainerd2020_120_4word_lists,,brainerd2020_120::task,task,1.72,,,"[{""dataset"": ""Brainerd2020_120_4word_lists"", ""list_id"": ""brainerd2020_120::task"", ""critical_item"": ""Task"", ""role"": ""list_word"", ""position"": ""T2""}]"
stove,stove,1,1,critical_distractor,True,False,"Roediger et al. (2001) 55-list DRM pool, augmented with uploaded 2024 supplementary workbook metrics",Roediger2001_55_15word_lists,roediger2001_55::stove,,,2.58883172559421,,,"[{""dataset"": ""Roediger2001_55_15word_lists"", ""list_id"": ""roediger2001_55::stove"", ""critical_item"": ""stove"", ""role"": ""critical_distractor"", ""position"": ""CD""}]"
straight,Straight,1,1,critical_distractor,True,False,"Brainerd, Chang, & Bialer (2020)",Brainerd2020_120_4word_lists,brainerd2020_120::straight,,,2.08,,,"[{""dataset"": ""Brainerd2020_120_4word_lists"", ""list_id"": ""brainerd2020_120::straight"", ""critical_item"": ""Straight"", ""role"": ""critical_distractor"", ""position"": ""CD""}]"
strain,Strain,1,1,list_word,False,True,"Brainerd, Chang, & Bialer (2020)",Brainerd2020_120_4word_lists,,brainerd2020_120::stress,stress,1.48,,,"[{""dataset"": ""Brainerd2020_120_4word_lists"", ""list_id"": ""brainerd2020_120::stress"", ""critical_item"": ""Stress"", ""role"": ""list_word"", ""position"": ""T4""}]"
strange,Strange,1,1,list_word,False,True,"Brainerd, Chang, & Bialer (2020)",Brainerd2020_120_4word_lists,,brainerd2020_120::hair,hair,1.32,,,"[{""dataset"": ""Brainerd2020_120_4word_lists"", ""list_id"": ""brainerd2020_120::hair"", ""critical_item"": ""Hair"", ""role"": ""list_word"", ""position"": ""T3""}]"
strategy,Strategy,1,1,list_word,False,True,"Brainerd, Chang, & Bialer (2020)",Brainerd2020_120_4word_lists,,brainerd2020_120::bag,bag,1.45,,,"[{""dataset"": ""Brainerd2020_120_4word_lists"", ""list_id"": ""brainerd2020_120::bag"", ""critical_item"": ""Bag"", ""role"": ""list_word"", ""position"": ""T4""}]"
straw,straw,1,1,list_word,False,True,"Roediger et al. (2001) 55-list DRM pool, augmented with uploaded 2024 supplementary workbook metrics",Roediger2001_55_15word_lists,,roediger2001_55::cup,cup,2.50379068305718,0.029,0.0,"[{""dataset"": ""Roediger2001_55_15word_lists"", ""list_id"": ""roediger2001_55::cup"", ""critical_item"": ""cup"", ""role"": ""list_word"", ""position"": ""T9""}]"
stream,Stream; stream,3,2,list_word,False,True,"Brainerd, Chang, & Bialer (2020); Roediger et al. (2001) 55-list DRM pool, augmented with uploaded 2024 supplementary workbook metrics",Brainerd2020_120_4word_lists; Roediger2001_55_15word_lists,,brainerd2020_120::river; roediger2001_55::river; roediger2001_55::swift,river; swift,2.201920910938035,0.1605,0.059,"[{""dataset"": ""Brainerd2020_120_4word_lists"", ""list_id"": ""brainerd2020_120::river"", ""critical_item"": ""River"", ""role"": ""list_word"", ""position"": ""T4""}, {""dataset"": ""Roediger2001_55_15word_lists"", ""list_id"": ""roediger2001_55::river"", ""critical_item"": ""river"", ""role"": ""list_word"", ""position"": ""T2""}, {""dataset"": ""Roediger2001_55_15word_lists"", ""list_id"": ""roediger2001_55::swift"", ""critical_item"": ""swift"", ""role"": ""list_word"", ""position"": ""T7""}]"
streets,streets,1,1,list_word,False,True,"Roediger et al. (2001) 55-list DRM pool, augmented with uploaded 2024 supplementary workbook metrics",Roediger2001_55_15word_lists,,roediger2001_55::city,city,,0.054,0.046,"[{""dataset"": ""Roediger2001_55_15word_lists"", ""list_id"": ""roediger2001_55::city"", ""critical_item"": ""city"", ""role"": ""list_word"", ""position"": ""T5""}]"
strength,Strength,1,1,list_word,False,True,"Brainerd, Chang, & Bialer (2020)",Brainerd2020_120_4word_lists,,brainerd2020_120::soft,soft,2.04,,,"[{""dataset"": ""Brainerd2020_120_4word_lists"", ""list_id"": ""brainerd2020_120::soft"", ""critical_item"": ""Soft"", ""role"": ""list_word"", ""position"": ""T2""}]"
stress,Stress,1,1,critical_distractor,True,False,"Brainerd, Chang, & Bialer (2020)",Brainerd2020_120_4word_lists,brainerd2020_120::stress,,,1.46,,,"[{""dataset"": ""Brainerd2020_120_4word_lists"", ""list_id"": ""brainerd2020_120::stress"", ""critical_item"": ""Stress"", ""role"": ""critical_distractor"", ""position"": ""CD""}]"
stretch,stretch,1,1,list_word,False,True,"Roediger et al. (2001) 55-list DRM pool, augmented with uploaded 2024 supplementary workbook metrics",Roediger2001_55_15word_lists,,roediger2001_55::rubber,rubber,2.87448181769947,0.0,0.027,"[{""dataset"": ""Roediger2001_55_15word_lists"", ""list_id"": ""roediger2001_55::rubber"", ""critical_item"": ""rubber"", ""role"": ""list_word"", ""position"": ""T15""}]"
strict,Strict,1,1,list_word,False,True,"Brainerd, Chang, & Bialer (2020)",Brainerd2020_120_4word_lists,,brainerd2020_120::rule,rule,1.42,,,"[{""dataset"": ""Brainerd2020_120_4word_lists"", ""list_id"": ""brainerd2020_120::rule"", ""critical_item"": ""Rule"", ""role"": ""list_word"", ""position"": ""T4""}]"
string,String,1,1,list_word,False,True,"Brainerd, Chang, & Bialer (2020)",Brainerd2020_120_4word_lists,,brainerd2020_120::rope,rope,1.53,,,"[{""dataset"": ""Brainerd2020_120_4word_lists"", ""list_id"": ""brainerd2020_120::rope"", ""critical_item"": ""Rope"", ""role"": ""list_word"", ""position"": ""T2""}]"
stripes,stripes,1,1,list_word,False,True,"Roediger et al. (2001) 55-list DRM pool, augmented with uploaded 2024 supplementary workbook metrics",Roediger2001_55_15word_lists,,roediger2001_55::flag,flag,2.5092025223311,0.177,0.014,"[{""dataset"": ""Roediger2001_55_15word_lists"", ""list_id"": ""roediger2001_55::flag"", ""critical_item"": ""flag"", ""role"": ""list_word"", ""position"": ""T6""}]"
strong,strong,2,1,list_word,False,True,"Roediger et al. (2001) 55-list DRM pool, augmented with uploaded 2024 supplementary workbook metrics",Roediger2001_55_15word_lists,,roediger2001_55::health; roediger2001_55::man,health; man,3.64650175003161,0.01,0.0065,"[{""dataset"": ""Roediger2001_55_15word_lists"", ""list_id"": ""roediger2001_55::health"", ""critical_item"": ""health"", ""role"": ""list_word"", ""position"": ""T8""}, {""dataset"": ""Roediger2001_55_15word_lists"", ""list_id"": ""roediger2001_55::man"", ""critical_item"": ""man"", ""role"": ""list_word"", ""position"": ""T8""}]"
structure,Structure,1,1,list_word,False,True,"Brainerd, Chang, & Bialer (2020)",Brainerd2020_120_4word_lists,,brainerd2020_120::building,building,1.92,,,"[{""dataset"": ""Brainerd2020_120_4word_lists"", ""list_id"": ""brainerd2020_120::building"", ""critical_item"": ""Building"", ""role"": ""list_word"", ""position"": ""T1""}]"
student,Student,1,1,list_word,False,True,"Brainerd, Chang, & Bialer (2020)",Brainerd2020_120_4word_lists,,brainerd2020_120::class,class,1.68,,,"[{""dataset"": ""Brainerd2020_120_4word_lists"", ""list_id"": ""brainerd2020_120::class"", ""critical_item"": ""Class"", ""role"": ""list_word"", ""position"": ""T3""}]"
subjects,subjects,1,1,list_word,False,True,"Roediger et al. (2001) 55-list DRM pool, augmented with uploaded 2024 supplementary workbook metrics",Roediger2001_55_15word_lists,,roediger2001_55::king,king,2.55144999797288,0.0,0.0,"[{""dataset"": ""Roediger2001_55_15word_lists"", ""list_id"": ""roediger2001_55::king"", ""critical_item"": ""king"", ""role"": ""list_word"", ""position"": ""T11""}]"
suburb,suburb,1,1,list_word,False,True,"Roediger et al. (2001) 55-list DRM pool, augmented with uploaded 2024 supplementary workbook metrics",Roediger2001_55_15word_lists,,roediger2001_55::city,city,,0.265,0.01,"[{""dataset"": ""Roediger2001_55_15word_lists"", ""list_id"": ""roediger2001_55::city"", ""critical_item"": ""city"", ""role"": ""list_word"", ""position"": ""T13""}]"
subway,subway,1,1,list_word,False,True,"Roediger et al. (2001) 55-list DRM pool, augmented with uploaded 2024 supplementary workbook metrics",Roediger2001_55_15word_lists,,roediger2001_55::city,city,,0.0,0.0,"[{""dataset"": ""Roediger2001_55_15word_lists"", ""list_id"": ""roediger2001_55::city"", ""critical_item"": ""city"", ""role"": ""list_word"", ""position"": ""T6""}]"
succeed,Succeed,1,1,list_word,False,True,"Brainerd, Chang, & Bialer (2020)",Brainerd2020_120_4word_lists,,brainerd2020_120::famous,famous,1.4,,,"[{""dataset"": ""Brainerd2020_120_4word_lists"", ""list_id"": ""brainerd2020_120::famous"", ""critical_item"": ""Famous"", ""role"": ""list_word"", ""position"": ""T1""}]"
sugar,Sugar; sugar,2,2,list_word,False,True,"Brainerd, Chang, & Bialer (2020); Roediger et al. (2001) 55-list DRM pool, augmented with uploaded 2024 supplementary workbook metrics",Brainerd2020_120_4word_lists; Roediger2001_55_15word_lists,,brainerd2020_120::sweet; roediger2001_55::sweet,sweet,2.4024408573277247,0.433,0.061,"[{""dataset"": ""Brainerd2020_120_4word_lists"", ""list_id"": ""brainerd2020_120::sweet"", ""critical_item"": ""Sweet"", ""role"": ""list_word"", ""position"": ""T3""}, {""dataset"": ""Roediger2001_55_15word_lists"", ""list_id"": ""roediger2001_55::sweet"", ""critical_item"": ""sweet"", ""role"": ""list_word"", ""position"": ""T3""}]"
suggestion,Suggestion,1,1,list_word,False,True,"Brainerd, Chang, & Bialer (2020)",Brainerd2020_120_4word_lists,,brainerd2020_120::comment,comment,1.66,,,"[{""dataset"": ""Brainerd2020_120_4word_lists"", ""list_id"": ""brainerd2020_120::comment"", ""critical_item"": ""Comment"", ""role"": ""list_word"", ""position"": ""T4""}]"
suit,suit,1,1,list_word,False,True,"Roediger et al. (2001) 55-list DRM pool, augmented with uploaded 2024 supplementary workbook metrics",Roediger2001_55_15word_lists,,roediger2001_55::man,man,3.54406804435028,0.074,0.0,"[{""dataset"": ""Roediger2001_55_15word_lists"", ""list_id"": ""roediger2001_55::man"", ""critical_item"": ""man"", ""role"": ""list_word"", ""position"": ""T14""}]"
sum,Sum,1,1,list_word,False,True,"Brainerd, Chang, & Bialer (2020)",Brainerd2020_120_4word_lists,,brainerd2020_120::add,add,1.69,,,"[{""dataset"": ""Brainerd2020_120_4word_lists"", ""list_id"": ""brainerd2020_120::add"", ""critical_item"": ""Add"", ""role"": ""list_word"", ""position"": ""T4""}]"
summer,summer,1,1,list_word,False,True,"Roediger et al. (2001) 55-list DRM pool, augmented with uploaded 2024 supplementary workbook metrics",Roediger2001_55_15word_lists,,roediger2001_55::butterfly,butterfly,3.60346915973384,0.0,0.0,"[{""dataset"": ""Roediger2001_55_15word_lists"", ""list_id"": ""roediger2001_55::butterfly"", ""critical_item"": ""butterfly"", ""role"": ""list_word"", ""position"": ""T11""}]"
summit,summit,1,1,list_word,False,True,"Roediger et al. (2001) 55-list DRM pool, augmented with uploaded 2024 supplementary workbook metrics",Roediger2001_55_15word_lists,,roediger2001_55::mountain,mountain,2.23299611039215,0.108,0.0,"[{""dataset"": ""Roediger2001_55_15word_lists"", ""list_id"": ""roediger2001_55::mountain"", ""critical_item"": ""mountain"", ""role"": ""list_word"", ""position"": ""T4""}]"
sun,Sun,1,1,list_word,False,True,"Brainerd, Chang, & Bialer (2020)",Brainerd2020_120_4word_lists,,brainerd2020_120::drug,drug,2.29,,,"[{""dataset"": ""Brainerd2020_120_4word_lists"", ""list_id"": ""brainerd2020_120::drug"", ""critical_item"": ""Drug"", ""role"": ""list_word"", ""position"": ""T4""}]"
supreme,supreme,1,1,list_word,False,True,"Roediger et al. (2001) 55-list DRM pool, augmented with uploaded 2024 supplementary workbook metrics",Roediger2001_55_15word_lists,,roediger2001_55::justice,justice,2.65127801399814,0.021,0.0,"[{""dataset"": ""Roediger2001_55_15word_lists"", ""list_id"": ""roediger2001_55::justice"", ""critical_item"": ""justice"", ""role"": ""list_word"", ""position"": ""T12""}]"
sure,sure,1,1,list_word,False,True,"Roediger et al. (2001) 55-list DRM pool, augmented with uploaded 2024 supplementary workbook metrics",Roediger2001_55_15word_lists,,roediger2001_55::swift,swift,,0.0,0.0,"[{""dataset"": ""Roediger2001_55_15word_lists"", ""list_id"": ""roediger2001_55::swift"", ""critical_item"": ""swift"", ""role"": ""list_word"", ""position"": ""T12""}]"
surgeon,Surgeon; surgeon,2,2,list_word,False,True,"Brainerd, Chang, & Bialer (2020); Roediger et al. (2001) 55-list DRM pool, augmented with uploaded 2024 supplementary workbook metrics",Brainerd2020_120_4word_lists; Roediger2001_55_15word_lists,,brainerd2020_120::equal; roediger2001_55::doctor,doctor; equal,1.99188098041435,0.479,0.04,"[{""dataset"": ""Brainerd2020_120_4word_lists"", ""list_id"": ""brainerd2020_120::equal"", ""critical_item"": ""Equal"", ""role"": ""list_word"", ""position"": ""T4""}, {""dataset"": ""Roediger2001_55_15word_lists"", ""list_id"": ""roediger2001_55::doctor"", ""critical_item"": ""doctor"", ""role"": ""list_word"", ""position"": ""T13""}]"
sweat,Sweat,1,1,list_word,False,True,"Brainerd, Chang, & Bialer (2020)",Brainerd2020_120_4word_lists,,brainerd2020_120::sorry,sorry,1.19,,,"[{""dataset"": ""Brainerd2020_120_4word_lists"", ""list_id"": ""brainerd2020_120::sorry"", ""critical_item"": ""Sorry"", ""role"": ""list_word"", ""position"": ""T3""}]"
sweep,sweep,1,1,list_word,False,True,"Roediger et al. (2001) 55-list DRM pool, augmented with uploaded 2024 supplementary workbook metrics",Roediger2001_55_15word_lists,,roediger2001_55::trash,trash,2.68663626926229,0.0,0.0,"[{""dataset"": ""Roediger2001_55_15word_lists"", ""list_id"": ""roediger2001_55::trash"", ""critical_item"": ""trash"", ""role"": ""list_word"", ""position"": ""T9""}]"
sweeper,sweeper,1,1,list_word,False,True,"Roediger et al. (2001) 55-list DRM pool, augmented with uploaded 2024 supplementary workbook metrics",Roediger2001_55_15word_lists,,roediger2001_55::carpet,carpet,1.51851393987789,0.0,0.0,"[{""dataset"": ""Roediger2001_55_15word_lists"", ""list_id"": ""roediger2001_55::carpet"", ""critical_item"": ""carpet"", ""role"": ""list_word"", ""position"": ""T5""}]"
sweet,Sweet; sweet,3,2,critical_distractor; list_word,True,True,"Brainerd, Chang, & Bialer (2020); Roediger et al. (2001) 55-list DRM pool, augmented with uploaded 2024 supplementary workbook metrics",Brainerd2020_120_4word_lists; Roediger2001_55_15word_lists,brainerd2020_120::sweet; roediger2001_55::sweet,roediger2001_55::bitter,bitter,3.259722471808947,0.02,0.435,"[{""dataset"": ""Brainerd2020_120_4word_lists"", ""list_id"": ""brainerd2020_120::sweet"", ""critical_item"": ""Sweet"", ""role"": ""critical_distractor"", ""position"": ""CD""}, {""dataset"": ""Roediger2001_55_15word_lists"", ""list_id"": ""roediger2001_55::bitter"", ""critical_item"": ""bitter"", ""role"": ""list_word"", ""position"": ""T1""}, {""dataset"": ""Roediger2001_55_15word_lists"", ""list_id"": ""roediger2001_55::sweet"", ""critical_item"": ""sweet"", ""role"": ""critical_distractor"", ""position"": ""CD""}]"
swift,swift,1,1,critical_distractor,True,False,"Roediger et al. (2001) 55-list DRM pool, augmented with uploaded 2024 supplementary workbook metrics",Roediger2001_55_15word_lists,roediger2001_55::swift,,,2.29666519026153,,,"[{""dataset"": ""Roediger2001_55_15word_lists"", ""list_id"": ""roediger2001_55::swift"", ""critical_item"": ""swift"", ""role"": ""critical_distractor"", ""position"": ""CD""}]"
swim,swim,1,1,list_word,False,True,"Roediger et al. (2001) 55-list DRM pool, augmented with uploaded 2024 supplementary workbook metrics",Roediger2001_55_15word_lists,,roediger2001_55::river,river,3.21031851982623,0.0,0.016,"[{""dataset"": ""Roediger2001_55_15word_lists"", ""list_id"": ""roediger2001_55::river"", ""critical_item"": ""river"", ""role"": ""list_word"", ""position"": ""T7""}]"
swivel,swivel,1,1,list_word,False,True,"Roediger et al. (2001) 55-list DRM pool, augmented with uploaded 2024 supplementary workbook metrics",Roediger2001_55_15word_lists,,roediger2001_55::chair,chair,1.56820172406699,0.593,0.0,"[{""dataset"": ""Roediger2001_55_15word_lists"", ""list_id"": ""roediger2001_55::chair"", ""critical_item"": ""chair"", ""role"": ""list_word"", ""position"": ""T11""}]"
symbol,symbol,1,1,list_word,False,True,"Roediger et al. (2001) 55-list DRM pool, augmented with uploaded 2024 supplementary workbook metrics",Roediger2001_55_15word_lists,,roediger2001_55::flag,flag,2.64246452024212,0.014,0.021,"[{""dataset"": ""Roediger2001_55_15word_lists"", ""list_id"": ""roediger2001_55::flag"", ""critical_item"": ""flag"", ""role"": ""list_word"", ""position"": ""T3""}]"
symphony,symphony,1,1,list_word,False,True,"Roediger et al. (2001) 55-list DRM pool, augmented with uploaded 2024 supplementary workbook metrics",Roediger2001_55_15word_lists,,roediger2001_55::music,music,2.26007138798507,0.329,0.0,"[{""dataset"": ""Roediger2001_55_15word_lists"", ""list_id"": ""roediger2001_55::music"", ""critical_item"": ""music"", ""role"": ""list_word"", ""position"": ""T11""}]"
syringe,syringe,1,1,list_word,False,True,"Roediger et al. (2001) 55-list DRM pool, augmented with uploaded 2024 supplementary workbook metrics",Roediger2001_55_15word_lists,,roediger2001_55::needle,needle,2.0,0.52,0.0,"[{""dataset"": ""Roediger2001_55_15word_lists"", ""list_id"": ""roediger2001_55::needle"", ""critical_item"": ""needle"", ""role"": ""list_word"", ""position"": ""T13""}]"
table,Table; table,3,2,list_word,False,True,"Brainerd, Chang, & Bialer (2020); Roediger et al. (2001) 55-list DRM pool, augmented with uploaded 2024 supplementary workbook metrics",Brainerd2020_120_4word_lists; Roediger2001_55_15word_lists,,brainerd2020_120::chair; roediger2001_55::chair; roediger2001_55::lamp,chair; lamp,3.294285058033967,0.378,0.1665,"[{""dataset"": ""Brainerd2020_120_4word_lists"", ""list_id"": ""brainerd2020_120::chair"", ""critical_item"": ""Chair"", ""role"": ""list_word"", ""position"": ""T4""}, {""dataset"": ""Roediger2001_55_15word_lists"", ""list_id"": ""roediger2001_55::chair"", ""critical_item"": ""chair"", ""role"": ""list_word"", ""position"": ""T1""}, {""dataset"": ""Roediger2001_55_15word_lists"", ""list_id"": ""roediger2001_55::lamp"", ""critical_item"": ""lamp"", ""role"": ""list_word"", ""position"": ""T3""}]"
tack,tack,1,1,list_word,False,True,"Roediger et al. (2001) 55-list DRM pool, augmented with uploaded 2024 supplementary workbook metrics",Roediger2001_55_15word_lists,,roediger2001_55::carpet,carpet,2.03742649794062,0.0,0.0,"[{""dataset"": ""Roediger2001_55_15word_lists"", ""list_id"": ""roediger2001_55::carpet"", ""critical_item"": ""carpet"", ""role"": ""list_word"", ""position"": ""T6""}]"
talent,Talent,1,1,list_word,False,True,"Brainerd, Chang, & Bialer (2020)",Brainerd2020_120_4word_lists,,brainerd2020_120::devil,devil,1.32,,,"[{""dataset"": ""Brainerd2020_120_4word_lists"", ""list_id"": ""brainerd2020_120::devil"", ""critical_item"": ""Devil"", ""role"": ""list_word"", ""position"": ""T4""}]"
tall,tall,1,1,list_word,False,True,"Roediger et al. (2001) 55-list DRM pool, augmented with uploaded 2024 supplementary workbook metrics",Roediger2001_55_15word_lists,,roediger2001_55::high,high,3.21748394421391,0.0,0.02,"[{""dataset"": ""Roediger2001_55_15word_lists"", ""list_id"": ""roediger2001_55::high"", ""critical_item"": ""high"", ""role"": ""list_word"", ""position"": ""T4""}]"
tamber,tamber,1,1,list_word,False,True,"Roediger et al. (2001) 55-list DRM pool, augmented with uploaded 2024 supplementary workbook metrics",Roediger2001_55_15word_lists,,roediger2001_55::lion,lion,1.380211241711606,0.489,0.021,"[{""dataset"": ""Roediger2001_55_15word_lists"", ""list_id"": ""roediger2001_55::lion"", ""critical_item"": ""lion"", ""role"": ""list_word"", ""position"": ""T4""}]"
tape,Tape,1,1,list_word,False,True,"Brainerd, Chang, & Bialer (2020)",Brainerd2020_120_4word_lists,,brainerd2020_120::record,record,1.42,,,"[{""dataset"": ""Brainerd2020_120_4word_lists"", ""list_id"": ""brainerd2020_120::record"", ""critical_item"": ""Record"", ""role"": ""list_word"", ""position"": ""T4""}]"
tar,Tar,1,1,list_word,False,True,"Brainerd, Chang, & Bialer (2020)",Brainerd2020_120_4word_lists,,brainerd2020_120::roof,roof,0.74,,,"[{""dataset"": ""Brainerd2020_120_4word_lists"", ""list_id"": ""brainerd2020_120::roof"", ""critical_item"": ""Roof"", ""role"": ""list_word"", ""position"": ""T3""}]"
tarantula,tarantula,1,1,list_word,False,True,"Roediger et al. (2001) 55-list DRM pool, augmented with uploaded 2024 supplementary workbook metrics",Roediger2001_55_15word_lists,,roediger2001_55::spider,spider,1.67209785793572,0.744,0.0,"[{""dataset"": ""Roediger2001_55_15word_lists"", ""list_id"": ""roediger2001_55::spider"", ""critical_item"": ""spider"", ""role"": ""list_word"", ""position"": ""T8""}]"
tart,tart,1,1,list_word,False,True,"Roediger et al. (2001) 55-list DRM pool, augmented with uploaded 2024 supplementary workbook metrics",Roediger2001_55_15word_lists,,roediger2001_55::sweet,sweet,2.0899051114394,0.223,0.0,"[{""dataset"": ""Roediger2001_55_15word_lists"", ""list_id"": ""roediger2001_55::sweet"", ""critical_item"": ""sweet"", ""role"": ""list_word"", ""position"": ""T14""}]"
task,Task,1,1,critical_distractor,True,False,"Brainerd, Chang, & Bialer (2020)",Brainerd2020_120_4word_lists,brainerd2020_120::task,,,1.94,,,"[{""dataset"": ""Brainerd2020_120_4word_lists"", ""list_id"": ""brainerd2020_120::task"", ""critical_item"": ""Task"", ""role"": ""critical_distractor"", ""position"": ""CD""}]"
taste,Taste; taste,3,2,critical_distractor; list_word,True,True,"Brainerd, Chang, & Bialer (2020); Roediger et al. (2001) 55-list DRM pool, augmented with uploaded 2024 supplementary workbook metrics",Brainerd2020_120_4word_lists; Roediger2001_55_15word_lists,brainerd2020_120::taste,roediger2001_55::bitter; roediger2001_55::sweet,bitter; sweet,2.8753130948098264,0.0475,0.0395,"[{""dataset"": ""Brainerd2020_120_4word_lists"", ""list_id"": ""brainerd2020_120::taste"", ""critical_item"": ""Taste"", ""role"": ""critical_distractor"", ""position"": ""CD""}, {""dataset"": ""Roediger2001_55_15word_lists"", ""list_id"": ""roediger2001_55::bitter"", ""critical_item"": ""bitter"", ""role"": ""list_word"", ""position"": ""T3""}, {""dataset"": ""Roediger2001_55_15word_lists"", ""list_id"": ""roediger2001_55::sweet"", ""critical_item"": ""sweet"", ""role"": ""list_word"", ""position"": ""T6""}]"
taxi,taxi,1,1,list_word,False,True,"Roediger et al. (2001) 55-list DRM pool, augmented with uploaded 2024 supplementary workbook metrics",Roediger2001_55_15word_lists,,roediger2001_55::car,car,3.12024479554637,0.129,0.0,"[{""dataset"": ""Roediger2001_55_15word_lists"", ""list_id"": ""roediger2001_55::car"", ""critical_item"": ""car"", ""role"": ""list_word"", ""position"": ""T15""}]"
tea,tea,1,1,list_word,False,True,"Roediger et al. (2001) 55-list DRM pool, augmented with uploaded 2024 supplementary workbook metrics",Roediger2001_55_15word_lists,,roediger2001_55::cup,cup,3.47581641303132,0.054,0.056,"[{""dataset"": ""Roediger2001_55_15word_lists"", ""list_id"": ""roediger2001_55::cup"", ""critical_item"": ""cup"", ""role"": ""list_word"", ""position"": ""T3""}]"
teacher,Teacher,1,1,list_word,False,True,"Brainerd, Chang, & Bialer (2020)",Brainerd2020_120_4word_lists,,brainerd2020_120::class,class,1.74,,,"[{""dataset"": ""Brainerd2020_120_4word_lists"", ""list_id"": ""brainerd2020_120::class"", ""critical_item"": ""Class"", ""role"": ""list_word"", ""position"": ""T4""}]"
technology,Technology,1,1,list_word,False,True,"Brainerd, Chang, & Bialer (2020)",Brainerd2020_120_4word_lists,,brainerd2020_120::computer,computer,1.74,,,"[{""dataset"": ""Brainerd2020_120_4word_lists"", ""list_id"": ""brainerd2020_120::computer"", ""critical_item"": ""Computer"", ""role"": ""list_word"", ""position"": ""T4""}]"
teeth,Teeth,1,1,critical_distractor,True,False,"Brainerd, Chang, & Bialer (2020)",Brainerd2020_120_4word_lists,brainerd2020_120::teeth,,,1.81,,,"[{""dataset"": ""Brainerd2020_120_4word_lists"", ""list_id"": ""brainerd2020_120::teeth"", ""critical_item"": ""Teeth"", ""role"": ""critical_distractor"", ""position"": ""CD""}]"
tell,tell,1,1,list_word,False,True,"Roediger et al. (2001) 55-list DRM pool, augmented with uploaded 2024 supplementary workbook metrics",Roediger2001_55_15word_lists,,roediger2001_55::command,command,4.94423584379348,0.0,0.055,"[{""dataset"": ""Roediger2001_55_15word_lists"", ""list_id"": ""roediger2001_55::command"", ""critical_item"": ""command"", ""role"": ""list_word"", ""position"": ""T7""}]"
teller,Teller,1,1,list_word,False,True,"Brainerd, Chang, & Bialer (2020)",Brainerd2020_120_4word_lists,,brainerd2020_120::bank,bank,0.59,,,"[{""dataset"": ""Brainerd2020_120_4word_lists"", ""list_id"": ""brainerd2020_120::bank"", ""critical_item"": ""Bank"", ""role"": ""list_word"", ""position"": ""T3""}]"
temper,Temper; temper,2,2,list_word,False,True,"Brainerd, Chang, & Bialer (2020); Roediger et al. (2001) 55-list DRM pool, augmented with uploaded 2024 supplementary workbook metrics",Brainerd2020_120_4word_lists; Roediger2001_55_15word_lists,,brainerd2020_120::control; roediger2001_55::anger,anger; control,2.112834277379505,0.182,0.0,"[{""dataset"": ""Brainerd2020_120_4word_lists"", ""list_id"": ""brainerd2020_120::control"", ""critical_item"": ""Control"", ""role"": ""list_word"", ""position"": ""T4""}, {""dataset"": ""Roediger2001_55_15word_lists"", ""list_id"": ""roediger2001_55::anger"", ""critical_item"": ""anger"", ""role"": ""list_word"", ""position"": ""T5""}]"
temple,Temple,1,1,list_word,False,True,"Brainerd, Chang, & Bialer (2020)",Brainerd2020_120_4word_lists,,brainerd2020_120::lazy,lazy,1.63,,,"[{""dataset"": ""Brainerd2020_120_4word_lists"", ""list_id"": ""brainerd2020_120::lazy"", ""critical_item"": ""Lazy"", ""role"": ""list_word"", ""position"": ""T3""}]"
tender,Tender; tender,2,2,list_word,False,True,"Brainerd, Chang, & Bialer (2020); Roediger et al. (2001) 55-list DRM pool, augmented with uploaded 2024 supplementary workbook metrics",Brainerd2020_120_4word_lists; Roediger2001_55_15word_lists,,brainerd2020_120::middle; roediger2001_55::soft,middle; soft,2.14852792642855,0.297,0.0,"[{""dataset"": ""Brainerd2020_120_4word_lists"", ""list_id"": ""brainerd2020_120::middle"", ""critical_item"": ""Middle"", ""role"": ""list_word"", ""position"": ""T3""}, {""dataset"": ""Roediger2001_55_15word_lists"", ""list_id"": ""roediger2001_55::soft"", ""critical_item"": ""soft"", ""role"": ""list_word"", ""position"": ""T15""}]"
tennis,Tennis,1,1,list_word,False,True,"Brainerd, Chang, & Bialer (2020)",Brainerd2020_120_4word_lists,,brainerd2020_120::police,police,1.27,,,"[{""dataset"": ""Brainerd2020_120_4word_lists"", ""list_id"": ""brainerd2020_120::police"", ""critical_item"": ""Police"", ""role"": ""list_word"", ""position"": ""T4""}]"
tension,Tension,1,1,list_word,False,True,"Brainerd, Chang, & Bialer (2020)",Brainerd2020_120_4word_lists,,brainerd2020_120::stress,stress,1.28,,,"[{""dataset"": ""Brainerd2020_120_4word_lists"", ""list_id"": ""brainerd2020_120::stress"", ""critical_item"": ""Stress"", ""role"": ""list_word"", ""position"": ""T1""}]"
terror,Terror,1,1,list_word,False,True,"Brainerd, Chang, & Bialer (2020)",Brainerd2020_120_4word_lists,,brainerd2020_120::cover,cover,1.65,,,"[{""dataset"": ""Brainerd2020_120_4word_lists"", ""list_id"": ""brainerd2020_120::cover"", ""critical_item"": ""Cover"", ""role"": ""list_word"", ""position"": ""T4""}]"
theory,Theory,1,1,list_word,False,True,"Brainerd, Chang, & Bialer (2020)",Brainerd2020_120_4word_lists,,brainerd2020_120::prove,prove,2.02,,,"[{""dataset"": ""Brainerd2020_120_4word_lists"", ""list_id"": ""brainerd2020_120::prove"", ""critical_item"": ""Prove"", ""role"": ""list_word"", ""position"": ""T1""}]"
thick,thick,1,1,list_word,False,True,"Roediger et al. (2001) 55-list DRM pool, augmented with uploaded 2024 supplementary workbook metrics",Roediger2001_55_15word_lists,,roediger2001_55::carpet,carpet,2.85369821177617,0.0,0.0,"[{""dataset"": ""Roediger2001_55_15word_lists"", ""list_id"": ""roediger2001_55::carpet"", ""critical_item"": ""carpet"", ""role"": ""list_word"", ""position"": ""T12""}]"
thief,thief,1,1,critical_distractor,True,False,"Roediger et al. (2001) 55-list DRM pool, augmented with uploaded 2024 supplementary workbook metrics",Roediger2001_55_15word_lists,roediger2001_55::thief,,,3.09307130637606,,,"[{""dataset"": ""Roediger2001_55_15word_lists"", ""list_id"": ""roediger2001_55::thief"", ""critical_item"": ""thief"", ""role"": ""critical_distractor"", ""position"": ""CD""}]"
thimble,thimble,1,1,list_word,False,True,"Roediger et al. (2001) 55-list DRM pool, augmented with uploaded 2024 supplementary workbook metrics",Roediger2001_55_15word_lists,,roediger2001_55::needle,needle,1.17609125905568,0.218,0.0,"[{""dataset"": ""Roediger2001_55_15word_lists"", ""list_id"": ""roediger2001_55::needle"", ""critical_item"": ""needle"", ""role"": ""list_word"", ""position"": ""T8""}]"
thin,thin,1,1,list_word,False,True,"Roediger et al. (2001) 55-list DRM pool, augmented with uploaded 2024 supplementary workbook metrics",Roediger2001_55_15word_lists,,roediger2001_55::long,long,3.01283722470517,0.0,0.011,"[{""dataset"": ""Roediger2001_55_15word_lists"", ""list_id"": ""roediger2001_55::long"", ""critical_item"": ""long"", ""role"": ""list_word"", ""position"": ""T10""}]"
think,think,1,1,list_word,False,True,"Roediger et al. (2001) 55-list DRM pool, augmented with uploaded 2024 supplementary workbook metrics",Roediger2001_55_15word_lists,,roediger2001_55::wish,wish,5.13755032256453,0.0,0.031,"[{""dataset"": ""Roediger2001_55_15word_lists"", ""list_id"": ""roediger2001_55::wish"", ""critical_item"": ""wish"", ""role"": ""list_word"", ""position"": ""T6""}]"
thorn,thorn,1,1,list_word,False,True,"Roediger et al. (2001) 55-list DRM pool, augmented with uploaded 2024 supplementary workbook metrics",Roediger2001_55_15word_lists,,roediger2001_55::needle,needle,2.41664050733828,0.028,0.0,"[{""dataset"": ""Roediger2001_55_15word_lists"", ""list_id"": ""roediger2001_55::needle"", ""critical_item"": ""needle"", ""role"": ""list_word"", ""position"": ""T10""}]"
thought,thought,1,1,list_word,False,True,"Roediger et al. (2001) 55-list DRM pool, augmented with uploaded 2024 supplementary workbook metrics",Roediger2001_55_15word_lists,,roediger2001_55::wish,wish,4.61524493402638,0.0,0.0,"[{""dataset"": ""Roediger2001_55_15word_lists"", ""list_id"": ""roediger2001_55::wish"", ""critical_item"": ""wish"", ""role"": ""list_word"", ""position"": ""T11""}]"
thread,thread,1,1,list_word,False,True,"Roediger et al. (2001) 55-list DRM pool, augmented with uploaded 2024 supplementary workbook metrics",Roediger2001_55_15word_lists,,roediger2001_55::needle,needle,2.42160392686983,0.758,0.424,"[{""dataset"": ""Roediger2001_55_15word_lists"", ""list_id"": ""roediger2001_55::needle"", ""critical_item"": ""needle"", ""role"": ""list_word"", ""position"": ""T1""}]"
throne,throne,1,1,list_word,False,True,"Roediger et al. (2001) 55-list DRM pool, augmented with uploaded 2024 supplementary workbook metrics",Roediger2001_55_15word_lists,,roediger2001_55::king,king,2.64542226934909,0.759,0.0,"[{""dataset"": ""Roediger2001_55_15word_lists"", ""list_id"": ""roediger2001_55::king"", ""critical_item"": ""king"", ""role"": ""list_word"", ""position"": ""T8""}]"
throw,Throw,1,1,list_word,False,True,"Brainerd, Chang, & Bialer (2020)",Brainerd2020_120_4word_lists,,brainerd2020_120::lazy,lazy,1.73,,,"[{""dataset"": ""Brainerd2020_120_4word_lists"", ""list_id"": ""brainerd2020_120::lazy"", ""critical_item"": ""Lazy"", ""role"": ""list_word"", ""position"": ""T4""}]"
tide,tide,1,1,list_word,False,True,"Roediger et al. (2001) 55-list DRM pool, augmented with uploaded 2024 supplementary workbook metrics",Roediger2001_55_15word_lists,,roediger2001_55::river,river,2.57518784492766,0.0,0.0,"[{""dataset"": ""Roediger2001_55_15word_lists"", ""list_id"": ""roediger2001_55::river"", ""critical_item"": ""river"", ""role"": ""list_word"", ""position"": ""T6""}]"
tie,tie,1,1,list_word,False,True,"Roediger et al. (2001) 55-list DRM pool, augmented with uploaded 2024 supplementary workbook metrics",Roediger2001_55_15word_lists,,roediger2001_55::shirt,shirt,3.35545152012652,0.074,0.103,"[{""dataset"": ""Roediger2001_55_15word_lists"", ""list_id"": ""roediger2001_55::shirt"", ""critical_item"": ""shirt"", ""role"": ""list_word"", ""position"": ""T4""}]"
tiger,tiger,1,1,list_word,False,True,"Roediger et al. (2001) 55-list DRM pool, augmented with uploaded 2024 supplementary workbook metrics",Roediger2001_55_15word_lists,,roediger2001_55::lion,lion,2.97589113640179,0.308,0.362,"[{""dataset"": ""Roediger2001_55_15word_lists"", ""list_id"": ""roediger2001_55::lion"", ""critical_item"": ""lion"", ""role"": ""list_word"", ""position"": ""T1""}]"
time,time,1,1,list_word,False,True,"Roediger et al. (2001) 55-list DRM pool, augmented with uploaded 2024 supplementary workbook metrics",Roediger2001_55_15word_lists,,roediger2001_55::long,long,4.99952636083446,0.0,0.034,"[{""dataset"": ""Roediger2001_55_15word_lists"", ""list_id"": ""roediger2001_55::long"", ""critical_item"": ""long"", ""role"": ""list_word"", ""position"": ""T5""}]"
tin,Tin,1,1,list_word,False,True,"Brainerd, Chang, & Bialer (2020)",Brainerd2020_120_4word_lists,,brainerd2020_120::roof,roof,1.36,,,"[{""dataset"": ""Brainerd2020_120_4word_lists"", ""list_id"": ""brainerd2020_120::roof"", ""critical_item"": ""Roof"", ""role"": ""list_word"", ""position"": ""T4""}]"
tip,tip,1,1,list_word,False,True,"Roediger et al. (2001) 55-list DRM pool, augmented with uploaded 2024 supplementary workbook metrics",Roediger2001_55_15word_lists,,roediger2001_55::pen,pen,3.14921911265538,0.0,0.0,"[{""dataset"": ""Roediger2001_55_15word_lists"", ""list_id"": ""roediger2001_55::pen"", ""critical_item"": ""pen"", ""role"": ""list_word"", ""position"": ""T11""}]"
tire,tire,1,1,list_word,False,True,"Roediger et al. (2001) 55-list DRM pool, augmented with uploaded 2024 supplementary workbook metrics",Roediger2001_55_15word_lists,,roediger2001_55::rubber,rubber,2.80071707828239,0.062,0.095,"[{""dataset"": ""Roediger2001_55_15word_lists"", ""list_id"": ""roediger2001_55::rubber"", ""critical_item"": ""rubber"", ""role"": ""list_word"", ""position"": ""T4""}]"
tired,tired,1,1,list_word,False,True,"Roediger et al. (2001) 55-list DRM pool, augmented with uploaded 2024 supplementary workbook metrics",Roediger2001_55_15word_lists,,roediger2001_55::sleep,sleep,3.75936562165593,0.493,0.092,"[{""dataset"": ""Roediger2001_55_15word_lists"", ""list_id"": ""roediger2001_55::sleep"", ""critical_item"": ""sleep"", ""role"": ""list_word"", ""position"": ""T4""}]"
toast,Toast; toast,2,2,list_word,False,True,"Brainerd, Chang, & Bialer (2020); Roediger et al. (2001) 55-list DRM pool, augmented with uploaded 2024 supplementary workbook metrics",Brainerd2020_120_4word_lists; Roediger2001_55_15word_lists,,brainerd2020_120::harsh; roediger2001_55::bread,bread; harsh,2.1062439331764953,0.364,0.0,"[{""dataset"": ""Brainerd2020_120_4word_lists"", ""list_id"": ""brainerd2020_120::harsh"", ""critical_item"": ""Harsh"", ""role"": ""list_word"", ""position"": ""T4""}, {""dataset"": ""Roediger2001_55_15word_lists"", ""list_id"": ""roediger2001_55::bread"", ""critical_item"": ""bread"", ""role"": ""list_word"", ""position"": ""T15""}]"
tobacco,Tobacco; tobacco,2,2,list_word,False,True,"Brainerd, Chang, & Bialer (2020); Roediger et al. (2001) 55-list DRM pool, augmented with uploaded 2024 supplementary workbook metrics",Brainerd2020_120_4word_lists; Roediger2001_55_15word_lists,,brainerd2020_120::smoke; roediger2001_55::smoke,smoke,1.961334108056095,0.338,0.0,"[{""dataset"": ""Brainerd2020_120_4word_lists"", ""list_id"": ""brainerd2020_120::smoke"", ""critical_item"": ""Smoke"", ""role"": ""list_word"", ""position"": ""T3""}, {""dataset"": ""Roediger2001_55_15word_lists"", ""list_id"": ""roediger2001_55::smoke"", ""critical_item"": ""smoke"", ""role"": ""list_word"", ""position"": ""T10""}]"
toe,toe,1,1,list_word,False,True,"Roediger et al. (2001) 55-list DRM pool, augmented with uploaded 2024 supplementary workbook metrics",Roediger2001_55_15word_lists,,roediger2001_55::foot,foot,2.81157500587059,0.605,0.235,"[{""dataset"": ""Roediger2001_55_15word_lists"", ""list_id"": ""roediger2001_55::foot"", ""critical_item"": ""foot"", ""role"": ""list_word"", ""position"": ""T3""}]"
tongue,Tongue,1,1,list_word,False,True,"Brainerd, Chang, & Bialer (2020)",Brainerd2020_120_4word_lists,,brainerd2020_120::taste,taste,1.8,,,"[{""dataset"": ""Brainerd2020_120_4word_lists"", ""list_id"": ""brainerd2020_120::taste"", ""critical_item"": ""Taste"", ""role"": ""list_word"", ""position"": ""T1""}]"
tooth,tooth,1,1,list_word,False,True,"Roediger et al. (2001) 55-list DRM pool, augmented with uploaded 2024 supplementary workbook metrics",Roediger2001_55_15word_lists,,roediger2001_55::sweet,sweet,2.84073323461181,0.0,0.027,"[{""dataset"": ""Roediger2001_55_15word_lists"", ""list_id"": ""roediger2001_55::sweet"", ""critical_item"": ""sweet"", ""role"": ""list_word"", ""position"": ""T7""}]"
top,top,1,1,list_word,False,True,"Roediger et al. (2001) 55-list DRM pool, augmented with uploaded 2024 supplementary workbook metrics",Roediger2001_55_15word_lists,,roediger2001_55::mountain,mountain,3.83289194475979,0.0,0.041,"[{""dataset"": ""Roediger2001_55_15word_lists"", ""list_id"": ""roediger2001_55::mountain"", ""critical_item"": ""mountain"", ""role"": ""list_word"", ""position"": ""T5""}]"
tornado,Tornado,1,1,list_word,False,True,"Brainerd, Chang, & Bialer (2020)",Brainerd2020_120_4word_lists,,brainerd2020_120::teeth,teeth,0.12,,,"[{""dataset"": ""Brainerd2020_120_4word_lists"", ""list_id"": ""brainerd2020_120::teeth"", ""critical_item"": ""Teeth"", ""role"": ""list_word"", ""position"": ""T4""}]"
touch,Touch; touch,2,2,list_word,False,True,"Brainerd, Chang, & Bialer (2020); Roediger et al. (2001) 55-list DRM pool, augmented with uploaded 2024 supplementary workbook metrics",Brainerd2020_120_4word_lists; Roediger2001_55_15word_lists,,brainerd2020_120::taste; roediger2001_55::soft,soft; taste,2.9485416283253247,0.061,0.012,"[{""dataset"": ""Brainerd2020_120_4word_lists"", ""list_id"": ""brainerd2020_120::taste"", ""critical_item"": ""Taste"", ""role"": ""list_word"", ""position"": ""T4""}, {""dataset"": ""Roediger2001_55_15word_lists"", ""list_id"": ""roediger2001_55::soft"", ""critical_item"": ""soft"", ""role"": ""list_word"", ""position"": ""T8""}]"
tough,tough,1,1,list_word,False,True,"Roediger et al. (2001) 55-list DRM pool, augmented with uploaded 2024 supplementary workbook metrics",Roediger2001_55_15word_lists,,roediger2001_55::rough,rough,3.66435987455114,0.192,0.048,"[{""dataset"": ""Roediger2001_55_15word_lists"", ""list_id"": ""roediger2001_55::rough"", ""critical_item"": ""rough"", ""role"": ""list_word"", ""position"": ""T4""}]"
tower,tower,1,1,list_word,False,True,"Roediger et al. (2001) 55-list DRM pool, augmented with uploaded 2024 supplementary workbook metrics",Roediger2001_55_15word_lists,,roediger2001_55::high,high,3.066698550423,0.079,0.0,"[{""dataset"": ""Roediger2001_55_15word_lists"", ""list_id"": ""roediger2001_55::high"", ""critical_item"": ""high"", ""role"": ""list_word"", ""position"": ""T5""}]"
town,town,1,1,list_word,False,True,"Roediger et al. (2001) 55-list DRM pool, augmented with uploaded 2024 supplementary workbook metrics",Roediger2001_55_15word_lists,,roediger2001_55::city,city,,0.529,0.307,"[{""dataset"": ""Roediger2001_55_15word_lists"", ""list_id"": ""roediger2001_55::city"", ""critical_item"": ""city"", ""role"": ""list_word"", ""position"": ""T1""}]"
track,Track,1,1,list_word,False,True,"Brainerd, Chang, & Bialer (2020)",Brainerd2020_120_4word_lists,,brainerd2020_120::science,science,1.7,,,"[{""dataset"": ""Brainerd2020_120_4word_lists"", ""list_id"": ""brainerd2020_120::science"", ""critical_item"": ""Science"", ""role"": ""list_word"", ""position"": ""T4""}]"
traffic,traffic,1,1,list_word,False,True,"Roediger et al. (2001) 55-list DRM pool, augmented with uploaded 2024 supplementary workbook metrics",Roediger2001_55_15word_lists,,roediger2001_55::slow,slow,3.16286299332193,0.02,0.0,"[{""dataset"": ""Roediger2001_55_15word_lists"", ""list_id"": ""roediger2001_55::slow"", ""critical_item"": ""slow"", ""role"": ""list_word"", ""position"": ""T8""}]"
train,Train; train,3,2,critical_distractor; list_word,True,True,"Brainerd, Chang, & Bialer (2020); Roediger et al. (2001) 55-list DRM pool, augmented with uploaded 2024 supplementary workbook metrics",Brainerd2020_120_4word_lists; Roediger2001_55_15word_lists,brainerd2020_120::train,roediger2001_55::car; roediger2001_55::whistle,car; whistle,3.1104347894103466,0.051500000000000004,0.0135,"[{""dataset"": ""Brainerd2020_120_4word_lists"", ""list_id"": ""brainerd2020_120::train"", ""critical_item"": ""Train"", ""role"": ""critical_distractor"", ""position"": ""CD""}, {""dataset"": ""Roediger2001_55_15word_lists"", ""list_id"": ""roediger2001_55::car"", ""critical_item"": ""car"", ""role"": ""list_word"", ""position"": ""T3""}, {""dataset"": ""Roediger2001_55_15word_lists"", ""list_id"": ""roediger2001_55::whistle"", ""critical_item"": ""whistle"", ""role"": ""list_word"", ""position"": ""T2""}]"
trash,trash,1,1,critical_distractor,True,False,"Roediger et al. (2001) 55-list DRM pool, augmented with uploaded 2024 supplementary workbook metrics",Roediger2001_55_15word_lists,roediger2001_55::trash,,,3.05956341790127,,,"[{""dataset"": ""Roediger2001_55_15word_lists"", ""list_id"": ""roediger2001_55::trash"", ""critical_item"": ""trash"", ""role"": ""critical_distractor"", ""position"": ""CD""}]"
travel,Travel,1,1,list_word,False,True,"Brainerd, Chang, & Bialer (2020)",Brainerd2020_120_4word_lists,,brainerd2020_120::trip,trip,1.74,,,"[{""dataset"": ""Brainerd2020_120_4word_lists"", ""list_id"": ""brainerd2020_120::trip"", ""critical_item"": ""Trip"", ""role"": ""list_word"", ""position"": ""T3""}]"
tree,Tree,1,1,list_word,False,True,"Brainerd, Chang, & Bialer (2020)",Brainerd2020_120_4word_lists,,brainerd2020_120::green,green,2.12,,,"[{""dataset"": ""Brainerd2020_120_4word_lists"", ""list_id"": ""brainerd2020_120::green"", ""critical_item"": ""Green"", ""role"": ""list_word"", ""position"": ""T4""}]"
trial,trial,1,1,list_word,False,True,"Roediger et al. (2001) 55-list DRM pool, augmented with uploaded 2024 supplementary workbook metrics",Roediger2001_55_15word_lists,,roediger2001_55::justice,justice,3.40122816749811,0.0,0.0,"[{""dataset"": ""Roediger2001_55_15word_lists"", ""list_id"": ""roediger2001_55::justice"", ""critical_item"": ""justice"", ""role"": ""list_word"", ""position"": ""T15""}]"
triangle,Triangle,1,1,list_word,False,True,"Brainerd, Chang, & Bialer (2020)",Brainerd2020_120_4word_lists,,brainerd2020_120::square,square,0.82,,,"[{""dataset"": ""Brainerd2020_120_4word_lists"", ""list_id"": ""brainerd2020_120::square"", ""critical_item"": ""Square"", ""role"": ""list_word"", ""position"": ""T2""}]"
trip,Trip,1,1,critical_distractor,True,False,"Brainerd, Chang, & Bialer (2020)",Brainerd2020_120_4word_lists,brainerd2020_120::trip,,,1.63,,,"[{""dataset"": ""Brainerd2020_120_4word_lists"", ""list_id"": ""brainerd2020_120::trip"", ""critical_item"": ""Trip"", ""role"": ""critical_distractor"", ""position"": ""CD""}]"
trouble,trouble,1,1,critical_distractor,True,False,"Roediger et al. (2001) 55-list DRM pool, augmented with uploaded 2024 supplementary workbook metrics",Roediger2001_55_15word_lists,roediger2001_55::trouble,,,4.05698103666811,,,"[{""dataset"": ""Roediger2001_55_15word_lists"", ""list_id"": ""roediger2001_55::trouble"", ""critical_item"": ""trouble"", ""role"": ""critical_distractor"", ""position"": ""CD""}]"
truck,truck,1,1,list_word,False,True,"Roediger et al. (2001) 55-list DRM pool, augmented with uploaded 2024 supplementary workbook metrics",Roediger2001_55_15word_lists,,roediger2001_55::car,car,3.57019256109573,0.264,0.111,"[{""dataset"": ""Roediger2001_55_15word_lists"", ""list_id"": ""roediger2001_55::car"", ""critical_item"": ""car"", ""role"": ""list_word"", ""position"": ""T1""}]"
true,True; true,2,2,list_word,False,True,"Brainerd, Chang, & Bialer (2020); Roediger et al. (2001) 55-list DRM pool, augmented with uploaded 2024 supplementary workbook metrics",Brainerd2020_120_4word_lists; Roediger2001_55_15word_lists,,brainerd2020_120::hair; roediger2001_55::wish,hair; wish,3.280664868352075,0.0,0.016,"[{""dataset"": ""Brainerd2020_120_4word_lists"", ""list_id"": ""brainerd2020_120::hair"", ""critical_item"": ""Hair"", ""role"": ""list_word"", ""position"": ""T2""}, {""dataset"": ""Roediger2001_55_15word_lists"", ""list_id"": ""roediger2001_55::wish"", ""critical_item"": ""wish"", ""role"": ""list_word"", ""position"": ""T13""}]"
trust,Trust,1,1,list_word,False,True,"Brainerd, Chang, & Bialer (2020)",Brainerd2020_120_4word_lists,,brainerd2020_120::honor,honor,1.98,,,"[{""dataset"": ""Brainerd2020_120_4word_lists"", ""list_id"": ""brainerd2020_120::honor"", ""critical_item"": ""Honor"", ""role"": ""list_word"", ""position"": ""T3""}]"
truth,Truth; truth,2,2,list_word,False,True,"Brainerd, Chang, & Bialer (2020); Roediger et al. (2001) 55-list DRM pool, augmented with uploaded 2024 supplementary workbook metrics",Brainerd2020_120_4word_lists; Roediger2001_55_15word_lists,,brainerd2020_120::honor; roediger2001_55::justice,honor; justice,3.120657349088305,0.082,0.0,"[{""dataset"": ""Brainerd2020_120_4word_lists"", ""list_id"": ""brainerd2020_120::honor"", ""critical_item"": ""Honor"", ""role"": ""list_word"", ""position"": ""T4""}, {""dataset"": ""Roediger2001_55_15word_lists"", ""list_id"": ""roediger2001_55::justice"", ""critical_item"": ""justice"", ""role"": ""list_word"", ""position"": ""T9""}]"
tulip,Tulip,1,1,list_word,False,True,"Brainerd, Chang, & Bialer (2020)",Brainerd2020_120_4word_lists,,brainerd2020_120::flower,flower,0.11,,,"[{""dataset"": ""Brainerd2020_120_4word_lists"", ""list_id"": ""brainerd2020_120::flower"", ""critical_item"": ""Flower"", ""role"": ""list_word"", ""position"": ""T1""}]"
tune,tune,1,1,list_word,False,True,"Roediger et al. (2001) 55-list DRM pool, augmented with uploaded 2024 supplementary workbook metrics",Roediger2001_55_15word_lists,,roediger2001_55::whistle,whistle,2.90145832139611,0.0,0.032,"[{""dataset"": ""Roediger2001_55_15word_lists"", ""list_id"": ""roediger2001_55::whistle"", ""critical_item"": ""whistle"", ""role"": ""list_word"", ""position"": ""T6""}]"
tunnel,Tunnel,1,1,list_word,False,True,"Brainerd, Chang, & Bialer (2020)",Brainerd2020_120_4word_lists,,brainerd2020_120::bridge,bridge,1.22,,,"[{""dataset"": ""Brainerd2020_120_4word_lists"", ""list_id"": ""brainerd2020_120::bridge"", ""critical_item"": ""Bridge"", ""role"": ""list_word"", ""position"": ""T1""}]"
turtle,turtle,1,1,list_word,False,True,"Roediger et al. (2001) 55-list DRM pool, augmented with uploaded 2024 supplementary workbook metrics",Roediger2001_55_15word_lists,,roediger2001_55::slow,slow,2.93951925261862,0.372,0.115,"[{""dataset"": ""Roediger2001_55_15word_lists"", ""list_id"": ""roediger2001_55::slow"", ""critical_item"": ""slow"", ""role"": ""list_word"", ""position"": ""T9""}]"
twine,Twine,1,1,list_word,False,True,"Brainerd, Chang, & Bialer (2020)",Brainerd2020_120_4word_lists,,brainerd2020_120::rope,rope,0.35,,,"[{""dataset"": ""Brainerd2020_120_4word_lists"", ""list_id"": ""brainerd2020_120::rope"", ""critical_item"": ""Rope"", ""role"": ""list_word"", ""position"": ""T4""}]"
typist,Typist,1,1,list_word,False,True,"Brainerd, Chang, & Bialer (2020)",Brainerd2020_120_4word_lists,,brainerd2020_120::plan,plan,-0.21,,,"[{""dataset"": ""Brainerd2020_120_4word_lists"", ""list_id"": ""brainerd2020_120::plan"", ""critical_item"": ""Plan"", ""role"": ""list_word"", ""position"": ""T4""}]"
ugly,ugly,2,1,list_word,False,True,"Roediger et al. (2001) 55-list DRM pool, augmented with uploaded 2024 supplementary workbook metrics",Roediger2001_55_15word_lists,,roediger2001_55::beautiful; roediger2001_55::spider,beautiful; spider,3.33264041038746,0.014,0.1145,"[{""dataset"": ""Roediger2001_55_15word_lists"", ""list_id"": ""roediger2001_55::beautiful"", ""critical_item"": ""beautiful"", ""role"": ""list_word"", ""position"": ""T1""}, {""dataset"": ""Roediger2001_55_15word_lists"", ""list_id"": ""roediger2001_55::spider"", ""critical_item"": ""spider"", ""role"": ""list_word"", ""position"": ""T13""}]"
umbrella,Umbrella,1,1,list_word,False,True,"Brainerd, Chang, & Bialer (2020)",Brainerd2020_120_4word_lists,,brainerd2020_120::rain,rain,1.03,,,"[{""dataset"": ""Brainerd2020_120_4word_lists"", ""list_id"": ""brainerd2020_120::rain"", ""critical_item"": ""Rain"", ""role"": ""list_word"", ""position"": ""T1""}]"
uncle,uncle,1,1,list_word,False,True,"Roediger et al. (2001) 55-list DRM pool, augmented with uploaded 2024 supplementary workbook metrics",Roediger2001_55_15word_lists,,roediger2001_55::man,man,3.80126647048962,0.07,0.0,"[{""dataset"": ""Roediger2001_55_15word_lists"", ""list_id"": ""roediger2001_55::man"", ""critical_item"": ""man"", ""role"": ""list_word"", ""position"": ""T3""}]"
underwear,underwear,1,1,list_word,False,True,"Roediger et al. (2001) 55-list DRM pool, augmented with uploaded 2024 supplementary workbook metrics",Roediger2001_55_15word_lists,,roediger2001_55::long,long,3.04375512696868,0.0,0.0,"[{""dataset"": ""Roediger2001_55_15word_lists"", ""list_id"": ""roediger2001_55::long"", ""critical_item"": ""long"", ""role"": ""list_word"", ""position"": ""T11""}]"
uneven,uneven,1,1,list_word,False,True,"Roediger et al. (2001) 55-list DRM pool, augmented with uploaded 2024 supplementary workbook metrics",Roediger2001_55_15word_lists,,roediger2001_55::rough,rough,1.60205999132796,0.019,0.0,"[{""dataset"": ""Roediger2001_55_15word_lists"", ""list_id"": ""roediger2001_55::rough"", ""critical_item"": ""rough"", ""role"": ""list_word"", ""position"": ""T9""}]"
unhappy,Unhappy,1,1,list_word,False,True,"Brainerd, Chang, & Bialer (2020)",Brainerd2020_120_4word_lists,,brainerd2020_120::sad,sad,1.51,,,"[{""dataset"": ""Brainerd2020_120_4word_lists"", ""list_id"": ""brainerd2020_120::sad"", ""critical_item"": ""Sad"", ""role"": ""list_word"", ""position"": ""T4""}]"
uniform,uniform,1,1,list_word,False,True,"Roediger et al. (2001) 55-list DRM pool, augmented with uploaded 2024 supplementary workbook metrics",Roediger2001_55_15word_lists,,roediger2001_55::army,army,,0.048,0.0,"[{""dataset"": ""Roediger2001_55_15word_lists"", ""list_id"": ""roediger2001_55::army"", ""critical_item"": ""army"", ""role"": ""list_word"", ""position"": ""T13""}]"
united states,united sates; united states,2,1,list_word,False,True,"Roediger et al. (2001) 55-list DRM pool, augmented with uploaded 2024 supplementary workbook metrics",Roediger2001_55_15word_lists,,roediger2001_55::army; roediger2001_55::citizen,army; citizen,,0.0,0.0955,"[{""dataset"": ""Roediger2001_55_15word_lists"", ""list_id"": ""roediger2001_55::army"", ""critical_item"": ""army"", ""role"": ""list_word"", ""position"": ""T3""}, {""dataset"": ""Roediger2001_55_15word_lists"", ""list_id"": ""roediger2001_55::citizen"", ""critical_item"": ""citizen"", ""role"": ""list_word"", ""position"": ""T1""}]"
unknown,Unknown,1,1,list_word,False,True,"Brainerd, Chang, & Bialer (2020)",Brainerd2020_120_4word_lists,,brainerd2020_120::famous,famous,1.77,,,"[{""dataset"": ""Brainerd2020_120_4word_lists"", ""list_id"": ""brainerd2020_120::famous"", ""critical_item"": ""Famous"", ""role"": ""list_word"", ""position"": ""T4""}]"
unusual,Unusual,1,1,critical_distractor,True,False,"Brainerd, Chang, & Bialer (2020)",Brainerd2020_120_4word_lists,brainerd2020_120::unusual,,,1.57,,,"[{""dataset"": ""Brainerd2020_120_4word_lists"", ""list_id"": ""brainerd2020_120::unusual"", ""critical_item"": ""Unusual"", ""role"": ""critical_distractor"", ""position"": ""CD""}]"
up,up,1,1,list_word,False,True,"Roediger et al. (2001) 55-list DRM pool, augmented with uploaded 2024 supplementary workbook metrics",Roediger2001_55_15word_lists,,roediger2001_55::high,high,5.27223856066483,0.041,0.034,"[{""dataset"": ""Roediger2001_55_15word_lists"", ""list_id"": ""roediger2001_55::high"", ""critical_item"": ""high"", ""role"": ""list_word"", ""position"": ""T3""}]"
urban,urban,1,1,list_word,False,True,"Roediger et al. (2001) 55-list DRM pool, augmented with uploaded 2024 supplementary workbook metrics",Roediger2001_55_15word_lists,,roediger2001_55::city,city,,0.358,0.0,"[{""dataset"": ""Roediger2001_55_15word_lists"", ""list_id"": ""roediger2001_55::city"", ""critical_item"": ""city"", ""role"": ""list_word"", ""position"": ""T15""}]"
vacation,Vacation,1,1,list_word,False,True,"Brainerd, Chang, & Bialer (2020)",Brainerd2020_120_4word_lists,,brainerd2020_120::trip,trip,0.77,,,"[{""dataset"": ""Brainerd2020_120_4word_lists"", ""list_id"": ""brainerd2020_120::trip"", ""critical_item"": ""Trip"", ""role"": ""list_word"", ""position"": ""T2""}]"
valley,Valley; valley,2,2,list_word,False,True,"Brainerd, Chang, & Bialer (2020); Roediger et al. (2001) 55-list DRM pool, augmented with uploaded 2024 supplementary workbook metrics",Brainerd2020_120_4word_lists; Roediger2001_55_15word_lists,,brainerd2020_120::hill; roediger2001_55::mountain,hill; mountain,2.47292533719257,0.195,0.02,"[{""dataset"": ""Brainerd2020_120_4word_lists"", ""list_id"": ""brainerd2020_120::hill"", ""critical_item"": ""Hill"", ""role"": ""list_word"", ""position"": ""T4""}, {""dataset"": ""Roediger2001_55_15word_lists"", ""list_id"": ""roediger2001_55::mountain"", ""critical_item"": ""mountain"", ""role"": ""list_word"", ""position"": ""T2""}]"
van,van,1,1,list_word,False,True,"Roediger et al. (2001) 55-list DRM pool, augmented with uploaded 2024 supplementary workbook metrics",Roediger2001_55_15word_lists,,roediger2001_55::car,car,3.42193281327851,0.448,0.0,"[{""dataset"": ""Roediger2001_55_15word_lists"", ""list_id"": ""roediger2001_55::car"", ""critical_item"": ""car"", ""role"": ""list_word"", ""position"": ""T14""}]"
vase,Vase,1,1,list_word,False,True,"Brainerd, Chang, & Bialer (2020)",Brainerd2020_120_4word_lists,,brainerd2020_120::body,body,0.77,,,"[{""dataset"": ""Brainerd2020_120_4word_lists"", ""list_id"": ""brainerd2020_120::body"", ""critical_item"": ""Body"", ""role"": ""list_word"", ""position"": ""T4""}]"
veal,veal,1,1,list_word,False,True,"Roediger et al. (2001) 55-list DRM pool, augmented with uploaded 2024 supplementary workbook metrics",Roediger2001_55_15word_lists,,roediger2001_55::mutton,mutton,2.26007138798507,0.0,0.0,"[{""dataset"": ""Roediger2001_55_15word_lists"", ""list_id"": ""roediger2001_55::mutton"", ""critical_item"": ""mutton"", ""role"": ""list_word"", ""position"": ""T6""}]"
vegetable,vegetable,2,1,list_word,False,True,"Roediger et al. (2001) 55-list DRM pool, augmented with uploaded 2024 supplementary workbook metrics",Roediger2001_55_15word_lists,,roediger2001_55::cabbage; roediger2001_55::fruit,cabbage; fruit,2.46538285144842,0.11,0.10950000000000001,"[{""dataset"": ""Roediger2001_55_15word_lists"", ""list_id"": ""roediger2001_55::cabbage"", ""critical_item"": ""cabbage"", ""role"": ""list_word"", ""position"": ""T3""}, {""dataset"": ""Roediger2001_55_15word_lists"", ""list_id"": ""roediger2001_55::fruit"", ""critical_item"": ""fruit"", ""role"": ""list_word"", ""position"": ""T2""}]"
vegetables,Vegetables,1,1,list_word,False,True,"Brainerd, Chang, & Bialer (2020)",Brainerd2020_120_4word_lists,,brainerd2020_120::fruit,fruit,1.17,,,"[{""dataset"": ""Brainerd2020_120_4word_lists"", ""list_id"": ""brainerd2020_120::fruit"", ""critical_item"": ""Fruit"", ""role"": ""list_word"", ""position"": ""T4""}]"
vehicle,vehicle,1,1,list_word,False,True,"Roediger et al. (2001) 55-list DRM pool, augmented with uploaded 2024 supplementary workbook metrics",Roediger2001_55_15word_lists,,roediger2001_55::car,car,3.06220580881971,0.74,0.0,"[{""dataset"": ""Roediger2001_55_15word_lists"", ""list_id"": ""roediger2001_55::car"", ""critical_item"": ""car"", ""role"": ""list_word"", ""position"": ""T5""}]"
vest,vest,1,1,list_word,False,True,"Roediger et al. (2001) 55-list DRM pool, augmented with uploaded 2024 supplementary workbook metrics",Roediger2001_55_15word_lists,,roediger2001_55::shirt,shirt,2.45484486000851,0.143,0.0,"[{""dataset"": ""Roediger2001_55_15word_lists"", ""list_id"": ""roediger2001_55::shirt"", ""critical_item"": ""shirt"", ""role"": ""list_word"", ""position"": ""T10""}]"
view,view,1,1,list_word,False,True,"Roediger et al. (2001) 55-list DRM pool, augmented with uploaded 2024 supplementary workbook metrics",Roediger2001_55_15word_lists,,roediger2001_55::window,window,3.29358351349612,0.048,0.026,"[{""dataset"": ""Roediger2001_55_15word_lists"", ""list_id"": ""roediger2001_55::window"", ""critical_item"": ""window"", ""role"": ""list_word"", ""position"": ""T11""}]"
vigor,vigor,1,1,list_word,False,True,"Roediger et al. (2001) 55-list DRM pool, augmented with uploaded 2024 supplementary workbook metrics",Roediger2001_55_15word_lists,,roediger2001_55::health,health,1.34242268082221,0.0,0.0,"[{""dataset"": ""Roediger2001_55_15word_lists"", ""list_id"": ""roediger2001_55::health"", ""critical_item"": ""health"", ""role"": ""list_word"", ""position"": ""T12""}]"
village,village,1,1,list_word,False,True,"Roediger et al. (2001) 55-list DRM pool, augmented with uploaded 2024 supplementary workbook metrics",Roediger2001_55_15word_lists,,roediger2001_55::city,city,,0.02,0.0,"[{""dataset"": ""Roediger2001_55_15word_lists"", ""list_id"": ""roediger2001_55::city"", ""critical_item"": ""city"", ""role"": ""list_word"", ""position"": ""T9""}]"
villain,villain,1,1,list_word,False,True,"Roediger et al. (2001) 55-list DRM pool, augmented with uploaded 2024 supplementary workbook metrics",Roediger2001_55_15word_lists,,roediger2001_55::thief,thief,2.32837960343874,0.0,0.0,"[{""dataset"": ""Roediger2001_55_15word_lists"", ""list_id"": ""roediger2001_55::thief"", ""critical_item"": ""thief"", ""role"": ""list_word"", ""position"": ""T11""}]"
vines,vines,1,1,list_word,False,True,"Roediger et al. (2001) 55-list DRM pool, augmented with uploaded 2024 supplementary workbook metrics",Roediger2001_55_15word_lists,,roediger2001_55::cottage,cottage,1.90848501887865,0.0,0.0,"[{""dataset"": ""Roediger2001_55_15word_lists"", ""list_id"": ""roediger2001_55::cottage"", ""critical_item"": ""cottage"", ""role"": ""list_word"", ""position"": ""T10""}]"
voice,Voice; voice,2,2,list_word,False,True,"Brainerd, Chang, & Bialer (2020); Roediger et al. (2001) 55-list DRM pool, augmented with uploaded 2024 supplementary workbook metrics",Brainerd2020_120_4word_lists; Roediger2001_55_15word_lists,,brainerd2020_120::approval; roediger2001_55::command,approval; command,3.111479439704895,0.0,0.0,"[{""dataset"": ""Brainerd2020_120_4word_lists"", ""list_id"": ""brainerd2020_120::approval"", ""critical_item"": ""Approval"", ""role"": ""list_word"", ""position"": ""T4""}, {""dataset"": ""Roediger2001_55_15word_lists"", ""list_id"": ""roediger2001_55::command"", ""critical_item"": ""command"", ""role"": ""list_word"", ""position"": ""T11""}]"
vote,Vote; vote,2,2,critical_distractor; list_word,True,True,"Brainerd, Chang, & Bialer (2020); Roediger et al. (2001) 55-list DRM pool, augmented with uploaded 2024 supplementary workbook metrics",Brainerd2020_120_4word_lists; Roediger2001_55_15word_lists,brainerd2020_120::vote,roediger2001_55::citizen,citizen,1.64,0.0,0.013,"[{""dataset"": ""Brainerd2020_120_4word_lists"", ""list_id"": ""brainerd2020_120::vote"", ""critical_item"": ""Vote"", ""role"": ""critical_distractor"", ""position"": ""CD""}, {""dataset"": ""Roediger2001_55_15word_lists"", ""list_id"": ""roediger2001_55::citizen"", ""critical_item"": ""citizen"", ""role"": ""list_word"", ""position"": ""T8""}]"
waist,Waist,1,1,list_word,False,True,"Brainerd, Chang, & Bialer (2020)",Brainerd2020_120_4word_lists,,brainerd2020_120::beer,beer,1.37,,,"[{""dataset"": ""Brainerd2020_120_4word_lists"", ""list_id"": ""brainerd2020_120::beer"", ""critical_item"": ""Beer"", ""role"": ""list_word"", ""position"": ""T4""}]"
wait,wait,1,1,list_word,False,True,"Roediger et al. (2001) 55-list DRM pool, augmented with uploaded 2024 supplementary workbook metrics",Roediger2001_55_15word_lists,,roediger2001_55::slow,slow,4.62679188098321,0.0,0.0,"[{""dataset"": ""Roediger2001_55_15word_lists"", ""list_id"": ""roediger2001_55::slow"", ""critical_item"": ""slow"", ""role"": ""list_word"", ""position"": ""T14""}]"
wake,Wake; wake,2,2,list_word,False,True,"Brainerd, Chang, & Bialer (2020); Roediger et al. (2001) 55-list DRM pool, augmented with uploaded 2024 supplementary workbook metrics",Brainerd2020_120_4word_lists; Roediger2001_55_15word_lists,,brainerd2020_120::prove; roediger2001_55::sleep,prove; sleep,2.61986579764352,0.304,0.0,"[{""dataset"": ""Brainerd2020_120_4word_lists"", ""list_id"": ""brainerd2020_120::prove"", ""critical_item"": ""Prove"", ""role"": ""list_word"", ""position"": ""T4""}, {""dataset"": ""Roediger2001_55_15word_lists"", ""list_id"": ""roediger2001_55::sleep"", ""critical_item"": ""sleep"", ""role"": ""list_word"", ""position"": ""T6""}]"
walk,walk,2,1,list_word,False,True,"Roediger et al. (2001) 55-list DRM pool, augmented with uploaded 2024 supplementary workbook metrics",Roediger2001_55_15word_lists,,roediger2001_55::carpet; roediger2001_55::foot,carpet; foot,4.04178731897175,0.008,0.01,"[{""dataset"": ""Roediger2001_55_15word_lists"", ""list_id"": ""roediger2001_55::carpet"", ""critical_item"": ""carpet"", ""role"": ""list_word"", ""position"": ""T7""}, {""dataset"": ""Roediger2001_55_15word_lists"", ""list_id"": ""roediger2001_55::foot"", ""critical_item"": ""foot"", ""role"": ""list_word"", ""position"": ""T8""}]"
want,want,1,1,list_word,False,True,"Roediger et al. (2001) 55-list DRM pool, augmented with uploaded 2024 supplementary workbook metrics",Roediger2001_55_15word_lists,,roediger2001_55::wish,wish,5.14835274020704,0.028,0.071,"[{""dataset"": ""Roediger2001_55_15word_lists"", ""list_id"": ""roediger2001_55::wish"", ""critical_item"": ""wish"", ""role"": ""list_word"", ""position"": ""T1""}]"
war,War; war,2,2,list_word,False,True,"Brainerd, Chang, & Bialer (2020); Roediger et al. (2001) 55-list DRM pool, augmented with uploaded 2024 supplementary workbook metrics",Brainerd2020_120_4word_lists; Roediger2001_55_15word_lists,,brainerd2020_120::peace; roediger2001_55::army,army; peace,2.43,0.0,0.041,"[{""dataset"": ""Brainerd2020_120_4word_lists"", ""list_id"": ""brainerd2020_120::peace"", ""critical_item"": ""Peace"", ""role"": ""list_word"", ""position"": ""T1""}, {""dataset"": ""Roediger2001_55_15word_lists"", ""list_id"": ""roediger2001_55::army"", ""critical_item"": ""army"", ""role"": ""list_word"", ""position"": ""T12""}]"
warm,Warm; warm,3,2,list_word,False,True,"Brainerd, Chang, & Bialer (2020); Roediger et al. (2001) 55-list DRM pool, augmented with uploaded 2024 supplementary workbook metrics",Brainerd2020_120_4word_lists; Roediger2001_55_15word_lists,,brainerd2020_120::heat; roediger2001_55::cold; roediger2001_55::stove,cold; heat; stove,2.936587757754047,0.182,0.0225,"[{""dataset"": ""Brainerd2020_120_4word_lists"", ""list_id"": ""brainerd2020_120::heat"", ""critical_item"": ""Heat"", ""role"": ""list_word"", ""position"": ""T1""}, {""dataset"": ""Roediger2001_55_15word_lists"", ""list_id"": ""roediger2001_55::cold"", ""critical_item"": ""cold"", ""role"": ""list_word"", ""position"": ""T3""}, {""dataset"": ""Roediger2001_55_15word_lists"", ""list_id"": ""roediger2001_55::stove"", ""critical_item"": ""stove"", ""role"": ""list_word"", ""position"": ""T5""}]"
warning,Warning,1,1,list_word,False,True,"Brainerd, Chang, & Bialer (2020)",Brainerd2020_120_4word_lists,,brainerd2020_120::poet,poet,1.63,,,"[{""dataset"": ""Brainerd2020_120_4word_lists"", ""list_id"": ""brainerd2020_120::poet"", ""critical_item"": ""Poet"", ""role"": ""list_word"", ""position"": ""T4""}]"
wash,wash,1,1,list_word,False,True,"Roediger et al. (2001) 55-list DRM pool, augmented with uploaded 2024 supplementary workbook metrics",Roediger2001_55_15word_lists,,roediger2001_55::wish,wish,3.31764554322116,0.0,0.016,"[{""dataset"": ""Roediger2001_55_15word_lists"", ""list_id"": ""roediger2001_55::wish"", ""critical_item"": ""wish"", ""role"": ""list_word"", ""position"": ""T10""}]"
waste,waste,1,1,list_word,False,True,"Roediger et al. (2001) 55-list DRM pool, augmented with uploaded 2024 supplementary workbook metrics",Roediger2001_55_15word_lists,,roediger2001_55::trash,trash,3.43408963841789,0.067,0.026,"[{""dataset"": ""Roediger2001_55_15word_lists"", ""list_id"": ""roediger2001_55::trash"", ""critical_item"": ""trash"", ""role"": ""list_word"", ""position"": ""T2""}]"
water,water,2,1,list_word,False,True,"Roediger et al. (2001) 55-list DRM pool, augmented with uploaded 2024 supplementary workbook metrics",Roediger2001_55_15word_lists,,roediger2001_55::river; roediger2001_55::swift,river; swift,4.05990405588441,0.0,0.0355,"[{""dataset"": ""Roediger2001_55_15word_lists"", ""list_id"": ""roediger2001_55::river"", ""critical_item"": ""river"", ""role"": ""list_word"", ""position"": ""T1""}, {""dataset"": ""Roediger2001_55_15word_lists"", ""list_id"": ""roediger2001_55::swift"", ""critical_item"": ""swift"", ""role"": ""list_word"", ""position"": ""T8""}]"
wave,wave,1,1,list_word,False,True,"Roediger et al. (2001) 55-list DRM pool, augmented with uploaded 2024 supplementary workbook metrics",Roediger2001_55_15word_lists,,roediger2001_55::flag,flag,3.03542973818455,0.0,0.103,"[{""dataset"": ""Roediger2001_55_15word_lists"", ""list_id"": ""roediger2001_55::flag"", ""critical_item"": ""flag"", ""role"": ""list_word"", ""position"": ""T8""}]"
weak,Weak,1,1,critical_distractor,True,False,"Brainerd, Chang, & Bialer (2020)",Brainerd2020_120_4word_lists,brainerd2020_120::weak,,,1.76,,,"[{""dataset"": ""Brainerd2020_120_4word_lists"", ""list_id"": ""brainerd2020_120::weak"", ""critical_item"": ""Weak"", ""role"": ""critical_distractor"", ""position"": ""CD""}]"
wealth,wealth,1,1,list_word,False,True,"Roediger et al. (2001) 55-list DRM pool, augmented with uploaded 2024 supplementary workbook metrics",Roediger2001_55_15word_lists,,roediger2001_55::health,health,2.51188336097887,0.022,0.021,"[{""dataset"": ""Roediger2001_55_15word_lists"", ""list_id"": ""roediger2001_55::health"", ""critical_item"": ""health"", ""role"": ""list_word"", ""position"": ""T4""}]"
weather,weather,1,1,list_word,False,True,"Roediger et al. (2001) 55-list DRM pool, augmented with uploaded 2024 supplementary workbook metrics",Roediger2001_55_15word_lists,,roediger2001_55::cold,cold,3.24229290498293,0.032,0.011,"[{""dataset"": ""Roediger2001_55_15word_lists"", ""list_id"": ""roediger2001_55::cold"", ""critical_item"": ""cold"", ""role"": ""list_word"", ""position"": ""T10""}]"
web,web,1,1,list_word,False,True,"Roediger et al. (2001) 55-list DRM pool, augmented with uploaded 2024 supplementary workbook metrics",Roediger2001_55_15word_lists,,roediger2001_55::spider,spider,2.6730209071289,0.845,0.246,"[{""dataset"": ""Roediger2001_55_15word_lists"", ""list_id"": ""roediger2001_55::spider"", ""critical_item"": ""spider"", ""role"": ""list_word"", ""position"": ""T1""}]"
wedding,Wedding,1,1,list_word,False,True,"Brainerd, Chang, & Bialer (2020)",Brainerd2020_120_4word_lists,,brainerd2020_120::ring,ring,1.55,,,"[{""dataset"": ""Brainerd2020_120_4word_lists"", ""list_id"": ""brainerd2020_120::ring"", ""critical_item"": ""Ring"", ""role"": ""list_word"", ""position"": ""T2""}]"
weed,Weed,1,1,list_word,False,True,"Brainerd, Chang, & Bialer (2020)",Brainerd2020_120_4word_lists,,brainerd2020_120::grass,grass,0.91,,,"[{""dataset"": ""Brainerd2020_120_4word_lists"", ""list_id"": ""brainerd2020_120::grass"", ""critical_item"": ""Grass"", ""role"": ""list_word"", ""position"": ""T3""}]"
weird,Weird,1,1,list_word,False,True,"Brainerd, Chang, & Bialer (2020)",Brainerd2020_120_4word_lists,,brainerd2020_120::straight,straight,1.12,,,"[{""dataset"": ""Brainerd2020_120_4word_lists"", ""list_id"": ""brainerd2020_120::straight"", ""critical_item"": ""Straight"", ""role"": ""list_word"", ""position"": ""T4""}]"
well,well,1,1,list_word,False,True,"Roediger et al. (2001) 55-list DRM pool, augmented with uploaded 2024 supplementary workbook metrics",Roediger2001_55_15word_lists,,roediger2001_55::wish,wish,5.1833381862892,0.0,0.039,"[{""dataset"": ""Roediger2001_55_15word_lists"", ""list_id"": ""roediger2001_55::wish"", ""critical_item"": ""wish"", ""role"": ""list_word"", ""position"": ""T5""}]"
wet,wet,1,1,list_word,False,True,"Roediger et al. (2001) 55-list DRM pool, augmented with uploaded 2024 supplementary workbook metrics",Roediger2001_55_15word_lists,,roediger2001_55::cold,cold,3.30124708863621,0.108,0.011,"[{""dataset"": ""Roediger2001_55_15word_lists"", ""list_id"": ""roediger2001_55::cold"", ""critical_item"": ""cold"", ""role"": ""list_word"", ""position"": ""T6""}]"
whiff,whiff,1,1,list_word,False,True,"Roediger et al. (2001) 55-list DRM pool, augmented with uploaded 2024 supplementary workbook metrics",Roediger2001_55_15word_lists,,roediger2001_55::smell,smell,2.10720996964787,0.577,0.0,"[{""dataset"": ""Roediger2001_55_15word_lists"", ""list_id"": ""roediger2001_55::smell"", ""critical_item"": ""smell"", ""role"": ""list_word"", ""position"": ""T8""}]"
whiskey,whiskey,1,1,critical_distractor,True,False,"Roediger et al. (2001) 55-list DRM pool, augmented with uploaded 2024 supplementary workbook metrics",Roediger2001_55_15word_lists,roediger2001_55::whiskey,,,2.91539983521227,,,"[{""dataset"": ""Roediger2001_55_15word_lists"", ""list_id"": ""roediger2001_55::whiskey"", ""critical_item"": ""whiskey"", ""role"": ""critical_distractor"", ""position"": ""CD""}]"
whistle,whistle,1,1,critical_distractor,True,False,"Roediger et al. (2001) 55-list DRM pool, augmented with uploaded 2024 supplementary workbook metrics",Roediger2001_55_15word_lists,roediger2001_55::whistle,,,2.89707700320942,,,"[{""dataset"": ""Roediger2001_55_15word_lists"", ""list_id"": ""roediger2001_55::whistle"", ""critical_item"": ""whistle"", ""role"": ""critical_distractor"", ""position"": ""CD""}]"
white,white,2,1,list_word,False,True,"Roediger et al. (2001) 55-list DRM pool, augmented with uploaded 2024 supplementary workbook metrics",Roediger2001_55_15word_lists,,roediger2001_55::black; roediger2001_55::cottage,black; cottage,3.9417598138147,0.3275,0.2785,"[{""dataset"": ""Roediger2001_55_15word_lists"", ""list_id"": ""roediger2001_55::black"", ""critical_item"": ""black"", ""role"": ""list_word"", ""position"": ""T1""}, {""dataset"": ""Roediger2001_55_15word_lists"", ""list_id"": ""roediger2001_55::cottage"", ""critical_item"": ""cottage"", ""role"": ""list_word"", ""position"": ""T5""}]"
wimp,Wimp,1,1,list_word,False,True,"Brainerd, Chang, & Bialer (2020)",Brainerd2020_120_4word_lists,,brainerd2020_120::heat,heat,1.83,,,"[{""dataset"": ""Brainerd2020_120_4word_lists"", ""list_id"": ""brainerd2020_120::heat"", ""critical_item"": ""Heat"", ""role"": ""list_word"", ""position"": ""T4""}]"
win,Win,1,1,list_word,False,True,"Brainerd, Chang, & Bialer (2020)",Brainerd2020_120_4word_lists,,brainerd2020_120::lose,lose,1.85,,,"[{""dataset"": ""Brainerd2020_120_4word_lists"", ""list_id"": ""brainerd2020_120::lose"", ""critical_item"": ""Lose"", ""role"": ""list_word"", ""position"": ""T1""}]"
winding,winding,1,1,list_word,False,True,"Roediger et al. (2001) 55-list DRM pool, augmented with uploaded 2024 supplementary workbook metrics",Roediger2001_55_15word_lists,,roediger2001_55::river,river,2.00432137378264,0.0,0.016,"[{""dataset"": ""Roediger2001_55_15word_lists"", ""list_id"": ""roediger2001_55::river"", ""critical_item"": ""river"", ""role"": ""list_word"", ""position"": ""T15""}]"
window,Window; window,2,2,critical_distractor,True,False,"Brainerd, Chang, & Bialer (2020); Roediger et al. (2001) 55-list DRM pool, augmented with uploaded 2024 supplementary workbook metrics",Brainerd2020_120_4word_lists; Roediger2001_55_15word_lists,brainerd2020_120::window; roediger2001_55::window,,,2.936083817202475,,,"[{""dataset"": ""Brainerd2020_120_4word_lists"", ""list_id"": ""brainerd2020_120::window"", ""critical_item"": ""Window"", ""role"": ""critical_distractor"", ""position"": ""CD""}, {""dataset"": ""Roediger2001_55_15word_lists"", ""list_id"": ""roediger2001_55::window"", ""critical_item"": ""window"", ""role"": ""critical_distractor"", ""position"": ""CD""}]"
wine,Wine; wine,3,2,list_word,False,True,"Brainerd, Chang, & Bialer (2020); Roediger et al. (2001) 55-list DRM pool, augmented with uploaded 2024 supplementary workbook metrics",Brainerd2020_120_4word_lists; Roediger2001_55_15word_lists,,brainerd2020_120::order; roediger2001_55::bread; roediger2001_55::whiskey,bread; order; whiskey,2.9522731259354664,0.0,0.015,"[{""dataset"": ""Brainerd2020_120_4word_lists"", ""list_id"": ""brainerd2020_120::order"", ""critical_item"": ""Order"", ""role"": ""list_word"", ""position"": ""T4""}, {""dataset"": ""Roediger2001_55_15word_lists"", ""list_id"": ""roediger2001_55::bread"", ""critical_item"": ""bread"", ""role"": ""list_word"", ""position"": ""T13""}, {""dataset"": ""Roediger2001_55_15word_lists"", ""list_id"": ""roediger2001_55::whiskey"", ""critical_item"": ""whiskey"", ""role"": ""list_word"", ""position"": ""T10""}]"
wing,wing,1,1,list_word,False,True,"Roediger et al. (2001) 55-list DRM pool, augmented with uploaded 2024 supplementary workbook metrics",Roediger2001_55_15word_lists,,roediger2001_55::butterfly,butterfly,3.01410032151962,0.0,0.03,"[{""dataset"": ""Roediger2001_55_15word_lists"", ""list_id"": ""roediger2001_55::butterfly"", ""critical_item"": ""butterfly"", ""role"": ""list_word"", ""position"": ""T3""}]"
winter,winter,1,1,list_word,False,True,"Roediger et al. (2001) 55-list DRM pool, augmented with uploaded 2024 supplementary workbook metrics",Roediger2001_55_15word_lists,,roediger2001_55::cold,cold,3.1264561134318,0.277,0.022,"[{""dataset"": ""Roediger2001_55_15word_lists"", ""list_id"": ""roediger2001_55::cold"", ""critical_item"": ""cold"", ""role"": ""list_word"", ""position"": ""T4""}]"
wish,wish,1,1,critical_distractor,True,False,"Roediger et al. (2001) 55-list DRM pool, augmented with uploaded 2024 supplementary workbook metrics",Roediger2001_55_15word_lists,roediger2001_55::wish,,,4.07889161984022,,,"[{""dataset"": ""Roediger2001_55_15word_lists"", ""list_id"": ""roediger2001_55::wish"", ""critical_item"": ""wish"", ""role"": ""critical_distractor"", ""position"": ""CD""}]"
wolf,wolf,1,1,list_word,False,True,"Roediger et al. (2001) 55-list DRM pool, augmented with uploaded 2024 supplementary workbook metrics",Roediger2001_55_15word_lists,,roediger2001_55::whistle,whistle,3.01494034979294,0.0,0.0,"[{""dataset"": ""Roediger2001_55_15word_lists"", ""list_id"": ""roediger2001_55::whistle"", ""critical_item"": ""whistle"", ""role"": ""list_word"", ""position"": ""T13""}]"
woman,woman,2,1,list_word,False,True,"Roediger et al. (2001) 55-list DRM pool, augmented with uploaded 2024 supplementary workbook metrics",Roediger2001_55_15word_lists,,roediger2001_55::beautiful; roediger2001_55::man,beautiful; man,4.34570692127843,0.3055,0.337,"[{""dataset"": ""Roediger2001_55_15word_lists"", ""list_id"": ""roediger2001_55::beautiful"", ""critical_item"": ""beautiful"", ""role"": ""list_word"", ""position"": ""T4""}, {""dataset"": ""Roediger2001_55_15word_lists"", ""list_id"": ""roediger2001_55::man"", ""critical_item"": ""man"", ""role"": ""list_word"", ""position"": ""T1""}]"
wood,wood,2,1,list_word,False,True,"Roediger et al. (2001) 55-list DRM pool, augmented with uploaded 2024 supplementary workbook metrics",Roediger2001_55_15word_lists,,roediger2001_55::chair; roediger2001_55::stove,chair; stove,3.13924921757161,0.020999999999999998,0.0065,"[{""dataset"": ""Roediger2001_55_15word_lists"", ""list_id"": ""roediger2001_55::chair"", ""critical_item"": ""chair"", ""role"": ""list_word"", ""position"": ""T9""}, {""dataset"": ""Roediger2001_55_15word_lists"", ""list_id"": ""roediger2001_55::stove"", ""critical_item"": ""stove"", ""role"": ""list_word"", ""position"": ""T8""}]"
woods,Woods; woods,2,2,list_word,False,True,"Brainerd, Chang, & Bialer (2020); Roediger et al. (2001) 55-list DRM pool, augmented with uploaded 2024 supplementary workbook metrics",Brainerd2020_120_4word_lists; Roediger2001_55_15word_lists,,brainerd2020_120::cabin; roediger2001_55::cottage,cabin; cottage,2.45557057551419,0.0,0.04,"[{""dataset"": ""Brainerd2020_120_4word_lists"", ""list_id"": ""brainerd2020_120::cabin"", ""critical_item"": ""Cabin"", ""role"": ""list_word"", ""position"": ""T2""}, {""dataset"": ""Roediger2001_55_15word_lists"", ""list_id"": ""roediger2001_55::cottage"", ""critical_item"": ""cottage"", ""role"": ""list_word"", ""position"": ""T11""}]"
wool,wool,1,1,list_word,False,True,"Roediger et al. (2001) 55-list DRM pool, augmented with uploaded 2024 supplementary workbook metrics",Roediger2001_55_15word_lists,,roediger2001_55::carpet,carpet,2.20951501454263,0.0,0.0,"[{""dataset"": ""Roediger2001_55_15word_lists"", ""list_id"": ""roediger2001_55::carpet"", ""critical_item"": ""carpet"", ""role"": ""list_word"", ""position"": ""T15""}]"
world,World,1,1,list_word,False,True,"Brainerd, Chang, & Bialer (2020)",Brainerd2020_120_4word_lists,,brainerd2020_120::ability,ability,2.8,,,"[{""dataset"": ""Brainerd2020_120_4word_lists"", ""list_id"": ""brainerd2020_120::ability"", ""critical_item"": ""Ability"", ""role"": ""list_word"", ""position"": ""T4""}]"
worm,worm,1,1,list_word,False,True,"Roediger et al. (2001) 55-list DRM pool, augmented with uploaded 2024 supplementary workbook metrics",Roediger2001_55_15word_lists,,roediger2001_55::butterfly,butterfly,2.71349054309394,0.0,0.0,"[{""dataset"": ""Roediger2001_55_15word_lists"", ""list_id"": ""roediger2001_55::butterfly"", ""critical_item"": ""butterfly"", ""role"": ""list_word"", ""position"": ""T15""}]"
worry,Worry; worry,2,2,list_word,False,True,"Brainerd, Chang, & Bialer (2020); Roediger et al. (2001) 55-list DRM pool, augmented with uploaded 2024 supplementary workbook metrics",Brainerd2020_120_4word_lists; Roediger2001_55_15word_lists,,brainerd2020_120::anxious; roediger2001_55::trouble,anxious; trouble,2.887755705392775,0.0,0.0,"[{""dataset"": ""Brainerd2020_120_4word_lists"", ""list_id"": ""brainerd2020_120::anxious"", ""critical_item"": ""Anxious"", ""role"": ""list_word"", ""position"": ""T4""}, {""dataset"": ""Roediger2001_55_15word_lists"", ""list_id"": ""roediger2001_55::trouble"", ""critical_item"": ""trouble"", ""role"": ""list_word"", ""position"": ""T3""}]"
wrap,Wrap,1,1,list_word,False,True,"Brainerd, Chang, & Bialer (2020)",Brainerd2020_120_4word_lists,,brainerd2020_120::package,package,0.83,,,"[{""dataset"": ""Brainerd2020_120_4word_lists"", ""list_id"": ""brainerd2020_120::package"", ""critical_item"": ""Package"", ""role"": ""list_word"", ""position"": ""T2""}]"
wrath,wrath,1,1,list_word,False,True,"Roediger et al. (2001) 55-list DRM pool, augmented with uploaded 2024 supplementary workbook metrics",Roediger2001_55_15word_lists,,roediger2001_55::anger,anger,2.30102999566398,0.128,0.0,"[{""dataset"": ""Roediger2001_55_15word_lists"", ""list_id"": ""roediger2001_55::anger"", ""critical_item"": ""anger"", ""role"": ""list_word"", ""position"": ""T8""}]"
write,write,1,1,list_word,False,True,"Roediger et al. (2001) 55-list DRM pool, augmented with uploaded 2024 supplementary workbook metrics",Roediger2001_55_15word_lists,,roediger2001_55::pen,pen,3.81077001123436,0.128,0.065,"[{""dataset"": ""Roediger2001_55_15word_lists"", ""list_id"": ""roediger2001_55::pen"", ""critical_item"": ""pen"", ""role"": ""list_word"", ""position"": ""T2""}]"
writer,Writer,1,1,list_word,False,True,"Brainerd, Chang, & Bialer (2020)",Brainerd2020_120_4word_lists,,brainerd2020_120::poet,poet,1.59,,,"[{""dataset"": ""Brainerd2020_120_4word_lists"", ""list_id"": ""brainerd2020_120::poet"", ""critical_item"": ""Poet"", ""role"": ""list_word"", ""position"": ""T1""}]"
yard,Yard; yard,2,2,list_word,False,True,"Brainerd, Chang, & Bialer (2020); Roediger et al. (2001) 55-list DRM pool, augmented with uploaded 2024 supplementary workbook metrics",Brainerd2020_120_4word_lists; Roediger2001_55_15word_lists,,brainerd2020_120::grass; roediger2001_55::foot,foot; grass,2.383435272239325,0.126,0.0,"[{""dataset"": ""Brainerd2020_120_4word_lists"", ""list_id"": ""brainerd2020_120::grass"", ""critical_item"": ""Grass"", ""role"": ""list_word"", ""position"": ""T4""}, {""dataset"": ""Roediger2001_55_15word_lists"", ""list_id"": ""roediger2001_55::foot"", ""critical_item"": ""foot"", ""role"": ""list_word"", ""position"": ""T7""}]"
yawn,yawn,1,1,list_word,False,True,"Roediger et al. (2001) 55-list DRM pool, augmented with uploaded 2024 supplementary workbook metrics",Roediger2001_55_15word_lists,,roediger2001_55::sleep,sleep,1.7160033436348,0.235,0.0,"[{""dataset"": ""Roediger2001_55_15word_lists"", ""list_id"": ""roediger2001_55::sleep"", ""critical_item"": ""sleep"", ""role"": ""list_word"", ""position"": ""T14""}]"
yellow,yellow,1,1,list_word,False,True,"Roediger et al. (2001) 55-list DRM pool, augmented with uploaded 2024 supplementary workbook metrics",Roediger2001_55_15word_lists,,roediger2001_55::butterfly,butterfly,3.23678909940929,0.0,0.018,"[{""dataset"": ""Roediger2001_55_15word_lists"", ""list_id"": ""roediger2001_55::butterfly"", ""critical_item"": ""butterfly"", ""role"": ""list_word"", ""position"": ""T6""}]"
young,young,1,1,list_word,False,True,"Roediger et al. (2001) 55-list DRM pool, augmented with uploaded 2024 supplementary workbook metrics",Roediger2001_55_15word_lists,,roediger2001_55::girl,girl,4.09352674369967,0.0,0.0,"[{""dataset"": ""Roediger2001_55_15word_lists"", ""list_id"": ""roediger2001_55::girl"", ""critical_item"": ""girl"", ""role"": ""list_word"", ""position"": ""T4""}]"
