occurrence_id,word_original,word_key,role,position_label,serial_position,critical_item,critical_item_key,list_id,dataset_name,source_paper,source_file,item_log_frequency,item_concreteness,item_BAS_to_critical,item_FAS_from_critical,list_set,list_CD_Raw,list_T_Raw,list_CD_BiasCorrected,list_T_BiasCorrected,list_FalseRecogPriorRecall,list_TrueRecogPriorRecall,list_FalseRecall,list_TrueRecall,list_MGS,list_MBAS,list_MFAS,list_DSM_SSim,list_Connect,list_CDfreq,list_MTfreq,list_CDcoc,list_Tcoc,list_CDlength,list_MTlength,list_MBAS_new,target_word_pdf,target_word_key,target_BAS_normed_by_authors,target_FAS_normed_by_authors,target_BAS_FAS_pdf_page,item_log_frequency_roediger_xlsx,list_MBAS_A2,list_MGS_A2,list_MCON,list_CDfreq_A2,list_MTfreq_A2,list_Syn,list_Tax,list_Situ,list_MSR,list_pCDV,list_pCDG,list_pCDVG,list_pTV,list_pTG,list_pTVG,list_brainerd_list_type,list_A3_I,list_A3_E,list_A3_S_T,list_A3_P,list_A3_R,list_A3_S_R
occ_00881,Ability,ability,critical_distractor,CD,0,Ability,ability,brainerd2020_120::ability,Brainerd2020_120_4word_lists,"Brainerd, Chang, & Bialer (2020)",2020-48948-001.pdf,1.76,,,,,,,,,,,,,3.39,0.0,0.02,,,1.76,2.38,,,,,,,,,,,,0.0,3.39,0.0,1.76,2.38,0.0,1.0,0.0,0.33,0.07,0.08,0.16,0.15,0.11,0.19,Low-MBAS/low-MGS,0.1,0.09,0.17,0.12,0.14,0.05
occ_00882,Able,able,list_word,T1,1,Ability,ability,brainerd2020_120::ability,Brainerd2020_120_4word_lists,"Brainerd, Chang, & Bialer (2020)",2020-48948-001.pdf,2.41,,,,,,,,,,,,,3.39,0.0,0.02,,,1.76,2.38,,,,,,,,,,,,0.0,3.39,0.0,1.76,2.38,0.0,1.0,0.0,0.33,0.07,0.08,0.16,0.15,0.11,0.19,Low-MBAS/low-MGS,0.1,0.09,0.17,0.12,0.14,0.05
occ_00883,Loud,loud,list_word,T2,2,Ability,ability,brainerd2020_120::ability,Brainerd2020_120_4word_lists,"Brainerd, Chang, & Bialer (2020)",2020-48948-001.pdf,1.67,,,,,,,,,,,,,3.39,0.0,0.02,,,1.76,2.38,,,,,,,,,,,,0.0,3.39,0.0,1.76,2.38,0.0,1.0,0.0,0.33,0.07,0.08,0.16,0.15,0.11,0.19,Low-MBAS/low-MGS,0.1,0.09,0.17,0.12,0.14,0.05
occ_00884,Harmony,harmony,list_word,T3,3,Ability,ability,brainerd2020_120::ability,Brainerd2020_120_4word_lists,"Brainerd, Chang, & Bialer (2020)",2020-48948-001.pdf,1.32,,,,,,,,,,,,,3.39,0.0,0.02,,,1.76,2.38,,,,,,,,,,,,0.0,3.39,0.0,1.76,2.38,0.0,1.0,0.0,0.33,0.07,0.08,0.16,0.15,0.11,0.19,Low-MBAS/low-MGS,0.1,0.09,0.17,0.12,0.14,0.05
occ_00885,World,world,list_word,T4,4,Ability,ability,brainerd2020_120::ability,Brainerd2020_120_4word_lists,"Brainerd, Chang, & Bialer (2020)",2020-48948-001.pdf,2.8,,,,,,,,,,,,,3.39,0.0,0.02,,,1.76,2.38,,,,,,,,,,,,0.0,3.39,0.0,1.76,2.38,0.0,1.0,0.0,0.33,0.07,0.08,0.16,0.15,0.11,0.19,Low-MBAS/low-MGS,0.1,0.09,0.17,0.12,0.14,0.05
occ_00886,Accept,accept,critical_distractor,CD,0,Accept,accept,brainerd2020_120::accept,Brainerd2020_120_4word_lists,"Brainerd, Chang, & Bialer (2020)",2020-48948-001.pdf,1.93,,,,,,,,,,,,,5.32,0.01,0.02,,,1.93,1.42,,,,,,,,,,,,0.01,5.32,1.25,1.93,1.42,1.0,0.0,0.0,0.33,0.18,0.27,0.39,0.13,0.11,0.13,Low-MBAS/high-MGS,0.0,0.01,0.16,0.12,0.22,0.33
occ_00887,Refuse,refuse,list_word,T1,1,Accept,accept,brainerd2020_120::accept,Brainerd2020_120_4word_lists,"Brainerd, Chang, & Bialer (2020)",2020-48948-001.pdf,1.53,,,,,,,,,,,,,5.32,0.01,0.02,,,1.93,1.42,,,,,,,,,,,,0.01,5.32,1.25,1.93,1.42,1.0,0.0,0.0,0.33,0.18,0.27,0.39,0.13,0.11,0.13,Low-MBAS/high-MGS,0.0,0.01,0.16,0.12,0.22,0.33
occ_00888,Admission,admission,list_word,T2,2,Accept,accept,brainerd2020_120::accept,Brainerd2020_120_4word_lists,"Brainerd, Chang, & Bialer (2020)",2020-48948-001.pdf,1.21,,,,,,,,,,,,,5.32,0.01,0.02,,,1.93,1.42,,,,,,,,,,,,0.01,5.32,1.25,1.93,1.42,1.0,0.0,0.0,0.33,0.18,0.27,0.39,0.13,0.11,0.13,Low-MBAS/high-MGS,0.0,0.01,0.16,0.12,0.22,0.33
occ_00889,Deny,deny,list_word,T3,3,Accept,accept,brainerd2020_120::accept,Brainerd2020_120_4word_lists,"Brainerd, Chang, & Bialer (2020)",2020-48948-001.pdf,1.46,,,,,,,,,,,,,5.32,0.01,0.02,,,1.93,1.42,,,,,,,,,,,,0.01,5.32,1.25,1.93,1.42,1.0,0.0,0.0,0.33,0.18,0.27,0.39,0.13,0.11,0.13,Low-MBAS/high-MGS,0.0,0.01,0.16,0.12,0.22,0.33
occ_00890,Decline,decline,list_word,T4,4,Accept,accept,brainerd2020_120::accept,Brainerd2020_120_4word_lists,"Brainerd, Chang, & Bialer (2020)",2020-48948-001.pdf,1.43,,,,,,,,,,,,,5.32,0.01,0.02,,,1.93,1.42,,,,,,,,,,,,0.01,5.32,1.25,1.93,1.42,1.0,0.0,0.0,0.33,0.18,0.27,0.39,0.13,0.11,0.13,Low-MBAS/high-MGS,0.0,0.01,0.16,0.12,0.22,0.33
occ_00891,Act,act,critical_distractor,CD,0,Act,act,brainerd2020_120::act,Brainerd2020_120_4word_lists,"Brainerd, Chang, & Bialer (2020)",2020-48948-001.pdf,2.31,,,,,,,,,,,,,5.46,0.21,0.07,,,2.31,1.27,,,,,,,,,,,,0.22,5.46,0.5,2.31,1.27,2.0,1.0,1.0,1.33,0.35,0.17,0.25,0.21,0.05,0.3,High-MBAS/high-MGS,0.27,0.2,0.1,0.12,0.0,0.36
occ_00892,Perform,perform,list_word,T1,1,Act,act,brainerd2020_120::act,Brainerd2020_120_4word_lists,"Brainerd, Chang, & Bialer (2020)",2020-48948-001.pdf,1.46,,,,,,,,,,,,,5.46,0.21,0.07,,,2.31,1.27,,,,,,,,,,,,0.22,5.46,0.5,2.31,1.27,2.0,1.0,1.0,1.33,0.35,0.17,0.25,0.21,0.05,0.3,High-MBAS/high-MGS,0.27,0.2,0.1,0.12,0.0,0.36
occ_00893,Portray,portray,list_word,T2,2,Act,act,brainerd2020_120::act,Brainerd2020_120_4word_lists,"Brainerd, Chang, & Bialer (2020)",2020-48948-001.pdf,0.3,,,,,,,,,,,,,5.46,0.21,0.07,,,2.31,1.27,,,,,,,,,,,,0.22,5.46,0.5,2.31,1.27,2.0,1.0,1.0,1.33,0.35,0.17,0.25,0.21,0.05,0.3,High-MBAS/high-MGS,0.27,0.2,0.1,0.12,0.0,0.36
occ_00894,Drama,drama,list_word,T3,3,Act,act,brainerd2020_120::act,Brainerd2020_120_4word_lists,"Brainerd, Chang, & Bialer (2020)",2020-48948-001.pdf,1.4,,,,,,,,,,,,,5.46,0.21,0.07,,,2.31,1.27,,,,,,,,,,,,0.22,5.46,0.5,2.31,1.27,2.0,1.0,1.0,1.33,0.35,0.17,0.25,0.21,0.05,0.3,High-MBAS/high-MGS,0.27,0.2,0.1,0.12,0.0,0.36
occ_00895,Pretend,pretend,list_word,T4,4,Act,act,brainerd2020_120::act,Brainerd2020_120_4word_lists,"Brainerd, Chang, & Bialer (2020)",2020-48948-001.pdf,1.25,,,,,,,,,,,,,5.46,0.21,0.07,,,2.31,1.27,,,,,,,,,,,,0.22,5.46,0.5,2.31,1.27,2.0,1.0,1.0,1.33,0.35,0.17,0.25,0.21,0.05,0.3,High-MBAS/high-MGS,0.27,0.2,0.1,0.12,0.0,0.36
occ_00896,Add,add,critical_distractor,CD,0,Add,add,brainerd2020_120::add,Brainerd2020_120_4word_lists,"Brainerd, Chang, & Bialer (2020)",2020-48948-001.pdf,1.83,,,,,,,,,,,,,5.69,0.1,0.02,,,1.83,1.58,,,,,,,,,,,,0.1,5.69,0.5,1.83,1.58,0.0,2.0,1.0,1.0,0.1,0.27,0.42,0.18,0.11,0.45,Low-MBAS/high-MGS,0.31,0.37,0.12,0.18,0.31,0.25
occ_00897,Minus,minus,list_word,T1,1,Add,add,brainerd2020_120::add,Brainerd2020_120_4word_lists,"Brainerd, Chang, & Bialer (2020)",2020-48948-001.pdf,0.95,,,,,,,,,,,,,5.69,0.1,0.02,,,1.83,1.58,,,,,,,,,,,,0.1,5.69,0.5,1.83,1.58,0.0,2.0,1.0,1.0,0.1,0.27,0.42,0.18,0.11,0.45,Low-MBAS/high-MGS,0.31,0.37,0.12,0.18,0.31,0.25
occ_00898,Increase,increase,list_word,T2,2,Add,add,brainerd2020_120::add,Brainerd2020_120_4word_lists,"Brainerd, Chang, & Bialer (2020)",2020-48948-001.pdf,1.97,,,,,,,,,,,,,5.69,0.1,0.02,,,1.83,1.58,,,,,,,,,,,,0.1,5.69,0.5,1.83,1.58,0.0,2.0,1.0,1.0,0.1,0.27,0.42,0.18,0.11,0.45,Low-MBAS/high-MGS,0.31,0.37,0.12,0.18,0.31,0.25
occ_00899,Math,math,list_word,T3,3,Add,add,brainerd2020_120::add,Brainerd2020_120_4word_lists,"Brainerd, Chang, & Bialer (2020)",2020-48948-001.pdf,0.0,,,,,,,,,,,,,5.69,0.1,0.02,,,1.83,1.58,,,,,,,,,,,,0.1,5.69,0.5,1.83,1.58,0.0,2.0,1.0,1.0,0.1,0.27,0.42,0.18,0.11,0.45,Low-MBAS/high-MGS,0.31,0.37,0.12,0.18,0.31,0.25
occ_00900,Sum,sum,list_word,T4,4,Add,add,brainerd2020_120::add,Brainerd2020_120_4word_lists,"Brainerd, Chang, & Bialer (2020)",2020-48948-001.pdf,1.69,,,,,,,,,,,,,5.69,0.1,0.02,,,1.83,1.58,,,,,,,,,,,,0.1,5.69,0.5,1.83,1.58,0.0,2.0,1.0,1.0,0.1,0.27,0.42,0.18,0.11,0.45,Low-MBAS/high-MGS,0.31,0.37,0.12,0.18,0.31,0.25
occ_00901,Agent,agent,critical_distractor,CD,0,Agent,agent,brainerd2020_120::agent,Brainerd2020_120_4word_lists,"Brainerd, Chang, & Bialer (2020)",2020-48948-001.pdf,1.6,,,,,,,,,,,,,1.98,0.0,,,,1.6,1.32,,,,,,,,,,,,,,,,,,,,,,,,,,,,,,,,,
occ_00902,Federal,federal,list_word,T1,1,Agent,agent,brainerd2020_120::agent,Brainerd2020_120_4word_lists,"Brainerd, Chang, & Bialer (2020)",2020-48948-001.pdf,1.39,,,,,,,,,,,,,1.98,0.0,,,,1.6,1.32,,,,,,,,,,,,,,,,,,,,,,,,,,,,,,,,,
occ_00903,Chorus,chorus,list_word,T2,2,Agent,agent,brainerd2020_120::agent,Brainerd2020_120_4word_lists,"Brainerd, Chang, & Bialer (2020)",2020-48948-001.pdf,1.29,,,,,,,,,,,,,1.98,0.0,,,,1.6,1.32,,,,,,,,,,,,,,,,,,,,,,,,,,,,,,,,,
occ_00904,Meek,meek,list_word,T3,3,Agent,agent,brainerd2020_120::agent,Brainerd2020_120_4word_lists,"Brainerd, Chang, & Bialer (2020)",2020-48948-001.pdf,0.67,,,,,,,,,,,,,1.98,0.0,,,,1.6,1.32,,,,,,,,,,,,,,,,,,,,,,,,,,,,,,,,,
occ_00905,Forgive,forgive,list_word,T4,4,Agent,agent,brainerd2020_120::agent,Brainerd2020_120_4word_lists,"Brainerd, Chang, & Bialer (2020)",2020-48948-001.pdf,1.55,,,,,,,,,,,,,1.98,0.0,,,,1.6,1.32,,,,,,,,,,,,,,,,,,,,,,,,,,,,,,,,,
occ_00906,Answer,answer,critical_distractor,CD,0,Answer,answer,brainerd2020_120::answer,Brainerd2020_120_4word_lists,"Brainerd, Chang, & Bialer (2020)",2020-48948-001.pdf,2.3,,,,,,,,,,,,,1.97,0.07,,,,2.3,1.83,,,,,,,,,,,,,,,,,,,,,,,,,,,,,,,,,
occ_00907,Solution,solution,list_word,T1,1,Answer,answer,brainerd2020_120::answer,Brainerd2020_120_4word_lists,"Brainerd, Chang, & Bialer (2020)",2020-48948-001.pdf,1.61,,,,,,,,,,,,,1.97,0.07,,,,2.3,1.83,,,,,,,,,,,,,,,,,,,,,,,,,,,,,,,,,
occ_00908,Poem,poem,list_word,T2,2,Answer,answer,brainerd2020_120::answer,Brainerd2020_120_4word_lists,"Brainerd, Chang, & Bialer (2020)",2020-48948-001.pdf,1.46,,,,,,,,,,,,,1.97,0.07,,,,2.3,1.83,,,,,,,,,,,,,,,,,,,,,,,,,,,,,,,,,
occ_00909,Real,real,list_word,T3,3,Answer,answer,brainerd2020_120::answer,Brainerd2020_120_4word_lists,"Brainerd, Chang, & Bialer (2020)",2020-48948-001.pdf,0.73,,,,,,,,,,,,,1.97,0.07,,,,2.3,1.83,,,,,,,,,,,,,,,,,,,,,,,,,,,,,,,,,
occ_00910,Estate Top,estate top,list_word,T4,4,Answer,answer,brainerd2020_120::answer,Brainerd2020_120_4word_lists,"Brainerd, Chang, & Bialer (2020)",2020-48948-001.pdf,2.29,,,,,,,,,,,,,1.97,0.07,,,,2.3,1.83,,,,,,,,,,,,,,,,,,,,,,,,,,,,,,,,,
occ_00911,Anxious,anxious,critical_distractor,CD,0,Anxious,anxious,brainerd2020_120::anxious,Brainerd2020_120_4word_lists,"Brainerd, Chang, & Bialer (2020)",2020-48948-001.pdf,1.79,,,,,,,,,,,,,5.32,0.04,0.15,,,1.79,1.54,,,,,,,,,,,,0.04,5.32,0.75,1.79,1.54,4.0,0.0,0.0,1.33,0.07,0.21,0.25,0.21,0.17,0.36,Low-MBAS/high-MGS,0.19,0.23,0.27,0.07,0.22,0.16
occ_00912,Excited,excited,list_word,T1,1,Anxious,anxious,brainerd2020_120::anxious,Brainerd2020_120_4word_lists,"Brainerd, Chang, & Bialer (2020)",2020-48948-001.pdf,1.61,,,,,,,,,,,,,5.32,0.04,0.15,,,1.79,1.54,,,,,,,,,,,,0.04,5.32,0.75,1.79,1.54,4.0,0.0,0.0,1.33,0.07,0.21,0.25,0.21,0.17,0.36,Low-MBAS/high-MGS,0.19,0.23,0.27,0.07,0.22,0.16
occ_00913,Impatient,impatient,list_word,T2,2,Anxious,anxious,brainerd2020_120::anxious,Brainerd2020_120_4word_lists,"Brainerd, Chang, & Bialer (2020)",2020-48948-001.pdf,1.21,,,,,,,,,,,,,5.32,0.04,0.15,,,1.79,1.54,,,,,,,,,,,,0.04,5.32,0.75,1.79,1.54,4.0,0.0,0.0,1.33,0.07,0.21,0.25,0.21,0.17,0.36,Low-MBAS/high-MGS,0.19,0.23,0.27,0.07,0.22,0.16
occ_00914,Nervous,nervous,list_word,T3,3,Anxious,anxious,brainerd2020_120::anxious,Brainerd2020_120_4word_lists,"Brainerd, Chang, & Bialer (2020)",2020-48948-001.pdf,1.63,,,,,,,,,,,,,5.32,0.04,0.15,,,1.79,1.54,,,,,,,,,,,,0.04,5.32,0.75,1.79,1.54,4.0,0.0,0.0,1.33,0.07,0.21,0.25,0.21,0.17,0.36,Low-MBAS/high-MGS,0.19,0.23,0.27,0.07,0.22,0.16
occ_00915,Worry,worry,list_word,T4,4,Anxious,anxious,brainerd2020_120::anxious,Brainerd2020_120_4word_lists,"Brainerd, Chang, & Bialer (2020)",2020-48948-001.pdf,1.61,,,,,,,,,,,,,5.32,0.04,0.15,,,1.79,1.54,,,,,,,,,,,,0.04,5.32,0.75,1.79,1.54,4.0,0.0,0.0,1.33,0.07,0.21,0.25,0.21,0.17,0.36,Low-MBAS/high-MGS,0.19,0.23,0.27,0.07,0.22,0.16
occ_00916,Approval,approval,critical_distractor,CD,0,Approval,approval,brainerd2020_120::approval,Brainerd2020_120_4word_lists,"Brainerd, Chang, & Bialer (2020)",2020-48948-001.pdf,1.42,,,,,,,,,,,,,3.53,0.0,0.01,,,1.42,2.04,,,,,,,,,,,,0.0,3.53,0.0,1.42,2.04,1.0,0.0,0.0,0.33,0.13,0.24,0.22,0.15,0.11,0.19,Low-MBAS/low-MGS,0.1,0.09,0.17,0.0,0.14,0.25
occ_00917,Permission,permission,list_word,T1,1,Approval,approval,brainerd2020_120::approval,Brainerd2020_120_4word_lists,"Brainerd, Chang, & Bialer (2020)",2020-48948-001.pdf,1.66,,,,,,,,,,,,,3.53,0.0,0.01,,,1.42,2.04,,,,,,,,,,,,0.0,3.53,0.0,1.42,2.04,1.0,0.0,0.0,0.33,0.13,0.24,0.22,0.15,0.11,0.19,Low-MBAS/low-MGS,0.1,0.09,0.17,0.0,0.14,0.25
occ_00918,Apology,apology,list_word,T2,2,Approval,approval,brainerd2020_120::approval,Brainerd2020_120_4word_lists,"Brainerd, Chang, & Bialer (2020)",2020-48948-001.pdf,0.97,,,,,,,,,,,,,3.53,0.0,0.01,,,1.42,2.04,,,,,,,,,,,,0.0,3.53,0.0,1.42,2.04,1.0,0.0,0.0,0.33,0.13,0.24,0.22,0.15,0.11,0.19,Low-MBAS/low-MGS,0.1,0.09,0.17,0.0,0.14,0.25
occ_00919,Snore,snore,list_word,T3,3,Approval,approval,brainerd2020_120::approval,Brainerd2020_120_4word_lists,"Brainerd, Chang, & Bialer (2020)",2020-48948-001.pdf,0.17,,,,,,,,,,,,,3.53,0.0,0.01,,,1.42,2.04,,,,,,,,,,,,0.0,3.53,0.0,1.42,2.04,1.0,0.0,0.0,0.33,0.13,0.24,0.22,0.15,0.11,0.19,Low-MBAS/low-MGS,0.1,0.09,0.17,0.0,0.14,0.25
occ_00920,Voice,voice,list_word,T4,4,Approval,approval,brainerd2020_120::approval,Brainerd2020_120_4word_lists,"Brainerd, Chang, & Bialer (2020)",2020-48948-001.pdf,2.58,,,,,,,,,,,,,3.53,0.0,0.01,,,1.42,2.04,,,,,,,,,,,,0.0,3.53,0.0,1.42,2.04,1.0,0.0,0.0,0.33,0.13,0.24,0.22,0.15,0.11,0.19,Low-MBAS/low-MGS,0.1,0.09,0.17,0.0,0.14,0.25
occ_00921,Army,army,critical_distractor,CD,0,Army,army,brainerd2020_120::army,Brainerd2020_120_4word_lists,"Brainerd, Chang, & Bialer (2020)",2020-48948-001.pdf,2.08,,,,,,,,,,,,,5.8,0.27,,,,2.08,1.56,,,,,,,,,,,,,,,,,,,,,,,,,,,,,,,,,
occ_00922,Navy,navy,list_word,T1,1,Army,army,brainerd2020_120::army,Brainerd2020_120_4word_lists,"Brainerd, Chang, & Bialer (2020)",2020-48948-001.pdf,1.21,,,,,,,,,,,,,5.8,0.27,,,,2.08,1.56,,,,,,,,,,,,,,,,,,,,,,,,,,,,,,,,,
occ_00923,Soldier,soldier,list_word,T2,2,Army,army,brainerd2020_120::army,Brainerd2020_120_4word_lists,"Brainerd, Chang, & Bialer (2020)",2020-48948-001.pdf,1.6,,,,,,,,,,,,,5.8,0.27,,,,2.08,1.56,,,,,,,,,,,,,,,,,,,,,,,,,,,,,,,,,
occ_00924,Infantry,infantry,list_word,T3,3,Army,army,brainerd2020_120::army,Brainerd2020_120_4word_lists,"Brainerd, Chang, & Bialer (2020)",2020-48948-001.pdf,1.04,,,,,,,,,,,,,5.8,0.27,,,,2.08,1.56,,,,,,,,,,,,,,,,,,,,,,,,,,,,,,,,,
occ_00925,Military,military,list_word,T4,4,Army,army,brainerd2020_120::army,Brainerd2020_120_4word_lists,"Brainerd, Chang, & Bialer (2020)",2020-48948-001.pdf,1.9,,,,,,,,,,,,,5.8,0.27,,,,2.08,1.56,,,,,,,,,,,,,,,,,,,,,,,,,,,,,,,,,
occ_00926,Art,art,critical_distractor,CD,0,Art,art,brainerd2020_120::art,Brainerd2020_120_4word_lists,"Brainerd, Chang, & Bialer (2020)",2020-48948-001.pdf,2.23,,,,,,,,,,,,,5.34,0.23,0.02,,,2.23,1.57,,,,,,,,,,,,0.23,5.34,0.5,2.23,1.57,1.0,2.0,0.0,1.0,0.21,0.27,0.33,0.24,0.17,0.36,High-MBAS/high-MGS,0.19,0.2,0.3,0.08,0.16,0.36
occ_00927,Abstract,abstract,list_word,T1,1,Art,art,brainerd2020_120::art,Brainerd2020_120_4word_lists,"Brainerd, Chang, & Bialer (2020)",2020-48948-001.pdf,1.3,,,,,,,,,,,,,5.34,0.23,0.02,,,2.23,1.57,,,,,,,,,,,,0.23,5.34,0.5,2.23,1.57,1.0,2.0,0.0,1.0,0.21,0.27,0.33,0.24,0.17,0.36,High-MBAS/high-MGS,0.19,0.2,0.3,0.08,0.16,0.36
occ_00928,Craft,craft,list_word,T2,2,Art,art,brainerd2020_120::art,Brainerd2020_120_4word_lists,"Brainerd, Chang, & Bialer (2020)",2020-48948-001.pdf,1.36,,,,,,,,,,,,,5.34,0.23,0.02,,,2.23,1.57,,,,,,,,,,,,0.23,5.34,0.5,2.23,1.57,1.0,2.0,0.0,1.0,0.21,0.27,0.33,0.24,0.17,0.36,High-MBAS/high-MGS,0.19,0.2,0.3,0.08,0.16,0.36
occ_00929,Creative,creative,list_word,T3,3,Art,art,brainerd2020_120::art,Brainerd2020_120_4word_lists,"Brainerd, Chang, & Bialer (2020)",2020-48948-001.pdf,1.26,,,,,,,,,,,,,5.34,0.23,0.02,,,2.23,1.57,,,,,,,,,,,,0.23,5.34,0.5,2.23,1.57,1.0,2.0,0.0,1.0,0.21,0.27,0.33,0.24,0.17,0.36,High-MBAS/high-MGS,0.19,0.2,0.3,0.08,0.16,0.36
occ_00930,Drawing,drawing,list_word,T4,4,Art,art,brainerd2020_120::art,Brainerd2020_120_4word_lists,"Brainerd, Chang, & Bialer (2020)",2020-48948-001.pdf,1.95,,,,,,,,,,,,,5.34,0.23,0.02,,,2.23,1.57,,,,,,,,,,,,0.23,5.34,0.5,2.23,1.57,1.0,2.0,0.0,1.0,0.21,0.27,0.33,0.24,0.17,0.36,High-MBAS/high-MGS,0.19,0.2,0.3,0.08,0.16,0.36
occ_00931,Bag,bag,critical_distractor,CD,0,Bag,bag,brainerd2020_120::bag,Brainerd2020_120_4word_lists,"Brainerd, Chang, & Bialer (2020)",2020-48948-001.pdf,1.7,,,,,,,,,,,,,2.5,0.01,0.0,,,1.7,1.28,,,,,,,,,,,,0.01,2.5,0.0,1.7,1.28,0.0,0.0,1.0,0.33,0.04,0.0,0.13,0.24,0.11,0.19,Low-MBAS/low-MGS,0.09,0.0,0.24,0.13,0.01,0.0
occ_00932,Shopping,shopping,list_word,T1,1,Bag,bag,brainerd2020_120::bag,Brainerd2020_120_4word_lists,"Brainerd, Chang, & Bialer (2020)",2020-48948-001.pdf,1.26,,,,,,,,,,,,,2.5,0.01,0.0,,,1.7,1.28,,,,,,,,,,,,0.01,2.5,0.0,1.7,1.28,0.0,0.0,1.0,0.33,0.04,0.0,0.13,0.24,0.11,0.19,Low-MBAS/low-MGS,0.09,0.0,0.24,0.13,0.01,0.0
occ_00933,Petals,petals,list_word,T2,2,Bag,bag,brainerd2020_120::bag,Brainerd2020_120_4word_lists,"Brainerd, Chang, & Bialer (2020)",2020-48948-001.pdf,0.77,,,,,,,,,,,,,2.5,0.01,0.0,,,1.7,1.28,,,,,,,,,,,,0.01,2.5,0.0,1.7,1.28,0.0,0.0,1.0,0.33,0.04,0.0,0.13,0.24,0.11,0.19,Low-MBAS/low-MGS,0.09,0.0,0.24,0.13,0.01,0.0
occ_00934,Butter,butter,list_word,T3,3,Bag,bag,brainerd2020_120::bag,Brainerd2020_120_4word_lists,"Brainerd, Chang, & Bialer (2020)",2020-48948-001.pdf,1.37,,,,,,,,,,,,,2.5,0.01,0.0,,,1.7,1.28,,,,,,,,,,,,0.01,2.5,0.0,1.7,1.28,0.0,0.0,1.0,0.33,0.04,0.0,0.13,0.24,0.11,0.19,Low-MBAS/low-MGS,0.09,0.0,0.24,0.13,0.01,0.0
occ_00935,Strategy,strategy,list_word,T4,4,Bag,bag,brainerd2020_120::bag,Brainerd2020_120_4word_lists,"Brainerd, Chang, & Bialer (2020)",2020-48948-001.pdf,1.45,,,,,,,,,,,,,2.5,0.01,0.0,,,1.7,1.28,,,,,,,,,,,,0.01,2.5,0.0,1.7,1.28,0.0,0.0,1.0,0.33,0.04,0.0,0.13,0.24,0.11,0.19,Low-MBAS/low-MGS,0.09,0.0,0.24,0.13,0.01,0.0
occ_00936,Ball,ball,critical_distractor,CD,0,Ball,ball,brainerd2020_120::ball,Brainerd2020_120_4word_lists,"Brainerd, Chang, & Bialer (2020)",2020-48948-001.pdf,1.81,,,,,,,,,,,,,1.94,0.06,0.05,,,1.81,1.32,,,,,,,,,,,,0.06,1.94,0.0,1.81,1.32,0.0,0.0,1.0,0.33,0.04,0.27,0.16,0.15,0.02,0.33,High-MBAS/low-MGS,0.29,0.24,0.0,0.0,0.18,0.14
occ_00937,Bat,bat,list_word,T1,1,Ball,ball,brainerd2020_120::ball,Brainerd2020_120_4word_lists,"Brainerd, Chang, & Bialer (2020)",2020-48948-001.pdf,1.02,,,,,,,,,,,,,1.94,0.06,0.05,,,1.81,1.32,,,,,,,,,,,,0.06,1.94,0.0,1.81,1.32,0.0,0.0,1.0,0.33,0.04,0.27,0.16,0.15,0.02,0.33,High-MBAS/low-MGS,0.29,0.24,0.0,0.0,0.18,0.14
occ_00938,Cloth,cloth,list_word,T2,2,Ball,ball,brainerd2020_120::ball,Brainerd2020_120_4word_lists,"Brainerd, Chang, & Bialer (2020)",2020-48948-001.pdf,1.5,,,,,,,,,,,,,1.94,0.06,0.05,,,1.81,1.32,,,,,,,,,,,,0.06,1.94,0.0,1.81,1.32,0.0,0.0,1.0,0.33,0.04,0.27,0.16,0.15,0.02,0.33,High-MBAS/low-MGS,0.29,0.24,0.0,0.0,0.18,0.14
occ_00939,Asphalt,asphalt,list_word,T3,3,Ball,ball,brainerd2020_120::ball,Brainerd2020_120_4word_lists,"Brainerd, Chang, & Bialer (2020)",2020-48948-001.pdf,0.12,,,,,,,,,,,,,1.94,0.06,0.05,,,1.81,1.32,,,,,,,,,,,,0.06,1.94,0.0,1.81,1.32,0.0,0.0,1.0,0.33,0.04,0.27,0.16,0.15,0.02,0.33,High-MBAS/low-MGS,0.29,0.24,0.0,0.0,0.18,0.14
occ_00940,Severe,severe,list_word,T4,4,Ball,ball,brainerd2020_120::ball,Brainerd2020_120_4word_lists,"Brainerd, Chang, & Bialer (2020)",2020-48948-001.pdf,1.59,,,,,,,,,,,,,1.94,0.06,0.05,,,1.81,1.32,,,,,,,,,,,,0.06,1.94,0.0,1.81,1.32,0.0,0.0,1.0,0.33,0.04,0.27,0.16,0.15,0.02,0.33,High-MBAS/low-MGS,0.29,0.24,0.0,0.0,0.18,0.14
occ_00941,Bank,bank,critical_distractor,CD,0,Bank,bank,brainerd2020_120::bank,Brainerd2020_120_4word_lists,"Brainerd, Chang, & Bialer (2020)",2020-48948-001.pdf,2.1,,,,,,,,,,,,,5.75,0.32,,,,2.1,2.17,,,,,,,,,,,,,,,,,,,,,,,,,,,,,,,,,
occ_00942,Account,account,list_word,T1,1,Bank,bank,brainerd2020_120::bank,Brainerd2020_120_4word_lists,"Brainerd, Chang, & Bialer (2020)",2020-48948-001.pdf,2.23,,,,,,,,,,,,,5.75,0.32,,,,2.1,2.17,,,,,,,,,,,,,,,,,,,,,,,,,,,,,,,,,
occ_00943,Loan,loan,list_word,T2,2,Bank,bank,brainerd2020_120::bank,Brainerd2020_120_4word_lists,"Brainerd, Chang, & Bialer (2020)",2020-48948-001.pdf,1.31,,,,,,,,,,,,,5.75,0.32,,,,2.1,2.17,,,,,,,,,,,,,,,,,,,,,,,,,,,,,,,,,
occ_00944,Teller,teller,list_word,T3,3,Bank,bank,brainerd2020_120::bank,Brainerd2020_120_4word_lists,"Brainerd, Chang, & Bialer (2020)",2020-48948-001.pdf,0.59,,,,,,,,,,,,,5.75,0.32,,,,2.1,2.17,,,,,,,,,,,,,,,,,,,,,,,,,,,,,,,,,
occ_00945,Money,money,list_word,T4,4,Bank,bank,brainerd2020_120::bank,Brainerd2020_120_4word_lists,"Brainerd, Chang, & Bialer (2020)",2020-48948-001.pdf,2.6,,,,,,,,,,,,,5.75,0.32,,,,2.1,2.17,,,,,,,,,,,,,,,,,,,,,,,,,,,,,,,,,
occ_00946,Beer,beer,critical_distractor,CD,0,Beer,beer,brainerd2020_120::beer,Brainerd2020_120_4word_lists,"Brainerd, Chang, & Bialer (2020)",2020-48948-001.pdf,1.46,,,,,,,,,,,,,2.29,0.06,0.01,,,1.46,1.81,,,,,,,,,,,,0.06,2.29,0.0,1.46,1.81,0.0,1.0,0.0,0.33,0.07,0.24,0.19,0.3,0.02,0.45,High-MBAS/low-MGS,0.41,0.28,0.12,0.0,0.16,0.16
occ_00947,Alcohol,alcohol,list_word,T1,1,Beer,beer,brainerd2020_120::beer,Brainerd2020_120_4word_lists,"Brainerd, Chang, & Bialer (2020)",2020-48948-001.pdf,1.22,,,,,,,,,,,,,2.29,0.06,0.01,,,1.46,1.81,,,,,,,,,,,,0.06,2.29,0.0,1.46,1.81,0.0,1.0,0.0,0.33,0.07,0.24,0.19,0.3,0.02,0.45,High-MBAS/low-MGS,0.41,0.28,0.12,0.0,0.16,0.16
occ_00948,Office,office,list_word,T2,2,Beer,beer,brainerd2020_120::beer,Brainerd2020_120_4word_lists,"Brainerd, Chang, & Bialer (2020)",2020-48948-001.pdf,2.3,,,,,,,,,,,,,2.29,0.06,0.01,,,1.46,1.81,,,,,,,,,,,,0.06,2.29,0.0,1.46,1.81,0.0,1.0,0.0,0.33,0.07,0.24,0.19,0.3,0.02,0.45,High-MBAS/low-MGS,0.41,0.28,0.12,0.0,0.16,0.16
occ_00949,Mix,mix,list_word,T3,3,Beer,beer,brainerd2020_120::beer,Brainerd2020_120_4word_lists,"Brainerd, Chang, & Bialer (2020)",2020-48948-001.pdf,1.24,,,,,,,,,,,,,2.29,0.06,0.01,,,1.46,1.81,,,,,,,,,,,,0.06,2.29,0.0,1.46,1.81,0.0,1.0,0.0,0.33,0.07,0.24,0.19,0.3,0.02,0.45,High-MBAS/low-MGS,0.41,0.28,0.12,0.0,0.16,0.16
occ_00950,Waist,waist,list_word,T4,4,Beer,beer,brainerd2020_120::beer,Brainerd2020_120_4word_lists,"Brainerd, Chang, & Bialer (2020)",2020-48948-001.pdf,1.37,,,,,,,,,,,,,2.29,0.06,0.01,,,1.46,1.81,,,,,,,,,,,,0.06,2.29,0.0,1.46,1.81,0.0,1.0,0.0,0.33,0.07,0.24,0.19,0.3,0.02,0.45,High-MBAS/low-MGS,0.41,0.28,0.12,0.0,0.16,0.16
occ_00951,Black,black,critical_distractor,CD,0,Black,black,brainerd2020_120::black,Brainerd2020_120_4word_lists,"Brainerd, Chang, & Bialer (2020)",2020-48948-001.pdf,2.49,,,,,,,,,,,,,2.7,0.0,0.0,,,2.49,1.97,,,,,,,,,,,,0.02,2.7,0.0,2.49,1.97,0.0,0.0,0.0,0.0,0.0,0.0,0.02,0.13,0.05,0.22,Low-MBAS/low-MGS,0.15,0.11,0.12,0.0,0.05,0.0
occ_00952,Coffee,coffee,list_word,T1,1,Black,black,brainerd2020_120::black,Brainerd2020_120_4word_lists,"Brainerd, Chang, & Bialer (2020)",2020-48948-001.pdf,1.74,,,,,,,,,,,,,2.7,0.0,0.0,,,2.49,1.97,,,,,,,,,,,,0.02,2.7,0.0,2.49,1.97,0.0,0.0,0.0,0.0,0.0,0.0,0.02,0.13,0.05,0.22,Low-MBAS/low-MGS,0.15,0.11,0.12,0.0,0.05,0.0
occ_00953,Sell,sell,list_word,T2,2,Black,black,brainerd2020_120::black,Brainerd2020_120_4word_lists,"Brainerd, Chang, & Bialer (2020)",2020-48948-001.pdf,1.81,,,,,,,,,,,,,2.7,0.0,0.0,,,2.49,1.97,,,,,,,,,,,,0.02,2.7,0.0,2.49,1.97,0.0,0.0,0.0,0.0,0.0,0.0,0.02,0.13,0.05,0.22,Low-MBAS/low-MGS,0.15,0.11,0.12,0.0,0.05,0.0
occ_00954,Scheme,scheme,list_word,T3,3,Black,black,brainerd2020_120::black,Brainerd2020_120_4word_lists,"Brainerd, Chang, & Bialer (2020)",2020-48948-001.pdf,1.85,,,,,,,,,,,,,2.7,0.0,0.0,,,2.49,1.97,,,,,,,,,,,,0.02,2.7,0.0,2.49,1.97,0.0,0.0,0.0,0.0,0.0,0.0,0.02,0.13,0.05,0.22,Low-MBAS/low-MGS,0.15,0.11,0.12,0.0,0.05,0.0
occ_00955,Bad,bad,list_word,T4,4,Black,black,brainerd2020_120::black,Brainerd2020_120_4word_lists,"Brainerd, Chang, & Bialer (2020)",2020-48948-001.pdf,2.27,,,,,,,,,,,,,2.7,0.0,0.0,,,2.49,1.97,,,,,,,,,,,,0.02,2.7,0.0,2.49,1.97,0.0,0.0,0.0,0.0,0.0,0.0,0.02,0.13,0.05,0.22,Low-MBAS/low-MGS,0.15,0.11,0.12,0.0,0.05,0.0
occ_00956,Body,body,critical_distractor,CD,0,Body,body,brainerd2020_120::body,Brainerd2020_120_4word_lists,"Brainerd, Chang, & Bialer (2020)",2020-48948-001.pdf,2.48,,,,,,,,,,,,,2.41,0.01,0.02,,,2.48,1.25,,,,,,,,,,,,0.01,2.41,0.0,2.48,1.25,0.0,1.0,0.0,0.33,0.04,0.11,0.05,0.18,0.02,0.19,Low-MBAS/low-MGS,0.17,0.03,0.08,0.0,0.05,0.05
occ_00957,Muscle,muscle,list_word,T1,1,Body,body,brainerd2020_120::body,Brainerd2020_120_4word_lists,"Brainerd, Chang, & Bialer (2020)",2020-48948-001.pdf,1.15,,,,,,,,,,,,,2.41,0.01,0.02,,,2.48,1.25,,,,,,,,,,,,0.01,2.41,0.0,2.48,1.25,0.0,1.0,0.0,0.33,0.04,0.11,0.05,0.18,0.02,0.19,Low-MBAS/low-MGS,0.17,0.03,0.08,0.0,0.05,0.05
occ_00958,Plot,plot,list_word,T2,2,Body,body,brainerd2020_120::body,Brainerd2020_120_4word_lists,"Brainerd, Chang, & Bialer (2020)",2020-48948-001.pdf,1.32,,,,,,,,,,,,,2.41,0.01,0.02,,,2.48,1.25,,,,,,,,,,,,0.01,2.41,0.0,2.48,1.25,0.0,1.0,0.0,0.33,0.04,0.11,0.05,0.18,0.02,0.19,Low-MBAS/low-MGS,0.17,0.03,0.08,0.0,0.05,0.05
occ_00959,Medicine,medicine,list_word,T3,3,Body,body,brainerd2020_120::body,Brainerd2020_120_4word_lists,"Brainerd, Chang, & Bialer (2020)",2020-48948-001.pdf,1.49,,,,,,,,,,,,,2.41,0.01,0.02,,,2.48,1.25,,,,,,,,,,,,0.01,2.41,0.0,2.48,1.25,0.0,1.0,0.0,0.33,0.04,0.11,0.05,0.18,0.02,0.19,Low-MBAS/low-MGS,0.17,0.03,0.08,0.0,0.05,0.05
occ_00960,Vase,vase,list_word,T4,4,Body,body,brainerd2020_120::body,Brainerd2020_120_4word_lists,"Brainerd, Chang, & Bialer (2020)",2020-48948-001.pdf,0.77,,,,,,,,,,,,,2.41,0.01,0.02,,,2.48,1.25,,,,,,,,,,,,0.01,2.41,0.0,2.48,1.25,0.0,1.0,0.0,0.33,0.04,0.11,0.05,0.18,0.02,0.19,Low-MBAS/low-MGS,0.17,0.03,0.08,0.0,0.05,0.05
occ_00961,Branch,branch,critical_distractor,CD,0,Branch,branch,brainerd2020_120::branch,Brainerd2020_120_4word_lists,"Brainerd, Chang, & Bialer (2020)",2020-48948-001.pdf,1.64,,,,,,,,,,,,,5.08,0.05,,,,1.64,1.41,,,,,,,,,,,,,,,,,,,,,,,,,,,,,,,,,
occ_00962,Leaf,leaf,list_word,T1,1,Branch,branch,brainerd2020_120::branch,Brainerd2020_120_4word_lists,"Brainerd, Chang, & Bialer (2020)",2020-48948-001.pdf,1.41,,,,,,,,,,,,,5.08,0.05,,,,1.64,1.41,,,,,,,,,,,,,,,,,,,,,,,,,,,,,,,,,
occ_00963,Limb,limb,list_word,T2,2,Branch,branch,brainerd2020_120::branch,Brainerd2020_120_4word_lists,"Brainerd, Chang, & Bialer (2020)",2020-48948-001.pdf,1.05,,,,,,,,,,,,,5.08,0.05,,,,1.64,1.41,,,,,,,,,,,,,,,,,,,,,,,,,,,,,,,,,
occ_00964,Stick,stick,list_word,T3,3,Branch,branch,brainerd2020_120::branch,Brainerd2020_120_4word_lists,"Brainerd, Chang, & Bialer (2020)",2020-48948-001.pdf,1.72,,,,,,,,,,,,,5.08,0.05,,,,1.64,1.41,,,,,,,,,,,,,,,,,,,,,,,,,,,,,,,,,
occ_00965,Stem,stem,list_word,T4,4,Branch,branch,brainerd2020_120::branch,Brainerd2020_120_4word_lists,"Brainerd, Chang, & Bialer (2020)",2020-48948-001.pdf,1.13,,,,,,,,,,,,,5.08,0.05,,,,1.64,1.41,,,,,,,,,,,,,,,,,,,,,,,,,,,,,,,,,
occ_00966,Bread,bread,critical_distractor,CD,0,Bread,bread,brainerd2020_120::bread,Brainerd2020_120_4word_lists,"Brainerd, Chang, & Bialer (2020)",2020-48948-001.pdf,1.77,,,,,,,,,,,,,1.94,0.14,0.01,,,1.77,1.93,,,,,,,,,,,,0.14,1.94,0.0,1.77,1.93,1.0,0.0,0.0,0.33,0.13,0.05,0.13,0.15,0.02,0.05,High-MBAS/low-MGS,0.05,0.0,0.07,0.07,0.05,0.08
occ_00967,Loaf,loaf,list_word,T1,1,Bread,bread,brainerd2020_120::bread,Brainerd2020_120_4word_lists,"Brainerd, Chang, & Bialer (2020)",2020-48948-001.pdf,0.77,,,,,,,,,,,,,1.94,0.14,0.01,,,1.77,1.93,,,,,,,,,,,,0.14,1.94,0.0,1.77,1.93,1.0,0.0,0.0,0.33,0.13,0.05,0.13,0.15,0.02,0.05,High-MBAS/low-MGS,0.05,0.0,0.07,0.07,0.05,0.08
occ_00968,Fitness,fitness,list_word,T2,2,Bread,bread,brainerd2020_120::bread,Brainerd2020_120_4word_lists,"Brainerd, Chang, & Bialer (2020)",2020-48948-001.pdf,1.25,,,,,,,,,,,,,1.94,0.14,0.01,,,1.77,1.93,,,,,,,,,,,,0.14,1.94,0.0,1.77,1.93,1.0,0.0,0.0,0.33,0.13,0.05,0.13,0.15,0.02,0.05,High-MBAS/low-MGS,0.05,0.0,0.07,0.07,0.05,0.08
occ_00969,Medium,medium,list_word,T3,3,Bread,bread,brainerd2020_120::bread,Brainerd2020_120_4word_lists,"Brainerd, Chang, & Bialer (2020)",2020-48948-001.pdf,1.91,,,,,,,,,,,,,1.94,0.14,0.01,,,1.77,1.93,,,,,,,,,,,,0.14,1.94,0.0,1.77,1.93,1.0,0.0,0.0,0.33,0.13,0.05,0.13,0.15,0.02,0.05,High-MBAS/low-MGS,0.05,0.0,0.07,0.07,0.05,0.08
occ_00970,Road,road,list_word,T4,4,Bread,bread,brainerd2020_120::bread,Brainerd2020_120_4word_lists,"Brainerd, Chang, & Bialer (2020)",2020-48948-001.pdf,2.37,,,,,,,,,,,,,1.94,0.14,0.01,,,1.77,1.93,,,,,,,,,,,,0.14,1.94,0.0,1.77,1.93,1.0,0.0,0.0,0.33,0.13,0.05,0.13,0.15,0.02,0.05,High-MBAS/low-MGS,0.05,0.0,0.07,0.07,0.05,0.08
occ_00971,Bridge,bridge,critical_distractor,CD,0,Bridge,bridge,brainerd2020_120::bridge,Brainerd2020_120_4word_lists,"Brainerd, Chang, & Bialer (2020)",2020-48948-001.pdf,1.8,,,,,,,,,,,,,1.9,0.01,,,,1.8,1.86,,,,,,,,,,,,,,,,,,,,,,,,,,,,,,,,,
occ_00972,Tunnel,tunnel,list_word,T1,1,Bridge,bridge,brainerd2020_120::bridge,Brainerd2020_120_4word_lists,"Brainerd, Chang, & Bialer (2020)",2020-48948-001.pdf,1.22,,,,,,,,,,,,,1.9,0.01,,,,1.8,1.86,,,,,,,,,,,,,,,,,,,,,,,,,,,,,,,,,
occ_00973,Angel,angel,list_word,T2,2,Bridge,bridge,brainerd2020_120::bridge,Brainerd2020_120_4word_lists,"Brainerd, Chang, & Bialer (2020)",2020-48948-001.pdf,1.49,,,,,,,,,,,,,1.9,0.01,,,,1.8,1.86,,,,,,,,,,,,,,,,,,,,,,,,,,,,,,,,,
occ_00974,Gums,gums,list_word,T3,3,Bridge,bridge,brainerd2020_120::bridge,Brainerd2020_120_4word_lists,"Brainerd, Chang, & Bialer (2020)",2020-48948-001.pdf,0.27,,,,,,,,,,,,,1.9,0.01,,,,1.8,1.86,,,,,,,,,,,,,,,,,,,,,,,,,,,,,,,,,
occ_00975,Line,line,list_word,T4,4,Bridge,bridge,brainerd2020_120::bridge,Brainerd2020_120_4word_lists,"Brainerd, Chang, & Bialer (2020)",2020-48948-001.pdf,2.38,,,,,,,,,,,,,1.9,0.01,,,,1.8,1.86,,,,,,,,,,,,,,,,,,,,,,,,,,,,,,,,,
occ_00976,Bright,bright,critical_distractor,CD,0,Bright,bright,brainerd2020_120::bright,Brainerd2020_120_4word_lists,"Brainerd, Chang, & Bialer (2020)",2020-48948-001.pdf,2.0,,,,,,,,,,,,,2.07,0.0,,,,2.0,2.46,,,,,,,,,,,,,,,,,,,,,,,,,,,,,,,,,
occ_00977,Dark,dark,list_word,T1,1,Bright,bright,brainerd2020_120::bright,Brainerd2020_120_4word_lists,"Brainerd, Chang, & Bialer (2020)",2020-48948-001.pdf,2.34,,,,,,,,,,,,,2.07,0.0,,,,2.0,2.46,,,,,,,,,,,,,,,,,,,,,,,,,,,,,,,,,
occ_00978,Gavel,gavel,list_word,T2,2,Bright,bright,brainerd2020_120::bright,Brainerd2020_120_4word_lists,"Brainerd, Chang, & Bialer (2020)",2020-48948-001.pdf,-0.34,,,,,,,,,,,,,2.07,0.0,,,,2.0,2.46,,,,,,,,,,,,,,,,,,,,,,,,,,,,,,,,,
occ_00979,Purchase,purchase,list_word,T3,3,Bright,bright,brainerd2020_120::bright,Brainerd2020_120_4word_lists,"Brainerd, Chang, & Bialer (2020)",2020-48948-001.pdf,1.5,,,,,,,,,,,,,2.07,0.0,,,,2.0,2.46,,,,,,,,,,,,,,,,,,,,,,,,,,,,,,,,,
occ_00980,Long,long,list_word,T4,4,Bright,bright,brainerd2020_120::bright,Brainerd2020_120_4word_lists,"Brainerd, Chang, & Bialer (2020)",2020-48948-001.pdf,2.95,,,,,,,,,,,,,2.07,0.0,,,,2.0,2.46,,,,,,,,,,,,,,,,,,,,,,,,,,,,,,,,,
occ_00981,Building,building,critical_distractor,CD,0,Building,building,brainerd2020_120::building,Brainerd2020_120_4word_lists,"Brainerd, Chang, & Bialer (2020)",2020-48948-001.pdf,2.11,,,,,,,,,,,,,5.22,0.23,,,,2.11,1.65,,,,,,,,,,,,,,,,,,,,,,,,,,,,,,,,,
occ_00982,Structure,structure,list_word,T1,1,Building,building,brainerd2020_120::building,Brainerd2020_120_4word_lists,"Brainerd, Chang, & Bialer (2020)",2020-48948-001.pdf,1.92,,,,,,,,,,,,,5.22,0.23,,,,2.11,1.65,,,,,,,,,,,,,,,,,,,,,,,,,,,,,,,,,
occ_00983,Blocks,blocks,list_word,T2,2,Building,building,brainerd2020_120::building,Brainerd2020_120_4word_lists,"Brainerd, Chang, & Bialer (2020)",2020-48948-001.pdf,1.28,,,,,,,,,,,,,5.22,0.23,,,,2.11,1.65,,,,,,,,,,,,,,,,,,,,,,,,,,,,,,,,,
occ_00984,Construction,construction,list_word,T3,3,Building,building,brainerd2020_120::building,Brainerd2020_120_4word_lists,"Brainerd, Chang, & Bialer (2020)",2020-48948-001.pdf,1.59,,,,,,,,,,,,,5.22,0.23,,,,2.11,1.65,,,,,,,,,,,,,,,,,,,,,,,,,,,,,,,,,
occ_00985,Empire,empire,list_word,T4,4,Building,building,brainerd2020_120::building,Brainerd2020_120_4word_lists,"Brainerd, Chang, & Bialer (2020)",2020-48948-001.pdf,1.58,,,,,,,,,,,,,5.22,0.23,,,,2.11,1.65,,,,,,,,,,,,,,,,,,,,,,,,,,,,,,,,,
occ_00986,Buy,buy,critical_distractor,CD,0,Buy,buy,brainerd2020_120::buy,Brainerd2020_120_4word_lists,"Brainerd, Chang, & Bialer (2020)",2020-48948-001.pdf,1.97,,,,,,,,,,,,,2.23,0.04,0.0,,,1.97,1.88,,,,,,,,,,,,0.04,2.23,0.0,1.97,1.88,0.0,0.0,1.0,0.33,0.07,0.0,0.1,0.3,0.0,0.27,High-MBAS/low-MGS,0.32,0.0,0.09,0.09,0.02,0.0
occ_00987,Store,store,list_word,T1,1,Buy,buy,brainerd2020_120::buy,Brainerd2020_120_4word_lists,"Brainerd, Chang, & Bialer (2020)",2020-48948-001.pdf,1.75,,,,,,,,,,,,,2.23,0.04,0.0,,,1.97,1.88,,,,,,,,,,,,0.04,2.23,0.0,1.97,1.88,0.0,0.0,1.0,0.33,0.07,0.0,0.1,0.3,0.0,0.27,High-MBAS/low-MGS,0.32,0.0,0.09,0.09,0.02,0.0
occ_00988,Carbon,carbon,list_word,T2,2,Buy,buy,brainerd2020_120::buy,Brainerd2020_120_4word_lists,"Brainerd, Chang, & Bialer (2020)",2020-48948-001.pdf,1.17,,,,,,,,,,,,,2.23,0.04,0.0,,,1.97,1.88,,,,,,,,,,,,0.04,2.23,0.0,1.97,1.88,0.0,0.0,1.0,0.33,0.07,0.0,0.1,0.3,0.0,0.27,High-MBAS/low-MGS,0.32,0.0,0.09,0.09,0.02,0.0
occ_00989,Calculate,calculate,list_word,T3,3,Buy,buy,brainerd2020_120::buy,Brainerd2020_120_4word_lists,"Brainerd, Chang, & Bialer (2020)",2020-48948-001.pdf,1.19,,,,,,,,,,,,,2.23,0.04,0.0,,,1.97,1.88,,,,,,,,,,,,0.04,2.23,0.0,1.97,1.88,0.0,0.0,1.0,0.33,0.07,0.0,0.1,0.3,0.0,0.27,High-MBAS/low-MGS,0.32,0.0,0.09,0.09,0.02,0.0
occ_00990,Live,live,list_word,T4,4,Buy,buy,brainerd2020_120::buy,Brainerd2020_120_4word_lists,"Brainerd, Chang, & Bialer (2020)",2020-48948-001.pdf,2.34,,,,,,,,,,,,,2.23,0.04,0.0,,,1.97,1.88,,,,,,,,,,,,0.04,2.23,0.0,1.97,1.88,0.0,0.0,1.0,0.33,0.07,0.0,0.1,0.3,0.0,0.27,High-MBAS/low-MGS,0.32,0.0,0.09,0.09,0.02,0.0
occ_00991,Cabin,cabin,critical_distractor,CD,0,Cabin,cabin,brainerd2020_120::cabin,Brainerd2020_120_4word_lists,"Brainerd, Chang, & Bialer (2020)",2020-48948-001.pdf,1.59,,,,,,,,,,,,,5.53,0.02,0.05,,,1.59,1.78,,,,,,,,,,,,0.01,5.53,0.75,1.59,1.78,1.0,0.0,3.0,1.33,0.33,0.24,0.13,0.44,0.17,0.27,Low-MBAS/high-MGS,0.17,0.0,0.41,0.0,0.0,0.33
occ_00992,Mountain,mountain,list_word,T1,1,Cabin,cabin,brainerd2020_120::cabin,Brainerd2020_120_4word_lists,"Brainerd, Chang, & Bialer (2020)",2020-48948-001.pdf,1.88,,,,,,,,,,,,,5.53,0.02,0.05,,,1.59,1.78,,,,,,,,,,,,0.01,5.53,0.75,1.59,1.78,1.0,0.0,3.0,1.33,0.33,0.24,0.13,0.44,0.17,0.27,Low-MBAS/high-MGS,0.17,0.0,0.41,0.0,0.0,0.33
occ_00993,Woods,woods,list_word,T2,2,Cabin,cabin,brainerd2020_120::cabin,Brainerd2020_120_4word_lists,"Brainerd, Chang, & Bialer (2020)",2020-48948-001.pdf,1.74,,,,,,,,,,,,,5.53,0.02,0.05,,,1.59,1.78,,,,,,,,,,,,0.01,5.53,0.75,1.59,1.78,1.0,0.0,3.0,1.33,0.33,0.24,0.13,0.44,0.17,0.27,Low-MBAS/high-MGS,0.17,0.0,0.41,0.0,0.0,0.33
occ_00994,Camp,camp,list_word,T3,3,Cabin,cabin,brainerd2020_120::cabin,Brainerd2020_120_4word_lists,"Brainerd, Chang, & Bialer (2020)",2020-48948-001.pdf,1.89,,,,,,,,,,,,,5.53,0.02,0.05,,,1.59,1.78,,,,,,,,,,,,0.01,5.53,0.75,1.59,1.78,1.0,0.0,3.0,1.33,0.33,0.24,0.13,0.44,0.17,0.27,Low-MBAS/high-MGS,0.17,0.0,0.41,0.0,0.0,0.33
occ_00995,Cottage,cottage,list_word,T4,4,Cabin,cabin,brainerd2020_120::cabin,Brainerd2020_120_4word_lists,"Brainerd, Chang, & Bialer (2020)",2020-48948-001.pdf,1.51,,,,,,,,,,,,,5.53,0.02,0.05,,,1.59,1.78,,,,,,,,,,,,0.01,5.53,0.75,1.59,1.78,1.0,0.0,3.0,1.33,0.33,0.24,0.13,0.44,0.17,0.27,Low-MBAS/high-MGS,0.17,0.0,0.41,0.0,0.0,0.33
occ_00996,Chair,chair,critical_distractor,CD,0,Chair,chair,brainerd2020_120::chair,Brainerd2020_120_4word_lists,"Brainerd, Chang, & Bialer (2020)",2020-48948-001.pdf,2.11,,,,,,,,,,,,,5.43,0.44,0.19,,,2.11,2.08,,,,,,,,,,,,0.44,5.43,1.25,2.11,2.08,1.0,1.0,2.0,1.33,0.24,0.33,0.3,0.41,0.0,0.42,High-MBAS/high-MGS,0.42,0.0,0.29,0.0,0.06,0.4
occ_00997,Couch,couch,list_word,T1,1,Chair,chair,brainerd2020_120::chair,Brainerd2020_120_4word_lists,"Brainerd, Chang, & Bialer (2020)",2020-48948-001.pdf,1.22,,,,,,,,,,,,,5.43,0.44,0.19,,,2.11,2.08,,,,,,,,,,,,0.44,5.43,1.25,2.11,2.08,1.0,1.0,2.0,1.33,0.24,0.33,0.3,0.41,0.0,0.42,High-MBAS/high-MGS,0.42,0.0,0.29,0.0,0.06,0.4
occ_00998,Seat,seat,list_word,T2,2,Chair,chair,brainerd2020_120::chair,Brainerd2020_120_4word_lists,"Brainerd, Chang, & Bialer (2020)",2020-48948-001.pdf,1.92,,,,,,,,,,,,,5.43,0.44,0.19,,,2.11,2.08,,,,,,,,,,,,0.44,5.43,1.25,2.11,2.08,1.0,1.0,2.0,1.33,0.24,0.33,0.3,0.41,0.0,0.42,High-MBAS/high-MGS,0.42,0.0,0.29,0.0,0.06,0.4
occ_00999,Sit,sit,list_word,T3,3,Chair,chair,brainerd2020_120::chair,Brainerd2020_120_4word_lists,"Brainerd, Chang, & Bialer (2020)",2020-48948-001.pdf,2.05,,,,,,,,,,,,,5.43,0.44,0.19,,,2.11,2.08,,,,,,,,,,,,0.44,5.43,1.25,2.11,2.08,1.0,1.0,2.0,1.33,0.24,0.33,0.3,0.41,0.0,0.42,High-MBAS/high-MGS,0.42,0.0,0.29,0.0,0.06,0.4
occ_01000,Table,table,list_word,T4,4,Chair,chair,brainerd2020_120::chair,Brainerd2020_120_4word_lists,"Brainerd, Chang, & Bialer (2020)",2020-48948-001.pdf,2.42,,,,,,,,,,,,,5.43,0.44,0.19,,,2.11,2.08,,,,,,,,,,,,0.44,5.43,1.25,2.11,2.08,1.0,1.0,2.0,1.33,0.24,0.33,0.3,0.41,0.0,0.42,High-MBAS/high-MGS,0.42,0.0,0.29,0.0,0.06,0.4
occ_01001,Church,church,critical_distractor,CD,0,Church,church,brainerd2020_120::church,Brainerd2020_120_4word_lists,"Brainerd, Chang, & Bialer (2020)",2020-48948-001.pdf,2.31,,,,,,,,,,,,,2.3,0.04,0.0,,,2.31,1.63,,,,,,,,,,,,0.05,2.3,0.0,2.31,1.63,0.0,0.0,1.0,0.33,0.15,0.27,0.33,0.1,0.33,0.27,High-MBAS/low-MGS,0.0,0.19,0.28,0.07,0.17,0.31
occ_01002,Catholic,catholic,list_word,T1,1,Church,church,brainerd2020_120::church,Brainerd2020_120_4word_lists,"Brainerd, Chang, & Bialer (2020)",2020-48948-001.pdf,1.52,,,,,,,,,,,,,2.3,0.04,0.0,,,2.31,1.63,,,,,,,,,,,,0.05,2.3,0.0,2.31,1.63,0.0,0.0,1.0,0.33,0.15,0.27,0.33,0.1,0.33,0.27,High-MBAS/low-MGS,0.0,0.19,0.28,0.07,0.17,0.31
occ_01003,Lab,lab,list_word,T2,2,Church,church,brainerd2020_120::church,Brainerd2020_120_4word_lists,"Brainerd, Chang, & Bialer (2020)",2020-48948-001.pdf,0.71,,,,,,,,,,,,,2.3,0.04,0.0,,,2.31,1.63,,,,,,,,,,,,0.05,2.3,0.0,2.31,1.63,0.0,0.0,1.0,0.33,0.15,0.27,0.33,0.1,0.33,0.27,High-MBAS/low-MGS,0.0,0.19,0.28,0.07,0.17,0.31
occ_01004,Lunch,lunch,list_word,T3,3,Church,church,brainerd2020_120::church,Brainerd2020_120_4word_lists,"Brainerd, Chang, & Bialer (2020)",2020-48948-001.pdf,0.77,,,,,,,,,,,,,2.3,0.04,0.0,,,2.31,1.63,,,,,,,,,,,,0.05,2.3,0.0,2.31,1.63,0.0,0.0,1.0,0.33,0.15,0.27,0.33,0.1,0.33,0.27,High-MBAS/low-MGS,0.0,0.19,0.28,0.07,0.17,0.31
occ_01005,Job,job,list_word,T4,4,Church,church,brainerd2020_120::church,Brainerd2020_120_4word_lists,"Brainerd, Chang, & Bialer (2020)",2020-48948-001.pdf,2.1,,,,,,,,,,,,,2.3,0.04,0.0,,,2.31,1.63,,,,,,,,,,,,0.05,2.3,0.0,2.31,1.63,0.0,0.0,1.0,0.33,0.15,0.27,0.33,0.1,0.33,0.27,High-MBAS/low-MGS,0.0,0.19,0.28,0.07,0.17,0.31
occ_01006,Class,class,critical_distractor,CD,0,Class,class,brainerd2020_120::class,Brainerd2020_120_4word_lists,"Brainerd, Chang, & Bialer (2020)",2020-48948-001.pdf,2.22,,,,,,,,,,,,,5.83,0.03,0.1,,,2.22,2.05,,,,,,,,,,,,0.04,5.83,2.25,2.22,2.05,0.0,0.0,4.0,1.33,0.1,0.33,0.22,0.24,0.21,0.42,Low-MBAS/high-MGS,0.21,0.25,0.32,0.0,0.19,0.23
occ_01007,Learn,learn,list_word,T1,1,Class,class,brainerd2020_120::class,Brainerd2020_120_4word_lists,"Brainerd, Chang, & Bialer (2020)",2020-48948-001.pdf,1.99,,,,,,,,,,,,,5.83,0.03,0.1,,,2.22,2.05,,,,,,,,,,,,0.04,5.83,2.25,2.22,2.05,0.0,0.0,4.0,1.33,0.1,0.33,0.22,0.24,0.21,0.42,Low-MBAS/high-MGS,0.21,0.25,0.32,0.0,0.19,0.23
occ_01008,School,school,list_word,T2,2,Class,class,brainerd2020_120::class,Brainerd2020_120_4word_lists,"Brainerd, Chang, & Bialer (2020)",2020-48948-001.pdf,2.4,,,,,,,,,,,,,5.83,0.03,0.1,,,2.22,2.05,,,,,,,,,,,,0.04,5.83,2.25,2.22,2.05,0.0,0.0,4.0,1.33,0.1,0.33,0.22,0.24,0.21,0.42,Low-MBAS/high-MGS,0.21,0.25,0.32,0.0,0.19,0.23
occ_01009,Student,student,list_word,T3,3,Class,class,brainerd2020_120::class,Brainerd2020_120_4word_lists,"Brainerd, Chang, & Bialer (2020)",2020-48948-001.pdf,1.68,,,,,,,,,,,,,5.83,0.03,0.1,,,2.22,2.05,,,,,,,,,,,,0.04,5.83,2.25,2.22,2.05,0.0,0.0,4.0,1.33,0.1,0.33,0.22,0.24,0.21,0.42,Low-MBAS/high-MGS,0.21,0.25,0.32,0.0,0.19,0.23
occ_01010,Teacher,teacher,list_word,T4,4,Class,class,brainerd2020_120::class,Brainerd2020_120_4word_lists,"Brainerd, Chang, & Bialer (2020)",2020-48948-001.pdf,1.74,,,,,,,,,,,,,5.83,0.03,0.1,,,2.22,2.05,,,,,,,,,,,,0.04,5.83,2.25,2.22,2.05,0.0,0.0,4.0,1.33,0.1,0.33,0.22,0.24,0.21,0.42,Low-MBAS/high-MGS,0.21,0.25,0.32,0.0,0.19,0.23
occ_01011,Clerk,clerk,critical_distractor,CD,0,Clerk,clerk,brainerd2020_120::clerk,Brainerd2020_120_4word_lists,"Brainerd, Chang, & Bialer (2020)",2020-48948-001.pdf,1.48,,,,,,,,,,,,,2.04,0.02,,,,1.48,1.59,,,,,,,,,,,,,,,,,,,,,,,,,,,,,,,,,
occ_01012,Cashier,cashier,list_word,T1,1,Clerk,clerk,brainerd2020_120::clerk,Brainerd2020_120_4word_lists,"Brainerd, Chang, & Bialer (2020)",2020-48948-001.pdf,0.52,,,,,,,,,,,,,2.04,0.02,,,,1.48,1.59,,,,,,,,,,,,,,,,,,,,,,,,,,,,,,,,,
occ_01013,Ale,ale,list_word,T2,2,Clerk,clerk,brainerd2020_120::clerk,Brainerd2020_120_4word_lists,"Brainerd, Chang, & Bialer (2020)",2020-48948-001.pdf,0.88,,,,,,,,,,,,,2.04,0.02,,,,1.48,1.59,,,,,,,,,,,,,,,,,,,,,,,,,,,,,,,,,
occ_01014,Hell,hell,list_word,T3,3,Clerk,clerk,brainerd2020_120::clerk,Brainerd2020_120_4word_lists,"Brainerd, Chang, & Bialer (2020)",2020-48948-001.pdf,1.73,,,,,,,,,,,,,2.04,0.02,,,,1.48,1.59,,,,,,,,,,,,,,,,,,,,,,,,,,,,,,,,,
occ_01015,Quick,quick,list_word,T4,4,Clerk,clerk,brainerd2020_120::clerk,Brainerd2020_120_4word_lists,"Brainerd, Chang, & Bialer (2020)",2020-48948-001.pdf,1.96,,,,,,,,,,,,,2.04,0.02,,,,1.48,1.59,,,,,,,,,,,,,,,,,,,,,,,,,,,,,,,,,
occ_01016,Cold,cold,critical_distractor,CD,0,Cold,cold,brainerd2020_120::cold,Brainerd2020_120_4word_lists,"Brainerd, Chang, & Bialer (2020)",2020-48948-001.pdf,2.23,,,,,,,,,,,,,5.08,0.43,,,,2.23,1.64,,,,,,,,,,,,,,,,,,,,,,,,,,,,,,,,,
occ_01017,Hot,hot,list_word,T1,1,Cold,cold,brainerd2020_120::cold,Brainerd2020_120_4word_lists,"Brainerd, Chang, & Bialer (2020)",2020-48948-001.pdf,2.07,,,,,,,,,,,,,5.08,0.43,,,,2.23,1.64,,,,,,,,,,,,,,,,,,,,,,,,,,,,,,,,,
occ_01018,Shiver,shiver,list_word,T2,2,Cold,cold,brainerd2020_120::cold,Brainerd2020_120_4word_lists,"Brainerd, Chang, & Bialer (2020)",2020-48948-001.pdf,0.87,,,,,,,,,,,,,5.08,0.43,,,,2.23,1.64,,,,,,,,,,,,,,,,,,,,,,,,,,,,,,,,,
occ_01019,Ice,ice,list_word,T3,3,Cold,cold,brainerd2020_120::cold,Brainerd2020_120_4word_lists,"Brainerd, Chang, & Bialer (2020)",2020-48948-001.pdf,1.69,,,,,,,,,,,,,5.08,0.43,,,,2.23,1.64,,,,,,,,,,,,,,,,,,,,,,,,,,,,,,,,,
occ_01020,Frigid,frigid,list_word,T4,4,Cold,cold,brainerd2020_120::cold,Brainerd2020_120_4word_lists,"Brainerd, Chang, & Bialer (2020)",2020-48948-001.pdf,0.32,,,,,,,,,,,,,5.08,0.43,,,,2.23,1.64,,,,,,,,,,,,,,,,,,,,,,,,,,,,,,,,,
occ_01021,Comment,comment,critical_distractor,CD,0,Comment,comment,brainerd2020_120::comment,Brainerd2020_120_4word_lists,"Brainerd, Chang, & Bialer (2020)",2020-48948-001.pdf,1.63,,,,,,,,,,,,,5.31,0.03,,,,1.63,1.76,,,,,,,,,,,,,,,,,,,,,,,,,,,,,,,,,
occ_01022,Advice,advice,list_word,T1,1,Comment,comment,brainerd2020_120::comment,Brainerd2020_120_4word_lists,"Brainerd, Chang, & Bialer (2020)",2020-48948-001.pdf,1.86,,,,,,,,,,,,,5.31,0.03,,,,1.63,1.76,,,,,,,,,,,,,,,,,,,,,,,,,,,,,,,,,
occ_01023,Criticize,criticize,list_word,T2,2,Comment,comment,brainerd2020_120::comment,Brainerd2020_120_4word_lists,"Brainerd, Chang, & Bialer (2020)",2020-48948-001.pdf,0.39,,,,,,,,,,,,,5.31,0.03,,,,1.63,1.76,,,,,,,,,,,,,,,,,,,,,,,,,,,,,,,,,
occ_01024,Statement,statement,list_word,T3,3,Comment,comment,brainerd2020_120::comment,Brainerd2020_120_4word_lists,"Brainerd, Chang, & Bialer (2020)",2020-48948-001.pdf,2.04,,,,,,,,,,,,,5.31,0.03,,,,1.63,1.76,,,,,,,,,,,,,,,,,,,,,,,,,,,,,,,,,
occ_01025,Suggestion,suggestion,list_word,T4,4,Comment,comment,brainerd2020_120::comment,Brainerd2020_120_4word_lists,"Brainerd, Chang, & Bialer (2020)",2020-48948-001.pdf,1.66,,,,,,,,,,,,,5.31,0.03,,,,1.63,1.76,,,,,,,,,,,,,,,,,,,,,,,,,,,,,,,,,
occ_01026,Computer,computer,critical_distractor,CD,0,Computer,computer,brainerd2020_120::computer,Brainerd2020_120_4word_lists,"Brainerd, Chang, & Bialer (2020)",2020-48948-001.pdf,2.03,,,,,,,,,,,,,5.52,0.31,0.03,,,2.03,1.71,,,,,,,,,,,,0.31,5.52,0.0,2.03,1.71,0.0,1.0,3.0,1.33,0.13,0.21,0.36,0.35,0.02,0.3,High-MBAS/high-MGS,0.28,0.0,0.23,0.17,0.25,0.2
occ_01027,Data,data,list_word,T1,1,Computer,computer,brainerd2020_120::computer,Brainerd2020_120_4word_lists,"Brainerd, Chang, & Bialer (2020)",2020-48948-001.pdf,2.11,,,,,,,,,,,,,5.52,0.31,0.03,,,2.03,1.71,,,,,,,,,,,,0.31,5.52,0.0,2.03,1.71,0.0,1.0,3.0,1.33,0.13,0.21,0.36,0.35,0.02,0.3,High-MBAS/high-MGS,0.28,0.0,0.23,0.17,0.25,0.2
occ_01028,Keyboard,keyboard,list_word,T2,2,Computer,computer,brainerd2020_120::computer,Brainerd2020_120_4word_lists,"Brainerd, Chang, & Bialer (2020)",2020-48948-001.pdf,1.01,,,,,,,,,,,,,5.52,0.31,0.03,,,2.03,1.71,,,,,,,,,,,,0.31,5.52,0.0,2.03,1.71,0.0,1.0,3.0,1.33,0.13,0.21,0.36,0.35,0.02,0.3,High-MBAS/high-MGS,0.28,0.0,0.23,0.17,0.25,0.2
occ_01029,Printer,printer,list_word,T3,3,Computer,computer,brainerd2020_120::computer,Brainerd2020_120_4word_lists,"Brainerd, Chang, & Bialer (2020)",2020-48948-001.pdf,1.1,,,,,,,,,,,,,5.52,0.31,0.03,,,2.03,1.71,,,,,,,,,,,,0.31,5.52,0.0,2.03,1.71,0.0,1.0,3.0,1.33,0.13,0.21,0.36,0.35,0.02,0.3,High-MBAS/high-MGS,0.28,0.0,0.23,0.17,0.25,0.2
occ_01030,Technology,technology,list_word,T4,4,Computer,computer,brainerd2020_120::computer,Brainerd2020_120_4word_lists,"Brainerd, Chang, & Bialer (2020)",2020-48948-001.pdf,1.74,,,,,,,,,,,,,5.52,0.31,0.03,,,2.03,1.71,,,,,,,,,,,,0.31,5.52,0.0,2.03,1.71,0.0,1.0,3.0,1.33,0.13,0.21,0.36,0.35,0.02,0.3,High-MBAS/high-MGS,0.28,0.0,0.23,0.17,0.25,0.2
occ_01031,Contract,contract,critical_distractor,CD,0,Contract,contract,brainerd2020_120::contract,Brainerd2020_120_4word_lists,"Brainerd, Chang, & Bialer (2020)",2020-48948-001.pdf,1.83,,,,,,,,,,,,,5.32,0.02,0.03,,,1.83,2.13,,,,,,,,,,,,0.02,5.32,0.5,1.83,2.13,1.0,0.0,3.0,1.33,0.01,0.02,0.22,0.13,0.05,0.13,Low-MBAS/high-MGS,0.07,0.0,0.12,0.15,0.13,0.0
occ_01032,Deal,deal,list_word,T1,1,Contract,contract,brainerd2020_120::contract,Brainerd2020_120_4word_lists,"Brainerd, Chang, & Bialer (2020)",2020-48948-001.pdf,2.2,,,,,,,,,,,,,5.32,0.02,0.03,,,1.83,2.13,,,,,,,,,,,,0.02,5.32,0.5,1.83,2.13,1.0,0.0,3.0,1.33,0.01,0.02,0.22,0.13,0.05,0.13,Low-MBAS/high-MGS,0.07,0.0,0.12,0.15,0.13,0.0
occ_01033,Document,document,list_word,T2,2,Contract,contract,brainerd2020_120::contract,Brainerd2020_120_4word_lists,"Brainerd, Chang, & Bialer (2020)",2020-48948-001.pdf,1.61,,,,,,,,,,,,,5.32,0.02,0.03,,,1.83,2.13,,,,,,,,,,,,0.02,5.32,0.5,1.83,2.13,1.0,0.0,3.0,1.33,0.01,0.02,0.22,0.13,0.05,0.13,Low-MBAS/high-MGS,0.07,0.0,0.12,0.15,0.13,0.0
occ_01034,Form,form,list_word,T3,3,Contract,contract,brainerd2020_120::contract,Brainerd2020_120_4word_lists,"Brainerd, Chang, & Bialer (2020)",2020-48948-001.pdf,2.53,,,,,,,,,,,,,5.32,0.02,0.03,,,1.83,2.13,,,,,,,,,,,,0.02,5.32,0.5,1.83,2.13,1.0,0.0,3.0,1.33,0.01,0.02,0.22,0.13,0.05,0.13,Low-MBAS/high-MGS,0.07,0.0,0.12,0.15,0.13,0.0
occ_01035,Negotiation,negotiation,list_word,T4,4,Contract,contract,brainerd2020_120::contract,Brainerd2020_120_4word_lists,"Brainerd, Chang, & Bialer (2020)",2020-48948-001.pdf,0.79,,,,,,,,,,,,,5.32,0.02,0.03,,,1.83,2.13,,,,,,,,,,,,0.02,5.32,0.5,1.83,2.13,1.0,0.0,3.0,1.33,0.01,0.02,0.22,0.13,0.05,0.13,Low-MBAS/high-MGS,0.07,0.0,0.12,0.15,0.13,0.0
occ_01036,Control,control,critical_distractor,CD,0,Control,control,brainerd2020_120::control,Brainerd2020_120_4word_lists,"Brainerd, Chang, & Bialer (2020)",2020-48948-001.pdf,2.26,,,,,,,,,,,,,5.01,0.03,0.03,,,2.26,1.96,,,,,,,,,,,,0.04,5.01,0.25,2.26,1.96,3.0,0.0,0.0,1.0,0.18,0.08,0.19,0.35,0.3,0.3,Low-MBAS/high-MGS,0.0,0.0,0.45,0.09,0.02,0.16
occ_01037,Dominate,dominate,list_word,T1,1,Control,control,brainerd2020_120::control,Brainerd2020_120_4word_lists,"Brainerd, Chang, & Bialer (2020)",2020-48948-001.pdf,0.76,,,,,,,,,,,,,5.01,0.03,0.03,,,2.26,1.96,,,,,,,,,,,,0.04,5.01,0.25,2.26,1.96,3.0,0.0,0.0,1.0,0.18,0.08,0.19,0.35,0.3,0.3,Low-MBAS/high-MGS,0.0,0.0,0.45,0.09,0.02,0.16
occ_01038,Power,power,list_word,T2,2,Control,control,brainerd2020_120::control,Brainerd2020_120_4word_lists,"Brainerd, Chang, & Bialer (2020)",2020-48948-001.pdf,2.49,,,,,,,,,,,,,5.01,0.03,0.03,,,2.26,1.96,,,,,,,,,,,,0.04,5.01,0.25,2.26,1.96,3.0,0.0,0.0,1.0,0.18,0.08,0.19,0.35,0.3,0.3,Low-MBAS/high-MGS,0.0,0.0,0.45,0.09,0.02,0.16
occ_01039,Regulation,regulation,list_word,T3,3,Control,control,brainerd2020_120::control,Brainerd2020_120_4word_lists,"Brainerd, Chang, & Bialer (2020)",2020-48948-001.pdf,1.17,,,,,,,,,,,,,5.01,0.03,0.03,,,2.26,1.96,,,,,,,,,,,,0.04,5.01,0.25,2.26,1.96,3.0,0.0,0.0,1.0,0.18,0.08,0.19,0.35,0.3,0.3,Low-MBAS/high-MGS,0.0,0.0,0.45,0.09,0.02,0.16
occ_01040,Temper,temper,list_word,T4,4,Control,control,brainerd2020_120::control,Brainerd2020_120_4word_lists,"Brainerd, Chang, & Bialer (2020)",2020-48948-001.pdf,1.46,,,,,,,,,,,,,5.01,0.03,0.03,,,2.26,1.96,,,,,,,,,,,,0.04,5.01,0.25,2.26,1.96,3.0,0.0,0.0,1.0,0.18,0.08,0.19,0.35,0.3,0.3,Low-MBAS/high-MGS,0.0,0.0,0.45,0.09,0.02,0.16
occ_01041,Cover,cover,critical_distractor,CD,0,Cover,cover,brainerd2020_120::cover,Brainerd2020_120_4word_lists,"Brainerd, Chang, & Bialer (2020)",2020-48948-001.pdf,1.89,,,,,,,,,,,,,2.12,0.0,0.0,,,1.89,1.56,,,,,,,,,,,,0.01,2.12,0.0,1.89,1.56,0.0,0.0,1.0,0.33,0.15,0.05,0.1,0.24,0.11,0.16,Low-MBAS/low-MGS,0.05,0.0,0.21,0.05,0.0,0.11
occ_01042,Album,album,list_word,T1,1,Cover,cover,brainerd2020_120::cover,Brainerd2020_120_4word_lists,"Brainerd, Chang, & Bialer (2020)",2020-48948-001.pdf,0.97,,,,,,,,,,,,,2.12,0.0,0.0,,,1.89,1.56,,,,,,,,,,,,0.01,2.12,0.0,1.89,1.56,0.0,0.0,1.0,0.33,0.15,0.05,0.1,0.24,0.11,0.16,Low-MBAS/low-MGS,0.05,0.0,0.21,0.05,0.0,0.11
occ_01043,Bounce,bounce,list_word,T2,2,Cover,cover,brainerd2020_120::cover,Brainerd2020_120_4word_lists,"Brainerd, Chang, & Bialer (2020)",2020-48948-001.pdf,0.48,,,,,,,,,,,,,2.12,0.0,0.0,,,1.89,1.56,,,,,,,,,,,,0.01,2.12,0.0,1.89,1.56,0.0,0.0,1.0,0.33,0.15,0.05,0.1,0.24,0.11,0.16,Low-MBAS/low-MGS,0.05,0.0,0.21,0.05,0.0,0.11
occ_01044,Station,station,list_word,T3,3,Cover,cover,brainerd2020_120::cover,Brainerd2020_120_4word_lists,"Brainerd, Chang, & Bialer (2020)",2020-48948-001.pdf,1.95,,,,,,,,,,,,,2.12,0.0,0.0,,,1.89,1.56,,,,,,,,,,,,0.01,2.12,0.0,1.89,1.56,0.0,0.0,1.0,0.33,0.15,0.05,0.1,0.24,0.11,0.16,Low-MBAS/low-MGS,0.05,0.0,0.21,0.05,0.0,0.11
occ_01045,Terror,terror,list_word,T4,4,Cover,cover,brainerd2020_120::cover,Brainerd2020_120_4word_lists,"Brainerd, Chang, & Bialer (2020)",2020-48948-001.pdf,1.65,,,,,,,,,,,,,2.12,0.0,0.0,,,1.89,1.56,,,,,,,,,,,,0.01,2.12,0.0,1.89,1.56,0.0,0.0,1.0,0.33,0.15,0.05,0.1,0.24,0.11,0.16,Low-MBAS/low-MGS,0.05,0.0,0.21,0.05,0.0,0.11
occ_01046,Crowd,crowd,critical_distractor,CD,0,Crowd,crowd,brainerd2020_120::crowd,Brainerd2020_120_4word_lists,"Brainerd, Chang, & Bialer (2020)",2020-48948-001.pdf,1.88,,,,,,,,,,,,,2.57,0.01,0.0,,,1.88,1.66,,,,,,,,,,,,0.01,2.57,0.0,1.88,1.66,1.0,0.0,0.0,0.33,0.24,0.11,0.1,0.27,0.05,0.19,Low-MBAS/low-MGS,0.18,0.0,0.18,0.06,0.0,0.19
occ_01047,Bunch,bunch,list_word,T1,1,Crowd,crowd,brainerd2020_120::crowd,Brainerd2020_120_4word_lists,"Brainerd, Chang, & Bialer (2020)",2020-48948-001.pdf,1.24,,,,,,,,,,,,,2.57,0.01,0.0,,,1.88,1.66,,,,,,,,,,,,0.01,2.57,0.0,1.88,1.66,1.0,0.0,0.0,0.33,0.24,0.11,0.1,0.27,0.05,0.19,Low-MBAS/low-MGS,0.18,0.0,0.18,0.06,0.0,0.19
occ_01048,Dentist,dentist,list_word,T2,2,Crowd,crowd,brainerd2020_120::crowd,Brainerd2020_120_4word_lists,"Brainerd, Chang, & Bialer (2020)",2020-48948-001.pdf,0.63,,,,,,,,,,,,,2.57,0.01,0.0,,,1.88,1.66,,,,,,,,,,,,0.01,2.57,0.0,1.88,1.66,1.0,0.0,0.0,0.33,0.24,0.11,0.1,0.27,0.05,0.19,Low-MBAS/low-MGS,0.18,0.0,0.18,0.06,0.0,0.19
occ_01049,Safe,safe,list_word,T3,3,Crowd,crowd,brainerd2020_120::crowd,Brainerd2020_120_4word_lists,"Brainerd, Chang, & Bialer (2020)",2020-48948-001.pdf,1.94,,,,,,,,,,,,,2.57,0.01,0.0,,,1.88,1.66,,,,,,,,,,,,0.01,2.57,0.0,1.88,1.66,1.0,0.0,0.0,0.33,0.24,0.11,0.1,0.27,0.05,0.19,Low-MBAS/low-MGS,0.18,0.0,0.18,0.06,0.0,0.19
occ_01050,Officer,officer,list_word,T4,4,Crowd,crowd,brainerd2020_120::crowd,Brainerd2020_120_4word_lists,"Brainerd, Chang, & Bialer (2020)",2020-48948-001.pdf,1.88,,,,,,,,,,,,,2.57,0.01,0.0,,,1.88,1.66,,,,,,,,,,,,0.01,2.57,0.0,1.88,1.66,1.0,0.0,0.0,0.33,0.24,0.11,0.1,0.27,0.05,0.19,Low-MBAS/low-MGS,0.18,0.0,0.18,0.06,0.0,0.19
occ_01051,Dance,dance,critical_distractor,CD,0,Dance,dance,brainerd2020_120::dance,Brainerd2020_120_4word_lists,"Brainerd, Chang, & Bialer (2020)",2020-48948-001.pdf,1.73,,,,,,,,,,,,,1.91,0.11,,,,1.73,1.83,,,,,,,,,,,,,,,,,,,,,,,,,,,,,,,,,
occ_01052,Ballet,ballet,list_word,T1,1,Dance,dance,brainerd2020_120::dance,Brainerd2020_120_4word_lists,"Brainerd, Chang, & Bialer (2020)",2020-48948-001.pdf,0.83,,,,,,,,,,,,,1.91,0.11,,,,1.73,1.83,,,,,,,,,,,,,,,,,,,,,,,,,,,,,,,,,
occ_01053,Flame,flame,list_word,T2,2,Dance,dance,brainerd2020_120::dance,Brainerd2020_120_4word_lists,"Brainerd, Chang, & Bialer (2020)",2020-48948-001.pdf,1.5,,,,,,,,,,,,,1.91,0.11,,,,1.73,1.83,,,,,,,,,,,,,,,,,,,,,,,,,,,,,,,,,
occ_01054,Force,force,list_word,T3,3,Dance,dance,brainerd2020_120::dance,Brainerd2020_120_4word_lists,"Brainerd, Chang, & Bialer (2020)",2020-48948-001.pdf,2.22,,,,,,,,,,,,,1.91,0.11,,,,1.73,1.83,,,,,,,,,,,,,,,,,,,,,,,,,,,,,,,,,
occ_01055,Check,check,list_word,T4,4,Dance,dance,brainerd2020_120::dance,Brainerd2020_120_4word_lists,"Brainerd, Chang, & Bialer (2020)",2020-48948-001.pdf,1.83,,,,,,,,,,,,,1.91,0.11,,,,1.73,1.83,,,,,,,,,,,,,,,,,,,,,,,,,,,,,,,,,
occ_01056,Danger,danger,critical_distractor,CD,0,Danger,danger,brainerd2020_120::danger,Brainerd2020_120_4word_lists,"Brainerd, Chang, & Bialer (2020)",2020-48948-001.pdf,1.93,,,,,,,,,,,,,1.96,0.04,0.01,,,1.93,1.21,,,,,,,,,,,,0.04,1.96,0.0,1.93,1.21,1.0,0.0,1.0,0.67,0.35,0.24,0.25,0.13,0.0,0.3,High-MBAS/low-MGS,0.26,0.15,0.0,0.02,0.0,0.4
occ_01057,Caution,caution,list_word,T1,1,Danger,danger,brainerd2020_120::danger,Brainerd2020_120_4word_lists,"Brainerd, Chang, & Bialer (2020)",2020-48948-001.pdf,1.14,,,,,,,,,,,,,1.96,0.04,0.01,,,1.93,1.21,,,,,,,,,,,,0.04,1.96,0.0,1.93,1.21,1.0,0.0,1.0,0.67,0.35,0.24,0.25,0.13,0.0,0.3,High-MBAS/low-MGS,0.26,0.15,0.0,0.02,0.0,0.4
occ_01058,Initial,initial,list_word,T2,2,Danger,danger,brainerd2020_120::danger,Brainerd2020_120_4word_lists,"Brainerd, Chang, & Bialer (2020)",2020-48948-001.pdf,1.52,,,,,,,,,,,,,1.96,0.04,0.01,,,1.93,1.21,,,,,,,,,,,,0.04,1.96,0.0,1.93,1.21,1.0,0.0,1.0,0.67,0.35,0.24,0.25,0.13,0.0,0.3,High-MBAS/low-MGS,0.26,0.15,0.0,0.02,0.0,0.4
occ_01059,Blessing,blessing,list_word,T3,3,Danger,danger,brainerd2020_120::danger,Brainerd2020_120_4word_lists,"Brainerd, Chang, & Bialer (2020)",2020-48948-001.pdf,1.2,,,,,,,,,,,,,1.96,0.04,0.01,,,1.93,1.21,,,,,,,,,,,,0.04,1.96,0.0,1.93,1.21,1.0,0.0,1.0,0.67,0.35,0.24,0.25,0.13,0.0,0.3,High-MBAS/low-MGS,0.26,0.15,0.0,0.02,0.0,0.4
occ_01060,Hammock,hammock,list_word,T4,4,Danger,danger,brainerd2020_120::danger,Brainerd2020_120_4word_lists,"Brainerd, Chang, & Bialer (2020)",2020-48948-001.pdf,0.44,,,,,,,,,,,,,1.96,0.04,0.01,,,1.93,1.21,,,,,,,,,,,,0.04,1.96,0.0,1.93,1.21,1.0,0.0,1.0,0.67,0.35,0.24,0.25,0.13,0.0,0.3,High-MBAS/low-MGS,0.26,0.15,0.0,0.02,0.0,0.4
occ_01061,Dangerous,dangerous,critical_distractor,CD,0,Dangerous,dangerous,brainerd2020_120::dangerous,Brainerd2020_120_4word_lists,"Brainerd, Chang, & Bialer (2020)",2020-48948-001.pdf,1.77,,,,,,,,,,,,,4.88,0.05,,,,1.77,1.36,,,,,,,,,,,,,,,,,,,,,,,,,,,,,,,,,
occ_01062,Adventurous,adventurous,list_word,T1,1,Dangerous,dangerous,brainerd2020_120::dangerous,Brainerd2020_120_4word_lists,"Brainerd, Chang, & Bialer (2020)",2020-48948-001.pdf,0.74,,,,,,,,,,,,,4.88,0.05,,,,1.77,1.36,,,,,,,,,,,,,,,,,,,,,,,,,,,,,,,,,
occ_01063,Careful,careful,list_word,T2,2,Dangerous,dangerous,brainerd2020_120::dangerous,Brainerd2020_120_4word_lists,"Brainerd, Chang, & Bialer (2020)",2020-48948-001.pdf,1.74,,,,,,,,,,,,,4.88,0.05,,,,1.77,1.36,,,,,,,,,,,,,,,,,,,,,,,,,,,,,,,,,
occ_01064,Deadly,deadly,list_word,T3,3,Dangerous,dangerous,brainerd2020_120::dangerous,Brainerd2020_120_4word_lists,"Brainerd, Chang, & Bialer (2020)",2020-48948-001.pdf,1.27,,,,,,,,,,,,,4.88,0.05,,,,1.77,1.36,,,,,,,,,,,,,,,,,,,,,,,,,,,,,,,,,
occ_01065,Reckless,reckless,list_word,T4,4,Dangerous,dangerous,brainerd2020_120::dangerous,Brainerd2020_120_4word_lists,"Brainerd, Chang, & Bialer (2020)",2020-48948-001.pdf,1.07,,,,,,,,,,,,,4.88,0.05,,,,1.77,1.36,,,,,,,,,,,,,,,,,,,,,,,,,,,,,,,,,
occ_01066,Design,design,critical_distractor,CD,0,Design,design,brainerd2020_120::design,Brainerd2020_120_4word_lists,"Brainerd, Chang, & Bialer (2020)",2020-48948-001.pdf,1.86,,,,,,,,,,,,,5.24,0.05,0.02,,,1.86,1.52,,,,,,,,,,,,0.05,5.24,0.0,1.86,1.52,0.0,1.0,3.0,1.33,0.21,0.33,0.33,0.15,0.0,0.22,Low-MBAS/high-MGS,0.23,0.07,0.0,0.0,0.14,0.39
occ_01067,Architect,architect,list_word,T1,1,Design,design,brainerd2020_120::design,Brainerd2020_120_4word_lists,"Brainerd, Chang, & Bialer (2020)",2020-48948-001.pdf,1.04,,,,,,,,,,,,,5.24,0.05,0.02,,,1.86,1.52,,,,,,,,,,,,0.05,5.24,0.0,1.86,1.52,0.0,1.0,3.0,1.33,0.21,0.33,0.33,0.15,0.0,0.22,Low-MBAS/high-MGS,0.23,0.07,0.0,0.0,0.14,0.39
occ_01068,Fashion,fashion,list_word,T2,2,Design,design,brainerd2020_120::design,Brainerd2020_120_4word_lists,"Brainerd, Chang, & Bialer (2020)",2020-48948-001.pdf,1.83,,,,,,,,,,,,,5.24,0.05,0.02,,,1.86,1.52,,,,,,,,,,,,0.05,5.24,0.0,1.86,1.52,0.0,1.0,3.0,1.33,0.21,0.33,0.33,0.15,0.0,0.22,Low-MBAS/high-MGS,0.23,0.07,0.0,0.0,0.14,0.39
occ_01069,Decorate,decorate,list_word,T3,3,Design,design,brainerd2020_120::design,Brainerd2020_120_4word_lists,"Brainerd, Chang, & Bialer (2020)",2020-48948-001.pdf,0.4,,,,,,,,,,,,,5.24,0.05,0.02,,,1.86,1.52,,,,,,,,,,,,0.05,5.24,0.0,1.86,1.52,0.0,1.0,3.0,1.33,0.21,0.33,0.33,0.15,0.0,0.22,Low-MBAS/high-MGS,0.23,0.07,0.0,0.0,0.14,0.39
occ_01070,Pattern,pattern,list_word,T4,4,Design,design,brainerd2020_120::design,Brainerd2020_120_4word_lists,"Brainerd, Chang, & Bialer (2020)",2020-48948-001.pdf,1.72,,,,,,,,,,,,,5.24,0.05,0.02,,,1.86,1.52,,,,,,,,,,,,0.05,5.24,0.0,1.86,1.52,0.0,1.0,3.0,1.33,0.21,0.33,0.33,0.15,0.0,0.22,Low-MBAS/high-MGS,0.23,0.07,0.0,0.0,0.14,0.39
occ_01071,Determine,determine,critical_distractor,CD,0,Determine,determine,brainerd2020_120::determine,Brainerd2020_120_4word_lists,"Brainerd, Chang, & Bialer (2020)",2020-48948-001.pdf,1.5,,,,,,,,,,,,,3.17,0.01,0.04,,,1.5,1.91,,,,,,,,,,,,0.01,3.17,0.0,1.5,1.91,1.0,0.0,0.0,0.33,0.04,0.14,0.16,0.27,0.11,0.39,Low-MBAS/low-MGS,0.28,0.22,0.26,0.05,0.17,0.09
occ_01072,Decide,decide,list_word,T1,1,Determine,determine,brainerd2020_120::determine,Brainerd2020_120_4word_lists,"Brainerd, Chang, & Bialer (2020)",2020-48948-001.pdf,1.65,,,,,,,,,,,,,3.17,0.01,0.04,,,1.5,1.91,,,,,,,,,,,,0.01,3.17,0.0,1.5,1.91,1.0,0.0,0.0,0.33,0.04,0.14,0.16,0.27,0.11,0.39,Low-MBAS/low-MGS,0.28,0.22,0.26,0.05,0.17,0.09
occ_01073,Crooked,crooked,list_word,T2,2,Determine,determine,brainerd2020_120::determine,Brainerd2020_120_4word_lists,"Brainerd, Chang, & Bialer (2020)",2020-48948-001.pdf,0.94,,,,,,,,,,,,,3.17,0.01,0.04,,,1.5,1.91,,,,,,,,,,,,0.01,3.17,0.0,1.5,1.91,1.0,0.0,0.0,0.33,0.04,0.14,0.16,0.27,0.11,0.39,Low-MBAS/low-MGS,0.28,0.22,0.26,0.05,0.17,0.09
occ_01074,Law,law,list_word,T3,3,Determine,determine,brainerd2020_120::determine,Brainerd2020_120_4word_lists,"Brainerd, Chang, & Bialer (2020)",2020-48948-001.pdf,2.41,,,,,,,,,,,,,3.17,0.01,0.04,,,1.5,1.91,,,,,,,,,,,,0.01,3.17,0.0,1.5,1.91,1.0,0.0,0.0,0.33,0.04,0.14,0.16,0.27,0.11,0.39,Low-MBAS/low-MGS,0.28,0.22,0.26,0.05,0.17,0.09
occ_01075,Satan,satan,list_word,T4,4,Determine,determine,brainerd2020_120::determine,Brainerd2020_120_4word_lists,"Brainerd, Chang, & Bialer (2020)",2020-48948-001.pdf,1.02,,,,,,,,,,,,,3.17,0.01,0.04,,,1.5,1.91,,,,,,,,,,,,0.01,3.17,0.0,1.5,1.91,1.0,0.0,0.0,0.33,0.04,0.14,0.16,0.27,0.11,0.39,Low-MBAS/low-MGS,0.28,0.22,0.26,0.05,0.17,0.09
occ_01076,Devil,devil,critical_distractor,CD,0,Devil,devil,brainerd2020_120::devil,Brainerd2020_120_4word_lists,"Brainerd, Chang, & Bialer (2020)",2020-48948-001.pdf,1.7,,,,,,,,,,,,,1.55,0.14,,,,1.7,1.08,,,,,,,,,,,,,,,,,,,,,,,,,,,,,,,,,
occ_01077,Demon,demon,list_word,T1,1,Devil,devil,brainerd2020_120::devil,Brainerd2020_120_4word_lists,"Brainerd, Chang, & Bialer (2020)",2020-48948-001.pdf,0.95,,,,,,,,,,,,,1.55,0.14,,,,1.7,1.08,,,,,,,,,,,,,,,,,,,,,,,,,,,,,,,,,
occ_01078,Groceries,groceries,list_word,T2,2,Devil,devil,brainerd2020_120::devil,Brainerd2020_120_4word_lists,"Brainerd, Chang, & Bialer (2020)",2020-48948-001.pdf,0.34,,,,,,,,,,,,,1.55,0.14,,,,1.7,1.08,,,,,,,,,,,,,,,,,,,,,,,,,,,,,,,,,
occ_01079,Shield,shield,list_word,T3,3,Devil,devil,brainerd2020_120::devil,Brainerd2020_120_4word_lists,"Brainerd, Chang, & Bialer (2020)",2020-48948-001.pdf,1.21,,,,,,,,,,,,,1.55,0.14,,,,1.7,1.08,,,,,,,,,,,,,,,,,,,,,,,,,,,,,,,,,
occ_01080,Talent,talent,list_word,T4,4,Devil,devil,brainerd2020_120::devil,Brainerd2020_120_4word_lists,"Brainerd, Chang, & Bialer (2020)",2020-48948-001.pdf,1.32,,,,,,,,,,,,,1.55,0.14,,,,1.7,1.08,,,,,,,,,,,,,,,,,,,,,,,,,,,,,,,,,
occ_01081,Disaster,disaster,critical_distractor,CD,0,Disaster,disaster,brainerd2020_120::disaster,Brainerd2020_120_4word_lists,"Brainerd, Chang, & Bialer (2020)",2020-48948-001.pdf,1.32,,,,,,,,,,,,,2.5,0.01,0.03,,,1.32,1.4,,,,,,,,,,,,0.02,2.5,0.0,1.32,1.4,0.0,1.0,0.0,0.33,0.1,0.17,0.19,0.18,0.17,0.3,Low-MBAS/low-MGS,0.11,0.11,0.26,0.0,0.06,0.2
occ_01082,Earthquake,earthquake,list_word,T1,1,Disaster,disaster,brainerd2020_120::disaster,Brainerd2020_120_4word_lists,"Brainerd, Chang, & Bialer (2020)",2020-48948-001.pdf,0.84,,,,,,,,,,,,,2.5,0.01,0.03,,,1.32,1.4,,,,,,,,,,,,0.02,2.5,0.0,1.32,1.4,0.0,1.0,0.0,0.33,0.1,0.17,0.19,0.18,0.17,0.3,Low-MBAS/low-MGS,0.11,0.11,0.26,0.0,0.06,0.2
occ_01083,Dove,dove,list_word,T2,2,Disaster,disaster,brainerd2020_120::disaster,Brainerd2020_120_4word_lists,"Brainerd, Chang, & Bialer (2020)",2020-48948-001.pdf,0.91,,,,,,,,,,,,,2.5,0.01,0.03,,,1.32,1.4,,,,,,,,,,,,0.02,2.5,0.0,1.32,1.4,0.0,1.0,0.0,0.33,0.1,0.17,0.19,0.18,0.17,0.3,Low-MBAS/low-MGS,0.11,0.11,0.26,0.0,0.06,0.2
occ_01084,Scared,scared,list_word,T3,3,Disaster,disaster,brainerd2020_120::disaster,Brainerd2020_120_4word_lists,"Brainerd, Chang, & Bialer (2020)",2020-48948-001.pdf,1.23,,,,,,,,,,,,,2.5,0.01,0.03,,,1.32,1.4,,,,,,,,,,,,0.02,2.5,0.0,1.32,1.4,0.0,1.0,0.0,0.33,0.1,0.17,0.19,0.18,0.17,0.3,Low-MBAS/low-MGS,0.11,0.11,0.26,0.0,0.06,0.2
occ_01085,Aerobics,aerobics,list_word,T4,4,Disaster,disaster,brainerd2020_120::disaster,Brainerd2020_120_4word_lists,"Brainerd, Chang, & Bialer (2020)",2020-48948-001.pdf,1.83,,,,,,,,,,,,,2.5,0.01,0.03,,,1.32,1.4,,,,,,,,,,,,0.02,2.5,0.0,1.32,1.4,0.0,1.0,0.0,0.33,0.1,0.17,0.19,0.18,0.17,0.3,Low-MBAS/low-MGS,0.11,0.11,0.26,0.0,0.06,0.2
occ_01086,Doctor,doctor,critical_distractor,CD,0,Doctor,doctor,brainerd2020_120::doctor,Brainerd2020_120_4word_lists,"Brainerd, Chang, & Bialer (2020)",2020-48948-001.pdf,2.15,,,,,,,,,,,,,2.69,0.09,0.01,,,2.15,1.74,,,,,,,,,,,,0.09,2.69,0.0,2.15,1.74,0.0,0.0,1.0,0.33,0.15,0.17,0.3,0.18,0.0,0.13,High-MBAS/low-MGS,0.24,0.0,0.0,0.13,0.15,0.23
occ_01087,Patient,patient,list_word,T1,1,Doctor,doctor,brainerd2020_120::doctor,Brainerd2020_120_4word_lists,"Brainerd, Chang, & Bialer (2020)",2020-48948-001.pdf,1.78,,,,,,,,,,,,,2.69,0.09,0.01,,,2.15,1.74,,,,,,,,,,,,0.09,2.69,0.0,2.15,1.74,0.0,0.0,1.0,0.33,0.15,0.17,0.3,0.18,0.0,0.13,High-MBAS/low-MGS,0.24,0.0,0.0,0.13,0.15,0.23
occ_01088,Cool,cool,list_word,T2,2,Doctor,doctor,brainerd2020_120::doctor,Brainerd2020_120_4word_lists,"Brainerd, Chang, & Bialer (2020)",2020-48948-001.pdf,1.71,,,,,,,,,,,,,2.69,0.09,0.01,,,2.15,1.74,,,,,,,,,,,,0.09,2.69,0.0,2.15,1.74,0.0,0.0,1.0,0.33,0.15,0.17,0.3,0.18,0.0,0.13,High-MBAS/low-MGS,0.24,0.0,0.0,0.13,0.15,0.23
occ_01089,Rhyme,rhyme,list_word,T3,3,Doctor,doctor,brainerd2020_120::doctor,Brainerd2020_120_4word_lists,"Brainerd, Chang, & Bialer (2020)",2020-48948-001.pdf,0.73,,,,,,,,,,,,,2.69,0.09,0.01,,,2.15,1.74,,,,,,,,,,,,0.09,2.69,0.0,2.15,1.74,0.0,0.0,1.0,0.33,0.15,0.17,0.3,0.18,0.0,0.13,High-MBAS/low-MGS,0.24,0.0,0.0,0.13,0.15,0.23
occ_01090,Covered,covered,list_word,T4,4,Doctor,doctor,brainerd2020_120::doctor,Brainerd2020_120_4word_lists,"Brainerd, Chang, & Bialer (2020)",2020-48948-001.pdf,2.02,,,,,,,,,,,,,2.69,0.09,0.01,,,2.15,1.74,,,,,,,,,,,,0.09,2.69,0.0,2.15,1.74,0.0,0.0,1.0,0.33,0.15,0.17,0.3,0.18,0.0,0.13,High-MBAS/low-MGS,0.24,0.0,0.0,0.13,0.15,0.23
occ_01091,Drug,drug,critical_distractor,CD,0,Drug,drug,brainerd2020_120::drug,Brainerd2020_120_4word_lists,"Brainerd, Chang, & Bialer (2020)",2020-48948-001.pdf,1.45,,,,,,,,,,,,,1.66,0.04,,,,1.45,1.9,,,,,,,,,,,,,,,,,,,,,,,,,,,,,,,,,
occ_01092,Pill,pill,list_word,T1,1,Drug,drug,brainerd2020_120::drug,Brainerd2020_120_4word_lists,"Brainerd, Chang, & Bialer (2020)",2020-48948-001.pdf,0.66,,,,,,,,,,,,,1.66,0.04,,,,1.45,1.9,,,,,,,,,,,,,,,,,,,,,,,,,,,,,,,,,
occ_01093,Authority,authority,list_word,T2,2,Drug,drug,brainerd2020_120::drug,Brainerd2020_120_4word_lists,"Brainerd, Chang, & Bialer (2020)",2020-48948-001.pdf,2.05,,,,,,,,,,,,,1.66,0.04,,,,1.45,1.9,,,,,,,,,,,,,,,,,,,,,,,,,,,,,,,,,
occ_01094,Span,span,list_word,T3,3,Drug,drug,brainerd2020_120::drug,Brainerd2020_120_4word_lists,"Brainerd, Chang, & Bialer (2020)",2020-48948-001.pdf,0.87,,,,,,,,,,,,,1.66,0.04,,,,1.45,1.9,,,,,,,,,,,,,,,,,,,,,,,,,,,,,,,,,
occ_01095,Sun,sun,list_word,T4,4,Drug,drug,brainerd2020_120::drug,Brainerd2020_120_4word_lists,"Brainerd, Chang, & Bialer (2020)",2020-48948-001.pdf,2.29,,,,,,,,,,,,,1.66,0.04,,,,1.45,1.9,,,,,,,,,,,,,,,,,,,,,,,,,,,,,,,,,
occ_01096,Equal,equal,critical_distractor,CD,0,Equal,equal,brainerd2020_120::equal,Brainerd2020_120_4word_lists,"Brainerd, Chang, & Bialer (2020)",2020-48948-001.pdf,1.83,,,,,,,,,,,,,1.81,0.0,,,,1.83,2.01,,,,,,,,,,,,,,,,,,,,,,,,,,,,,,,,,
occ_01097,Less,less,list_word,T1,1,Equal,equal,brainerd2020_120::equal,Brainerd2020_120_4word_lists,"Brainerd, Chang, & Bialer (2020)",2020-48948-001.pdf,2.57,,,,,,,,,,,,,1.81,0.0,,,,1.83,2.01,,,,,,,,,,,,,,,,,,,,,,,,,,,,,,,,,
occ_01098,Rye,rye,list_word,T2,2,Equal,equal,brainerd2020_120::equal,Brainerd2020_120_4word_lists,"Brainerd, Chang, & Bialer (2020)",2020-48948-001.pdf,0.68,,,,,,,,,,,,,1.81,0.0,,,,1.83,2.01,,,,,,,,,,,,,,,,,,,,,,,,,,,,,,,,,
occ_01099,Jury,jury,list_word,T3,3,Equal,equal,brainerd2020_120::equal,Brainerd2020_120_4word_lists,"Brainerd, Chang, & Bialer (2020)",2020-48948-001.pdf,1.32,,,,,,,,,,,,,1.81,0.0,,,,1.83,2.01,,,,,,,,,,,,,,,,,,,,,,,,,,,,,,,,,
occ_01100,Surgeon,surgeon,list_word,T4,4,Equal,equal,brainerd2020_120::equal,Brainerd2020_120_4word_lists,"Brainerd, Chang, & Bialer (2020)",2020-48948-001.pdf,1.06,,,,,,,,,,,,,1.81,0.0,,,,1.83,2.01,,,,,,,,,,,,,,,,,,,,,,,,,,,,,,,,,
occ_01101,Famous,famous,critical_distractor,CD,0,Famous,famous,brainerd2020_120::famous,Brainerd2020_120_4word_lists,"Brainerd, Chang, & Bialer (2020)",2020-48948-001.pdf,1.8,,,,,,,,,,,,,4.5,0.02,,,,1.8,1.82,,,,,,,,,,,,,,,,,,,,,,,,,,,,,,,,,
occ_01102,Succeed,succeed,list_word,T1,1,Famous,famous,brainerd2020_120::famous,Brainerd2020_120_4word_lists,"Brainerd, Chang, & Bialer (2020)",2020-48948-001.pdf,1.4,,,,,,,,,,,,,4.5,0.02,,,,1.8,1.82,,,,,,,,,,,,,,,,,,,,,,,,,,,,,,,,,
occ_01103,Popular,popular,list_word,T2,2,Famous,famous,brainerd2020_120::famous,Brainerd2020_120_4word_lists,"Brainerd, Chang, & Bialer (2020)",2020-48948-001.pdf,1.87,,,,,,,,,,,,,4.5,0.02,,,,1.8,1.82,,,,,,,,,,,,,,,,,,,,,,,,,,,,,,,,,
occ_01104,Rich,rich,list_word,T3,3,Famous,famous,brainerd2020_120::famous,Brainerd2020_120_4word_lists,"Brainerd, Chang, & Bialer (2020)",2020-48948-001.pdf,2.03,,,,,,,,,,,,,4.5,0.02,,,,1.8,1.82,,,,,,,,,,,,,,,,,,,,,,,,,,,,,,,,,
occ_01105,Unknown,unknown,list_word,T4,4,Famous,famous,brainerd2020_120::famous,Brainerd2020_120_4word_lists,"Brainerd, Chang, & Bialer (2020)",2020-48948-001.pdf,1.77,,,,,,,,,,,,,4.5,0.02,,,,1.8,1.82,,,,,,,,,,,,,,,,,,,,,,,,,,,,,,,,,
occ_01106,Fast,fast,critical_distractor,CD,0,Fast,fast,brainerd2020_120::fast,Brainerd2020_120_4word_lists,"Brainerd, Chang, & Bialer (2020)",2020-48948-001.pdf,1.98,,,,,,,,,,,,,2.08,0.09,,,,1.98,1.84,,,,,,,,,,,,,,,,,,,,,,,,,,,,,,,,,
occ_01107,Speed,speed,list_word,T1,1,Fast,fast,brainerd2020_120::fast,Brainerd2020_120_4word_lists,"Brainerd, Chang, & Bialer (2020)",2020-48948-001.pdf,1.81,,,,,,,,,,,,,2.08,0.09,,,,1.98,1.84,,,,,,,,,,,,,,,,,,,,,,,,,,,,,,,,,
occ_01108,List,list,list_word,T2,2,Fast,fast,brainerd2020_120::fast,Brainerd2020_120_4word_lists,"Brainerd, Chang, & Bialer (2020)",2020-48948-001.pdf,2.04,,,,,,,,,,,,,2.08,0.09,,,,1.98,1.84,,,,,,,,,,,,,,,,,,,,,,,,,,,,,,,,,
occ_01109,Hurricane,hurricane,list_word,T3,3,Fast,fast,brainerd2020_120::fast,Brainerd2020_120_4word_lists,"Brainerd, Chang, & Bialer (2020)",2020-48948-001.pdf,0.75,,,,,,,,,,,,,2.08,0.09,,,,1.98,1.84,,,,,,,,,,,,,,,,,,,,,,,,,,,,,,,,,
occ_01110,Author,author,list_word,T4,4,Fast,fast,brainerd2020_120::fast,Brainerd2020_120_4word_lists,"Brainerd, Chang, & Bialer (2020)",2020-48948-001.pdf,2.0,,,,,,,,,,,,,2.08,0.09,,,,1.98,1.84,,,,,,,,,,,,,,,,,,,,,,,,,,,,,,,,,
occ_01111,Fear,fear,critical_distractor,CD,0,Fear,fear,brainerd2020_120::fear,Brainerd2020_120_4word_lists,"Brainerd, Chang, & Bialer (2020)",2020-48948-001.pdf,2.23,,,,,,,,,,,,,2.8,0.03,0.01,,,2.23,1.86,,,,,,,,,,,,0.03,2.8,0.0,2.23,1.86,1.0,0.0,0.0,0.33,0.3,0.24,0.27,0.24,0.02,0.25,High-MBAS/high-MGS,0.22,0.0,0.16,0.04,0.0,0.38
occ_01112,Fright,fright,list_word,T1,1,Fear,fear,brainerd2020_120::fear,Brainerd2020_120_4word_lists,"Brainerd, Chang, & Bialer (2020)",2020-48948-001.pdf,1.05,,,,,,,,,,,,,2.8,0.03,0.01,,,2.23,1.86,,,,,,,,,,,,0.03,2.8,0.0,2.23,1.86,1.0,0.0,0.0,0.33,0.3,0.24,0.27,0.24,0.02,0.25,High-MBAS/high-MGS,0.22,0.0,0.16,0.04,0.0,0.38
occ_01113,Energetic,energetic,list_word,T2,2,Fear,fear,brainerd2020_120::fear,Brainerd2020_120_4word_lists,"Brainerd, Chang, & Bialer (2020)",2020-48948-001.pdf,0.99,,,,,,,,,,,,,2.8,0.03,0.01,,,2.23,1.86,,,,,,,,,,,,0.03,2.8,0.0,2.23,1.86,1.0,0.0,0.0,0.33,0.3,0.24,0.27,0.24,0.02,0.25,High-MBAS/high-MGS,0.22,0.0,0.16,0.04,0.0,0.38
occ_01114,Mom,mom,list_word,T3,3,Fear,fear,brainerd2020_120::fear,Brainerd2020_120_4word_lists,"Brainerd, Chang, & Bialer (2020)",2020-48948-001.pdf,1.17,,,,,,,,,,,,,2.8,0.03,0.01,,,2.23,1.86,,,,,,,,,,,,0.03,2.8,0.0,2.23,1.86,1.0,0.0,0.0,0.33,0.3,0.24,0.27,0.24,0.02,0.25,High-MBAS/high-MGS,0.22,0.0,0.16,0.04,0.0,0.38
occ_01115,Show,show,list_word,T4,4,Fear,fear,brainerd2020_120::fear,Brainerd2020_120_4word_lists,"Brainerd, Chang, & Bialer (2020)",2020-48948-001.pdf,2.4,,,,,,,,,,,,,2.8,0.03,0.01,,,2.23,1.86,,,,,,,,,,,,0.03,2.8,0.0,2.23,1.86,1.0,0.0,0.0,0.33,0.3,0.24,0.27,0.24,0.02,0.25,High-MBAS/high-MGS,0.22,0.0,0.16,0.04,0.0,0.38
occ_01116,Flower,flower,critical_distractor,CD,0,Flower,flower,brainerd2020_120::flower,Brainerd2020_120_4word_lists,"Brainerd, Chang, & Bialer (2020)",2020-48948-001.pdf,1.67,,,,,,,,,,,,,2.57,0.2,0.0,,,1.67,2.04,,,,,,,,,,,,0.2,2.57,0.0,1.67,2.04,0.0,1.0,0.0,0.33,0.13,0.17,0.25,0.35,0.0,0.25,High-MBAS/low-MGS,0.33,0.0,0.15,0.11,0.18,0.18
occ_01117,Tulip,tulip,list_word,T1,1,Flower,flower,brainerd2020_120::flower,Brainerd2020_120_4word_lists,"Brainerd, Chang, & Bialer (2020)",2020-48948-001.pdf,0.11,,,,,,,,,,,,,2.57,0.2,0.0,,,1.67,2.04,,,,,,,,,,,,0.2,2.57,0.0,1.67,2.04,0.0,1.0,0.0,0.33,0.13,0.17,0.25,0.35,0.0,0.25,High-MBAS/low-MGS,0.33,0.0,0.15,0.11,0.18,0.18
occ_01118,London,london,list_word,T2,2,Flower,flower,brainerd2020_120::flower,Brainerd2020_120_4word_lists,"Brainerd, Chang, & Bialer (2020)",2020-48948-001.pdf,2.34,,,,,,,,,,,,,2.57,0.2,0.0,,,1.67,2.04,,,,,,,,,,,,0.2,2.57,0.0,1.67,2.04,0.0,1.0,0.0,0.33,0.13,0.17,0.25,0.35,0.0,0.25,High-MBAS/low-MGS,0.33,0.0,0.15,0.11,0.18,0.18
occ_01119,Group,group,list_word,T3,3,Flower,flower,brainerd2020_120::flower,Brainerd2020_120_4word_lists,"Brainerd, Chang, & Bialer (2020)",2020-48948-001.pdf,2.33,,,,,,,,,,,,,2.57,0.2,0.0,,,1.67,2.04,,,,,,,,,,,,0.2,2.57,0.0,1.67,2.04,0.0,1.0,0.0,0.33,0.13,0.17,0.25,0.35,0.0,0.25,High-MBAS/low-MGS,0.33,0.0,0.15,0.11,0.18,0.18
occ_01120,Organize,organize,list_word,T4,4,Flower,flower,brainerd2020_120::flower,Brainerd2020_120_4word_lists,"Brainerd, Chang, & Bialer (2020)",2020-48948-001.pdf,0.78,,,,,,,,,,,,,2.57,0.2,0.0,,,1.67,2.04,,,,,,,,,,,,0.2,2.57,0.0,1.67,2.04,0.0,1.0,0.0,0.33,0.13,0.17,0.25,0.35,0.0,0.25,High-MBAS/low-MGS,0.33,0.0,0.15,0.11,0.18,0.18
occ_01121,Foot,foot,critical_distractor,CD,0,Foot,foot,brainerd2020_120::foot,Brainerd2020_120_4word_lists,"Brainerd, Chang, & Bialer (2020)",2020-48948-001.pdf,2.12,,,,,,,,,,,,,4.37,0.01,,,,2.12,2.0,,,,,,,,,,,,,,,,,,,,,,,,,,,,,,,,,
occ_01122,Measurement,measurement,list_word,T1,1,Foot,foot,brainerd2020_120::foot,Brainerd2020_120_4word_lists,"Brainerd, Chang, & Bialer (2020)",2020-48948-001.pdf,1.05,,,,,,,,,,,,,4.37,0.01,,,,2.12,2.0,,,,,,,,,,,,,,,,,,,,,,,,,,,,,,,,,
occ_01123,Feet,feet,list_word,T2,2,Foot,foot,brainerd2020_120::foot,Brainerd2020_120_4word_lists,"Brainerd, Chang, & Bialer (2020)",2020-48948-001.pdf,2.44,,,,,,,,,,,,,4.37,0.01,,,,2.12,2.0,,,,,,,,,,,,,,,,,,,,,,,,,,,,,,,,,
occ_01124,Step,step,list_word,T3,3,Foot,foot,brainerd2020_120::foot,Brainerd2020_120_4word_lists,"Brainerd, Chang, & Bialer (2020)",2020-48948-001.pdf,2.05,,,,,,,,,,,,,4.37,0.01,,,,2.12,2.0,,,,,,,,,,,,,,,,,,,,,,,,,,,,,,,,,
occ_01125,Pedal,pedal,list_word,T4,4,Foot,foot,brainerd2020_120::foot,Brainerd2020_120_4word_lists,"Brainerd, Chang, & Bialer (2020)",2020-48948-001.pdf,0.36,,,,,,,,,,,,,4.37,0.01,,,,2.12,2.0,,,,,,,,,,,,,,,,,,,,,,,,,,,,,,,,,
occ_01126,Forever,forever,critical_distractor,CD,0,Forever,forever,brainerd2020_120::forever,Brainerd2020_120_4word_lists,"Brainerd, Chang, & Bialer (2020)",2020-48948-001.pdf,1.53,,,,,,,,,,,,,5.75,0.35,0.09,,,1.53,2.2,,,,,,,,,,,,0.35,5.75,0.75,1.53,2.2,4.0,0.0,0.0,1.33,0.21,0.14,0.16,0.27,0.08,0.16,High-MBAS/high-MGS,0.1,0.0,0.2,0.01,0.0,0.23
occ_01127,Endless,endless,list_word,T1,1,Forever,forever,brainerd2020_120::forever,Brainerd2020_120_4word_lists,"Brainerd, Chang, & Bialer (2020)",2020-48948-001.pdf,1.3,,,,,,,,,,,,,5.75,0.35,0.09,,,1.53,2.2,,,,,,,,,,,,0.35,5.75,0.75,1.53,2.2,4.0,0.0,0.0,1.33,0.21,0.14,0.16,0.27,0.08,0.16,High-MBAS/high-MGS,0.1,0.0,0.2,0.01,0.0,0.23
occ_01128,Eternal,eternal,list_word,T2,2,Forever,forever,brainerd2020_120::forever,Brainerd2020_120_4word_lists,"Brainerd, Chang, & Bialer (2020)",2020-48948-001.pdf,1.48,,,,,,,,,,,,,5.75,0.35,0.09,,,1.53,2.2,,,,,,,,,,,,0.35,5.75,0.75,1.53,2.2,4.0,0.0,0.0,1.33,0.21,0.14,0.16,0.27,0.08,0.16,High-MBAS/high-MGS,0.1,0.0,0.2,0.01,0.0,0.23
occ_01129,Always,always,list_word,T3,3,Forever,forever,brainerd2020_120::forever,Brainerd2020_120_4word_lists,"Brainerd, Chang, & Bialer (2020)",2020-48948-001.pdf,2.76,,,,,,,,,,,,,5.75,0.35,0.09,,,1.53,2.2,,,,,,,,,,,,0.35,5.75,0.75,1.53,2.2,4.0,0.0,0.0,1.33,0.21,0.14,0.16,0.27,0.08,0.16,High-MBAS/high-MGS,0.1,0.0,0.2,0.01,0.0,0.23
occ_01130,Lasting,lasting,list_word,T4,4,Forever,forever,brainerd2020_120::forever,Brainerd2020_120_4word_lists,"Brainerd, Chang, & Bialer (2020)",2020-48948-001.pdf,1.08,,,,,,,,,,,,,5.75,0.35,0.09,,,1.53,2.2,,,,,,,,,,,,0.35,5.75,0.75,1.53,2.2,4.0,0.0,0.0,1.33,0.21,0.14,0.16,0.27,0.08,0.16,High-MBAS/high-MGS,0.1,0.0,0.2,0.01,0.0,0.23
occ_01131,Fruit,fruit,critical_distractor,CD,0,Fruit,fruit,brainerd2020_120::fruit,Brainerd2020_120_4word_lists,"Brainerd, Chang, & Bialer (2020)",2020-48948-001.pdf,1.69,,,,,,,,,,,,,5.29,0.19,0.14,,,1.69,1.28,,,,,,,,,,,,0.19,5.29,1.25,1.69,1.28,0.0,4.0,0.0,1.33,0.0,0.3,0.3,0.38,0.14,0.45,High-MBAS/high-MGS,0.3,0.14,0.44,0.0,0.46,0.0
occ_01132,Apple,apple,list_word,T1,1,Fruit,fruit,brainerd2020_120::fruit,Brainerd2020_120_4word_lists,"Brainerd, Chang, & Bialer (2020)",2020-48948-001.pdf,1.54,,,,,,,,,,,,,5.29,0.19,0.14,,,1.69,1.28,,,,,,,,,,,,0.19,5.29,1.25,1.69,1.28,0.0,4.0,0.0,1.33,0.0,0.3,0.3,0.38,0.14,0.45,High-MBAS/high-MGS,0.3,0.14,0.44,0.0,0.46,0.0
occ_01133,Banana,banana,list_word,T2,2,Fruit,fruit,brainerd2020_120::fruit,Brainerd2020_120_4word_lists,"Brainerd, Chang, & Bialer (2020)",2020-48948-001.pdf,0.56,,,,,,,,,,,,,5.29,0.19,0.14,,,1.69,1.28,,,,,,,,,,,,0.19,5.29,1.25,1.69,1.28,0.0,4.0,0.0,1.33,0.0,0.3,0.3,0.38,0.14,0.45,High-MBAS/high-MGS,0.3,0.14,0.44,0.0,0.46,0.0
occ_01134,Orange,orange,list_word,T3,3,Fruit,fruit,brainerd2020_120::fruit,Brainerd2020_120_4word_lists,"Brainerd, Chang, & Bialer (2020)",2020-48948-001.pdf,1.38,,,,,,,,,,,,,5.29,0.19,0.14,,,1.69,1.28,,,,,,,,,,,,0.19,5.29,1.25,1.69,1.28,0.0,4.0,0.0,1.33,0.0,0.3,0.3,0.38,0.14,0.45,High-MBAS/high-MGS,0.3,0.14,0.44,0.0,0.46,0.0
occ_01135,Vegetables,vegetables,list_word,T4,4,Fruit,fruit,brainerd2020_120::fruit,Brainerd2020_120_4word_lists,"Brainerd, Chang, & Bialer (2020)",2020-48948-001.pdf,1.17,,,,,,,,,,,,,5.29,0.19,0.14,,,1.69,1.28,,,,,,,,,,,,0.19,5.29,1.25,1.69,1.28,0.0,4.0,0.0,1.33,0.0,0.3,0.3,0.38,0.14,0.45,High-MBAS/high-MGS,0.3,0.14,0.44,0.0,0.46,0.0
occ_01136,Grass,grass,critical_distractor,CD,0,Grass,grass,brainerd2020_120::grass,Brainerd2020_120_4word_lists,"Brainerd, Chang, & Bialer (2020)",2020-48948-001.pdf,1.87,,,,,,,,,,,,,5.68,0.34,0.05,,,1.87,1.25,,,,,,,,,,,,0.34,5.68,1.75,1.87,1.25,1.0,1.0,2.0,1.33,0.15,0.14,0.3,0.13,0.02,0.27,High-MBAS/high-MGS,0.22,0.19,0.0,0.15,0.15,0.18
occ_01137,Lawn,lawn,list_word,T1,1,Grass,grass,brainerd2020_120::grass,Brainerd2020_120_4word_lists,"Brainerd, Chang, & Bialer (2020)",2020-48948-001.pdf,1.22,,,,,,,,,,,,,5.68,0.34,0.05,,,1.87,1.25,,,,,,,,,,,,0.34,5.68,1.75,1.87,1.25,1.0,1.0,2.0,1.33,0.15,0.14,0.3,0.13,0.02,0.27,High-MBAS/high-MGS,0.22,0.19,0.0,0.15,0.15,0.18
occ_01138,Mow,mow,list_word,T2,2,Grass,grass,brainerd2020_120::grass,Brainerd2020_120_4word_lists,"Brainerd, Chang, & Bialer (2020)",2020-48948-001.pdf,0.03,,,,,,,,,,,,,5.68,0.34,0.05,,,1.87,1.25,,,,,,,,,,,,0.34,5.68,1.75,1.87,1.25,1.0,1.0,2.0,1.33,0.15,0.14,0.3,0.13,0.02,0.27,High-MBAS/high-MGS,0.22,0.19,0.0,0.15,0.15,0.18
occ_01139,Weed,weed,list_word,T3,3,Grass,grass,brainerd2020_120::grass,Brainerd2020_120_4word_lists,"Brainerd, Chang, & Bialer (2020)",2020-48948-001.pdf,0.91,,,,,,,,,,,,,5.68,0.34,0.05,,,1.87,1.25,,,,,,,,,,,,0.34,5.68,1.75,1.87,1.25,1.0,1.0,2.0,1.33,0.15,0.14,0.3,0.13,0.02,0.27,High-MBAS/high-MGS,0.22,0.19,0.0,0.15,0.15,0.18
occ_01140,Yard,yard,list_word,T4,4,Grass,grass,brainerd2020_120::grass,Brainerd2020_120_4word_lists,"Brainerd, Chang, & Bialer (2020)",2020-48948-001.pdf,1.66,,,,,,,,,,,,,5.68,0.34,0.05,,,1.87,1.25,,,,,,,,,,,,0.34,5.68,1.75,1.87,1.25,1.0,1.0,2.0,1.33,0.15,0.14,0.3,0.13,0.02,0.27,High-MBAS/high-MGS,0.22,0.19,0.0,0.15,0.15,0.18
occ_01141,Green,green,critical_distractor,CD,0,Green,green,brainerd2020_120::green,Brainerd2020_120_4word_lists,"Brainerd, Chang, & Bialer (2020)",2020-48948-001.pdf,2.22,,,,,,,,,,,,,4.42,0.04,,,,2.22,2.23,,,,,,,,,,,,,,,,,,,,,,,,,,,,,,,,,
occ_01142,Color,color,list_word,T1,1,Green,green,brainerd2020_120::green,Brainerd2020_120_4word_lists,"Brainerd, Chang, & Bialer (2020)",2020-48948-001.pdf,1.8,,,,,,,,,,,,,4.42,0.04,,,,2.22,2.23,,,,,,,,,,,,,,,,,,,,,,,,,,,,,,,,,
occ_01143,Red,red,list_word,T2,2,Green,green,brainerd2020_120::green,Brainerd2020_120_4word_lists,"Brainerd, Chang, & Bialer (2020)",2020-48948-001.pdf,2.37,,,,,,,,,,,,,4.42,0.04,,,,2.22,2.23,,,,,,,,,,,,,,,,,,,,,,,,,,,,,,,,,
occ_01144,Nature,nature,list_word,T3,3,Green,green,brainerd2020_120::green,Brainerd2020_120_4word_lists,"Brainerd, Chang, & Bialer (2020)",2020-48948-001.pdf,2.41,,,,,,,,,,,,,4.42,0.04,,,,2.22,2.23,,,,,,,,,,,,,,,,,,,,,,,,,,,,,,,,,
occ_01145,Tree,tree,list_word,T4,4,Green,green,brainerd2020_120::green,Brainerd2020_120_4word_lists,"Brainerd, Chang, & Bialer (2020)",2020-48948-001.pdf,2.12,,,,,,,,,,,,,4.42,0.04,,,,2.22,2.23,,,,,,,,,,,,,,,,,,,,,,,,,,,,,,,,,
occ_01146,Ground,ground,critical_distractor,CD,0,Ground,ground,brainerd2020_120::ground,Brainerd2020_120_4word_lists,"Brainerd, Chang, & Bialer (2020)",2020-48948-001.pdf,2.34,,,,,,,,,,,,,4.71,0.03,0.11,,,2.34,1.87,,,,,,,,,,,,0.03,4.71,0.5,2.34,1.87,1.0,0.0,2.0,1.0,0.15,0.36,0.42,0.35,0.05,0.25,Low-MBAS/high-MGS,0.24,0.0,0.24,0.06,0.27,0.41
occ_01147,Dirt,dirt,list_word,T1,1,Ground,ground,brainerd2020_120::ground,Brainerd2020_120_4word_lists,"Brainerd, Chang, & Bialer (2020)",2020-48948-001.pdf,1.16,,,,,,,,,,,,,4.71,0.03,0.11,,,2.34,1.87,,,,,,,,,,,,0.03,4.71,0.5,2.34,1.87,1.0,0.0,2.0,1.0,0.15,0.36,0.42,0.35,0.05,0.25,Low-MBAS/high-MGS,0.24,0.0,0.24,0.06,0.27,0.41
occ_01148,Floor,floor,list_word,T2,2,Ground,ground,brainerd2020_120::ground,Brainerd2020_120_4word_lists,"Brainerd, Chang, & Bialer (2020)",2020-48948-001.pdf,2.13,,,,,,,,,,,,,4.71,0.03,0.11,,,2.34,1.87,,,,,,,,,,,,0.03,4.71,0.5,2.34,1.87,1.0,0.0,2.0,1.0,0.15,0.36,0.42,0.35,0.05,0.25,Low-MBAS/high-MGS,0.24,0.0,0.24,0.06,0.27,0.41
occ_01149,Sky,sky,list_word,T3,3,Ground,ground,brainerd2020_120::ground,Brainerd2020_120_4word_lists,"Brainerd, Chang, & Bialer (2020)",2020-48948-001.pdf,1.97,,,,,,,,,,,,,4.71,0.03,0.11,,,2.34,1.87,,,,,,,,,,,,0.03,4.71,0.5,2.34,1.87,1.0,0.0,2.0,1.0,0.15,0.36,0.42,0.35,0.05,0.25,Low-MBAS/high-MGS,0.24,0.0,0.24,0.06,0.27,0.41
occ_01150,Soil,soil,list_word,T4,4,Ground,ground,brainerd2020_120::ground,Brainerd2020_120_4word_lists,"Brainerd, Chang, & Bialer (2020)",2020-48948-001.pdf,1.7,,,,,,,,,,,,,4.71,0.03,0.11,,,2.34,1.87,,,,,,,,,,,,0.03,4.71,0.5,2.34,1.87,1.0,0.0,2.0,1.0,0.15,0.36,0.42,0.35,0.05,0.25,Low-MBAS/high-MGS,0.24,0.0,0.24,0.06,0.27,0.41
occ_01151,Gun,gun,critical_distractor,CD,0,Gun,gun,brainerd2020_120::gun,Brainerd2020_120_4word_lists,"Brainerd, Chang, & Bialer (2020)",2020-48948-001.pdf,1.7,,,,,,,,,,,,,5.89,0.58,,,,1.7,1.3,,,,,,,,,,,,,,,,,,,,,,,,,,,,,,,,,
occ_01152,Bullet,bullet,list_word,T1,1,Gun,gun,brainerd2020_120::gun,Brainerd2020_120_4word_lists,"Brainerd, Chang, & Bialer (2020)",2020-48948-001.pdf,1.2,,,,,,,,,,,,,5.89,0.58,,,,1.7,1.3,,,,,,,,,,,,,,,,,,,,,,,,,,,,,,,,,
occ_01153,Pistol,pistol,list_word,T2,2,Gun,gun,brainerd2020_120::gun,Brainerd2020_120_4word_lists,"Brainerd, Chang, & Bialer (2020)",2020-48948-001.pdf,1.2,,,,,,,,,,,,,5.89,0.58,,,,1.7,1.3,,,,,,,,,,,,,,,,,,,,,,,,,,,,,,,,,
occ_01154,Rifle,rifle,list_word,T3,3,Gun,gun,brainerd2020_120::gun,Brainerd2020_120_4word_lists,"Brainerd, Chang, & Bialer (2020)",2020-48948-001.pdf,1.31,,,,,,,,,,,,,5.89,0.58,,,,1.7,1.3,,,,,,,,,,,,,,,,,,,,,,,,,,,,,,,,,
occ_01155,Shoot,shoot,list_word,T4,4,Gun,gun,brainerd2020_120::gun,Brainerd2020_120_4word_lists,"Brainerd, Chang, & Bialer (2020)",2020-48948-001.pdf,1.44,,,,,,,,,,,,,5.89,0.58,,,,1.7,1.3,,,,,,,,,,,,,,,,,,,,,,,,,,,,,,,,,
occ_01156,Hair,hair,critical_distractor,CD,0,Hair,hair,brainerd2020_120::hair,Brainerd2020_120_4word_lists,"Brainerd, Chang, & Bialer (2020)",2020-48948-001.pdf,2.29,,,,,,,,,,,,,2.62,0.05,0.01,,,2.29,2.36,,,,,,,,,,,,0.05,2.62,0.0,2.29,2.36,0.0,0.0,1.0,0.33,0.1,0.08,0.07,0.21,0.21,0.27,High-MBAS/low-MGS,0.06,0.06,0.3,0.01,0.0,0.11
occ_01157,Head,head,list_word,T1,1,Hair,hair,brainerd2020_120::hair,Brainerd2020_120_4word_lists,"Brainerd, Chang, & Bialer (2020)",2020-48948-001.pdf,2.76,,,,,,,,,,,,,2.62,0.05,0.01,,,2.29,2.36,,,,,,,,,,,,0.05,2.62,0.0,2.29,2.36,0.0,0.0,1.0,0.33,0.1,0.08,0.07,0.21,0.21,0.27,High-MBAS/low-MGS,0.06,0.06,0.3,0.01,0.0,0.11
occ_01158,True,true,list_word,T2,2,Hair,hair,brainerd2020_120::hair,Brainerd2020_120_4word_lists,"Brainerd, Chang, & Bialer (2020)",2020-48948-001.pdf,2.45,,,,,,,,,,,,,2.62,0.05,0.01,,,2.29,2.36,,,,,,,,,,,,0.05,2.62,0.0,2.29,2.36,0.0,0.0,1.0,0.33,0.1,0.08,0.07,0.21,0.21,0.27,High-MBAS/low-MGS,0.06,0.06,0.3,0.01,0.0,0.11
occ_01159,Strange,strange,list_word,T3,3,Hair,hair,brainerd2020_120::hair,Brainerd2020_120_4word_lists,"Brainerd, Chang, & Bialer (2020)",2020-48948-001.pdf,1.32,,,,,,,,,,,,,2.62,0.05,0.01,,,2.29,2.36,,,,,,,,,,,,0.05,2.62,0.0,2.29,2.36,0.0,0.0,1.0,0.33,0.1,0.08,0.07,0.21,0.21,0.27,High-MBAS/low-MGS,0.06,0.06,0.3,0.01,0.0,0.11
occ_01160,Noise,noise,list_word,T4,4,Hair,hair,brainerd2020_120::hair,Brainerd2020_120_4word_lists,"Brainerd, Chang, & Bialer (2020)",2020-48948-001.pdf,1.57,,,,,,,,,,,,,2.62,0.05,0.01,,,2.29,2.36,,,,,,,,,,,,0.05,2.62,0.0,2.29,2.36,0.0,0.0,1.0,0.33,0.1,0.08,0.07,0.21,0.21,0.27,High-MBAS/low-MGS,0.06,0.06,0.3,0.01,0.0,0.11
occ_01161,Harsh,harsh,critical_distractor,CD,0,Harsh,harsh,brainerd2020_120::harsh,Brainerd2020_120_4word_lists,"Brainerd, Chang, & Bialer (2020)",2020-48948-001.pdf,1.24,,,,,,,,,,,,,2.0,0.0,,,,1.24,1.66,,,,,,,,,,,,,,,,,,,,,,,,,,,,,,,,,
occ_01162,Rough,rough,list_word,T1,1,Harsh,harsh,brainerd2020_120::harsh,Brainerd2020_120_4word_lists,"Brainerd, Chang, & Bialer (2020)",2020-48948-001.pdf,1.73,,,,,,,,,,,,,2.0,0.0,,,,1.24,1.66,,,,,,,,,,,,,,,,,,,,,,,,,,,,,,,,,
occ_01163,Slumber,slumber,list_word,T2,2,Harsh,harsh,brainerd2020_120::harsh,Brainerd2020_120_4word_lists,"Brainerd, Chang, & Bialer (2020)",2020-48948-001.pdf,0.85,,,,,,,,,,,,,2.0,0.0,,,,1.24,1.66,,,,,,,,,,,,,,,,,,,,,,,,,,,,,,,,,
occ_01164,Glass,glass,list_word,T3,3,Harsh,harsh,brainerd2020_120::harsh,Brainerd2020_120_4word_lists,"Brainerd, Chang, & Bialer (2020)",2020-48948-001.pdf,2.05,,,,,,,,,,,,,2.0,0.0,,,,1.24,1.66,,,,,,,,,,,,,,,,,,,,,,,,,,,,,,,,,
occ_01165,Toast,toast,list_word,T4,4,Harsh,harsh,brainerd2020_120::harsh,Brainerd2020_120_4word_lists,"Brainerd, Chang, & Bialer (2020)",2020-48948-001.pdf,0.98,,,,,,,,,,,,,2.0,0.0,,,,1.24,1.66,,,,,,,,,,,,,,,,,,,,,,,,,,,,,,,,,
occ_01166,Heat,heat,critical_distractor,CD,0,Heat,heat,brainerd2020_120::heat,Brainerd2020_120_4word_lists,"Brainerd, Chang, & Bialer (2020)",2020-48948-001.pdf,1.82,,,,,,,,,,,,,2.7,0.0,0.02,,,1.82,1.81,,,,,,,,,,,,0.01,2.7,0.0,1.82,1.81,1.0,0.0,0.0,0.33,0.04,0.02,0.1,0.18,0.14,0.33,Low-MBAS/low-MGS,0.17,0.16,0.22,0.07,0.02,0.03
occ_01167,Warm,warm,list_word,T1,1,Heat,heat,brainerd2020_120::heat,Brainerd2020_120_4word_lists,"Brainerd, Chang, & Bialer (2020)",2020-48948-001.pdf,1.96,,,,,,,,,,,,,2.7,0.0,0.02,,,1.82,1.81,,,,,,,,,,,,0.01,2.7,0.0,1.82,1.81,1.0,0.0,0.0,0.33,0.04,0.02,0.1,0.18,0.14,0.33,Low-MBAS/low-MGS,0.17,0.16,0.22,0.07,0.02,0.03
occ_01168,Sick,sick,list_word,T2,2,Heat,heat,brainerd2020_120::heat,Brainerd2020_120_4word_lists,"Brainerd, Chang, & Bialer (2020)",2020-48948-001.pdf,1.86,,,,,,,,,,,,,2.7,0.0,0.02,,,1.82,1.81,,,,,,,,,,,,0.01,2.7,0.0,1.82,1.81,1.0,0.0,0.0,0.33,0.04,0.02,0.1,0.18,0.14,0.33,Low-MBAS/low-MGS,0.17,0.16,0.22,0.07,0.02,0.03
occ_01169,Brush,brush,list_word,T3,3,Heat,heat,brainerd2020_120::heat,Brainerd2020_120_4word_lists,"Brainerd, Chang, & Bialer (2020)",2020-48948-001.pdf,1.39,,,,,,,,,,,,,2.7,0.0,0.02,,,1.82,1.81,,,,,,,,,,,,0.01,2.7,0.0,1.82,1.81,1.0,0.0,0.0,0.33,0.04,0.02,0.1,0.18,0.14,0.33,Low-MBAS/low-MGS,0.17,0.16,0.22,0.07,0.02,0.03
occ_01170,Wimp,wimp,list_word,T4,4,Heat,heat,brainerd2020_120::heat,Brainerd2020_120_4word_lists,"Brainerd, Chang, & Bialer (2020)",2020-48948-001.pdf,1.83,,,,,,,,,,,,,2.7,0.0,0.02,,,1.82,1.81,,,,,,,,,,,,0.01,2.7,0.0,1.82,1.81,1.0,0.0,0.0,0.33,0.04,0.02,0.1,0.18,0.14,0.33,Low-MBAS/low-MGS,0.17,0.16,0.22,0.07,0.02,0.03
occ_01171,Hill,hill,critical_distractor,CD,0,Hill,hill,brainerd2020_120::hill,Brainerd2020_120_4word_lists,"Brainerd, Chang, & Bialer (2020)",2020-48948-001.pdf,2.0,,,,,,,,,,,,,5.3,0.19,0.03,,,2.0,2.11,,,,,,,,,,,,0.23,5.3,0.75,2.0,2.11,0.0,0.0,2.0,0.67,0.21,0.3,0.16,0.15,0.11,0.3,High-MBAS/high-MGS,0.21,0.19,0.12,0.0,0.0,0.31
occ_01172,High,high,list_word,T1,1,Hill,hill,brainerd2020_120::hill,Brainerd2020_120_4word_lists,"Brainerd, Chang, & Bialer (2020)",2020-48948-001.pdf,2.59,,,,,,,,,,,,,5.3,0.19,0.03,,,2.0,2.11,,,,,,,,,,,,0.23,5.3,0.75,2.0,2.11,0.0,0.0,2.0,0.67,0.21,0.3,0.16,0.15,0.11,0.3,High-MBAS/high-MGS,0.21,0.19,0.12,0.0,0.0,0.31
occ_01173,Slope,slope,list_word,T2,2,Hill,hill,brainerd2020_120::hill,Brainerd2020_120_4word_lists,"Brainerd, Chang, & Bialer (2020)",2020-48948-001.pdf,1.42,,,,,,,,,,,,,5.3,0.19,0.03,,,2.0,2.11,,,,,,,,,,,,0.23,5.3,0.75,2.0,2.11,0.0,0.0,2.0,0.67,0.21,0.3,0.16,0.15,0.11,0.3,High-MBAS/high-MGS,0.21,0.19,0.12,0.0,0.0,0.31
occ_01174,Steep,steep,list_word,T3,3,Hill,hill,brainerd2020_120::hill,Brainerd2020_120_4word_lists,"Brainerd, Chang, & Bialer (2020)",2020-48948-001.pdf,1.34,,,,,,,,,,,,,5.3,0.19,0.03,,,2.0,2.11,,,,,,,,,,,,0.23,5.3,0.75,2.0,2.11,0.0,0.0,2.0,0.67,0.21,0.3,0.16,0.15,0.11,0.3,High-MBAS/high-MGS,0.21,0.19,0.12,0.0,0.0,0.31
occ_01175,Valley,valley,list_word,T4,4,Hill,hill,brainerd2020_120::hill,Brainerd2020_120_4word_lists,"Brainerd, Chang, & Bialer (2020)",2020-48948-001.pdf,1.84,,,,,,,,,,,,,5.3,0.19,0.03,,,2.0,2.11,,,,,,,,,,,,0.23,5.3,0.75,2.0,2.11,0.0,0.0,2.0,0.67,0.21,0.3,0.16,0.15,0.11,0.3,High-MBAS/high-MGS,0.21,0.19,0.12,0.0,0.0,0.31
occ_01176,Hold,hold,critical_distractor,CD,0,Hold,hold,brainerd2020_120::hold,Brainerd2020_120_4word_lists,"Brainerd, Chang, & Bialer (2020)",2020-48948-001.pdf,2.29,,,,,,,,,,,,,4.37,0.03,,,,2.29,1.59,,,,,,,,,,,,,,,,,,,,,,,,,,,,,,,,,
occ_01177,Drop,drop,list_word,T1,1,Hold,hold,brainerd2020_120::hold,Brainerd2020_120_4word_lists,"Brainerd, Chang, & Bialer (2020)",2020-48948-001.pdf,1.79,,,,,,,,,,,,,4.37,0.03,,,,2.29,1.59,,,,,,,,,,,,,,,,,,,,,,,,,,,,,,,,,
occ_01178,Grab,grab,list_word,T2,2,Hold,hold,brainerd2020_120::hold,Brainerd2020_120_4word_lists,"Brainerd, Chang, & Bialer (2020)",2020-48948-001.pdf,1.2,,,,,,,,,,,,,4.37,0.03,,,,2.29,1.59,,,,,,,,,,,,,,,,,,,,,,,,,,,,,,,,,
occ_01179,Hug,hug,list_word,T3,3,Hold,hold,brainerd2020_120::hold,Brainerd2020_120_4word_lists,"Brainerd, Chang, & Bialer (2020)",2020-48948-001.pdf,0.7,,,,,,,,,,,,,4.37,0.03,,,,2.29,1.59,,,,,,,,,,,,,,,,,,,,,,,,,,,,,,,,,
occ_01180,Release,release,list_word,T4,4,Hold,hold,brainerd2020_120::hold,Brainerd2020_120_4word_lists,"Brainerd, Chang, & Bialer (2020)",2020-48948-001.pdf,1.87,,,,,,,,,,,,,4.37,0.03,,,,2.29,1.59,,,,,,,,,,,,,,,,,,,,,,,,,,,,,,,,,
occ_01181,Honor,honor,critical_distractor,CD,0,Honor,honor,brainerd2020_120::honor,Brainerd2020_120_4word_lists,"Brainerd, Chang, & Bialer (2020)",2020-48948-001.pdf,1.69,,,,,,,,,,,,,5.26,0.04,0.05,,,1.69,1.97,,,,,,,,,,,,0.04,5.26,0.5,1.69,1.97,2.0,0.0,0.0,0.67,0.1,0.11,0.19,0.1,0.21,0.27,Low-MBAS/high-MGS,0.04,0.19,0.19,0.05,0.09,0.12
occ_01182,Glory,glory,list_word,T1,1,Honor,honor,brainerd2020_120::honor,Brainerd2020_120_4word_lists,"Brainerd, Chang, & Bialer (2020)",2020-48948-001.pdf,1.66,,,,,,,,,,,,,5.26,0.04,0.05,,,1.69,1.97,,,,,,,,,,,,0.04,5.26,0.5,1.69,1.97,2.0,0.0,0.0,0.67,0.1,0.11,0.19,0.1,0.21,0.27,Low-MBAS/high-MGS,0.04,0.19,0.19,0.05,0.09,0.12
occ_01183,Pride,pride,list_word,T2,2,Honor,honor,brainerd2020_120::honor,Brainerd2020_120_4word_lists,"Brainerd, Chang, & Bialer (2020)",2020-48948-001.pdf,1.77,,,,,,,,,,,,,5.26,0.04,0.05,,,1.69,1.97,,,,,,,,,,,,0.04,5.26,0.5,1.69,1.97,2.0,0.0,0.0,0.67,0.1,0.11,0.19,0.1,0.21,0.27,Low-MBAS/high-MGS,0.04,0.19,0.19,0.05,0.09,0.12
occ_01184,Trust,trust,list_word,T3,3,Honor,honor,brainerd2020_120::honor,Brainerd2020_120_4word_lists,"Brainerd, Chang, & Bialer (2020)",2020-48948-001.pdf,1.98,,,,,,,,,,,,,5.26,0.04,0.05,,,1.69,1.97,,,,,,,,,,,,0.04,5.26,0.5,1.69,1.97,2.0,0.0,0.0,0.67,0.1,0.11,0.19,0.1,0.21,0.27,Low-MBAS/high-MGS,0.04,0.19,0.19,0.05,0.09,0.12
occ_01185,Truth,truth,list_word,T4,4,Honor,honor,brainerd2020_120::honor,Brainerd2020_120_4word_lists,"Brainerd, Chang, & Bialer (2020)",2020-48948-001.pdf,2.25,,,,,,,,,,,,,5.26,0.04,0.05,,,1.69,1.97,,,,,,,,,,,,0.04,5.26,0.5,1.69,1.97,2.0,0.0,0.0,0.67,0.1,0.11,0.19,0.1,0.21,0.27,Low-MBAS/high-MGS,0.04,0.19,0.19,0.05,0.09,0.12
occ_01186,Horse,horse,critical_distractor,CD,0,Horse,horse,brainerd2020_120::horse,Brainerd2020_120_4word_lists,"Brainerd, Chang, & Bialer (2020)",2020-48948-001.pdf,2.2,,,,,,,,,,,,,5.47,0.74,0.06,,,2.2,1.11,,,,,,,,,,,,0.74,5.47,0.5,2.2,1.11,0.0,2.0,2.0,1.33,0.07,0.24,0.16,0.1,0.02,0.22,High-MBAS/low-MGS,0.2,0.12,0.0,0.0,0.1,0.18
occ_01187,Saddle,saddle,list_word,T1,1,Horse,horse,brainerd2020_120::horse,Brainerd2020_120_4word_lists,"Brainerd, Chang, & Bialer (2020)",2020-48948-001.pdf,1.42,,,,,,,,,,,,,5.47,0.74,0.06,,,2.2,1.11,,,,,,,,,,,,0.74,5.47,0.5,2.2,1.11,0.0,2.0,2.0,1.33,0.07,0.24,0.16,0.1,0.02,0.22,High-MBAS/low-MGS,0.2,0.12,0.0,0.0,0.1,0.18
occ_01188,Pony,pony,list_word,T2,2,Horse,horse,brainerd2020_120::horse,Brainerd2020_120_4word_lists,"Brainerd, Chang, & Bialer (2020)",2020-48948-001.pdf,1.13,,,,,,,,,,,,,5.47,0.74,0.06,,,2.2,1.11,,,,,,,,,,,,0.74,5.47,0.5,2.2,1.11,0.0,2.0,2.0,1.33,0.07,0.24,0.16,0.1,0.02,0.22,High-MBAS/low-MGS,0.2,0.12,0.0,0.0,0.1,0.18
occ_01189,Gallop,gallop,list_word,T3,3,Horse,horse,brainerd2020_120::horse,Brainerd2020_120_4word_lists,"Brainerd, Chang, & Bialer (2020)",2020-48948-001.pdf,0.87,,,,,,,,,,,,,5.47,0.74,0.06,,,2.2,1.11,,,,,,,,,,,,0.74,5.47,0.5,2.2,1.11,0.0,2.0,2.0,1.33,0.07,0.24,0.16,0.1,0.02,0.22,High-MBAS/low-MGS,0.2,0.12,0.0,0.0,0.1,0.18
occ_01190,Colt,colt,list_word,T4,4,Horse,horse,brainerd2020_120::horse,Brainerd2020_120_4word_lists,"Brainerd, Chang, & Bialer (2020)",2020-48948-001.pdf,0.62,,,,,,,,,,,,,5.47,0.74,0.06,,,2.2,1.11,,,,,,,,,,,,0.74,5.47,0.5,2.2,1.11,0.0,2.0,2.0,1.33,0.07,0.24,0.16,0.1,0.02,0.22,High-MBAS/low-MGS,0.2,0.12,0.0,0.0,0.1,0.18
occ_01191,Judge,judge,critical_distractor,CD,0,Judge,judge,brainerd2020_120::judge,Brainerd2020_120_4word_lists,"Brainerd, Chang, & Bialer (2020)",2020-48948-001.pdf,1.92,,,,,,,,,,,,,2.43,0.06,0.07,,,1.92,1.91,,,,,,,,,,,,0.06,2.43,0.0,1.92,1.91,0.0,0.0,1.0,0.33,0.24,0.17,0.27,0.01,0.11,0.19,High-MBAS/low-MGS,0.06,0.15,0.05,0.08,0.01,0.31
occ_01192,Court,court,list_word,T1,1,Judge,judge,brainerd2020_120::judge,Brainerd2020_120_4word_lists,"Brainerd, Chang, & Bialer (2020)",2020-48948-001.pdf,2.29,,,,,,,,,,,,,2.43,0.06,0.07,,,1.92,1.91,,,,,,,,,,,,0.06,2.43,0.0,1.92,1.91,0.0,0.0,1.0,0.33,0.24,0.17,0.27,0.01,0.11,0.19,High-MBAS/low-MGS,0.06,0.15,0.05,0.08,0.01,0.31
occ_01193,Dull,dull,list_word,T2,2,Judge,judge,brainerd2020_120::judge,Brainerd2020_120_4word_lists,"Brainerd, Chang, & Bialer (2020)",2020-48948-001.pdf,1.65,,,,,,,,,,,,,2.43,0.06,0.07,,,1.92,1.91,,,,,,,,,,,,0.06,2.43,0.0,1.92,1.91,0.0,0.0,1.0,0.33,0.24,0.17,0.27,0.01,0.11,0.19,High-MBAS/low-MGS,0.06,0.15,0.05,0.08,0.01,0.31
occ_01194,Inability,inability,list_word,T3,3,Judge,judge,brainerd2020_120::judge,Brainerd2020_120_4word_lists,"Brainerd, Chang, & Bialer (2020)",2020-48948-001.pdf,0.94,,,,,,,,,,,,,2.43,0.06,0.07,,,1.92,1.91,,,,,,,,,,,,0.06,2.43,0.0,1.92,1.91,0.0,0.0,1.0,0.33,0.24,0.17,0.27,0.01,0.11,0.19,High-MBAS/low-MGS,0.06,0.15,0.05,0.08,0.01,0.31
occ_01195,Huge,huge,list_word,T4,4,Judge,judge,brainerd2020_120::judge,Brainerd2020_120_4word_lists,"Brainerd, Chang, & Bialer (2020)",2020-48948-001.pdf,1.86,,,,,,,,,,,,,2.43,0.06,0.07,,,1.92,1.91,,,,,,,,,,,,0.06,2.43,0.0,1.92,1.91,0.0,0.0,1.0,0.33,0.24,0.17,0.27,0.01,0.11,0.19,High-MBAS/low-MGS,0.06,0.15,0.05,0.08,0.01,0.31
occ_01196,Land,land,critical_distractor,CD,0,Land,land,brainerd2020_120::land,Brainerd2020_120_4word_lists,"Brainerd, Chang, & Bialer (2020)",2020-48948-001.pdf,2.41,,,,,,,,,,,,,4.17,0.09,0.02,,,2.41,2.02,,,,,,,,,,,,0.09,4.17,0.0,2.41,2.02,1.0,2.0,0.0,1.0,0.3,0.21,0.22,0.33,0.08,0.42,Low-MBAS/high-MGS,0.31,0.17,0.28,0.02,0.0,0.33
occ_01197,Property,property,list_word,T1,1,Land,land,brainerd2020_120::land,Brainerd2020_120_4word_lists,"Brainerd, Chang, & Bialer (2020)",2020-48948-001.pdf,2.04,,,,,,,,,,,,,4.17,0.09,0.02,,,2.41,2.02,,,,,,,,,,,,0.09,4.17,0.0,2.41,2.02,1.0,2.0,0.0,1.0,0.3,0.21,0.22,0.33,0.08,0.42,Low-MBAS/high-MGS,0.31,0.17,0.28,0.02,0.0,0.33
occ_01198,Field,field,list_word,T2,2,Land,land,brainerd2020_120::land,Brainerd2020_120_4word_lists,"Brainerd, Chang, & Bialer (2020)",2020-48948-001.pdf,2.16,,,,,,,,,,,,,4.17,0.09,0.02,,,2.41,2.02,,,,,,,,,,,,0.09,4.17,0.0,2.41,2.02,1.0,2.0,0.0,1.0,0.3,0.21,0.22,0.33,0.08,0.42,Low-MBAS/high-MGS,0.31,0.17,0.28,0.02,0.0,0.33
occ_01199,Island,island,list_word,T3,3,Land,land,brainerd2020_120::land,Brainerd2020_120_4word_lists,"Brainerd, Chang, & Bialer (2020)",2020-48948-001.pdf,1.95,,,,,,,,,,,,,4.17,0.09,0.02,,,2.41,2.02,,,,,,,,,,,,0.09,4.17,0.0,2.41,2.02,1.0,2.0,0.0,1.0,0.3,0.21,0.22,0.33,0.08,0.42,Low-MBAS/high-MGS,0.31,0.17,0.28,0.02,0.0,0.33
occ_01200,Mass,mass,list_word,T4,4,Land,land,brainerd2020_120::land,Brainerd2020_120_4word_lists,"Brainerd, Chang, & Bialer (2020)",2020-48948-001.pdf,1.86,,,,,,,,,,,,,4.17,0.09,0.02,,,2.41,2.02,,,,,,,,,,,,0.09,4.17,0.0,2.41,2.02,1.0,2.0,0.0,1.0,0.3,0.21,0.22,0.33,0.08,0.42,Low-MBAS/high-MGS,0.31,0.17,0.28,0.02,0.0,0.33
occ_01201,Language,language,critical_distractor,CD,0,Language,language,brainerd2020_120::language,Brainerd2020_120_4word_lists,"Brainerd, Chang, & Bialer (2020)",2020-48948-001.pdf,2.16,,,,,,,,,,,,,5.37,0.02,0.1,,,2.16,2.0,,,,,,,,,,,,0.02,5.37,0.75,2.16,2.0,0.0,1.0,3.0,1.33,0.04,0.05,0.3,0.18,0.08,0.42,Low-MBAS/high-MGS,0.31,0.31,0.11,0.23,0.2,0.0
occ_01202,Speech,speech,list_word,T1,1,Language,language,brainerd2020_120::language,Brainerd2020_120_4word_lists,"Brainerd, Chang, & Bialer (2020)",2020-48948-001.pdf,1.97,,,,,,,,,,,,,5.37,0.02,0.1,,,2.16,2.0,,,,,,,,,,,,0.02,5.37,0.75,2.16,2.0,0.0,1.0,3.0,1.33,0.04,0.05,0.3,0.18,0.08,0.42,Low-MBAS/high-MGS,0.31,0.31,0.11,0.23,0.2,0.0
occ_01203,Speak,speak,list_word,T2,2,Language,language,brainerd2020_120::language,Brainerd2020_120_4word_lists,"Brainerd, Chang, & Bialer (2020)",2020-48948-001.pdf,2.31,,,,,,,,,,,,,5.37,0.02,0.1,,,2.16,2.0,,,,,,,,,,,,0.02,5.37,0.75,2.16,2.0,0.0,1.0,3.0,1.33,0.04,0.05,0.3,0.18,0.08,0.42,Low-MBAS/high-MGS,0.31,0.31,0.11,0.23,0.2,0.0
occ_01204,Communication,communication,list_word,T3,3,Language,language,brainerd2020_120::language,Brainerd2020_120_4word_lists,"Brainerd, Chang, & Bialer (2020)",2020-48948-001.pdf,1.62,,,,,,,,,,,,,5.37,0.02,0.1,,,2.16,2.0,,,,,,,,,,,,0.02,5.37,0.75,2.16,2.0,0.0,1.0,3.0,1.33,0.04,0.05,0.3,0.18,0.08,0.42,Low-MBAS/high-MGS,0.31,0.31,0.11,0.23,0.2,0.0
occ_01205,Culture,culture,list_word,T4,4,Language,language,brainerd2020_120::language,Brainerd2020_120_4word_lists,"Brainerd, Chang, & Bialer (2020)",2020-48948-001.pdf,1.75,,,,,,,,,,,,,5.37,0.02,0.1,,,2.16,2.0,,,,,,,,,,,,0.02,5.37,0.75,2.16,2.0,0.0,1.0,3.0,1.33,0.04,0.05,0.3,0.18,0.08,0.42,Low-MBAS/high-MGS,0.31,0.31,0.11,0.23,0.2,0.0
occ_01206,Large,large,critical_distractor,CD,0,Large,large,brainerd2020_120::large,Brainerd2020_120_4word_lists,"Brainerd, Chang, & Bialer (2020)",2020-48948-001.pdf,2.53,,,,,,,,,,,,,2.22,0.01,0.01,,,2.53,1.8,,,,,,,,,,,,0.01,2.22,0.0,2.53,1.8,1.0,0.0,0.0,0.33,0.1,0.17,0.19,0.18,0.14,0.22,Low-MBAS/low-MGS,0.05,0.04,0.22,0.0,0.1,0.17
occ_01207,Giant,giant,list_word,T1,1,Large,large,brainerd2020_120::large,Brainerd2020_120_4word_lists,"Brainerd, Chang, & Bialer (2020)",2020-48948-001.pdf,1.48,,,,,,,,,,,,,2.22,0.01,0.01,,,2.53,1.8,,,,,,,,,,,,0.01,2.22,0.0,2.53,1.8,1.0,0.0,0.0,0.33,0.1,0.17,0.19,0.18,0.14,0.22,Low-MBAS/low-MGS,0.05,0.04,0.22,0.0,0.1,0.17
occ_01208,Badge,badge,list_word,T2,2,Large,large,brainerd2020_120::large,Brainerd2020_120_4word_lists,"Brainerd, Chang, & Bialer (2020)",2020-48948-001.pdf,0.67,,,,,,,,,,,,,2.22,0.01,0.01,,,2.53,1.8,,,,,,,,,,,,0.01,2.22,0.0,2.53,1.8,1.0,0.0,0.0,0.33,0.1,0.17,0.19,0.18,0.14,0.22,Low-MBAS/low-MGS,0.05,0.04,0.22,0.0,0.1,0.17
occ_01209,Response,response,list_word,T3,3,Large,large,brainerd2020_120::large,Brainerd2020_120_4word_lists,"Brainerd, Chang, & Bialer (2020)",2020-48948-001.pdf,1.85,,,,,,,,,,,,,2.22,0.01,0.01,,,2.53,1.8,,,,,,,,,,,,0.01,2.22,0.0,2.53,1.8,1.0,0.0,0.0,0.33,0.1,0.17,0.19,0.18,0.14,0.22,Low-MBAS/low-MGS,0.05,0.04,0.22,0.0,0.1,0.17
occ_01210,Mouth,mouth,list_word,T4,4,Large,large,brainerd2020_120::large,Brainerd2020_120_4word_lists,"Brainerd, Chang, & Bialer (2020)",2020-48948-001.pdf,2.16,,,,,,,,,,,,,2.22,0.01,0.01,,,2.53,1.8,,,,,,,,,,,,0.01,2.22,0.0,2.53,1.8,1.0,0.0,0.0,0.33,0.1,0.17,0.19,0.18,0.14,0.22,Low-MBAS/low-MGS,0.05,0.04,0.22,0.0,0.1,0.17
occ_01211,Lazy,lazy,critical_distractor,CD,0,Lazy,lazy,brainerd2020_120::lazy,Brainerd2020_120_4word_lists,"Brainerd, Chang, & Bialer (2020)",2020-48948-001.pdf,1.17,,,,,,,,,,,,,2.05,0.01,,,,1.17,1.74,,,,,,,,,,,,,,,,,,,,,,,,,,,,,,,,,
occ_01212,Bum,bum,list_word,T1,1,Lazy,lazy,brainerd2020_120::lazy,Brainerd2020_120_4word_lists,"Brainerd, Chang, & Bialer (2020)",2020-48948-001.pdf,0.46,,,,,,,,,,,,,2.05,0.01,,,,1.17,1.74,,,,,,,,,,,,,,,,,,,,,,,,,,,,,,,,,
occ_01213,Afraid,afraid,list_word,T2,2,Lazy,lazy,brainerd2020_120::lazy,Brainerd2020_120_4word_lists,"Brainerd, Chang, & Bialer (2020)",2020-48948-001.pdf,2.09,,,,,,,,,,,,,2.05,0.01,,,,1.17,1.74,,,,,,,,,,,,,,,,,,,,,,,,,,,,,,,,,
occ_01214,Temple,temple,list_word,T3,3,Lazy,lazy,brainerd2020_120::lazy,Brainerd2020_120_4word_lists,"Brainerd, Chang, & Bialer (2020)",2020-48948-001.pdf,1.63,,,,,,,,,,,,,2.05,0.01,,,,1.17,1.74,,,,,,,,,,,,,,,,,,,,,,,,,,,,,,,,,
occ_01215,Throw,throw,list_word,T4,4,Lazy,lazy,brainerd2020_120::lazy,Brainerd2020_120_4word_lists,"Brainerd, Chang, & Bialer (2020)",2020-48948-001.pdf,1.73,,,,,,,,,,,,,2.05,0.01,,,,1.17,1.74,,,,,,,,,,,,,,,,,,,,,,,,,,,,,,,,,
occ_01216,Lecture,lecture,critical_distractor,CD,0,Lecture,lecture,brainerd2020_120::lecture,Brainerd2020_120_4word_lists,"Brainerd, Chang, & Bialer (2020)",2020-48948-001.pdf,1.35,,,,,,,,,,,,,1.74,0.01,,,,1.35,0.58,,,,,,,,,,,,,,,,,,,,,,,,,,,,,,,,,
occ_01217,Boring,boring,list_word,T1,1,Lecture,lecture,brainerd2020_120::lecture,Brainerd2020_120_4word_lists,"Brainerd, Chang, & Bialer (2020)",2020-48948-001.pdf,0.96,,,,,,,,,,,,,1.74,0.01,,,,1.35,0.58,,,,,,,,,,,,,,,,,,,,,,,,,,,,,,,,,
occ_01218,Pane,pane,list_word,T2,2,Lecture,lecture,brainerd2020_120::lecture,Brainerd2020_120_4word_lists,"Brainerd, Chang, & Bialer (2020)",2020-48948-001.pdf,0.56,,,,,,,,,,,,,1.74,0.01,,,,1.35,0.58,,,,,,,,,,,,,,,,,,,,,,,,,,,,,,,,,
occ_01219,Marijuana,marijuana,list_word,T3,3,Lecture,lecture,brainerd2020_120::lecture,Brainerd2020_120_4word_lists,"Brainerd, Chang, & Bialer (2020)",2020-48948-001.pdf,-0.17,,,,,,,,,,,,,1.74,0.01,,,,1.35,0.58,,,,,,,,,,,,,,,,,,,,,,,,,,,,,,,,,
occ_01220,Puddle,puddle,list_word,T4,4,Lecture,lecture,brainerd2020_120::lecture,Brainerd2020_120_4word_lists,"Brainerd, Chang, & Bialer (2020)",2020-48948-001.pdf,0.29,,,,,,,,,,,,,1.74,0.01,,,,1.35,0.58,,,,,,,,,,,,,,,,,,,,,,,,,,,,,,,,,
occ_01221,Liberty,liberty,critical_distractor,CD,0,Liberty,liberty,brainerd2020_120::liberty,Brainerd2020_120_4word_lists,"Brainerd, Chang, & Bialer (2020)",2020-48948-001.pdf,1.6,,,,,,,,,,,,,5.39,0.06,0.16,,,1.6,2.05,,,,,,,,,,,,0.06,5.39,1.25,1.6,2.05,2.0,0.0,1.0,1.0,0.13,0.3,0.25,0.33,0.17,0.53,Low-MBAS/high-MGS,0.34,0.32,0.45,0.0,0.13,0.28
occ_01222,Bell,bell,list_word,T1,1,Liberty,liberty,brainerd2020_120::liberty,Brainerd2020_120_4word_lists,"Brainerd, Chang, & Bialer (2020)",2020-48948-001.pdf,1.76,,,,,,,,,,,,,5.39,0.06,0.16,,,1.6,2.05,,,,,,,,,,,,0.06,5.39,1.25,1.6,2.05,2.0,0.0,1.0,1.0,0.13,0.3,0.25,0.33,0.17,0.53,Low-MBAS/high-MGS,0.34,0.32,0.45,0.0,0.13,0.28
occ_01223,Free,free,list_word,T2,2,Liberty,liberty,brainerd2020_120::liberty,Brainerd2020_120_4word_lists,"Brainerd, Chang, & Bialer (2020)",2020-48948-001.pdf,2.4,,,,,,,,,,,,,5.39,0.06,0.16,,,1.6,2.05,,,,,,,,,,,,0.06,5.39,1.25,1.6,2.05,2.0,0.0,1.0,1.0,0.13,0.3,0.25,0.33,0.17,0.53,Low-MBAS/high-MGS,0.34,0.32,0.45,0.0,0.13,0.28
occ_01224,Freedom,freedom,list_word,T3,3,Liberty,liberty,brainerd2020_120::liberty,Brainerd2020_120_4word_lists,"Brainerd, Chang, & Bialer (2020)",2020-48948-001.pdf,1.79,,,,,,,,,,,,,5.39,0.06,0.16,,,1.6,2.05,,,,,,,,,,,,0.06,5.39,1.25,1.6,2.05,2.0,0.0,1.0,1.0,0.13,0.3,0.25,0.33,0.17,0.53,Low-MBAS/high-MGS,0.34,0.32,0.45,0.0,0.13,0.28
occ_01225,Justice,justice,list_word,T4,4,Liberty,liberty,brainerd2020_120::liberty,Brainerd2020_120_4word_lists,"Brainerd, Chang, & Bialer (2020)",2020-48948-001.pdf,1.91,,,,,,,,,,,,,5.39,0.06,0.16,,,1.6,2.05,,,,,,,,,,,,0.06,5.39,1.25,1.6,2.05,2.0,0.0,1.0,1.0,0.13,0.3,0.25,0.33,0.17,0.53,Low-MBAS/high-MGS,0.34,0.32,0.45,0.0,0.13,0.28
occ_01226,Lose,lose,critical_distractor,CD,0,Lose,lose,brainerd2020_120::lose,Brainerd2020_120_4word_lists,"Brainerd, Chang, & Bialer (2020)",2020-48948-001.pdf,1.86,,,,,,,,,,,,,4.81,0.46,,,,1.86,2.19,,,,,,,,,,,,,,,,,,,,,,,,,,,,,,,,,
occ_01227,Win,win,list_word,T1,1,Lose,lose,brainerd2020_120::lose,Brainerd2020_120_4word_lists,"Brainerd, Chang, & Bialer (2020)",2020-48948-001.pdf,1.85,,,,,,,,,,,,,4.81,0.46,,,,1.86,2.19,,,,,,,,,,,,,,,,,,,,,,,,,,,,,,,,,
occ_01228,Find,find,list_word,T2,2,Lose,lose,brainerd2020_120::lose,Brainerd2020_120_4word_lists,"Brainerd, Chang, & Bialer (2020)",2020-48948-001.pdf,2.68,,,,,,,,,,,,,4.81,0.46,,,,1.86,2.19,,,,,,,,,,,,,,,,,,,,,,,,,,,,,,,,,
occ_01229,Gain,gain,list_word,T3,3,Lose,lose,brainerd2020_120::lose,Brainerd2020_120_4word_lists,"Brainerd, Chang, & Bialer (2020)",2020-48948-001.pdf,1.67,,,,,,,,,,,,,4.81,0.46,,,,1.86,2.19,,,,,,,,,,,,,,,,,,,,,,,,,,,,,,,,,
occ_01230,Defeat,defeat,list_word,T4,4,Lose,lose,brainerd2020_120::lose,Brainerd2020_120_4word_lists,"Brainerd, Chang, & Bialer (2020)",2020-48948-001.pdf,1.42,,,,,,,,,,,,,4.81,0.46,,,,1.86,2.19,,,,,,,,,,,,,,,,,,,,,,,,,,,,,,,,,
occ_01231,Map,map,critical_distractor,CD,0,Map,map,brainerd2020_120::map,Brainerd2020_120_4word_lists,"Brainerd, Chang, & Bialer (2020)",2020-48948-001.pdf,1.48,,,,,,,,,,,,,1.82,0.13,,,,1.48,1.59,,,,,,,,,,,,,,,,,,,,,,,,,,,,,,,,,
occ_01232,Atlas,atlas,list_word,T1,1,Map,map,brainerd2020_120::map,Brainerd2020_120_4word_lists,"Brainerd, Chang, & Bialer (2020)",2020-48948-001.pdf,0.47,,,,,,,,,,,,,1.82,0.13,,,,1.48,1.59,,,,,,,,,,,,,,,,,,,,,,,,,,,,,,,,,
occ_01233,Odd,odd,list_word,T2,2,Map,map,brainerd2020_120::map,Brainerd2020_120_4word_lists,"Brainerd, Chang, & Bialer (2020)",2020-48948-001.pdf,1.68,,,,,,,,,,,,,1.82,0.13,,,,1.48,1.59,,,,,,,,,,,,,,,,,,,,,,,,,,,,,,,,,
occ_01234,Justify,justify,list_word,T3,3,Map,map,brainerd2020_120::map,Brainerd2020_120_4word_lists,"Brainerd, Chang, & Bialer (2020)",2020-48948-001.pdf,1.2,,,,,,,,,,,,,1.82,0.13,,,,1.48,1.59,,,,,,,,,,,,,,,,,,,,,,,,,,,,,,,,,
occ_01235,Couple,couple,list_word,T4,4,Map,map,brainerd2020_120::map,Brainerd2020_120_4word_lists,"Brainerd, Chang, & Bialer (2020)",2020-48948-001.pdf,1.94,,,,,,,,,,,,,1.82,0.13,,,,1.48,1.59,,,,,,,,,,,,,,,,,,,,,,,,,,,,,,,,,
occ_01236,Match,match,critical_distractor,CD,0,Match,match,brainerd2020_120::match,Brainerd2020_120_4word_lists,"Brainerd, Chang, & Bialer (2020)",2020-48948-001.pdf,1.81,,,,,,,,,,,,,2.5,0.01,0.01,,,1.81,2.18,,,,,,,,,,,,0.01,2.5,0.0,1.81,2.18,0.0,0.0,1.0,0.33,0.13,0.08,0.19,0.3,0.0,0.16,Low-MBAS/low-MGS,0.33,0.0,0.0,0.12,0.08,0.11
occ_01237,Box,box,list_word,T1,1,Match,match,brainerd2020_120::match,Brainerd2020_120_4word_lists,"Brainerd, Chang, & Bialer (2020)",2020-48948-001.pdf,2.05,,,,,,,,,,,,,2.5,0.01,0.01,,,1.81,2.18,,,,,,,,,,,,0.01,2.5,0.0,1.81,2.18,0.0,0.0,1.0,0.33,0.13,0.08,0.19,0.3,0.0,0.16,Low-MBAS/low-MGS,0.33,0.0,0.0,0.12,0.08,0.11
occ_01238,Ballerina,ballerina,list_word,T2,2,Match,match,brainerd2020_120::match,Brainerd2020_120_4word_lists,"Brainerd, Chang, & Bialer (2020)",2020-48948-001.pdf,-0.33,,,,,,,,,,,,,2.5,0.01,0.01,,,1.81,2.18,,,,,,,,,,,,0.01,2.5,0.0,1.81,2.18,0.0,0.0,1.0,0.33,0.13,0.08,0.19,0.3,0.0,0.16,Low-MBAS/low-MGS,0.33,0.0,0.0,0.12,0.08,0.11
occ_01239,Side,side,list_word,T3,3,Match,match,brainerd2020_120::match,Brainerd2020_120_4word_lists,"Brainerd, Chang, & Bialer (2020)",2020-48948-001.pdf,2.65,,,,,,,,,,,,,2.5,0.01,0.01,,,1.81,2.18,,,,,,,,,,,,0.01,2.5,0.0,1.81,2.18,0.0,0.0,1.0,0.33,0.13,0.08,0.19,0.3,0.0,0.16,Low-MBAS/low-MGS,0.33,0.0,0.0,0.12,0.08,0.11
occ_01240,Calm,calm,list_word,T4,4,Match,match,brainerd2020_120::match,Brainerd2020_120_4word_lists,"Brainerd, Chang, & Bialer (2020)",2020-48948-001.pdf,1.72,,,,,,,,,,,,,2.5,0.01,0.01,,,1.81,2.18,,,,,,,,,,,,0.01,2.5,0.0,1.81,2.18,0.0,0.0,1.0,0.33,0.13,0.08,0.19,0.3,0.0,0.16,Low-MBAS/low-MGS,0.33,0.0,0.0,0.12,0.08,0.11
occ_01241,Middle,middle,critical_distractor,CD,0,Middle,middle,brainerd2020_120::middle,Brainerd2020_120_4word_lists,"Brainerd, Chang, & Bialer (2020)",2020-48948-001.pdf,2.13,,,,,,,,,,,,,2.57,0.01,0.01,,,2.13,1.8,,,,,,,,,,,,0.01,2.57,0.0,2.13,1.8,1.0,0.0,0.0,0.33,0.0,0.0,0.0,0.15,0.02,0.1,Low-MBAS/low-MGS,0.09,0.0,0.12,0.0,0.0,0.0
occ_01242,Average,average,list_word,T1,1,Middle,middle,brainerd2020_120::middle,Brainerd2020_120_4word_lists,"Brainerd, Chang, & Bialer (2020)",2020-48948-001.pdf,1.79,,,,,,,,,,,,,2.57,0.01,0.01,,,2.13,1.8,,,,,,,,,,,,0.01,2.57,0.0,2.13,1.8,1.0,0.0,0.0,0.33,0.0,0.0,0.0,0.15,0.02,0.1,Low-MBAS/low-MGS,0.09,0.0,0.12,0.0,0.0,0.0
occ_01243,Risk,risk,list_word,T2,2,Middle,middle,brainerd2020_120::middle,Brainerd2020_120_4word_lists,"Brainerd, Chang, & Bialer (2020)",2020-48948-001.pdf,1.88,,,,,,,,,,,,,2.57,0.01,0.01,,,2.13,1.8,,,,,,,,,,,,0.01,2.57,0.0,2.13,1.8,1.0,0.0,0.0,0.33,0.0,0.0,0.0,0.15,0.02,0.1,Low-MBAS/low-MGS,0.09,0.0,0.12,0.0,0.0,0.0
occ_01244,Tender,tender,list_word,T3,3,Middle,middle,brainerd2020_120::middle,Brainerd2020_120_4word_lists,"Brainerd, Chang, & Bialer (2020)",2020-48948-001.pdf,1.64,,,,,,,,,,,,,2.57,0.01,0.01,,,2.13,1.8,,,,,,,,,,,,0.01,2.57,0.0,2.13,1.8,1.0,0.0,0.0,0.33,0.0,0.0,0.0,0.15,0.02,0.1,Low-MBAS/low-MGS,0.09,0.0,0.12,0.0,0.0,0.0
occ_01245,Reply,reply,list_word,T4,4,Middle,middle,brainerd2020_120::middle,Brainerd2020_120_4word_lists,"Brainerd, Chang, & Bialer (2020)",2020-48948-001.pdf,1.86,,,,,,,,,,,,,2.57,0.01,0.01,,,2.13,1.8,,,,,,,,,,,,0.01,2.57,0.0,2.13,1.8,1.0,0.0,0.0,0.33,0.0,0.0,0.0,0.15,0.02,0.1,Low-MBAS/low-MGS,0.09,0.0,0.12,0.0,0.0,0.0
occ_01246,Move,move,critical_distractor,CD,0,Move,move,brainerd2020_120::move,Brainerd2020_120_4word_lists,"Brainerd, Chang, & Bialer (2020)",2020-48948-001.pdf,2.17,,,,,,,,,,,,,4.38,0.22,0.02,,,2.17,2.35,,,,,,,,,,,,0.22,4.38,0.5,2.17,2.35,1.0,2.0,0.0,1.0,0.24,0.17,0.22,0.13,0.0,0.07,High-MBAS/high-MGS,0.12,0.0,0.05,0.06,0.02,0.29
occ_01247,Haul,haul,list_word,T1,1,Move,move,brainerd2020_120::move,Brainerd2020_120_4word_lists,"Brainerd, Chang, & Bialer (2020)",2020-48948-001.pdf,0.79,,,,,,,,,,,,,4.38,0.22,0.02,,,2.17,2.35,,,,,,,,,,,,0.22,4.38,0.5,2.17,2.35,1.0,2.0,0.0,1.0,0.24,0.17,0.22,0.13,0.0,0.07,High-MBAS/high-MGS,0.12,0.0,0.05,0.06,0.02,0.29
occ_01248,Motion,motion,list_word,T2,2,Move,move,brainerd2020_120::move,Brainerd2020_120_4word_lists,"Brainerd, Chang, & Bialer (2020)",2020-48948-001.pdf,1.69,,,,,,,,,,,,,4.38,0.22,0.02,,,2.17,2.35,,,,,,,,,,,,0.22,4.38,0.5,2.17,2.35,1.0,2.0,0.0,1.0,0.24,0.17,0.22,0.13,0.0,0.07,High-MBAS/high-MGS,0.12,0.0,0.05,0.06,0.02,0.29
occ_01249,Shift,shift,list_word,T3,3,Move,move,brainerd2020_120::move,Brainerd2020_120_4word_lists,"Brainerd, Chang, & Bialer (2020)",2020-48948-001.pdf,1.4,,,,,,,,,,,,,4.38,0.22,0.02,,,2.17,2.35,,,,,,,,,,,,0.22,4.38,0.5,2.17,2.35,1.0,2.0,0.0,1.0,0.24,0.17,0.22,0.13,0.0,0.07,High-MBAS/high-MGS,0.12,0.0,0.05,0.06,0.02,0.29
occ_01250,Still,still,list_word,T4,4,Move,move,brainerd2020_120::move,Brainerd2020_120_4word_lists,"Brainerd, Chang, & Bialer (2020)",2020-48948-001.pdf,2.91,,,,,,,,,,,,,4.38,0.22,0.02,,,2.17,2.35,,,,,,,,,,,,0.22,4.38,0.5,2.17,2.35,1.0,2.0,0.0,1.0,0.24,0.17,0.22,0.13,0.0,0.07,High-MBAS/high-MGS,0.12,0.0,0.05,0.06,0.02,0.29
occ_01251,Oil,oil,critical_distractor,CD,0,Oil,oil,brainerd2020_120::oil,Brainerd2020_120_4word_lists,"Brainerd, Chang, & Bialer (2020)",2020-48948-001.pdf,1.81,,,,,,,,,,,,,5.36,0.13,,,,1.81,1.74,,,,,,,,,,,,,,,,,,,,,,,,,,,,,,,,,
occ_01252,Gas,gas,list_word,T1,1,Oil,oil,brainerd2020_120::oil,Brainerd2020_120_4word_lists,"Brainerd, Chang, & Bialer (2020)",2020-48948-001.pdf,1.72,,,,,,,,,,,,,5.36,0.13,,,,1.81,1.74,,,,,,,,,,,,,,,,,,,,,,,,,,,,,,,,,
occ_01253,Grease,grease,list_word,T2,2,Oil,oil,brainerd2020_120::oil,Brainerd2020_120_4word_lists,"Brainerd, Chang, & Bialer (2020)",2020-48948-001.pdf,0.73,,,,,,,,,,,,,5.36,0.13,,,,1.81,1.74,,,,,,,,,,,,,,,,,,,,,,,,,,,,,,,,,
occ_01254,Car,car,list_word,T3,3,Oil,oil,brainerd2020_120::oil,Brainerd2020_120_4word_lists,"Brainerd, Chang, & Bialer (2020)",2020-48948-001.pdf,2.21,,,,,,,,,,,,,5.36,0.13,,,,1.81,1.74,,,,,,,,,,,,,,,,,,,,,,,,,,,,,,,,,
occ_01255,Spill,spill,list_word,T4,4,Oil,oil,brainerd2020_120::oil,Brainerd2020_120_4word_lists,"Brainerd, Chang, & Bialer (2020)",2020-48948-001.pdf,0.53,,,,,,,,,,,,,5.36,0.13,,,,1.81,1.74,,,,,,,,,,,,,,,,,,,,,,,,,,,,,,,,,
occ_01256,Order,order,critical_distractor,CD,0,Order,order,brainerd2020_120::order,Brainerd2020_120_4word_lists,"Brainerd, Chang, & Bialer (2020)",2020-48948-001.pdf,2.49,,,,,,,,,,,,,2.9,0.01,0.01,,,2.49,1.91,,,,,,,,,,,,0.01,2.9,0.0,2.49,1.91,0.0,0.0,0.0,0.0,0.27,0.14,0.19,0.24,0.0,0.16,Low-MBAS/low-MGS,0.24,0.0,0.07,0.08,0.0,0.28
occ_01257,Chaos,chaos,list_word,T1,1,Order,order,brainerd2020_120::order,Brainerd2020_120_4word_lists,"Brainerd, Chang, & Bialer (2020)",2020-48948-001.pdf,1.13,,,,,,,,,,,,,2.9,0.01,0.01,,,2.49,1.91,,,,,,,,,,,,0.01,2.9,0.0,2.49,1.91,0.0,0.0,0.0,0.0,0.27,0.14,0.19,0.24,0.0,0.16,Low-MBAS/low-MGS,0.24,0.0,0.07,0.08,0.0,0.28
occ_01258,Run,run,list_word,T2,2,Order,order,brainerd2020_120::order,Brainerd2020_120_4word_lists,"Brainerd, Chang, & Bialer (2020)",2020-48948-001.pdf,2.34,,,,,,,,,,,,,2.9,0.01,0.01,,,2.49,1.91,,,,,,,,,,,,0.01,2.9,0.0,2.49,1.91,0.0,0.0,0.0,0.0,0.27,0.14,0.19,0.24,0.0,0.16,Low-MBAS/low-MGS,0.24,0.0,0.07,0.08,0.0,0.28
occ_01259,Curve,curve,list_word,T3,3,Order,order,brainerd2020_120::order,Brainerd2020_120_4word_lists,"Brainerd, Chang, & Bialer (2020)",2020-48948-001.pdf,1.27,,,,,,,,,,,,,2.9,0.01,0.01,,,2.49,1.91,,,,,,,,,,,,0.01,2.9,0.0,2.49,1.91,0.0,0.0,0.0,0.0,0.27,0.14,0.19,0.24,0.0,0.16,Low-MBAS/low-MGS,0.24,0.0,0.07,0.08,0.0,0.28
occ_01260,Wine,wine,list_word,T4,4,Order,order,brainerd2020_120::order,Brainerd2020_120_4word_lists,"Brainerd, Chang, & Bialer (2020)",2020-48948-001.pdf,1.88,,,,,,,,,,,,,2.9,0.01,0.01,,,2.49,1.91,,,,,,,,,,,,0.01,2.9,0.0,2.49,1.91,0.0,0.0,0.0,0.0,0.27,0.14,0.19,0.24,0.0,0.16,Low-MBAS/low-MGS,0.24,0.0,0.07,0.08,0.0,0.28
occ_01261,Package,package,critical_distractor,CD,0,Package,package,brainerd2020_120::package,Brainerd2020_120_4word_lists,"Brainerd, Chang, & Bialer (2020)",2020-48948-001.pdf,1.47,,,,,,,,,,,,,5.61,0.03,0.05,,,1.47,1.73,,,,,,,,,,,,0.03,5.61,1.0,1.47,1.73,0.0,1.0,3.0,1.33,0.27,0.24,0.19,0.3,0.14,0.3,Low-MBAS/high-MGS,0.18,0.07,0.32,0.0,0.0,0.34
occ_01262,Mail,mail,list_word,T1,1,Package,package,brainerd2020_120::package,Brainerd2020_120_4word_lists,"Brainerd, Chang, & Bialer (2020)",2020-48948-001.pdf,1.71,,,,,,,,,,,,,5.61,0.03,0.05,,,1.47,1.73,,,,,,,,,,,,0.03,5.61,1.0,1.47,1.73,0.0,1.0,3.0,1.33,0.27,0.24,0.19,0.3,0.14,0.3,Low-MBAS/high-MGS,0.18,0.07,0.32,0.0,0.0,0.34
occ_01263,Wrap,wrap,list_word,T2,2,Package,package,brainerd2020_120::package,Brainerd2020_120_4word_lists,"Brainerd, Chang, & Bialer (2020)",2020-48948-001.pdf,0.83,,,,,,,,,,,,,5.61,0.03,0.05,,,1.47,1.73,,,,,,,,,,,,0.03,5.61,1.0,1.47,1.73,0.0,1.0,3.0,1.33,0.27,0.24,0.19,0.3,0.14,0.3,Low-MBAS/high-MGS,0.18,0.07,0.32,0.0,0.0,0.34
occ_01264,Deliver,deliver,list_word,T3,3,Package,package,brainerd2020_120::package,Brainerd2020_120_4word_lists,"Brainerd, Chang, & Bialer (2020)",2020-48948-001.pdf,1.33,,,,,,,,,,,,,5.61,0.03,0.05,,,1.47,1.73,,,,,,,,,,,,0.03,5.61,1.0,1.47,1.73,0.0,1.0,3.0,1.33,0.27,0.24,0.19,0.3,0.14,0.3,Low-MBAS/high-MGS,0.18,0.07,0.32,0.0,0.0,0.34
occ_01265,Send,send,list_word,T4,4,Package,package,brainerd2020_120::package,Brainerd2020_120_4word_lists,"Brainerd, Chang, & Bialer (2020)",2020-48948-001.pdf,2.13,,,,,,,,,,,,,5.61,0.03,0.05,,,1.47,1.73,,,,,,,,,,,,0.03,5.61,1.0,1.47,1.73,0.0,1.0,3.0,1.33,0.27,0.24,0.19,0.3,0.14,0.3,Low-MBAS/high-MGS,0.18,0.07,0.32,0.0,0.0,0.34
occ_01266,Parent,parent,critical_distractor,CD,0,Parent,parent,brainerd2020_120::parent,Brainerd2020_120_4word_lists,"Brainerd, Chang, & Bialer (2020)",2020-48948-001.pdf,1.45,,,,,,,,,,,,,2.37,0.03,0.01,,,1.45,1.37,,,,,,,,,,,,0.03,2.37,0.0,1.45,1.37,0.0,1.0,0.0,0.33,0.1,0.08,0.16,0.53,0.0,0.42,Low-MBAS/low-MGS,0.45,0.0,0.36,0.07,0.09,0.08
occ_01267,Adult,adult,list_word,T1,1,Parent,parent,brainerd2020_120::parent,Brainerd2020_120_4word_lists,"Brainerd, Chang, & Bialer (2020)",2020-48948-001.pdf,1.42,,,,,,,,,,,,,2.37,0.03,0.01,,,1.45,1.37,,,,,,,,,,,,0.03,2.37,0.0,1.45,1.37,0.0,1.0,0.0,0.33,0.1,0.08,0.16,0.53,0.0,0.42,Low-MBAS/low-MGS,0.45,0.0,0.36,0.07,0.09,0.08
occ_01268,Cocaine,cocaine,list_word,T2,2,Parent,parent,brainerd2020_120::parent,Brainerd2020_120_4word_lists,"Brainerd, Chang, & Bialer (2020)",2020-48948-001.pdf,0.5,,,,,,,,,,,,,2.37,0.03,0.01,,,1.45,1.37,,,,,,,,,,,,0.03,2.37,0.0,1.45,1.37,0.0,1.0,0.0,0.33,0.1,0.08,0.16,0.53,0.0,0.42,Low-MBAS/low-MGS,0.45,0.0,0.36,0.07,0.09,0.08
occ_01269,Daisy,daisy,list_word,T3,3,Parent,parent,brainerd2020_120::parent,Brainerd2020_120_4word_lists,"Brainerd, Chang, & Bialer (2020)",2020-48948-001.pdf,0.88,,,,,,,,,,,,,2.37,0.03,0.01,,,1.45,1.37,,,,,,,,,,,,0.03,2.37,0.0,1.45,1.37,0.0,1.0,0.0,0.33,0.1,0.08,0.16,0.53,0.0,0.42,Low-MBAS/low-MGS,0.45,0.0,0.36,0.07,0.09,0.08
occ_01270,Spend,spend,list_word,T4,4,Parent,parent,brainerd2020_120::parent,Brainerd2020_120_4word_lists,"Brainerd, Chang, & Bialer (2020)",2020-48948-001.pdf,1.76,,,,,,,,,,,,,2.37,0.03,0.01,,,1.45,1.37,,,,,,,,,,,,0.03,2.37,0.0,1.45,1.37,0.0,1.0,0.0,0.33,0.1,0.08,0.16,0.53,0.0,0.42,Low-MBAS/low-MGS,0.45,0.0,0.36,0.07,0.09,0.08
occ_01271,Peace,peace,critical_distractor,CD,0,Peace,peace,brainerd2020_120::peace,Brainerd2020_120_4word_lists,"Brainerd, Chang, & Bialer (2020)",2020-48948-001.pdf,2.08,,,,,,,,,,,,,4.13,0.07,0.09,,,2.08,1.98,,,,,,,,,,,,0.07,4.13,0.0,2.08,1.98,0.0,0.0,0.0,0.0,0.13,0.11,0.27,0.21,0.02,0.3,High-MBAS/high-MGS,0.3,0.19,0.07,0.22,0.19,0.1
occ_01272,War,war,list_word,T1,1,Peace,peace,brainerd2020_120::peace,Brainerd2020_120_4word_lists,"Brainerd, Chang, & Bialer (2020)",2020-48948-001.pdf,2.43,,,,,,,,,,,,,4.13,0.07,0.09,,,2.08,1.98,,,,,,,,,,,,0.07,4.13,0.0,2.08,1.98,0.0,0.0,0.0,0.0,0.13,0.11,0.27,0.21,0.02,0.3,High-MBAS/high-MGS,0.3,0.19,0.07,0.22,0.19,0.1
occ_01273,Mess,mess,list_word,T2,2,Peace,peace,brainerd2020_120::peace,Brainerd2020_120_4word_lists,"Brainerd, Chang, & Bialer (2020)",2020-48948-001.pdf,1.25,,,,,,,,,,,,,4.13,0.07,0.09,,,2.08,1.98,,,,,,,,,,,,0.07,4.13,0.0,2.08,1.98,0.0,0.0,0.0,0.0,0.13,0.11,0.27,0.21,0.02,0.3,High-MBAS/high-MGS,0.3,0.19,0.07,0.22,0.19,0.1
occ_01274,Listen,listen,list_word,T3,3,Peace,peace,brainerd2020_120::peace,Brainerd2020_120_4word_lists,"Brainerd, Chang, & Bialer (2020)",2020-48948-001.pdf,1.91,,,,,,,,,,,,,4.13,0.07,0.09,,,2.08,1.98,,,,,,,,,,,,0.07,4.13,0.0,2.08,1.98,0.0,0.0,0.0,0.0,0.13,0.11,0.27,0.21,0.02,0.3,High-MBAS/high-MGS,0.3,0.19,0.07,0.22,0.19,0.1
occ_01275,Spy,spy,list_word,T4,4,Peace,peace,brainerd2020_120::peace,Brainerd2020_120_4word_lists,"Brainerd, Chang, & Bialer (2020)",2020-48948-001.pdf,1.1,,,,,,,,,,,,,4.13,0.07,0.09,,,2.08,1.98,,,,,,,,,,,,0.07,4.13,0.0,2.08,1.98,0.0,0.0,0.0,0.0,0.13,0.11,0.27,0.21,0.02,0.3,High-MBAS/high-MGS,0.3,0.19,0.07,0.22,0.19,0.1
occ_01276,Pen,pen,critical_distractor,CD,0,Pen,pen,brainerd2020_120::pen,Brainerd2020_120_4word_lists,"Brainerd, Chang, & Bialer (2020)",2020-48948-001.pdf,1.55,,,,,,,,,,,,,4.66,0.0,,,,1.55,1.62,,,,,,,,,,,,,,,,,,,,,,,,,,,,,,,,,
occ_01277,Mark,mark,list_word,T1,1,Pen,pen,brainerd2020_120::pen,Brainerd2020_120_4word_lists,"Brainerd, Chang, & Bialer (2020)",2020-48948-001.pdf,2.07,,,,,,,,,,,,,4.66,0.0,,,,1.55,1.62,,,,,,,,,,,,,,,,,,,,,,,,,,,,,,,,,
occ_01278,Desk,desk,list_word,T2,2,Pen,pen,brainerd2020_120::pen,Brainerd2020_120_4word_lists,"Brainerd, Chang, & Bialer (2020)",2020-48948-001.pdf,1.66,,,,,,,,,,,,,4.66,0.0,,,,1.55,1.62,,,,,,,,,,,,,,,,,,,,,,,,,,,,,,,,,
occ_01279,Eraser,eraser,list_word,T3,3,Pen,pen,brainerd2020_120::pen,Brainerd2020_120_4word_lists,"Brainerd, Chang, & Bialer (2020)",2020-48948-001.pdf,-0.73,,,,,,,,,,,,,4.66,0.0,,,,1.55,1.62,,,,,,,,,,,,,,,,,,,,,,,,,,,,,,,,,
occ_01280,Blot,blot,list_word,T4,4,Pen,pen,brainerd2020_120::pen,Brainerd2020_120_4word_lists,"Brainerd, Chang, & Bialer (2020)",2020-48948-001.pdf,0.58,,,,,,,,,,,,,4.66,0.0,,,,1.55,1.62,,,,,,,,,,,,,,,,,,,,,,,,,,,,,,,,,
occ_01281,Picture,picture,critical_distractor,CD,0,Picture,picture,brainerd2020_120::picture,Brainerd2020_120_4word_lists,"Brainerd, Chang, & Bialer (2020)",2020-48948-001.pdf,2.06,,,,,,,,,,,,,5.58,0.48,0.15,,,2.06,1.36,,,,,,,,,,,,0.48,5.58,1.5,2.06,1.36,2.0,0.0,2.0,1.33,0.24,0.17,0.42,0.3,0.11,0.42,High-MBAS/low-MGS,0.28,0.15,0.31,0.27,0.17,0.31
occ_01282,Camera,camera,list_word,T1,1,Picture,picture,brainerd2020_120::picture,Brainerd2020_120_4word_lists,"Brainerd, Chang, & Bialer (2020)",2020-48948-001.pdf,1.17,,,,,,,,,,,,,5.58,0.48,0.15,,,2.06,1.36,,,,,,,,,,,,0.48,5.58,1.5,2.06,1.36,2.0,0.0,2.0,1.33,0.24,0.17,0.42,0.3,0.11,0.42,High-MBAS/low-MGS,0.28,0.15,0.31,0.27,0.17,0.31
occ_01283,Frame,frame,list_word,T2,2,Picture,picture,brainerd2020_120::picture,Brainerd2020_120_4word_lists,"Brainerd, Chang, & Bialer (2020)",2020-48948-001.pdf,1.61,,,,,,,,,,,,,5.58,0.48,0.15,,,2.06,1.36,,,,,,,,,,,,0.48,5.58,1.5,2.06,1.36,2.0,0.0,2.0,1.33,0.24,0.17,0.42,0.3,0.11,0.42,High-MBAS/low-MGS,0.28,0.15,0.31,0.27,0.17,0.31
occ_01284,Painting,painting,list_word,T3,3,Picture,picture,brainerd2020_120::picture,Brainerd2020_120_4word_lists,"Brainerd, Chang, & Bialer (2020)",2020-48948-001.pdf,1.47,,,,,,,,,,,,,5.58,0.48,0.15,,,2.06,1.36,,,,,,,,,,,,0.48,5.58,1.5,2.06,1.36,2.0,0.0,2.0,1.33,0.24,0.17,0.42,0.3,0.11,0.42,High-MBAS/low-MGS,0.28,0.15,0.31,0.27,0.17,0.31
occ_01285,Photo,photo,list_word,T4,4,Picture,picture,brainerd2020_120::picture,Brainerd2020_120_4word_lists,"Brainerd, Chang, & Bialer (2020)",2020-48948-001.pdf,0.86,,,,,,,,,,,,,5.58,0.48,0.15,,,2.06,1.36,,,,,,,,,,,,0.48,5.58,1.5,2.06,1.36,2.0,0.0,2.0,1.33,0.24,0.17,0.42,0.3,0.11,0.42,High-MBAS/low-MGS,0.28,0.15,0.31,0.27,0.17,0.31
occ_01286,Plan,plan,critical_distractor,CD,0,Plan,plan,brainerd2020_120::plan,Brainerd2020_120_4word_lists,"Brainerd, Chang, & Bialer (2020)",2020-48948-001.pdf,2.06,,,,,,,,,,,,,1.75,0.04,,,,2.06,1.73,,,,,,,,,,,,,,,,,,,,,,,,,,,,,,,,,
occ_01287,Blueprint,blueprint,list_word,T1,1,Plan,plan,brainerd2020_120::plan,Brainerd2020_120_4word_lists,"Brainerd, Chang, & Bialer (2020)",2020-48948-001.pdf,0.12,,,,,,,,,,,,,1.75,0.04,,,,2.06,1.73,,,,,,,,,,,,,,,,,,,,,,,,,,,,,,,,,
occ_01288,Soul,soul,list_word,T2,2,Plan,plan,brainerd2020_120::plan,Brainerd2020_120_4word_lists,"Brainerd, Chang, & Bialer (2020)",2020-48948-001.pdf,2.22,,,,,,,,,,,,,1.75,0.04,,,,2.06,1.73,,,,,,,,,,,,,,,,,,,,,,,,,,,,,,,,,
occ_01289,Fat,fat,list_word,T3,3,Plan,plan,brainerd2020_120::plan,Brainerd2020_120_4word_lists,"Brainerd, Chang, & Bialer (2020)",2020-48948-001.pdf,1.7,,,,,,,,,,,,,1.75,0.04,,,,2.06,1.73,,,,,,,,,,,,,,,,,,,,,,,,,,,,,,,,,
occ_01290,Typist,typist,list_word,T4,4,Plan,plan,brainerd2020_120::plan,Brainerd2020_120_4word_lists,"Brainerd, Chang, & Bialer (2020)",2020-48948-001.pdf,-0.21,,,,,,,,,,,,,1.75,0.04,,,,2.06,1.73,,,,,,,,,,,,,,,,,,,,,,,,,,,,,,,,,
occ_01291,Poet,poet,critical_distractor,CD,0,Poet,poet,brainerd2020_120::poet,Brainerd2020_120_4word_lists,"Brainerd, Chang, & Bialer (2020)",2020-48948-001.pdf,1.6,,,,,,,,,,,,,3.76,0.01,0.06,,,1.6,2.05,,,,,,,,,,,,0.01,3.76,0.0,1.6,2.05,0.0,1.0,0.0,0.33,0.01,0.08,0.13,0.27,0.0,0.16,Low-MBAS/low-MGS,0.22,0.0,0.12,0.08,0.17,0.0
occ_01292,Writer,writer,list_word,T1,1,Poet,poet,brainerd2020_120::poet,Brainerd2020_120_4word_lists,"Brainerd, Chang, & Bialer (2020)",2020-48948-001.pdf,1.59,,,,,,,,,,,,,3.76,0.01,0.06,,,1.6,2.05,,,,,,,,,,,,0.01,3.76,0.0,1.6,2.05,0.0,1.0,0.0,0.33,0.01,0.08,0.13,0.27,0.0,0.16,Low-MBAS/low-MGS,0.22,0.0,0.12,0.08,0.17,0.0
occ_01293,Call,call,list_word,T2,2,Poet,poet,brainerd2020_120::poet,Brainerd2020_120_4word_lists,"Brainerd, Chang, & Bialer (2020)",2020-48948-001.pdf,2.41,,,,,,,,,,,,,3.76,0.01,0.06,,,1.6,2.05,,,,,,,,,,,,0.01,3.76,0.0,1.6,2.05,0.0,1.0,0.0,0.33,0.01,0.08,0.13,0.27,0.0,0.16,Low-MBAS/low-MGS,0.22,0.0,0.12,0.08,0.17,0.0
occ_01294,Direction,direction,list_word,T3,3,Poet,poet,brainerd2020_120::poet,Brainerd2020_120_4word_lists,"Brainerd, Chang, & Bialer (2020)",2020-48948-001.pdf,2.03,,,,,,,,,,,,,3.76,0.01,0.06,,,1.6,2.05,,,,,,,,,,,,0.01,3.76,0.0,1.6,2.05,0.0,1.0,0.0,0.33,0.01,0.08,0.13,0.27,0.0,0.16,Low-MBAS/low-MGS,0.22,0.0,0.12,0.08,0.17,0.0
occ_01295,Warning,warning,list_word,T4,4,Poet,poet,brainerd2020_120::poet,Brainerd2020_120_4word_lists,"Brainerd, Chang, & Bialer (2020)",2020-48948-001.pdf,1.63,,,,,,,,,,,,,3.76,0.01,0.06,,,1.6,2.05,,,,,,,,,,,,0.01,3.76,0.0,1.6,2.05,0.0,1.0,0.0,0.33,0.01,0.08,0.13,0.27,0.0,0.16,Low-MBAS/low-MGS,0.22,0.0,0.12,0.08,0.17,0.0
occ_01296,Police,police,critical_distractor,CD,0,Police,police,brainerd2020_120::police,Brainerd2020_120_4word_lists,"Brainerd, Chang, & Bialer (2020)",2020-48948-001.pdf,2.17,,,,,,,,,,,,,1.44,0.06,,,,2.17,1.16,,,,,,,,,,,,,,,,,,,,,,,,,,,,,,,,,
occ_01297,Arrest,arrest,list_word,T1,1,Police,police,brainerd2020_120::police,Brainerd2020_120_4word_lists,"Brainerd, Chang, & Bialer (2020)",2020-48948-001.pdf,1.34,,,,,,,,,,,,,1.44,0.06,,,,2.17,1.16,,,,,,,,,,,,,,,,,,,,,,,,,,,,,,,,,
occ_01298,Elephant,elephant,list_word,T2,2,Police,police,brainerd2020_120::police,Brainerd2020_120_4word_lists,"Brainerd, Chang, & Bialer (2020)",2020-48948-001.pdf,1.06,,,,,,,,,,,,,1.44,0.06,,,,2.17,1.16,,,,,,,,,,,,,,,,,,,,,,,,,,,,,,,,,
occ_01299,Astronomy,astronomy,list_word,T3,3,Police,police,brainerd2020_120::police,Brainerd2020_120_4word_lists,"Brainerd, Chang, & Bialer (2020)",2020-48948-001.pdf,0.77,,,,,,,,,,,,,1.44,0.06,,,,2.17,1.16,,,,,,,,,,,,,,,,,,,,,,,,,,,,,,,,,
occ_01300,Tennis,tennis,list_word,T4,4,Police,police,brainerd2020_120::police,Brainerd2020_120_4word_lists,"Brainerd, Chang, & Bialer (2020)",2020-48948-001.pdf,1.27,,,,,,,,,,,,,1.44,0.06,,,,2.17,1.16,,,,,,,,,,,,,,,,,,,,,,,,,,,,,,,,,
occ_01301,Present,present,critical_distractor,CD,0,Present,present,brainerd2020_120::present,Brainerd2020_120_4word_lists,"Brainerd, Chang, & Bialer (2020)",2020-48948-001.pdf,2.47,,,,,,,,,,,,,3.85,0.1,,,,2.47,1.84,,,,,,,,,,,,,,,,,,,,,,,,,,,,,,,,,
occ_01302,Christmas,christmas,list_word,T1,1,Present,present,brainerd2020_120::present,Brainerd2020_120_4word_lists,"Brainerd, Chang, & Bialer (2020)",2020-48948-001.pdf,1.75,,,,,,,,,,,,,3.85,0.1,,,,2.47,1.84,,,,,,,,,,,,,,,,,,,,,,,,,,,,,,,,,
occ_01303,Birthday,birthday,list_word,T2,2,Present,present,brainerd2020_120::present,Brainerd2020_120_4word_lists,"Brainerd, Chang, & Bialer (2020)",2020-48948-001.pdf,1.33,,,,,,,,,,,,,3.85,0.1,,,,2.47,1.84,,,,,,,,,,,,,,,,,,,,,,,,,,,,,,,,,
occ_01304,Absent,absent,list_word,T3,3,Present,present,brainerd2020_120::present,Brainerd2020_120_4word_lists,"Brainerd, Chang, & Bialer (2020)",2020-48948-001.pdf,1.37,,,,,,,,,,,,,3.85,0.1,,,,2.47,1.84,,,,,,,,,,,,,,,,,,,,,,,,,,,,,,,,,
occ_01305,Future,future,list_word,T4,4,Present,present,brainerd2020_120::present,Brainerd2020_120_4word_lists,"Brainerd, Chang, & Bialer (2020)",2020-48948-001.pdf,2.24,,,,,,,,,,,,,3.85,0.1,,,,2.47,1.84,,,,,,,,,,,,,,,,,,,,,,,,,,,,,,,,,
occ_01306,Pretty,pretty,critical_distractor,CD,0,Pretty,pretty,brainerd2020_120::pretty,Brainerd2020_120_4word_lists,"Brainerd, Chang, & Bialer (2020)",2020-48948-001.pdf,2.19,,,,,,,,,,,,,5.69,0.27,0.04,,,2.19,1.87,,,,,,,,,,,,0.27,5.69,1.5,2.19,1.87,3.0,0.0,0.0,1.0,0.27,0.3,0.42,0.3,0.17,0.42,High-MBAS/high-MGS,0.21,0.17,0.36,0.1,0.16,0.44
occ_01307,Attractive,attractive,list_word,T1,1,Pretty,pretty,brainerd2020_120::pretty,Brainerd2020_120_4word_lists,"Brainerd, Chang, & Bialer (2020)",2020-48948-001.pdf,1.54,,,,,,,,,,,,,5.69,0.27,0.04,,,2.19,1.87,,,,,,,,,,,,0.27,5.69,1.5,2.19,1.87,3.0,0.0,0.0,1.0,0.27,0.3,0.42,0.3,0.17,0.42,High-MBAS/high-MGS,0.21,0.17,0.36,0.1,0.16,0.44
occ_01308,Beautiful,beautiful,list_word,T2,2,Pretty,pretty,brainerd2020_120::pretty,Brainerd2020_120_4word_lists,"Brainerd, Chang, & Bialer (2020)",2020-48948-001.pdf,2.25,,,,,,,,,,,,,5.69,0.27,0.04,,,2.19,1.87,,,,,,,,,,,,0.27,5.69,1.5,2.19,1.87,3.0,0.0,0.0,1.0,0.27,0.3,0.42,0.3,0.17,0.42,High-MBAS/high-MGS,0.21,0.17,0.36,0.1,0.16,0.44
occ_01309,Cute,cute,list_word,T3,3,Pretty,pretty,brainerd2020_120::pretty,Brainerd2020_120_4word_lists,"Brainerd, Chang, & Bialer (2020)",2020-48948-001.pdf,0.55,,,,,,,,,,,,,5.69,0.27,0.04,,,2.19,1.87,,,,,,,,,,,,0.27,5.69,1.5,2.19,1.87,3.0,0.0,0.0,1.0,0.27,0.3,0.42,0.3,0.17,0.42,High-MBAS/high-MGS,0.21,0.17,0.36,0.1,0.16,0.44
occ_01310,Model,model,list_word,T4,4,Pretty,pretty,brainerd2020_120::pretty,Brainerd2020_120_4word_lists,"Brainerd, Chang, & Bialer (2020)",2020-48948-001.pdf,1.88,,,,,,,,,,,,,5.69,0.27,0.04,,,2.19,1.87,,,,,,,,,,,,0.27,5.69,1.5,2.19,1.87,3.0,0.0,0.0,1.0,0.27,0.3,0.42,0.3,0.17,0.42,High-MBAS/high-MGS,0.21,0.17,0.36,0.1,0.16,0.44
occ_01311,Private,private,critical_distractor,CD,0,Private,private,brainerd2020_120::private,Brainerd2020_120_4word_lists,"Brainerd, Chang, & Bialer (2020)",2020-48948-001.pdf,2.12,,,,,,,,,,,,,4.88,0.15,,,,2.12,2.16,,,,,,,,,,,,,,,,,,,,,,,,,,,,,,,,,
occ_01312,Personal,personal,list_word,T1,1,Private,private,brainerd2020_120::private,Brainerd2020_120_4word_lists,"Brainerd, Chang, & Bialer (2020)",2020-48948-001.pdf,2.12,,,,,,,,,,,,,4.88,0.15,,,,2.12,2.16,,,,,,,,,,,,,,,,,,,,,,,,,,,,,,,,,
occ_01313,Public,public,list_word,T2,2,Private,private,brainerd2020_120::private,Brainerd2020_120_4word_lists,"Brainerd, Chang, & Bialer (2020)",2020-48948-001.pdf,2.51,,,,,,,,,,,,,4.88,0.15,,,,2.12,2.16,,,,,,,,,,,,,,,,,,,,,,,,,,,,,,,,,
occ_01314,Secluded,secluded,list_word,T3,3,Private,private,brainerd2020_120::private,Brainerd2020_120_4word_lists,"Brainerd, Chang, & Bialer (2020)",2020-48948-001.pdf,0.66,,,,,,,,,,,,,4.88,0.15,,,,2.12,2.16,,,,,,,,,,,,,,,,,,,,,,,,,,,,,,,,,
occ_01315,Secret,secret,list_word,T4,4,Private,private,brainerd2020_120::private,Brainerd2020_120_4word_lists,"Brainerd, Chang, & Bialer (2020)",2020-48948-001.pdf,2.04,,,,,,,,,,,,,4.88,0.15,,,,2.12,2.16,,,,,,,,,,,,,,,,,,,,,,,,,,,,,,,,,
occ_01316,Prove,prove,critical_distractor,CD,0,Prove,prove,brainerd2020_120::prove,Brainerd2020_120_4word_lists,"Brainerd, Chang, & Bialer (2020)",2020-48948-001.pdf,1.82,,,,,,,,,,,,,2.06,0.01,,,,1.82,1.59,,,,,,,,,,,,,,,,,,,,,,,,,,,,,,,,,
occ_01317,Theory,theory,list_word,T1,1,Prove,prove,brainerd2020_120::prove,Brainerd2020_120_4word_lists,"Brainerd, Chang, & Bialer (2020)",2020-48948-001.pdf,2.02,,,,,,,,,,,,,2.06,0.01,,,,1.82,1.59,,,,,,,,,,,,,,,,,,,,,,,,,,,,,,,,,
occ_01318,Frail,frail,list_word,T2,2,Prove,prove,brainerd2020_120::prove,Brainerd2020_120_4word_lists,"Brainerd, Chang, & Bialer (2020)",2020-48948-001.pdf,0.96,,,,,,,,,,,,,2.06,0.01,,,,1.82,1.59,,,,,,,,,,,,,,,,,,,,,,,,,,,,,,,,,
occ_01319,Hail,hail,list_word,T3,3,Prove,prove,brainerd2020_120::prove,Brainerd2020_120_4word_lists,"Brainerd, Chang, & Bialer (2020)",2020-48948-001.pdf,1.07,,,,,,,,,,,,,2.06,0.01,,,,1.82,1.59,,,,,,,,,,,,,,,,,,,,,,,,,,,,,,,,,
occ_01320,Wake,wake,list_word,T4,4,Prove,prove,brainerd2020_120::prove,Brainerd2020_120_4word_lists,"Brainerd, Chang, & Bialer (2020)",2020-48948-001.pdf,1.51,,,,,,,,,,,,,2.06,0.01,,,,1.82,1.59,,,,,,,,,,,,,,,,,,,,,,,,,,,,,,,,,
occ_01321,Rain,rain,critical_distractor,CD,0,Rain,rain,brainerd2020_120::rain,Brainerd2020_120_4word_lists,"Brainerd, Chang, & Bialer (2020)",2020-48948-001.pdf,1.91,,,,,,,,,,,,,1.91,0.18,,,,1.91,1.57,,,,,,,,,,,,,,,,,,,,,,,,,,,,,,,,,
occ_01322,Umbrella,umbrella,list_word,T1,1,Rain,rain,brainerd2020_120::rain,Brainerd2020_120_4word_lists,"Brainerd, Chang, & Bialer (2020)",2020-48948-001.pdf,1.03,,,,,,,,,,,,,1.91,0.18,,,,1.91,1.57,,,,,,,,,,,,,,,,,,,,,,,,,,,,,,,,,
occ_01323,Duty,duty,list_word,T2,2,Rain,rain,brainerd2020_120::rain,Brainerd2020_120_4word_lists,"Brainerd, Chang, & Bialer (2020)",2020-48948-001.pdf,2.02,,,,,,,,,,,,,1.91,0.18,,,,1.91,1.57,,,,,,,,,,,,,,,,,,,,,,,,,,,,,,,,,
occ_01324,Obey,obey,list_word,T3,3,Rain,rain,brainerd2020_120::rain,Brainerd2020_120_4word_lists,"Brainerd, Chang, & Bialer (2020)",2020-48948-001.pdf,1.35,,,,,,,,,,,,,1.91,0.18,,,,1.91,1.57,,,,,,,,,,,,,,,,,,,,,,,,,,,,,,,,,
occ_01325,Oven,oven,list_word,T4,4,Rain,rain,brainerd2020_120::rain,Brainerd2020_120_4word_lists,"Brainerd, Chang, & Bialer (2020)",2020-48948-001.pdf,1.03,,,,,,,,,,,,,1.91,0.18,,,,1.91,1.57,,,,,,,,,,,,,,,,,,,,,,,,,,,,,,,,,
occ_01326,Real,real,critical_distractor,CD,0,Real,real,brainerd2020_120::real,Brainerd2020_120_4word_lists,"Brainerd, Chang, & Bialer (2020)",2020-48948-001.pdf,2.41,,,,,,,,,,,,,1.74,0.01,,,,2.41,1.25,,,,,,,,,,,,,,,,,,,,,,,,,,,,,,,,,
occ_01327,Fiction,fiction,list_word,T1,1,Real,real,brainerd2020_120::real,Brainerd2020_120_4word_lists,"Brainerd, Chang, & Bialer (2020)",2020-48948-001.pdf,1.32,,,,,,,,,,,,,1.74,0.01,,,,2.41,1.25,,,,,,,,,,,,,,,,,,,,,,,,,,,,,,,,,
occ_01328,Comb,comb,list_word,T2,2,Real,real,brainerd2020_120::real,Brainerd2020_120_4word_lists,"Brainerd, Chang, & Bialer (2020)",2020-48948-001.pdf,0.8,,,,,,,,,,,,,1.74,0.01,,,,2.41,1.25,,,,,,,,,,,,,,,,,,,,,,,,,,,,,,,,,
occ_01329,Bud,bud,list_word,T3,3,Real,real,brainerd2020_120::real,Brainerd2020_120_4word_lists,"Brainerd, Chang, & Bialer (2020)",2020-48948-001.pdf,1.16,,,,,,,,,,,,,1.74,0.01,,,,2.41,1.25,,,,,,,,,,,,,,,,,,,,,,,,,,,,,,,,,
occ_01330,Lawyer,lawyer,list_word,T4,4,Real,real,brainerd2020_120::real,Brainerd2020_120_4word_lists,"Brainerd, Chang, & Bialer (2020)",2020-48948-001.pdf,1.47,,,,,,,,,,,,,1.74,0.01,,,,2.41,1.25,,,,,,,,,,,,,,,,,,,,,,,,,,,,,,,,,
occ_01331,Record,record,critical_distractor,CD,0,Record,record,brainerd2020_120::record,Brainerd2020_120_4word_lists,"Brainerd, Chang, & Bialer (2020)",2020-48948-001.pdf,2.02,,,,,,,,,,,,,5.76,0.06,0.12,,,2.02,1.7,,,,,,,,,,,,0.06,5.76,1.5,2.02,1.7,0.0,2.0,2.0,1.33,0.35,0.21,0.25,0.44,0.3,0.5,Low-MBAS/high-MGS,0.2,0.13,0.63,0.08,0.0,0.38
occ_01332,Disc,disc,list_word,T1,1,Record,record,brainerd2020_120::record,Brainerd2020_120_4word_lists,"Brainerd, Chang, & Bialer (2020)",2020-48948-001.pdf,0.92,,,,,,,,,,,,,5.76,0.06,0.12,,,2.02,1.7,,,,,,,,,,,,0.06,5.76,1.5,2.02,1.7,0.0,2.0,2.0,1.33,0.35,0.21,0.25,0.44,0.3,0.5,Low-MBAS/high-MGS,0.2,0.13,0.63,0.08,0.0,0.38
occ_01333,Music,music,list_word,T2,2,Record,record,brainerd2020_120::record,Brainerd2020_120_4word_lists,"Brainerd, Chang, & Bialer (2020)",2020-48948-001.pdf,2.13,,,,,,,,,,,,,5.76,0.06,0.12,,,2.02,1.7,,,,,,,,,,,,0.06,5.76,1.5,2.02,1.7,0.0,2.0,2.0,1.33,0.35,0.21,0.25,0.44,0.3,0.5,Low-MBAS/high-MGS,0.2,0.13,0.63,0.08,0.0,0.38
occ_01334,Player,player,list_word,T3,3,Record,record,brainerd2020_120::record,Brainerd2020_120_4word_lists,"Brainerd, Chang, & Bialer (2020)",2020-48948-001.pdf,1.47,,,,,,,,,,,,,5.76,0.06,0.12,,,2.02,1.7,,,,,,,,,,,,0.06,5.76,1.5,2.02,1.7,0.0,2.0,2.0,1.33,0.35,0.21,0.25,0.44,0.3,0.5,Low-MBAS/high-MGS,0.2,0.13,0.63,0.08,0.0,0.38
occ_01335,Tape,tape,list_word,T4,4,Record,record,brainerd2020_120::record,Brainerd2020_120_4word_lists,"Brainerd, Chang, & Bialer (2020)",2020-48948-001.pdf,1.42,,,,,,,,,,,,,5.76,0.06,0.12,,,2.02,1.7,,,,,,,,,,,,0.06,5.76,1.5,2.02,1.7,0.0,2.0,2.0,1.33,0.35,0.21,0.25,0.44,0.3,0.5,Low-MBAS/high-MGS,0.2,0.13,0.63,0.08,0.0,0.38
occ_01336,Ring,ring,critical_distractor,CD,0,Ring,ring,brainerd2020_120::ring,Brainerd2020_120_4word_lists,"Brainerd, Chang, & Bialer (2020)",2020-48948-001.pdf,1.67,,,,,,,,,,,,,5.61,0.04,0.11,,,1.67,1.9,,,,,,,,,,,,0.04,5.61,0.5,1.67,1.9,0.0,0.0,4.0,1.33,0.41,0.11,0.36,0.3,0.08,0.56,Low-MBAS/high-MGS,0.47,0.55,0.22,0.26,0.0,0.4
occ_01337,Finger,finger,list_word,T1,1,Ring,ring,brainerd2020_120::ring,Brainerd2020_120_4word_lists,"Brainerd, Chang, & Bialer (2020)",2020-48948-001.pdf,1.73,,,,,,,,,,,,,5.61,0.04,0.11,,,1.67,1.9,,,,,,,,,,,,0.04,5.61,0.5,1.67,1.9,0.0,0.0,4.0,1.33,0.41,0.11,0.36,0.3,0.08,0.56,Low-MBAS/high-MGS,0.47,0.55,0.22,0.26,0.0,0.4
occ_01338,Wedding,wedding,list_word,T2,2,Ring,ring,brainerd2020_120::ring,Brainerd2020_120_4word_lists,"Brainerd, Chang, & Bialer (2020)",2020-48948-001.pdf,1.55,,,,,,,,,,,,,5.61,0.04,0.11,,,1.67,1.9,,,,,,,,,,,,0.04,5.61,0.5,1.67,1.9,0.0,0.0,4.0,1.33,0.41,0.11,0.36,0.3,0.08,0.56,Low-MBAS/high-MGS,0.47,0.55,0.22,0.26,0.0,0.4
occ_01339,Gold,gold,list_word,T3,3,Ring,ring,brainerd2020_120::ring,Brainerd2020_120_4word_lists,"Brainerd, Chang, & Bialer (2020)",2020-48948-001.pdf,2.14,,,,,,,,,,,,,5.61,0.04,0.11,,,1.67,1.9,,,,,,,,,,,,0.04,5.61,0.5,1.67,1.9,0.0,0.0,4.0,1.33,0.41,0.11,0.36,0.3,0.08,0.56,Low-MBAS/high-MGS,0.47,0.55,0.22,0.26,0.0,0.4
occ_01340,Marriage,marriage,list_word,T4,4,Ring,ring,brainerd2020_120::ring,Brainerd2020_120_4word_lists,"Brainerd, Chang, & Bialer (2020)",2020-48948-001.pdf,1.97,,,,,,,,,,,,,5.61,0.04,0.11,,,1.67,1.9,,,,,,,,,,,,0.04,5.61,0.5,1.67,1.9,0.0,0.0,4.0,1.33,0.41,0.11,0.36,0.3,0.08,0.56,Low-MBAS/high-MGS,0.47,0.55,0.22,0.26,0.0,0.4
occ_01341,River,river,critical_distractor,CD,0,River,river,brainerd2020_120::river,Brainerd2020_120_4word_lists,"Brainerd, Chang, & Bialer (2020)",2020-48948-001.pdf,2.25,,,,,,,,,,,,,5.7,0.21,,,,2.25,1.64,,,,,,,,,,,,,,,,,,,,,,,,,,,,,,,,,
occ_01342,Canoe,canoe,list_word,T1,1,River,river,brainerd2020_120::river,Brainerd2020_120_4word_lists,"Brainerd, Chang, & Bialer (2020)",2020-48948-001.pdf,1.17,,,,,,,,,,,,,5.7,0.21,,,,2.25,1.64,,,,,,,,,,,,,,,,,,,,,,,,,,,,,,,,,
occ_01343,Flow,flow,list_word,T2,2,River,river,brainerd2020_120::river,Brainerd2020_120_4word_lists,"Brainerd, Chang, & Bialer (2020)",2020-48948-001.pdf,1.58,,,,,,,,,,,,,5.7,0.21,,,,2.25,1.64,,,,,,,,,,,,,,,,,,,,,,,,,,,,,,,,,
occ_01344,Lake,lake,list_word,T3,3,River,river,brainerd2020_120::river,Brainerd2020_120_4word_lists,"Brainerd, Chang, & Bialer (2020)",2020-48948-001.pdf,1.77,,,,,,,,,,,,,5.7,0.21,,,,2.25,1.64,,,,,,,,,,,,,,,,,,,,,,,,,,,,,,,,,
occ_01345,Stream,stream,list_word,T4,4,River,river,brainerd2020_120::river,Brainerd2020_120_4word_lists,"Brainerd, Chang, & Bialer (2020)",2020-48948-001.pdf,1.79,,,,,,,,,,,,,5.7,0.21,,,,2.25,1.64,,,,,,,,,,,,,,,,,,,,,,,,,,,,,,,,,
occ_01346,Rock,rock,critical_distractor,CD,0,Rock,rock,brainerd2020_120::rock,Brainerd2020_120_4word_lists,"Brainerd, Chang, & Bialer (2020)",2020-48948-001.pdf,1.92,,,,,,,,,,,,,5.23,0.39,0.14,,,1.92,1.69,,,,,,,,,,,,0.39,5.23,0.25,1.92,1.69,1.0,2.0,1.0,1.33,0.38,0.39,0.25,0.38,0.17,0.3,High-MBAS/high-MGS,0.17,0.0,0.39,0.0,0.0,0.49
occ_01347,Boulder,boulder,list_word,T1,1,Rock,rock,brainerd2020_120::rock,Brainerd2020_120_4word_lists,"Brainerd, Chang, & Bialer (2020)",2020-48948-001.pdf,0.59,,,,,,,,,,,,,5.23,0.39,0.14,,,1.92,1.69,,,,,,,,,,,,0.39,5.23,0.25,1.92,1.69,1.0,2.0,1.0,1.33,0.38,0.39,0.25,0.38,0.17,0.3,High-MBAS/high-MGS,0.17,0.0,0.39,0.0,0.0,0.49
occ_01348,Stone,stone,list_word,T2,2,Rock,rock,brainerd2020_120::rock,Brainerd2020_120_4word_lists,"Brainerd, Chang, & Bialer (2020)",2020-48948-001.pdf,2.08,,,,,,,,,,,,,5.23,0.39,0.14,,,1.92,1.69,,,,,,,,,,,,0.39,5.23,0.25,1.92,1.69,1.0,2.0,1.0,1.33,0.38,0.39,0.25,0.38,0.17,0.3,High-MBAS/high-MGS,0.17,0.0,0.39,0.0,0.0,0.49
occ_01349,Solid,solid,list_word,T3,3,Rock,rock,brainerd2020_120::rock,Brainerd2020_120_4word_lists,"Brainerd, Chang, & Bialer (2020)",2020-48948-001.pdf,1.58,,,,,,,,,,,,,5.23,0.39,0.14,,,1.92,1.69,,,,,,,,,,,,0.39,5.23,0.25,1.92,1.69,1.0,2.0,1.0,1.33,0.38,0.39,0.25,0.38,0.17,0.3,High-MBAS/high-MGS,0.17,0.0,0.39,0.0,0.0,0.49
occ_01350,Roll,roll,list_word,T4,4,Rock,rock,brainerd2020_120::rock,Brainerd2020_120_4word_lists,"Brainerd, Chang, & Bialer (2020)",2020-48948-001.pdf,1.54,,,,,,,,,,,,,5.23,0.39,0.14,,,1.92,1.69,,,,,,,,,,,,0.39,5.23,0.25,1.92,1.69,1.0,2.0,1.0,1.33,0.38,0.39,0.25,0.38,0.17,0.3,High-MBAS/high-MGS,0.17,0.0,0.39,0.0,0.0,0.49
occ_01351,Roof,roof,critical_distractor,CD,0,Roof,roof,brainerd2020_120::roof,Brainerd2020_120_4word_lists,"Brainerd, Chang, & Bialer (2020)",2020-48948-001.pdf,1.72,,,,,,,,,,,,,4.16,0.27,,,,1.72,1.11,,,,,,,,,,,,,,,,,,,,,,,,,,,,,,,,,
occ_01352,Shingle,shingle,list_word,T1,1,Roof,roof,brainerd2020_120::roof,Brainerd2020_120_4word_lists,"Brainerd, Chang, & Bialer (2020)",2020-48948-001.pdf,0.44,,,,,,,,,,,,,4.16,0.27,,,,1.72,1.11,,,,,,,,,,,,,,,,,,,,,,,,,,,,,,,,,
occ_01353,Ceiling,ceiling,list_word,T2,2,Roof,roof,brainerd2020_120::roof,Brainerd2020_120_4word_lists,"Brainerd, Chang, & Bialer (2020)",2020-48948-001.pdf,1.3,,,,,,,,,,,,,4.16,0.27,,,,1.72,1.11,,,,,,,,,,,,,,,,,,,,,,,,,,,,,,,,,
occ_01354,Tar,tar,list_word,T3,3,Roof,roof,brainerd2020_120::roof,Brainerd2020_120_4word_lists,"Brainerd, Chang, & Bialer (2020)",2020-48948-001.pdf,0.74,,,,,,,,,,,,,4.16,0.27,,,,1.72,1.11,,,,,,,,,,,,,,,,,,,,,,,,,,,,,,,,,
occ_01355,Tin,tin,list_word,T4,4,Roof,roof,brainerd2020_120::roof,Brainerd2020_120_4word_lists,"Brainerd, Chang, & Bialer (2020)",2020-48948-001.pdf,1.36,,,,,,,,,,,,,4.16,0.27,,,,1.72,1.11,,,,,,,,,,,,,,,,,,,,,,,,,,,,,,,,,
occ_01356,Rope,rope,critical_distractor,CD,0,Rope,rope,brainerd2020_120::rope,Brainerd2020_120_4word_lists,"Brainerd, Chang, & Bialer (2020)",2020-48948-001.pdf,1.48,,,,,,,,,,,,,5.5,0.22,0.06,,,1.48,1.09,,,,,,,,,,,,0.22,5.5,1.0,1.48,1.09,0.0,1.0,3.0,1.33,0.27,0.27,0.45,0.18,0.17,0.33,High-MBAS/high-MGS,0.14,0.15,0.25,0.19,0.17,0.44
occ_01357,Knot,knot,list_word,T1,1,Rope,rope,brainerd2020_120::rope,Brainerd2020_120_4word_lists,"Brainerd, Chang, & Bialer (2020)",2020-48948-001.pdf,1.03,,,,,,,,,,,,,5.5,0.22,0.06,,,1.48,1.09,,,,,,,,,,,,0.22,5.5,1.0,1.48,1.09,0.0,1.0,3.0,1.33,0.27,0.27,0.45,0.18,0.17,0.33,High-MBAS/high-MGS,0.14,0.15,0.25,0.19,0.17,0.44
occ_01358,String,string,list_word,T2,2,Rope,rope,brainerd2020_120::rope,Brainerd2020_120_4word_lists,"Brainerd, Chang, & Bialer (2020)",2020-48948-001.pdf,1.53,,,,,,,,,,,,,5.5,0.22,0.06,,,1.48,1.09,,,,,,,,,,,,0.22,5.5,1.0,1.48,1.09,0.0,1.0,3.0,1.33,0.27,0.27,0.45,0.18,0.17,0.33,High-MBAS/high-MGS,0.14,0.15,0.25,0.19,0.17,0.44
occ_01359,Noose,noose,list_word,T3,3,Rope,rope,brainerd2020_120::rope,Brainerd2020_120_4word_lists,"Brainerd, Chang, & Bialer (2020)",2020-48948-001.pdf,0.38,,,,,,,,,,,,,5.5,0.22,0.06,,,1.48,1.09,,,,,,,,,,,,0.22,5.5,1.0,1.48,1.09,0.0,1.0,3.0,1.33,0.27,0.27,0.45,0.18,0.17,0.33,High-MBAS/high-MGS,0.14,0.15,0.25,0.19,0.17,0.44
occ_01360,Twine,twine,list_word,T4,4,Rope,rope,brainerd2020_120::rope,Brainerd2020_120_4word_lists,"Brainerd, Chang, & Bialer (2020)",2020-48948-001.pdf,0.35,,,,,,,,,,,,,5.5,0.22,0.06,,,1.48,1.09,,,,,,,,,,,,0.22,5.5,1.0,1.48,1.09,0.0,1.0,3.0,1.33,0.27,0.27,0.45,0.18,0.17,0.33,High-MBAS/high-MGS,0.14,0.15,0.25,0.19,0.17,0.44
occ_01361,Rule,rule,critical_distractor,CD,0,Rule,rule,brainerd2020_120::rule,Brainerd2020_120_4word_lists,"Brainerd, Chang, & Bialer (2020)",2020-48948-001.pdf,1.93,,,,,,,,,,,,,3.4,0.02,,,,1.93,1.8,,,,,,,,,,,,,,,,,,,,,,,,,,,,,,,,,
occ_01362,Break,break,list_word,T1,1,Rule,rule,brainerd2020_120::rule,Brainerd2020_120_4word_lists,"Brainerd, Chang, & Bialer (2020)",2020-48948-001.pdf,2.01,,,,,,,,,,,,,3.4,0.02,,,,1.93,1.8,,,,,,,,,,,,,,,,,,,,,,,,,,,,,,,,,
occ_01363,Leader,leader,list_word,T2,2,Rule,rule,brainerd2020_120::rule,Brainerd2020_120_4word_lists,"Brainerd, Chang, & Bialer (2020)",2020-48948-001.pdf,1.77,,,,,,,,,,,,,3.4,0.02,,,,1.93,1.8,,,,,,,,,,,,,,,,,,,,,,,,,,,,,,,,,
occ_01364,Measure,measure,list_word,T3,3,Rule,rule,brainerd2020_120::rule,Brainerd2020_120_4word_lists,"Brainerd, Chang, & Bialer (2020)",2020-48948-001.pdf,1.8,,,,,,,,,,,,,3.4,0.02,,,,1.93,1.8,,,,,,,,,,,,,,,,,,,,,,,,,,,,,,,,,
occ_01365,Strict,strict,list_word,T4,4,Rule,rule,brainerd2020_120::rule,Brainerd2020_120_4word_lists,"Brainerd, Chang, & Bialer (2020)",2020-48948-001.pdf,1.42,,,,,,,,,,,,,3.4,0.02,,,,1.93,1.8,,,,,,,,,,,,,,,,,,,,,,,,,,,,,,,,,
occ_01366,Sad,sad,critical_distractor,CD,0,Sad,sad,brainerd2020_120::sad,Brainerd2020_120_4word_lists,"Brainerd, Chang, & Bialer (2020)",2020-48948-001.pdf,1.78,,,,,,,,,,,,,5.25,0.41,0.2,,,1.78,2.01,,,,,,,,,,,,0.41,5.25,1.0,1.78,2.01,0.0,2.0,1.0,1.0,0.53,0.27,0.42,0.33,0.14,0.25,High-MBAS/low-MGS,0.13,0.0,0.32,0.18,0.0,0.59
occ_01367,Cry,cry,list_word,T1,1,Sad,sad,brainerd2020_120::sad,Brainerd2020_120_4word_lists,"Brainerd, Chang, & Bialer (2020)",2020-48948-001.pdf,1.94,,,,,,,,,,,,,5.25,0.41,0.2,,,1.78,2.01,,,,,,,,,,,,0.41,5.25,1.0,1.78,2.01,0.0,2.0,1.0,1.0,0.53,0.27,0.42,0.33,0.14,0.25,High-MBAS/low-MGS,0.13,0.0,0.32,0.18,0.0,0.59
occ_01368,Glad,glad,list_word,T2,2,Sad,sad,brainerd2020_120::sad,Brainerd2020_120_4word_lists,"Brainerd, Chang, & Bialer (2020)",2020-48948-001.pdf,2.08,,,,,,,,,,,,,5.25,0.41,0.2,,,1.78,2.01,,,,,,,,,,,,0.41,5.25,1.0,1.78,2.01,0.0,2.0,1.0,1.0,0.53,0.27,0.42,0.33,0.14,0.25,High-MBAS/low-MGS,0.13,0.0,0.32,0.18,0.0,0.59
occ_01369,Happy,happy,list_word,T3,3,Sad,sad,brainerd2020_120::sad,Brainerd2020_120_4word_lists,"Brainerd, Chang, & Bialer (2020)",2020-48948-001.pdf,2.23,,,,,,,,,,,,,5.25,0.41,0.2,,,1.78,2.01,,,,,,,,,,,,0.41,5.25,1.0,1.78,2.01,0.0,2.0,1.0,1.0,0.53,0.27,0.42,0.33,0.14,0.25,High-MBAS/low-MGS,0.13,0.0,0.32,0.18,0.0,0.59
occ_01370,Unhappy,unhappy,list_word,T4,4,Sad,sad,brainerd2020_120::sad,Brainerd2020_120_4word_lists,"Brainerd, Chang, & Bialer (2020)",2020-48948-001.pdf,1.51,,,,,,,,,,,,,5.25,0.41,0.2,,,1.78,2.01,,,,,,,,,,,,0.41,5.25,1.0,1.78,2.01,0.0,2.0,1.0,1.0,0.53,0.27,0.42,0.33,0.14,0.25,High-MBAS/low-MGS,0.13,0.0,0.32,0.18,0.0,0.59
occ_01371,Save,save,critical_distractor,CD,0,Save,save,brainerd2020_120::save,Brainerd2020_120_4word_lists,"Brainerd, Chang, & Bialer (2020)",2020-48948-001.pdf,2.09,,,,,,,,,,,,,3.28,0.02,,,,2.09,2.0,,,,,,,,,,,,,,,,,,,,,,,,,,,,,,,,,
occ_01372,Help,help,list_word,T1,1,Save,save,brainerd2020_120::save,Brainerd2020_120_4word_lists,"Brainerd, Chang, & Bialer (2020)",2020-48948-001.pdf,2.54,,,,,,,,,,,,,3.28,0.02,,,,2.09,2.0,,,,,,,,,,,,,,,,,,,,,,,,,,,,,,,,,
occ_01373,Collect,collect,list_word,T2,2,Save,save,brainerd2020_120::save,Brainerd2020_120_4word_lists,"Brainerd, Chang, & Bialer (2020)",2020-48948-001.pdf,1.31,,,,,,,,,,,,,3.28,0.02,,,,2.09,2.0,,,,,,,,,,,,,,,,,,,,,,,,,,,,,,,,,
occ_01374,Destroy,destroy,list_word,T3,3,Save,save,brainerd2020_120::save,Brainerd2020_120_4word_lists,"Brainerd, Chang, & Bialer (2020)",2020-48948-001.pdf,1.43,,,,,,,,,,,,,3.28,0.02,,,,2.09,2.0,,,,,,,,,,,,,,,,,,,,,,,,,,,,,,,,,
occ_01375,Drown,drown,list_word,T4,4,Save,save,brainerd2020_120::save,Brainerd2020_120_4word_lists,"Brainerd, Chang, & Bialer (2020)",2020-48948-001.pdf,0.78,,,,,,,,,,,,,3.28,0.02,,,,2.09,2.0,,,,,,,,,,,,,,,,,,,,,,,,,,,,,,,,,
occ_01376,Schedule,schedule,critical_distractor,CD,0,Schedule,schedule,brainerd2020_120::schedule,Brainerd2020_120_4word_lists,"Brainerd, Chang, & Bialer (2020)",2020-48948-001.pdf,1.24,,,,,,,,,,,,,5.55,0.04,0.02,,,1.24,1.49,,,,,,,,,,,,0.04,5.55,0.0,1.24,1.49,0.0,0.0,3.0,1.0,0.21,0.17,0.39,0.24,0.21,0.36,Low-MBAS/high-MGS,0.13,0.12,0.34,0.23,0.16,0.28
occ_01377,Appointment,appointment,list_word,T1,1,Schedule,schedule,brainerd2020_120::schedule,Brainerd2020_120_4word_lists,"Brainerd, Chang, & Bialer (2020)",2020-48948-001.pdf,1.46,,,,,,,,,,,,,5.55,0.04,0.02,,,1.24,1.49,,,,,,,,,,,,0.04,5.55,0.0,1.24,1.49,0.0,0.0,3.0,1.0,0.21,0.17,0.39,0.24,0.21,0.36,Low-MBAS/high-MGS,0.13,0.12,0.34,0.23,0.16,0.28
occ_01378,Routine,routine,list_word,T2,2,Schedule,schedule,brainerd2020_120::schedule,Brainerd2020_120_4word_lists,"Brainerd, Chang, & Bialer (2020)",2020-48948-001.pdf,1.44,,,,,,,,,,,,,5.55,0.04,0.02,,,1.24,1.49,,,,,,,,,,,,0.04,5.55,0.0,1.24,1.49,0.0,0.0,3.0,1.0,0.21,0.17,0.39,0.24,0.21,0.36,Low-MBAS/high-MGS,0.13,0.12,0.34,0.23,0.16,0.28
occ_01379,Calendar,calendar,list_word,T3,3,Schedule,schedule,brainerd2020_120::schedule,Brainerd2020_120_4word_lists,"Brainerd, Chang, & Bialer (2020)",2020-48948-001.pdf,0.94,,,,,,,,,,,,,5.55,0.04,0.02,,,1.24,1.49,,,,,,,,,,,,0.04,5.55,0.0,1.24,1.49,0.0,0.0,3.0,1.0,0.21,0.17,0.39,0.24,0.21,0.36,Low-MBAS/high-MGS,0.13,0.12,0.34,0.23,0.16,0.28
occ_01380,Busy,busy,list_word,T4,4,Schedule,schedule,brainerd2020_120::schedule,Brainerd2020_120_4word_lists,"Brainerd, Chang, & Bialer (2020)",2020-48948-001.pdf,1.78,,,,,,,,,,,,,5.55,0.04,0.02,,,1.24,1.49,,,,,,,,,,,,0.04,5.55,0.0,1.24,1.49,0.0,0.0,3.0,1.0,0.21,0.17,0.39,0.24,0.21,0.36,Low-MBAS/high-MGS,0.13,0.12,0.34,0.23,0.16,0.28
occ_01381,Science,science,critical_distractor,CD,0,Science,science,brainerd2020_120::science,Brainerd2020_120_4word_lists,"Brainerd, Chang, & Bialer (2020)",2020-48948-001.pdf,2.03,,,,,,,,,,,,,1.9,0.01,,,,2.03,1.27,,,,,,,,,,,,,,,,,,,,,,,,,,,,,,,,,
occ_01382,Scientist,scientist,list_word,T1,1,Science,science,brainerd2020_120::science,Brainerd2020_120_4word_lists,"Brainerd, Chang, & Bialer (2020)",2020-48948-001.pdf,1.08,,,,,,,,,,,,,1.9,0.01,,,,2.03,1.27,,,,,,,,,,,,,,,,,,,,,,,,,,,,,,,,,
occ_01383,Steeple,steeple,list_word,T2,2,Science,science,brainerd2020_120::science,Brainerd2020_120_4word_lists,"Brainerd, Chang, & Bialer (2020)",2020-48948-001.pdf,0.38,,,,,,,,,,,,,1.9,0.01,,,,2.03,1.27,,,,,,,,,,,,,,,,,,,,,,,,,,,,,,,,,
occ_01384,Hum,hum,list_word,T3,3,Science,science,brainerd2020_120::science,Brainerd2020_120_4word_lists,"Brainerd, Chang, & Bialer (2020)",2020-48948-001.pdf,0.98,,,,,,,,,,,,,1.9,0.01,,,,2.03,1.27,,,,,,,,,,,,,,,,,,,,,,,,,,,,,,,,,
occ_01385,Track,track,list_word,T4,4,Science,science,brainerd2020_120::science,Brainerd2020_120_4word_lists,"Brainerd, Chang, & Bialer (2020)",2020-48948-001.pdf,1.7,,,,,,,,,,,,,1.9,0.01,,,,2.03,1.27,,,,,,,,,,,,,,,,,,,,,,,,,,,,,,,,,
occ_01386,Sing,sing,critical_distractor,CD,0,Sing,sing,brainerd2020_120::sing,Brainerd2020_120_4word_lists,"Brainerd, Chang, & Bialer (2020)",2020-48948-001.pdf,1.66,,,,,,,,,,,,,1.77,0.1,,,,1.66,1.66,,,,,,,,,,,,,,,,,,,,,,,,,,,,,,,,,
occ_01387,Choir,choir,list_word,T1,1,Sing,sing,brainerd2020_120::sing,Brainerd2020_120_4word_lists,"Brainerd, Chang, & Bialer (2020)",2020-48948-001.pdf,0.94,,,,,,,,,,,,,1.77,0.1,,,,1.66,1.66,,,,,,,,,,,,,,,,,,,,,,,,,,,,,,,,,
occ_01388,Insurance,insurance,list_word,T2,2,Sing,sing,brainerd2020_120::sing,Brainerd2020_120_4word_lists,"Brainerd, Chang, & Bialer (2020)",2020-48948-001.pdf,1.52,,,,,,,,,,,,,1.77,0.1,,,,1.66,1.66,,,,,,,,,,,,,,,,,,,,,,,,,,,,,,,,,
occ_01389,Opportunity,opportunity,list_word,T3,3,Sing,sing,brainerd2020_120::sing,Brainerd2020_120_4word_lists,"Brainerd, Chang, & Bialer (2020)",2020-48948-001.pdf,1.98,,,,,,,,,,,,,1.77,0.1,,,,1.66,1.66,,,,,,,,,,,,,,,,,,,,,,,,,,,,,,,,,
occ_01390,Midnight,midnight,list_word,T4,4,Sing,sing,brainerd2020_120::sing,Brainerd2020_120_4word_lists,"Brainerd, Chang, & Bialer (2020)",2020-48948-001.pdf,1.67,,,,,,,,,,,,,1.77,0.1,,,,1.66,1.66,,,,,,,,,,,,,,,,,,,,,,,,,,,,,,,,,
occ_01391,Single,single,critical_distractor,CD,0,Single,single,brainerd2020_120::single,Brainerd2020_120_4word_lists,"Brainerd, Chang, & Bialer (2020)",2020-48948-001.pdf,2.22,,,,,,,,,,,,,2.39,0.01,0.03,,,2.22,1.85,,,,,,,,,,,,0.01,2.39,0.0,2.22,1.85,1.0,0.0,0.0,0.33,0.07,0.0,0.19,0.15,0.08,0.3,Low-MBAS/low-MGS,0.17,0.17,0.13,0.15,0.07,0.0
occ_01392,Alone,alone,list_word,T1,1,Single,single,brainerd2020_120::single,Brainerd2020_120_4word_lists,"Brainerd, Chang, & Bialer (2020)",2020-48948-001.pdf,2.41,,,,,,,,,,,,,2.39,0.01,0.03,,,2.22,1.85,,,,,,,,,,,,0.01,2.39,0.0,2.22,1.85,1.0,0.0,0.0,0.33,0.07,0.0,0.19,0.15,0.08,0.3,Low-MBAS/low-MGS,0.17,0.17,0.13,0.15,0.07,0.0
occ_01393,Caboose,caboose,list_word,T2,2,Single,single,brainerd2020_120::single,Brainerd2020_120_4word_lists,"Brainerd, Chang, & Bialer (2020)",2020-48948-001.pdf,-0.56,,,,,,,,,,,,,2.39,0.01,0.03,,,2.22,1.85,,,,,,,,,,,,0.01,2.39,0.0,2.22,1.85,1.0,0.0,0.0,0.33,0.07,0.0,0.19,0.15,0.08,0.3,Low-MBAS/low-MGS,0.17,0.17,0.13,0.15,0.07,0.0
occ_01394,Guilt,guilt,list_word,T3,3,Single,single,brainerd2020_120::single,Brainerd2020_120_4word_lists,"Brainerd, Chang, & Bialer (2020)",2020-48948-001.pdf,1.2,,,,,,,,,,,,,2.39,0.01,0.03,,,2.22,1.85,,,,,,,,,,,,0.01,2.39,0.0,2.22,1.85,1.0,0.0,0.0,0.33,0.07,0.0,0.19,0.15,0.08,0.3,Low-MBAS/low-MGS,0.17,0.17,0.13,0.15,0.07,0.0
occ_01395,Preacher,preacher,list_word,T4,4,Single,single,brainerd2020_120::single,Brainerd2020_120_4word_lists,"Brainerd, Chang, & Bialer (2020)",2020-48948-001.pdf,0.98,,,,,,,,,,,,,2.39,0.01,0.03,,,2.22,1.85,,,,,,,,,,,,0.01,2.39,0.0,2.22,1.85,1.0,0.0,0.0,0.33,0.07,0.0,0.19,0.15,0.08,0.3,Low-MBAS/low-MGS,0.17,0.17,0.13,0.15,0.07,0.0
occ_01396,Sleep,sleep,critical_distractor,CD,0,Sleep,sleep,brainerd2020_120::sleep,Brainerd2020_120_4word_lists,"Brainerd, Chang, & Bialer (2020)",2020-48948-001.pdf,2.13,,,,,,,,,,,,,2.12,0.04,0.01,,,2.13,1.63,,,,,,,,,,,,0.04,2.12,0.0,2.13,1.63,0.0,0.0,1.0,0.33,0.21,0.21,0.0,0.15,0.0,0.13,High-MBAS/low-MGS,0.24,0.0,0.0,0.0,0.0,0.18
occ_01397,Relax,relax,list_word,T1,1,Sleep,sleep,brainerd2020_120::sleep,Brainerd2020_120_4word_lists,"Brainerd, Chang, & Bialer (2020)",2020-48948-001.pdf,1.14,,,,,,,,,,,,,2.12,0.04,0.01,,,2.13,1.63,,,,,,,,,,,,0.04,2.12,0.0,2.13,1.63,0.0,0.0,1.0,0.33,0.21,0.21,0.0,0.15,0.0,0.13,High-MBAS/low-MGS,0.24,0.0,0.0,0.0,0.0,0.18
occ_01398,Cruel,cruel,list_word,T2,2,Sleep,sleep,brainerd2020_120::sleep,Brainerd2020_120_4word_lists,"Brainerd, Chang, & Bialer (2020)",2020-48948-001.pdf,1.58,,,,,,,,,,,,,2.12,0.04,0.01,,,2.13,1.63,,,,,,,,,,,,0.04,2.12,0.0,2.13,1.63,0.0,0.0,1.0,0.33,0.21,0.21,0.0,0.15,0.0,0.13,High-MBAS/low-MGS,0.24,0.0,0.0,0.0,0.0,0.18
occ_01399,Fake,fake,list_word,T3,3,Sleep,sleep,brainerd2020_120::sleep,Brainerd2020_120_4word_lists,"Brainerd, Chang, & Bialer (2020)",2020-48948-001.pdf,0.59,,,,,,,,,,,,,2.12,0.04,0.01,,,2.13,1.63,,,,,,,,,,,,0.04,2.12,0.0,2.13,1.63,0.0,0.0,1.0,0.33,0.21,0.21,0.0,0.15,0.0,0.13,High-MBAS/low-MGS,0.24,0.0,0.0,0.0,0.0,0.18
occ_01400,Brown,brown,list_word,T4,4,Sleep,sleep,brainerd2020_120::sleep,Brainerd2020_120_4word_lists,"Brainerd, Chang, & Bialer (2020)",2020-48948-001.pdf,2.06,,,,,,,,,,,,,2.12,0.04,0.01,,,2.13,1.63,,,,,,,,,,,,0.04,2.12,0.0,2.13,1.63,0.0,0.0,1.0,0.33,0.21,0.21,0.0,0.15,0.0,0.13,High-MBAS/low-MGS,0.24,0.0,0.0,0.0,0.0,0.18
occ_01401,Smoke,smoke,critical_distractor,CD,0,Smoke,smoke,brainerd2020_120::smoke,Brainerd2020_120_4word_lists,"Brainerd, Chang, & Bialer (2020)",2020-48948-001.pdf,1.81,,,,,,,,,,,,,5.9,0.1,,,,1.81,1.39,,,,,,,,,,,,,,,,,,,,,,,,,,,,,,,,,
occ_01402,Ashes,ashes,list_word,T1,1,Smoke,smoke,brainerd2020_120::smoke,Brainerd2020_120_4word_lists,"Brainerd, Chang, & Bialer (2020)",2020-48948-001.pdf,1.21,,,,,,,,,,,,,5.9,0.1,,,,1.81,1.39,,,,,,,,,,,,,,,,,,,,,,,,,,,,,,,,,
occ_01403,Cigar,cigar,list_word,T2,2,Smoke,smoke,brainerd2020_120::smoke,Brainerd2020_120_4word_lists,"Brainerd, Chang, & Bialer (2020)",2020-48948-001.pdf,1.26,,,,,,,,,,,,,5.9,0.1,,,,1.81,1.39,,,,,,,,,,,,,,,,,,,,,,,,,,,,,,,,,
occ_01404,Tobacco,tobacco,list_word,T3,3,Smoke,smoke,brainerd2020_120::smoke,Brainerd2020_120_4word_lists,"Brainerd, Chang, & Bialer (2020)",2020-48948-001.pdf,1.37,,,,,,,,,,,,,5.9,0.1,,,,1.81,1.39,,,,,,,,,,,,,,,,,,,,,,,,,,,,,,,,,
occ_01405,Pipe,pipe,list_word,T4,4,Smoke,smoke,brainerd2020_120::smoke,Brainerd2020_120_4word_lists,"Brainerd, Chang, & Bialer (2020)",2020-48948-001.pdf,1.6,,,,,,,,,,,,,5.9,0.1,,,,1.81,1.39,,,,,,,,,,,,,,,,,,,,,,,,,,,,,,,,,
occ_01406,Soft,soft,critical_distractor,CD,0,Soft,soft,brainerd2020_120::soft,Brainerd2020_120_4word_lists,"Brainerd, Chang, & Bialer (2020)",2020-48948-001.pdf,1.99,,,,,,,,,,,,,3.19,0.14,0.13,,,1.99,2.01,,,,,,,,,,,,0.14,3.19,0.0,1.99,2.01,0.0,0.0,0.0,0.0,0.04,0.05,0.13,0.27,0.14,0.3,High-MBAS/low-MGS,0.17,0.09,0.3,0.12,0.13,0.0
occ_01407,Hard,hard,list_word,T1,1,Soft,soft,brainerd2020_120::soft,Brainerd2020_120_4word_lists,"Brainerd, Chang, & Bialer (2020)",2020-48948-001.pdf,2.43,,,,,,,,,,,,,3.19,0.14,0.13,,,1.99,2.01,,,,,,,,,,,,0.14,3.19,0.0,1.99,2.01,0.0,0.0,0.0,0.0,0.04,0.05,0.13,0.27,0.14,0.3,High-MBAS/low-MGS,0.17,0.09,0.3,0.12,0.13,0.0
occ_01408,Strength,strength,list_word,T2,2,Soft,soft,brainerd2020_120::soft,Brainerd2020_120_4word_lists,"Brainerd, Chang, & Bialer (2020)",2020-48948-001.pdf,2.04,,,,,,,,,,,,,3.19,0.14,0.13,,,1.99,2.01,,,,,,,,,,,,0.14,3.19,0.0,1.99,2.01,0.0,0.0,0.0,0.0,0.04,0.05,0.13,0.27,0.14,0.3,High-MBAS/low-MGS,0.17,0.09,0.3,0.12,0.13,0.0
occ_01409,Rash,rash,list_word,T3,3,Soft,soft,brainerd2020_120::soft,Brainerd2020_120_4word_lists,"Brainerd, Chang, & Bialer (2020)",2020-48948-001.pdf,0.86,,,,,,,,,,,,,3.19,0.14,0.13,,,1.99,2.01,,,,,,,,,,,,0.14,3.19,0.0,1.99,2.01,0.0,0.0,0.0,0.0,0.04,0.05,0.13,0.27,0.14,0.3,High-MBAS/low-MGS,0.17,0.09,0.3,0.12,0.13,0.0
occ_01410,Psychology,psychology,list_word,T4,4,Soft,soft,brainerd2020_120::soft,Brainerd2020_120_4word_lists,"Brainerd, Chang, & Bialer (2020)",2020-48948-001.pdf,1.3,,,,,,,,,,,,,3.19,0.14,0.13,,,1.99,2.01,,,,,,,,,,,,0.14,3.19,0.0,1.99,2.01,0.0,0.0,0.0,0.0,0.04,0.05,0.13,0.27,0.14,0.3,High-MBAS/low-MGS,0.17,0.09,0.3,0.12,0.13,0.0
occ_01411,Sorry,sorry,critical_distractor,CD,0,Sorry,sorry,brainerd2020_120::sorry,Brainerd2020_120_4word_lists,"Brainerd, Chang, & Bialer (2020)",2020-48948-001.pdf,2.04,,,,,,,,,,,,,3.06,0.05,0.01,,,2.04,1.47,,,,,,,,,,,,0.05,3.06,0.0,2.04,1.47,0.0,0.0,0.0,0.0,0.04,0.27,0.0,0.24,0.02,0.13,High-MBAS/low-MGS,0.25,0.0,0.07,0.0,0.05,0.06
occ_01412,Regret,regret,list_word,T1,1,Sorry,sorry,brainerd2020_120::sorry,Brainerd2020_120_4word_lists,"Brainerd, Chang, & Bialer (2020)",2020-48948-001.pdf,1.49,,,,,,,,,,,,,3.06,0.05,0.01,,,2.04,1.47,,,,,,,,,,,,0.05,3.06,0.0,2.04,1.47,0.0,0.0,0.0,0.0,0.04,0.27,0.0,0.24,0.02,0.13,High-MBAS/low-MGS,0.25,0.0,0.07,0.0,0.05,0.06
occ_01413,Praise,praise,list_word,T2,2,Sorry,sorry,brainerd2020_120::sorry,Brainerd2020_120_4word_lists,"Brainerd, Chang, & Bialer (2020)",2020-48948-001.pdf,1.49,,,,,,,,,,,,,3.06,0.05,0.01,,,2.04,1.47,,,,,,,,,,,,0.05,3.06,0.0,2.04,1.47,0.0,0.0,0.0,0.0,0.04,0.27,0.0,0.24,0.02,0.13,High-MBAS/low-MGS,0.25,0.0,0.07,0.0,0.05,0.06
occ_01414,Sweat,sweat,list_word,T3,3,Sorry,sorry,brainerd2020_120::sorry,Brainerd2020_120_4word_lists,"Brainerd, Chang, & Bialer (2020)",2020-48948-001.pdf,1.19,,,,,,,,,,,,,3.06,0.05,0.01,,,2.04,1.47,,,,,,,,,,,,0.05,3.06,0.0,2.04,1.47,0.0,0.0,0.0,0.0,0.04,0.27,0.0,0.24,0.02,0.13,High-MBAS/low-MGS,0.25,0.0,0.07,0.0,0.05,0.06
occ_01415,Relative,relative,list_word,T4,4,Sorry,sorry,brainerd2020_120::sorry,Brainerd2020_120_4word_lists,"Brainerd, Chang, & Bialer (2020)",2020-48948-001.pdf,1.61,,,,,,,,,,,,,3.06,0.05,0.01,,,2.04,1.47,,,,,,,,,,,,0.05,3.06,0.0,2.04,1.47,0.0,0.0,0.0,0.0,0.04,0.27,0.0,0.24,0.02,0.13,High-MBAS/low-MGS,0.25,0.0,0.07,0.0,0.05,0.06
occ_01416,Square,square,critical_distractor,CD,0,Square,square,brainerd2020_120::square,Brainerd2020_120_4word_lists,"Brainerd, Chang, & Bialer (2020)",2020-48948-001.pdf,1.91,,,,,,,,,,,,,5.62,0.37,0.17,,,1.91,2.09,,,,,,,,,,,,0.37,5.62,1.75,1.91,2.09,0.0,4.0,0.0,1.33,0.24,0.21,0.25,0.44,0.21,0.3,High-MBAS/low-MGS,0.13,0.0,0.43,0.02,0.04,0.3
occ_01417,Circle,circle,list_word,T1,1,Square,square,brainerd2020_120::square,Brainerd2020_120_4word_lists,"Brainerd, Chang, & Bialer (2020)",2020-48948-001.pdf,1.73,,,,,,,,,,,,,5.62,0.37,0.17,,,1.91,2.09,,,,,,,,,,,,0.37,5.62,1.75,1.91,2.09,0.0,4.0,0.0,1.33,0.24,0.21,0.25,0.44,0.21,0.3,High-MBAS/low-MGS,0.13,0.0,0.43,0.02,0.04,0.3
occ_01418,Triangle,triangle,list_word,T2,2,Square,square,brainerd2020_120::square,Brainerd2020_120_4word_lists,"Brainerd, Chang, & Bialer (2020)",2020-48948-001.pdf,0.82,,,,,,,,,,,,,5.62,0.37,0.17,,,1.91,2.09,,,,,,,,,,,,0.37,5.62,1.75,1.91,2.09,0.0,4.0,0.0,1.33,0.24,0.21,0.25,0.44,0.21,0.3,High-MBAS/low-MGS,0.13,0.0,0.43,0.02,0.04,0.3
occ_01419,Round,round,list_word,T3,3,Square,square,brainerd2020_120::square,Brainerd2020_120_4word_lists,"Brainerd, Chang, & Bialer (2020)",2020-48948-001.pdf,2.56,,,,,,,,,,,,,5.62,0.37,0.17,,,1.91,2.09,,,,,,,,,,,,0.37,5.62,1.75,1.91,2.09,0.0,4.0,0.0,1.33,0.24,0.21,0.25,0.44,0.21,0.3,High-MBAS/low-MGS,0.13,0.0,0.43,0.02,0.04,0.3
occ_01420,Shape,shape,list_word,T4,4,Square,square,brainerd2020_120::square,Brainerd2020_120_4word_lists,"Brainerd, Chang, & Bialer (2020)",2020-48948-001.pdf,1.84,,,,,,,,,,,,,5.62,0.37,0.17,,,1.91,2.09,,,,,,,,,,,,0.37,5.62,1.75,1.91,2.09,0.0,4.0,0.0,1.33,0.24,0.21,0.25,0.44,0.21,0.3,High-MBAS/low-MGS,0.13,0.0,0.43,0.02,0.04,0.3
occ_01421,Straight,straight,critical_distractor,CD,0,Straight,straight,brainerd2020_120::straight,Brainerd2020_120_4word_lists,"Brainerd, Chang, & Bialer (2020)",2020-48948-001.pdf,2.08,,,,,,,,,,,,,2.74,0.05,0.01,,,2.08,2.13,,,,,,,,,,,,0.05,2.74,0.0,2.08,2.13,0.0,0.0,0.0,0.0,0.27,0.11,0.19,0.24,0.0,0.25,High-MBAS/low-MGS,0.26,0.01,0.12,0.12,0.0,0.24
occ_01422,Bent,bent,list_word,T1,1,Straight,straight,brainerd2020_120::straight,Brainerd2020_120_4word_lists,"Brainerd, Chang, & Bialer (2020)",2020-48948-001.pdf,1.76,,,,,,,,,,,,,2.74,0.05,0.01,,,2.08,2.13,,,,,,,,,,,,0.05,2.74,0.0,2.08,2.13,0.0,0.0,0.0,0.0,0.27,0.11,0.19,0.24,0.0,0.25,High-MBAS/low-MGS,0.26,0.01,0.12,0.12,0.0,0.24
occ_01423,Set,set,list_word,T2,2,Straight,straight,brainerd2020_120::straight,Brainerd2020_120_4word_lists,"Brainerd, Chang, & Bialer (2020)",2020-48948-001.pdf,2.66,,,,,,,,,,,,,2.74,0.05,0.01,,,2.08,2.13,,,,,,,,,,,,0.05,2.74,0.0,2.08,2.13,0.0,0.0,0.0,0.0,0.27,0.11,0.19,0.24,0.0,0.25,High-MBAS/low-MGS,0.26,0.01,0.12,0.12,0.0,0.24
occ_01424,Bored,bored,list_word,T3,3,Straight,straight,brainerd2020_120::straight,Brainerd2020_120_4word_lists,"Brainerd, Chang, & Bialer (2020)",2020-48948-001.pdf,1.17,,,,,,,,,,,,,2.74,0.05,0.01,,,2.08,2.13,,,,,,,,,,,,0.05,2.74,0.0,2.08,2.13,0.0,0.0,0.0,0.0,0.27,0.11,0.19,0.24,0.0,0.25,High-MBAS/low-MGS,0.26,0.01,0.12,0.12,0.0,0.24
occ_01425,Weird,weird,list_word,T4,4,Straight,straight,brainerd2020_120::straight,Brainerd2020_120_4word_lists,"Brainerd, Chang, & Bialer (2020)",2020-48948-001.pdf,1.12,,,,,,,,,,,,,2.74,0.05,0.01,,,2.08,2.13,,,,,,,,,,,,0.05,2.74,0.0,2.08,2.13,0.0,0.0,0.0,0.0,0.27,0.11,0.19,0.24,0.0,0.25,High-MBAS/low-MGS,0.26,0.01,0.12,0.12,0.0,0.24
occ_01426,Stress,stress,critical_distractor,CD,0,Stress,stress,brainerd2020_120::stress,Brainerd2020_120_4word_lists,"Brainerd, Chang, & Bialer (2020)",2020-48948-001.pdf,1.46,,,,,,,,,,,,,5.59,0.19,0.06,,,1.46,1.59,,,,,,,,,,,,0.19,5.59,1.0,1.46,1.59,4.0,0.0,0.0,1.33,0.18,0.17,0.27,0.27,0.17,0.3,High-MBAS/high-MGS,0.1,0.05,0.32,0.08,0.1,0.24
occ_01427,Tension,tension,list_word,T1,1,Stress,stress,brainerd2020_120::stress,Brainerd2020_120_4word_lists,"Brainerd, Chang, & Bialer (2020)",2020-48948-001.pdf,1.28,,,,,,,,,,,,,5.59,0.19,0.06,,,1.46,1.59,,,,,,,,,,,,0.19,5.59,1.0,1.46,1.59,4.0,0.0,0.0,1.33,0.18,0.17,0.27,0.27,0.17,0.3,High-MBAS/high-MGS,0.1,0.05,0.32,0.08,0.1,0.24
occ_01428,Pressure,pressure,list_word,T2,2,Stress,stress,brainerd2020_120::stress,Brainerd2020_120_4word_lists,"Brainerd, Chang, & Bialer (2020)",2020-48948-001.pdf,1.83,,,,,,,,,,,,,5.59,0.19,0.06,,,1.46,1.59,,,,,,,,,,,,0.19,5.59,1.0,1.46,1.59,4.0,0.0,0.0,1.33,0.18,0.17,0.27,0.27,0.17,0.3,High-MBAS/high-MGS,0.1,0.05,0.32,0.08,0.1,0.24
occ_01429,Anxiety,anxiety,list_word,T3,3,Stress,stress,brainerd2020_120::stress,Brainerd2020_120_4word_lists,"Brainerd, Chang, & Bialer (2020)",2020-48948-001.pdf,1.57,,,,,,,,,,,,,5.59,0.19,0.06,,,1.46,1.59,,,,,,,,,,,,0.19,5.59,1.0,1.46,1.59,4.0,0.0,0.0,1.33,0.18,0.17,0.27,0.27,0.17,0.3,High-MBAS/high-MGS,0.1,0.05,0.32,0.08,0.1,0.24
occ_01430,Strain,strain,list_word,T4,4,Stress,stress,brainerd2020_120::stress,Brainerd2020_120_4word_lists,"Brainerd, Chang, & Bialer (2020)",2020-48948-001.pdf,1.48,,,,,,,,,,,,,5.59,0.19,0.06,,,1.46,1.59,,,,,,,,,,,,0.19,5.59,1.0,1.46,1.59,4.0,0.0,0.0,1.33,0.18,0.17,0.27,0.27,0.17,0.3,High-MBAS/high-MGS,0.1,0.05,0.32,0.08,0.1,0.24
occ_01431,Sweet,sweet,critical_distractor,CD,0,Sweet,sweet,brainerd2020_120::sweet,Brainerd2020_120_4word_lists,"Brainerd, Chang, & Bialer (2020)",2020-48948-001.pdf,2.04,,,,,,,,,,,,,5.42,0.4,0.15,,,2.04,1.36,,,,,,,,,,,,0.4,5.42,1.25,2.04,1.36,1.0,1.0,0.0,0.67,0.24,0.17,0.45,0.18,0.24,0.33,High-MBAS/high-MGS,0.07,0.14,0.31,0.31,0.2,0.31
occ_01432,Sour,sour,list_word,T1,1,Sweet,sweet,brainerd2020_120::sweet,Brainerd2020_120_4word_lists,"Brainerd, Chang, & Bialer (2020)",2020-48948-001.pdf,0.9,,,,,,,,,,,,,5.42,0.4,0.15,,,2.04,1.36,,,,,,,,,,,,0.4,5.42,1.25,2.04,1.36,1.0,1.0,0.0,0.67,0.24,0.17,0.45,0.18,0.24,0.33,High-MBAS/high-MGS,0.07,0.14,0.31,0.31,0.2,0.31
occ_01433,Candy,candy,list_word,T2,2,Sweet,sweet,brainerd2020_120::sweet,Brainerd2020_120_4word_lists,"Brainerd, Chang, & Bialer (2020)",2020-48948-001.pdf,0.86,,,,,,,,,,,,,5.42,0.4,0.15,,,2.04,1.36,,,,,,,,,,,,0.4,5.42,1.25,2.04,1.36,1.0,1.0,0.0,0.67,0.24,0.17,0.45,0.18,0.24,0.33,High-MBAS/high-MGS,0.07,0.14,0.31,0.31,0.2,0.31
occ_01434,Sugar,sugar,list_word,T3,3,Sweet,sweet,brainerd2020_120::sweet,Brainerd2020_120_4word_lists,"Brainerd, Chang, & Bialer (2020)",2020-48948-001.pdf,1.52,,,,,,,,,,,,,5.42,0.4,0.15,,,2.04,1.36,,,,,,,,,,,,0.4,5.42,1.25,2.04,1.36,1.0,1.0,0.0,0.67,0.24,0.17,0.45,0.18,0.24,0.33,High-MBAS/high-MGS,0.07,0.14,0.31,0.31,0.2,0.31
occ_01435,Bitter,bitter,list_word,T4,4,Sweet,sweet,brainerd2020_120::sweet,Brainerd2020_120_4word_lists,"Brainerd, Chang, & Bialer (2020)",2020-48948-001.pdf,1.65,,,,,,,,,,,,,5.42,0.4,0.15,,,2.04,1.36,,,,,,,,,,,,0.4,5.42,1.25,2.04,1.36,1.0,1.0,0.0,0.67,0.24,0.17,0.45,0.18,0.24,0.33,High-MBAS/high-MGS,0.07,0.14,0.31,0.31,0.2,0.31
occ_01436,Task,task,critical_distractor,CD,0,Task,task,brainerd2020_120::task,Brainerd2020_120_4word_lists,"Brainerd, Chang, & Bialer (2020)",2020-48948-001.pdf,1.94,,,,,,,,,,,,,2.4,0.01,0.04,,,1.94,1.5,,,,,,,,,,,,0.01,2.4,0.0,1.94,1.5,1.0,0.0,0.0,0.33,0.13,0.05,0.05,0.1,0.17,0.16,Low-MBAS/low-MGS,0.0,0.11,0.15,0.01,0.0,0.08
occ_01437,Chore,chore,list_word,T1,1,Task,task,brainerd2020_120::task,Brainerd2020_120_4word_lists,"Brainerd, Chang, & Bialer (2020)",2020-48948-001.pdf,-0.04,,,,,,,,,,,,,2.4,0.01,0.04,,,1.94,1.5,,,,,,,,,,,,0.01,2.4,0.0,1.94,1.5,1.0,0.0,0.0,0.33,0.13,0.05,0.05,0.1,0.17,0.16,Low-MBAS/low-MGS,0.0,0.11,0.15,0.01,0.0,0.08
occ_01438,Storm,storm,list_word,T2,2,Task,task,brainerd2020_120::task,Brainerd2020_120_4word_lists,"Brainerd, Chang, & Bialer (2020)",2020-48948-001.pdf,1.72,,,,,,,,,,,,,2.4,0.01,0.04,,,1.94,1.5,,,,,,,,,,,,0.01,2.4,0.0,1.94,1.5,1.0,0.0,0.0,0.33,0.13,0.05,0.05,0.1,0.17,0.16,Low-MBAS/low-MGS,0.0,0.11,0.15,0.01,0.0,0.08
occ_01439,Slow,slow,list_word,T3,3,Task,task,brainerd2020_120::task,Brainerd2020_120_4word_lists,"Brainerd, Chang, & Bialer (2020)",2020-48948-001.pdf,1.84,,,,,,,,,,,,,2.4,0.01,0.04,,,1.94,1.5,,,,,,,,,,,,0.01,2.4,0.0,1.94,1.5,1.0,0.0,0.0,0.33,0.13,0.05,0.05,0.1,0.17,0.16,Low-MBAS/low-MGS,0.0,0.11,0.15,0.01,0.0,0.08
occ_01440,Sill,sill,list_word,T4,4,Task,task,brainerd2020_120::task,Brainerd2020_120_4word_lists,"Brainerd, Chang, & Bialer (2020)",2020-48948-001.pdf,0.74,,,,,,,,,,,,,2.4,0.01,0.04,,,1.94,1.5,,,,,,,,,,,,0.01,2.4,0.0,1.94,1.5,1.0,0.0,0.0,0.33,0.13,0.05,0.05,0.1,0.17,0.16,Low-MBAS/low-MGS,0.0,0.11,0.15,0.01,0.0,0.08
occ_01441,Taste,taste,critical_distractor,CD,0,Taste,taste,brainerd2020_120::taste,Brainerd2020_120_4word_lists,"Brainerd, Chang, & Bialer (2020)",2020-48948-001.pdf,1.79,,,,,,,,,,,,,4.97,0.03,,,,1.79,2.01,,,,,,,,,,,,,,,,,,,,,,,,,,,,,,,,,
occ_01442,Tongue,tongue,list_word,T1,1,Taste,taste,brainerd2020_120::taste,Brainerd2020_120_4word_lists,"Brainerd, Chang, & Bialer (2020)",2020-48948-001.pdf,1.8,,,,,,,,,,,,,4.97,0.03,,,,1.79,2.01,,,,,,,,,,,,,,,,,,,,,,,,,,,,,,,,,
occ_01443,Chocolate,chocolate,list_word,T2,2,Taste,taste,brainerd2020_120::taste,Brainerd2020_120_4word_lists,"Brainerd, Chang, & Bialer (2020)",2020-48948-001.pdf,1.08,,,,,,,,,,,,,4.97,0.03,,,,1.79,2.01,,,,,,,,,,,,,,,,,,,,,,,,,,,,,,,,,
occ_01444,Sense,sense,list_word,T3,3,Taste,taste,brainerd2020_120::taste,Brainerd2020_120_4word_lists,"Brainerd, Chang, & Bialer (2020)",2020-48948-001.pdf,2.36,,,,,,,,,,,,,4.97,0.03,,,,1.79,2.01,,,,,,,,,,,,,,,,,,,,,,,,,,,,,,,,,
occ_01445,Touch,touch,list_word,T4,4,Taste,taste,brainerd2020_120::taste,Brainerd2020_120_4word_lists,"Brainerd, Chang, & Bialer (2020)",2020-48948-001.pdf,2.02,,,,,,,,,,,,,4.97,0.03,,,,1.79,2.01,,,,,,,,,,,,,,,,,,,,,,,,,,,,,,,,,
occ_01446,Teeth,teeth,critical_distractor,CD,0,Teeth,teeth,brainerd2020_120::teeth,Brainerd2020_120_4word_lists,"Brainerd, Chang, & Bialer (2020)",2020-48948-001.pdf,1.81,,,,,,,,,,,,,1.63,0.16,,,,1.81,1.36,,,,,,,,,,,,,,,,,,,,,,,,,,,,,,,,,
occ_01447,Braces,braces,list_word,T1,1,Teeth,teeth,brainerd2020_120::teeth,Brainerd2020_120_4word_lists,"Brainerd, Chang, & Bialer (2020)",2020-48948-001.pdf,0.23,,,,,,,,,,,,,1.63,0.16,,,,1.81,1.36,,,,,,,,,,,,,,,,,,,,,,,,,,,,,,,,,
occ_01448,Concert,concert,list_word,T2,2,Teeth,teeth,brainerd2020_120::teeth,Brainerd2020_120_4word_lists,"Brainerd, Chang, & Bialer (2020)",2020-48948-001.pdf,1.22,,,,,,,,,,,,,1.63,0.16,,,,1.81,1.36,,,,,,,,,,,,,,,,,,,,,,,,,,,,,,,,,
occ_01449,Marry,marry,list_word,T3,3,Teeth,teeth,brainerd2020_120::teeth,Brainerd2020_120_4word_lists,"Brainerd, Chang, & Bialer (2020)",2020-48948-001.pdf,1.85,,,,,,,,,,,,,1.63,0.16,,,,1.81,1.36,,,,,,,,,,,,,,,,,,,,,,,,,,,,,,,,,
occ_01450,Tornado,tornado,list_word,T4,4,Teeth,teeth,brainerd2020_120::teeth,Brainerd2020_120_4word_lists,"Brainerd, Chang, & Bialer (2020)",2020-48948-001.pdf,0.12,,,,,,,,,,,,,1.63,0.16,,,,1.81,1.36,,,,,,,,,,,,,,,,,,,,,,,,,,,,,,,,,
occ_01451,Train,train,critical_distractor,CD,0,Train,train,brainerd2020_120::train,Brainerd2020_120_4word_lists,"Brainerd, Chang, & Bialer (2020)",2020-48948-001.pdf,1.96,,,,,,,,,,,,,1.57,0.13,,,,1.96,1.77,,,,,,,,,,,,,,,,,,,,,,,,,,,,,,,,,
occ_01452,Railroad,railroad,list_word,T1,1,Train,train,brainerd2020_120::train,Brainerd2020_120_4word_lists,"Brainerd, Chang, & Bialer (2020)",2020-48948-001.pdf,1.31,,,,,,,,,,,,,1.57,0.13,,,,1.96,1.77,,,,,,,,,,,,,,,,,,,,,,,,,,,,,,,,,
occ_01453,Double,double,list_word,T2,2,Train,train,brainerd2020_120::train,Brainerd2020_120_4word_lists,"Brainerd, Chang, & Bialer (2020)",2020-48948-001.pdf,1.86,,,,,,,,,,,,,1.57,0.13,,,,1.96,1.77,,,,,,,,,,,,,,,,,,,,,,,,,,,,,,,,,
occ_01454,Skin,skin,list_word,T3,3,Train,train,brainerd2020_120::train,Brainerd2020_120_4word_lists,"Brainerd, Chang, & Bialer (2020)",2020-48948-001.pdf,1.86,,,,,,,,,,,,,1.57,0.13,,,,1.96,1.77,,,,,,,,,,,,,,,,,,,,,,,,,,,,,,,,,
occ_01455,Professor,professor,list_word,T4,4,Train,train,brainerd2020_120::train,Brainerd2020_120_4word_lists,"Brainerd, Chang, & Bialer (2020)",2020-48948-001.pdf,1.85,,,,,,,,,,,,,1.57,0.13,,,,1.96,1.77,,,,,,,,,,,,,,,,,,,,,,,,,,,,,,,,,
occ_01456,Trip,trip,critical_distractor,CD,0,Trip,trip,brainerd2020_120::trip,Brainerd2020_120_4word_lists,"Brainerd, Chang, & Bialer (2020)",2020-48948-001.pdf,1.63,,,,,,,,,,,,,5.77,0.23,,,,1.63,2.2,,,,,,,,,,,,,,,,,,,,,,,,,,,,,,,,,
occ_01457,Journey,journey,list_word,T1,1,Trip,trip,brainerd2020_120::trip,Brainerd2020_120_4word_lists,"Brainerd, Chang, & Bialer (2020)",2020-48948-001.pdf,1.87,,,,,,,,,,,,,5.77,0.23,,,,1.63,2.2,,,,,,,,,,,,,,,,,,,,,,,,,,,,,,,,,
occ_01458,Vacation,vacation,list_word,T2,2,Trip,trip,brainerd2020_120::trip,Brainerd2020_120_4word_lists,"Brainerd, Chang, & Bialer (2020)",2020-48948-001.pdf,0.77,,,,,,,,,,,,,5.77,0.23,,,,1.63,2.2,,,,,,,,,,,,,,,,,,,,,,,,,,,,,,,,,
occ_01459,Travel,travel,list_word,T3,3,Trip,trip,brainerd2020_120::trip,Brainerd2020_120_4word_lists,"Brainerd, Chang, & Bialer (2020)",2020-48948-001.pdf,1.74,,,,,,,,,,,,,5.77,0.23,,,,1.63,2.2,,,,,,,,,,,,,,,,,,,,,,,,,,,,,,,,,
occ_01460,Far,far,list_word,T4,4,Trip,trip,brainerd2020_120::trip,Brainerd2020_120_4word_lists,"Brainerd, Chang, & Bialer (2020)",2020-48948-001.pdf,2.7,,,,,,,,,,,,,5.77,0.23,,,,1.63,2.2,,,,,,,,,,,,,,,,,,,,,,,,,,,,,,,,,
occ_01461,Unusual,unusual,critical_distractor,CD,0,Unusual,unusual,brainerd2020_120::unusual,Brainerd2020_120_4word_lists,"Brainerd, Chang, & Bialer (2020)",2020-48948-001.pdf,1.57,,,,,,,,,,,,,2.13,0.0,,,,1.57,2.03,,,,,,,,,,,,,,,,,,,,,,,,,,,,,,,,,
occ_01462,Different,different,list_word,T1,1,Unusual,unusual,brainerd2020_120::unusual,Brainerd2020_120_4word_lists,"Brainerd, Chang, & Bialer (2020)",2020-48948-001.pdf,2.53,,,,,,,,,,,,,2.13,0.0,,,,1.57,2.03,,,,,,,,,,,,,,,,,,,,,,,,,,,,,,,,,
occ_01463,Chart,chart,list_word,T2,2,Unusual,unusual,brainerd2020_120::unusual,Brainerd2020_120_4word_lists,"Brainerd, Chang, & Bialer (2020)",2020-48948-001.pdf,0.99,,,,,,,,,,,,,2.13,0.0,,,,1.57,2.03,,,,,,,,,,,,,,,,,,,,,,,,,,,,,,,,,
occ_01464,Song,song,list_word,T3,3,Unusual,unusual,brainerd2020_120::unusual,Brainerd2020_120_4word_lists,"Brainerd, Chang, & Bialer (2020)",2020-48948-001.pdf,1.86,,,,,,,,,,,,,2.13,0.0,,,,1.57,2.03,,,,,,,,,,,,,,,,,,,,,,,,,,,,,,,,,
occ_01465,Fluffy,fluffy,list_word,T4,4,Unusual,unusual,brainerd2020_120::unusual,Brainerd2020_120_4word_lists,"Brainerd, Chang, & Bialer (2020)",2020-48948-001.pdf,0.41,,,,,,,,,,,,,2.13,0.0,,,,1.57,2.03,,,,,,,,,,,,,,,,,,,,,,,,,,,,,,,,,
occ_01466,Vote,vote,critical_distractor,CD,0,Vote,vote,brainerd2020_120::vote,Brainerd2020_120_4word_lists,"Brainerd, Chang, & Bialer (2020)",2020-48948-001.pdf,1.64,,,,,,,,,,,,,5.58,0.04,0.02,,,1.64,1.4,,,,,,,,,,,,0.04,5.58,0.5,1.64,1.4,0.0,0.0,4.0,1.33,0.21,0.27,0.27,0.3,0.24,0.39,Low-MBAS/high-MGS,0.15,0.15,0.42,0.02,0.11,0.35
occ_01467,Booth,booth,list_word,T1,1,Vote,vote,brainerd2020_120::vote,Brainerd2020_120_4word_lists,"Brainerd, Chang, & Bialer (2020)",2020-48948-001.pdf,0.89,,,,,,,,,,,,,5.58,0.04,0.02,,,1.64,1.4,,,,,,,,,,,,0.04,5.58,0.5,1.64,1.4,0.0,0.0,4.0,1.33,0.21,0.27,0.27,0.3,0.24,0.39,Low-MBAS/high-MGS,0.15,0.15,0.42,0.02,0.11,0.35
occ_01468,Campaign,campaign,list_word,T2,2,Vote,vote,brainerd2020_120::vote,Brainerd2020_120_4word_lists,"Brainerd, Chang, & Bialer (2020)",2020-48948-001.pdf,1.71,,,,,,,,,,,,,5.58,0.04,0.02,,,1.64,1.4,,,,,,,,,,,,0.04,5.58,0.5,1.64,1.4,0.0,0.0,4.0,1.33,0.21,0.27,0.27,0.3,0.24,0.39,Low-MBAS/high-MGS,0.15,0.15,0.42,0.02,0.11,0.35
occ_01469,Candidate,candidate,list_word,T3,3,Vote,vote,brainerd2020_120::vote,Brainerd2020_120_4word_lists,"Brainerd, Chang, & Bialer (2020)",2020-48948-001.pdf,1.33,,,,,,,,,,,,,5.58,0.04,0.02,,,1.64,1.4,,,,,,,,,,,,0.04,5.58,0.5,1.64,1.4,0.0,0.0,4.0,1.33,0.21,0.27,0.27,0.3,0.24,0.39,Low-MBAS/high-MGS,0.15,0.15,0.42,0.02,0.11,0.35
occ_01470,Register,register,list_word,T4,4,Vote,vote,brainerd2020_120::vote,Brainerd2020_120_4word_lists,"Brainerd, Chang, & Bialer (2020)",2020-48948-001.pdf,1.31,,,,,,,,,,,,,5.58,0.04,0.02,,,1.64,1.4,,,,,,,,,,,,0.04,5.58,0.5,1.64,1.4,0.0,0.0,4.0,1.33,0.21,0.27,0.27,0.3,0.24,0.39,Low-MBAS/high-MGS,0.15,0.15,0.42,0.02,0.11,0.35
occ_01471,Weak,weak,critical_distractor,CD,0,Weak,weak,brainerd2020_120::weak,Brainerd2020_120_4word_lists,"Brainerd, Chang, & Bialer (2020)",2020-48948-001.pdf,1.76,,,,,,,,,,,,,3.11,0.08,0.01,,,1.76,2.23,,,,,,,,,,,,0.08,3.11,0.25,1.76,2.23,1.0,0.0,0.0,0.33,0.07,0.24,0.22,0.3,0.14,0.25,High-MBAS/high-MGS,0.12,0.0,0.31,0.0,0.2,0.2
occ_01472,Feeble,feeble,list_word,T1,1,Weak,weak,brainerd2020_120::weak,Brainerd2020_120_4word_lists,"Brainerd, Chang, & Bialer (2020)",2020-48948-001.pdf,1.21,,,,,,,,,,,,,3.11,0.08,0.01,,,1.76,2.23,,,,,,,,,,,,0.08,3.11,0.25,1.76,2.23,1.0,0.0,0.0,0.33,0.07,0.24,0.22,0.3,0.14,0.25,High-MBAS/high-MGS,0.12,0.0,0.31,0.0,0.2,0.2
occ_01473,Evidence,evidence,list_word,T2,2,Weak,weak,brainerd2020_120::weak,Brainerd2020_120_4word_lists,"Brainerd, Chang, & Bialer (2020)",2020-48948-001.pdf,2.15,,,,,,,,,,,,,3.11,0.08,0.01,,,1.76,2.23,,,,,,,,,,,,0.08,3.11,0.25,1.76,2.23,1.0,0.0,0.0,0.33,0.07,0.24,0.22,0.3,0.14,0.25,High-MBAS/high-MGS,0.12,0.0,0.31,0.0,0.2,0.2
occ_01474,Light,light,list_word,T3,3,Weak,weak,brainerd2020_120::weak,Brainerd2020_120_4word_lists,"Brainerd, Chang, & Bialer (2020)",2020-48948-001.pdf,2.58,,,,,,,,,,,,,3.11,0.08,0.01,,,1.76,2.23,,,,,,,,,,,,0.08,3.11,0.25,1.76,2.23,1.0,0.0,0.0,0.33,0.07,0.24,0.22,0.3,0.14,0.25,High-MBAS/high-MGS,0.12,0.0,0.31,0.0,0.2,0.2
occ_01475,Fair,fair,list_word,T4,4,Weak,weak,brainerd2020_120::weak,Brainerd2020_120_4word_lists,"Brainerd, Chang, & Bialer (2020)",2020-48948-001.pdf,2.15,,,,,,,,,,,,,3.11,0.08,0.01,,,1.76,2.23,,,,,,,,,,,,0.08,3.11,0.25,1.76,2.23,1.0,0.0,0.0,0.33,0.07,0.24,0.22,0.3,0.14,0.25,High-MBAS/high-MGS,0.12,0.0,0.31,0.0,0.2,0.2
occ_01476,Window,window,critical_distractor,CD,0,Window,window,brainerd2020_120::window,Brainerd2020_120_4word_lists,"Brainerd, Chang, & Bialer (2020)",2020-48948-001.pdf,2.23,,,,,,,,,,,,,3.77,0.04,0.04,,,2.23,2.21,,,,,,,,,,,,0.04,3.77,0.25,2.23,2.21,0.0,0.0,1.0,0.33,0.07,0.05,0.07,0.21,0.14,0.19,High-MBAS/high-MGS,0.07,0.03,0.25,0.06,0.06,0.05
occ_01477,Door,door,list_word,T1,1,Window,window,brainerd2020_120::window,Brainerd2020_120_4word_lists,"Brainerd, Chang, & Bialer (2020)",2020-48948-001.pdf,2.62,,,,,,,,,,,,,3.77,0.04,0.04,,,2.23,2.21,,,,,,,,,,,,0.04,3.77,0.25,2.23,2.21,0.0,0.0,1.0,0.33,0.07,0.05,0.07,0.21,0.14,0.19,High-MBAS/high-MGS,0.07,0.03,0.25,0.06,0.06,0.05
occ_01478,Notes,notes,list_word,T2,2,Window,window,brainerd2020_120::window,Brainerd2020_120_4word_lists,"Brainerd, Chang, & Bialer (2020)",2020-48948-001.pdf,1.8,,,,,,,,,,,,,3.77,0.04,0.04,,,2.23,2.21,,,,,,,,,,,,0.04,3.77,0.25,2.23,2.21,0.0,0.0,1.0,0.33,0.07,0.05,0.07,0.21,0.14,0.19,High-MBAS/high-MGS,0.07,0.03,0.25,0.06,0.06,0.05
occ_01479,Secretary,secretary,list_word,T3,3,Window,window,brainerd2020_120::window,Brainerd2020_120_4word_lists,"Brainerd, Chang, & Bialer (2020)",2020-48948-001.pdf,1.91,,,,,,,,,,,,,3.77,0.04,0.04,,,2.23,2.21,,,,,,,,,,,,0.04,3.77,0.25,2.23,2.21,0.0,0.0,1.0,0.33,0.07,0.05,0.07,0.21,0.14,0.19,High-MBAS/high-MGS,0.07,0.03,0.25,0.06,0.06,0.05
occ_01480,Rights,rights,list_word,T4,4,Window,window,brainerd2020_120::window,Brainerd2020_120_4word_lists,"Brainerd, Chang, & Bialer (2020)",2020-48948-001.pdf,1.95,,,,,,,,,,,,,3.77,0.04,0.04,,,2.23,2.21,,,,,,,,,,,,0.04,3.77,0.25,2.23,2.21,0.0,0.0,1.0,0.33,0.07,0.05,0.07,0.21,0.14,0.19,High-MBAS/high-MGS,0.07,0.03,0.25,0.06,0.06,0.05
occ_00001,anger,anger,critical_distractor,CD,0,anger,anger,roediger2001_55::anger,Roediger2001_55_15word_lists,"Roediger et al. (2001) 55-list DRM pool, augmented with uploaded 2024 supplementary workbook metrics",55 DRM list-Supplementary Material-08-16-24.xlsx; Roediger-et-al-2001b_PBR.pdf; RoedigerEtAl_2001.xlsx,2.99651167215418,,,,A,0.681481481481481,0.661728395061728,0.549206349206349,0.481657848324515,0.79,0.79,0.49,0.5,5.68666666666667,0.157,0.044,0.2310938996758796,1.73,2.99651167215418,3.03949179635524,2.41,2.68,5.0,4.67,0.1442095772666666,,,,,,2.99651167215418,,,,,,,,,,,,,,,,,,,,,,
occ_00002,mad,mad,list_word,T1,1,anger,anger,roediger2001_55::anger,Roediger2001_55_15word_lists,"Roediger et al. (2001) 55-list DRM pool, augmented with uploaded 2024 supplementary workbook metrics",55 DRM list-Supplementary Material-08-16-24.xlsx; Roediger-et-al-2001b_PBR.pdf; RoedigerEtAl_2001.xlsx,3.76230336328777,,0.393,0.412,A,0.681481481481481,0.661728395061728,0.549206349206349,0.481657848324515,0.79,0.79,0.49,0.5,5.68666666666667,0.157,0.044,0.2310938996758796,1.73,2.99651167215418,3.03949179635524,2.41,2.68,5.0,4.67,0.1442095772666666,mad,mad,False,False,15.0,3.76230336328777,,,,,,,,,,,,,,,,,,,,,,
occ_00003,fear,fear,list_word,T2,2,anger,anger,roediger2001_55::anger,Roediger2001_55_15word_lists,"Roediger et al. (2001) 55-list DRM pool, augmented with uploaded 2024 supplementary workbook metrics",55 DRM list-Supplementary Material-08-16-24.xlsx; Roediger-et-al-2001b_PBR.pdf; RoedigerEtAl_2001.xlsx,3.54703589974001,,0.02,0.059,A,0.681481481481481,0.661728395061728,0.549206349206349,0.481657848324515,0.79,0.79,0.49,0.5,5.68666666666667,0.157,0.044,0.2310938996758796,1.73,2.99651167215418,3.03949179635524,2.41,2.68,5.0,4.67,0.1442095772666666,fear,fear,False,False,15.0,3.54703589974001,,,,,,,,,,,,,,,,,,,,,,
occ_00004,hate,hate,list_word,T3,3,anger,anger,roediger2001_55::anger,Roediger2001_55_15word_lists,"Roediger et al. (2001) 55-list DRM pool, augmented with uploaded 2024 supplementary workbook metrics",55 DRM list-Supplementary Material-08-16-24.xlsx; Roediger-et-al-2001b_PBR.pdf; RoedigerEtAl_2001.xlsx,4.03921576590395,,0.028,0.109,A,0.681481481481481,0.661728395061728,0.549206349206349,0.481657848324515,0.79,0.79,0.49,0.5,5.68666666666667,0.157,0.044,0.2310938996758796,1.73,2.99651167215418,3.03949179635524,2.41,2.68,5.0,4.67,0.1442095772666666,hate,hate,False,False,15.0,4.03921576590395,,,,,,,,,,,,,,,,,,,,,,
occ_00005,rage,rage,list_word,T4,4,anger,anger,roediger2001_55::anger,Roediger2001_55_15word_lists,"Roediger et al. (2001) 55-list DRM pool, augmented with uploaded 2024 supplementary workbook metrics",55 DRM list-Supplementary Material-08-16-24.xlsx; Roediger-et-al-2001b_PBR.pdf; RoedigerEtAl_2001.xlsx,2.76192783842053,,0.541,0.042,A,0.681481481481481,0.661728395061728,0.549206349206349,0.481657848324515,0.79,0.79,0.49,0.5,5.68666666666667,0.157,0.044,0.2310938996758796,1.73,2.99651167215418,3.03949179635524,2.41,2.68,5.0,4.67,0.1442095772666666,rage,rage,False,False,15.0,2.76192783842053,,,,,,,,,,,,,,,,,,,,,,
occ_00006,temper,temper,list_word,T5,5,anger,anger,roediger2001_55::anger,Roediger2001_55_15word_lists,"Roediger et al. (2001) 55-list DRM pool, augmented with uploaded 2024 supplementary workbook metrics",55 DRM list-Supplementary Material-08-16-24.xlsx; Roediger-et-al-2001b_PBR.pdf; RoedigerEtAl_2001.xlsx,2.76566855475901,,0.182,0.0,A,0.681481481481481,0.661728395061728,0.549206349206349,0.481657848324515,0.79,0.79,0.49,0.5,5.68666666666667,0.157,0.044,0.2310938996758796,1.73,2.99651167215418,3.03949179635524,2.41,2.68,5.0,4.67,0.1442095772666666,temper,temper,False,False,15.0,2.76566855475901,,,,,,,,,,,,,,,,,,,,,,
occ_00007,fury,fury,list_word,T6,6,anger,anger,roediger2001_55::anger,Roediger2001_55_15word_lists,"Roediger et al. (2001) 55-list DRM pool, augmented with uploaded 2024 supplementary workbook metrics",55 DRM list-Supplementary Material-08-16-24.xlsx; Roediger-et-al-2001b_PBR.pdf; RoedigerEtAl_2001.xlsx,2.29225607135648,,0.306,0.0,A,0.681481481481481,0.661728395061728,0.549206349206349,0.481657848324515,0.79,0.79,0.49,0.5,5.68666666666667,0.157,0.044,0.2310938996758796,1.73,2.99651167215418,3.03949179635524,2.41,2.68,5.0,4.67,0.1442095772666666,fury,fury,False,False,15.0,2.29225607135648,,,,,,,,,,,,,,,,,,,,,,
occ_00008,ire,ire,list_word,T7,7,anger,anger,roediger2001_55::anger,Roediger2001_55_15word_lists,"Roediger et al. (2001) 55-list DRM pool, augmented with uploaded 2024 supplementary workbook metrics",55 DRM list-Supplementary Material-08-16-24.xlsx; Roediger-et-al-2001b_PBR.pdf; RoedigerEtAl_2001.xlsx,1.17609125905568,,0.179,0.0,A,0.681481481481481,0.661728395061728,0.549206349206349,0.481657848324515,0.79,0.79,0.49,0.5,5.68666666666667,0.157,0.044,0.2310938996758796,1.73,2.99651167215418,3.03949179635524,2.41,2.68,5.0,4.67,0.1442095772666666,ire,ire,True,False,15.0,1.17609125905568,,,,,,,,,,,,,,,,,,,,,,
occ_00009,wrath,wrath,list_word,T8,8,anger,anger,roediger2001_55::anger,Roediger2001_55_15word_lists,"Roediger et al. (2001) 55-list DRM pool, augmented with uploaded 2024 supplementary workbook metrics",55 DRM list-Supplementary Material-08-16-24.xlsx; Roediger-et-al-2001b_PBR.pdf; RoedigerEtAl_2001.xlsx,2.30102999566398,,0.128,0.0,A,0.681481481481481,0.661728395061728,0.549206349206349,0.481657848324515,0.79,0.79,0.49,0.5,5.68666666666667,0.157,0.044,0.2310938996758796,1.73,2.99651167215418,3.03949179635524,2.41,2.68,5.0,4.67,0.1442095772666666,wrath,wrath,True,False,15.0,2.30102999566398,,,,,,,,,,,,,,,,,,,,,,
occ_00010,happy,happy,list_word,T9,9,anger,anger,roediger2001_55::anger,Roediger2001_55_15word_lists,"Roediger et al. (2001) 55-list DRM pool, augmented with uploaded 2024 supplementary workbook metrics",55 DRM list-Supplementary Material-08-16-24.xlsx; Roediger-et-al-2001b_PBR.pdf; RoedigerEtAl_2001.xlsx,4.23029561391705,,0.0,0.042,A,0.681481481481481,0.661728395061728,0.549206349206349,0.481657848324515,0.79,0.79,0.49,0.5,5.68666666666667,0.157,0.044,0.2310938996758796,1.73,2.99651167215418,3.03949179635524,2.41,2.68,5.0,4.67,0.1442095772666666,happy,happy,False,False,15.0,4.23029561391705,,,,,,,,,,,,,,,,,,,,,,
occ_00011,fight,fight,list_word,T10,10,anger,anger,roediger2001_55::anger,Roediger2001_55_15word_lists,"Roediger et al. (2001) 55-list DRM pool, augmented with uploaded 2024 supplementary workbook metrics",55 DRM list-Supplementary Material-08-16-24.xlsx; Roediger-et-al-2001b_PBR.pdf; RoedigerEtAl_2001.xlsx,4.01097801217474,,0.034,0.0,A,0.681481481481481,0.661728395061728,0.549206349206349,0.481657848324515,0.79,0.79,0.49,0.5,5.68666666666667,0.157,0.044,0.2310938996758796,1.73,2.99651167215418,3.03949179635524,2.41,2.68,5.0,4.67,0.1442095772666666,fight,fight,False,False,15.0,4.01097801217474,,,,,,,,,,,,,,,,,,,,,,
occ_00012,hatred,hatred,list_word,T11,11,anger,anger,roediger2001_55::anger,Roediger2001_55_15word_lists,"Roediger et al. (2001) 55-list DRM pool, augmented with uploaded 2024 supplementary workbook metrics",55 DRM list-Supplementary Material-08-16-24.xlsx; Roediger-et-al-2001b_PBR.pdf; RoedigerEtAl_2001.xlsx,2.44247976906445,,0.07,0.0,A,0.681481481481481,0.661728395061728,0.549206349206349,0.481657848324515,0.79,0.79,0.49,0.5,5.68666666666667,0.157,0.044,0.2310938996758796,1.73,2.99651167215418,3.03949179635524,2.41,2.68,5.0,4.67,0.1442095772666666,hatred,hatred,True,False,15.0,2.44247976906445,,,,,,,,,,,,,,,,,,,,,,
occ_00013,mean,mean,list_word,T12,12,anger,anger,roediger2001_55::anger,Roediger2001_55_15word_lists,"Roediger et al. (2001) 55-list DRM pool, augmented with uploaded 2024 supplementary workbook metrics",55 DRM list-Supplementary Material-08-16-24.xlsx; Roediger-et-al-2001b_PBR.pdf; RoedigerEtAl_2001.xlsx,4.80239055645274,,0.09,0.0,A,0.681481481481481,0.661728395061728,0.549206349206349,0.481657848324515,0.79,0.79,0.49,0.5,5.68666666666667,0.157,0.044,0.2310938996758796,1.73,2.99651167215418,3.03949179635524,2.41,2.68,5.0,4.67,0.1442095772666666,mean,mean,False,False,15.0,4.80239055645274,,,,,,,,,,,,,,,,,,,,,,
occ_00014,calm,calm,list_word,T13,13,anger,anger,roediger2001_55::anger,Roediger2001_55_15word_lists,"Roediger et al. (2001) 55-list DRM pool, augmented with uploaded 2024 supplementary workbook metrics",55 DRM list-Supplementary Material-08-16-24.xlsx; Roediger-et-al-2001b_PBR.pdf; RoedigerEtAl_2001.xlsx,3.65724712988372,,0.0,0.0,A,0.681481481481481,0.661728395061728,0.549206349206349,0.481657848324515,0.79,0.79,0.49,0.5,5.68666666666667,0.157,0.044,0.2310938996758796,1.73,2.99651167215418,3.03949179635524,2.41,2.68,5.0,4.67,0.1442095772666666,calm,calm,False,False,15.0,3.65724712988372,,,,,,,,,,,,,,,,,,,,,,
occ_00015,emotion,emotion,list_word,T14,14,anger,anger,roediger2001_55::anger,Roediger2001_55_15word_lists,"Roediger et al. (2001) 55-list DRM pool, augmented with uploaded 2024 supplementary workbook metrics",55 DRM list-Supplementary Material-08-16-24.xlsx; Roediger-et-al-2001b_PBR.pdf; RoedigerEtAl_2001.xlsx,2.62736585659273,,0.0,0.0,A,0.681481481481481,0.661728395061728,0.549206349206349,0.481657848324515,0.79,0.79,0.49,0.5,5.68666666666667,0.157,0.044,0.2310938996758796,1.73,2.99651167215418,3.03949179635524,2.41,2.68,5.0,4.67,0.1442095772666666,emotion,emotion,False,False,15.0,2.62736585659273,,,,,,,,,,,,,,,,,,,,,,
occ_00016,enrage,enrage,list_word,T15,15,anger,anger,roediger2001_55::anger,Roediger2001_55_15word_lists,"Roediger et al. (2001) 55-list DRM pool, augmented with uploaded 2024 supplementary workbook metrics",55 DRM list-Supplementary Material-08-16-24.xlsx; Roediger-et-al-2001b_PBR.pdf; RoedigerEtAl_2001.xlsx,1.17609125905568,,0.378,0.0,A,0.681481481481481,0.661728395061728,0.549206349206349,0.481657848324515,0.79,0.79,0.49,0.5,5.68666666666667,0.157,0.044,0.2310938996758796,1.73,2.99651167215418,3.03949179635524,2.41,2.68,5.0,4.67,0.1442095772666666,enrage,enrage,False,False,15.0,1.17609125905568,,,,,,,,,,,,,,,,,,,,,,
occ_00017,army,army,critical_distractor,CD,0,army,army,roediger2001_55::army,Roediger2001_55_15word_lists,"Roediger et al. (2001) 55-list DRM pool, augmented with uploaded 2024 supplementary workbook metrics",55 DRM list-Supplementary Material-08-16-24.xlsx; Roediger-et-al-2001b_PBR.pdf; RoedigerEtAl_2001.xlsx,3.64058080648965,,,,C,0.666666666666667,0.756038647342995,0.506038647342995,0.551932367149758,0.53,0.92,0.25,0.61,6.53333333333333,0.135,0.044,,2.53,3.64058080648965,3.08758618655209,4.7,4.09916666666667,4.0,6.47,0.0542445069333333,,,,,,,,,,,,,,,,,,,,,,,,,,,,
occ_00018,navy,navy,list_word,T1,1,army,army,roediger2001_55::army,Roediger2001_55_15word_lists,"Roediger et al. (2001) 55-list DRM pool, augmented with uploaded 2024 supplementary workbook metrics",55 DRM list-Supplementary Material-08-16-24.xlsx; Roediger-et-al-2001b_PBR.pdf; RoedigerEtAl_2001.xlsx,,,0.543,0.5,C,0.666666666666667,0.756038647342995,0.506038647342995,0.551932367149758,0.53,0.92,0.25,0.61,6.53333333333333,0.135,0.044,,2.53,3.64058080648965,3.08758618655209,4.7,4.09916666666667,4.0,6.47,0.0542445069333333,Navy,navy,False,False,15.0,,,,,,,,,,,,,,,,,,,,,,,
occ_00019,soldier,soldier,list_word,T2,2,army,army,roediger2001_55::army,Roediger2001_55_15word_lists,"Roediger et al. (2001) 55-list DRM pool, augmented with uploaded 2024 supplementary workbook metrics",55 DRM list-Supplementary Material-08-16-24.xlsx; Roediger-et-al-2001b_PBR.pdf; RoedigerEtAl_2001.xlsx,,,0.287,0.027,C,0.666666666666667,0.756038647342995,0.506038647342995,0.551932367149758,0.53,0.92,0.25,0.61,6.53333333333333,0.135,0.044,,2.53,3.64058080648965,3.08758618655209,4.7,4.09916666666667,4.0,6.47,0.0542445069333333,soldier,soldier,False,False,15.0,,,,,,,,,,,,,,,,,,,,,,,
occ_00020,united sates,united states,list_word,T3,3,army,army,roediger2001_55::army,Roediger2001_55_15word_lists,"Roediger et al. (2001) 55-list DRM pool, augmented with uploaded 2024 supplementary workbook metrics",55 DRM list-Supplementary Material-08-16-24.xlsx; Roediger-et-al-2001b_PBR.pdf; RoedigerEtAl_2001.xlsx,,,0.0,0.0,C,0.666666666666667,0.756038647342995,0.506038647342995,0.551932367149758,0.53,0.92,0.25,0.61,6.53333333333333,0.135,0.044,,2.53,3.64058080648965,3.08758618655209,4.7,4.09916666666667,4.0,6.47,0.0542445069333333,United States,united states,True,False,15.0,,,,,,,,,,,,,,,,,,,,,,,
occ_00021,rifle,rifle,list_word,T4,4,army,army,roediger2001_55::army,Roediger2001_55_15word_lists,"Roediger et al. (2001) 55-list DRM pool, augmented with uploaded 2024 supplementary workbook metrics",55 DRM list-Supplementary Material-08-16-24.xlsx; Roediger-et-al-2001b_PBR.pdf; RoedigerEtAl_2001.xlsx,,,0.0,0.0,C,0.666666666666667,0.756038647342995,0.506038647342995,0.551932367149758,0.53,0.92,0.25,0.61,6.53333333333333,0.135,0.044,,2.53,3.64058080648965,3.08758618655209,4.7,4.09916666666667,4.0,6.47,0.0542445069333333,rifle,rifle,False,False,15.0,,,,,,,,,,,,,,,,,,,,,,,
occ_00022,air force,air force,list_word,T5,5,army,army,roediger2001_55::army,Roediger2001_55_15word_lists,"Roediger et al. (2001) 55-list DRM pool, augmented with uploaded 2024 supplementary workbook metrics",55 DRM list-Supplementary Material-08-16-24.xlsx; Roediger-et-al-2001b_PBR.pdf; RoedigerEtAl_2001.xlsx,,,0.133,0.014,C,0.666666666666667,0.756038647342995,0.506038647342995,0.551932367149758,0.53,0.92,0.25,0.61,6.53333333333333,0.135,0.044,,2.53,3.64058080648965,3.08758618655209,4.7,4.09916666666667,4.0,6.47,0.0542445069333333,Air Force,air force,False,False,15.0,,,,,,,,,,,,,,,,,,,,,,,
occ_00023,draft,draft,list_word,T6,6,army,army,roediger2001_55::army,Roediger2001_55_15word_lists,"Roediger et al. (2001) 55-list DRM pool, augmented with uploaded 2024 supplementary workbook metrics",55 DRM list-Supplementary Material-08-16-24.xlsx; Roediger-et-al-2001b_PBR.pdf; RoedigerEtAl_2001.xlsx,,,0.122,0.0,C,0.666666666666667,0.756038647342995,0.506038647342995,0.551932367149758,0.53,0.92,0.25,0.61,6.53333333333333,0.135,0.044,,2.53,3.64058080648965,3.08758618655209,4.7,4.09916666666667,4.0,6.47,0.0542445069333333,draft,draft,False,False,15.0,,,,,,,,,,,,,,,,,,,,,,,
occ_00024,military,military,list_word,T7,7,army,army,roediger2001_55::army,Roediger2001_55_15word_lists,"Roediger et al. (2001) 55-list DRM pool, augmented with uploaded 2024 supplementary workbook metrics",55 DRM list-Supplementary Material-08-16-24.xlsx; Roediger-et-al-2001b_PBR.pdf; RoedigerEtAl_2001.xlsx,,,0.266,0.027,C,0.666666666666667,0.756038647342995,0.506038647342995,0.551932367149758,0.53,0.92,0.25,0.61,6.53333333333333,0.135,0.044,,2.53,3.64058080648965,3.08758618655209,4.7,4.09916666666667,4.0,6.47,0.0542445069333333,military,military,False,False,15.0,,,,,,,,,,,,,,,,,,,,,,,
occ_00025,marines,marines,list_word,T8,8,army,army,roediger2001_55::army,Roediger2001_55_15word_lists,"Roediger et al. (2001) 55-list DRM pool, augmented with uploaded 2024 supplementary workbook metrics",55 DRM list-Supplementary Material-08-16-24.xlsx; Roediger-et-al-2001b_PBR.pdf; RoedigerEtAl_2001.xlsx,,,0.283,0.047,C,0.666666666666667,0.756038647342995,0.506038647342995,0.551932367149758,0.53,0.92,0.25,0.61,6.53333333333333,0.135,0.044,,2.53,3.64058080648965,3.08758618655209,4.7,4.09916666666667,4.0,6.47,0.0542445069333333,Marines,marines,False,False,15.0,,,,,,,,,,,,,,,,,,,,,,,
occ_00026,march,march,list_word,T9,9,army,army,roediger2001_55::army,Roediger2001_55_15word_lists,"Roediger et al. (2001) 55-list DRM pool, augmented with uploaded 2024 supplementary workbook metrics",55 DRM list-Supplementary Material-08-16-24.xlsx; Roediger-et-al-2001b_PBR.pdf; RoedigerEtAl_2001.xlsx,,,0.041,0.0,C,0.666666666666667,0.756038647342995,0.506038647342995,0.551932367149758,0.53,0.92,0.25,0.61,6.53333333333333,0.135,0.044,,2.53,3.64058080648965,3.08758618655209,4.7,4.09916666666667,4.0,6.47,0.0542445069333333,march,march,False,False,15.0,,,,,,,,,,,,,,,,,,,,,,,
occ_00027,infantry,infantry,list_word,T10,10,army,army,roediger2001_55::army,Roediger2001_55_15word_lists,"Roediger et al. (2001) 55-list DRM pool, augmented with uploaded 2024 supplementary workbook metrics",55 DRM list-Supplementary Material-08-16-24.xlsx; Roediger-et-al-2001b_PBR.pdf; RoedigerEtAl_2001.xlsx,,,0.284,0.0,C,0.666666666666667,0.756038647342995,0.506038647342995,0.551932367149758,0.53,0.92,0.25,0.61,6.53333333333333,0.135,0.044,,2.53,3.64058080648965,3.08758618655209,4.7,4.09916666666667,4.0,6.47,0.0542445069333333,infantry,infantry,True,False,15.0,,,,,,,,,,,,,,,,,,,,,,,
occ_00028,captain,captain,list_word,T11,11,army,army,roediger2001_55::army,Roediger2001_55_15word_lists,"Roediger et al. (2001) 55-list DRM pool, augmented with uploaded 2024 supplementary workbook metrics",55 DRM list-Supplementary Material-08-16-24.xlsx; Roediger-et-al-2001b_PBR.pdf; RoedigerEtAl_2001.xlsx,,,0.014,0.0,C,0.666666666666667,0.756038647342995,0.506038647342995,0.551932367149758,0.53,0.92,0.25,0.61,6.53333333333333,0.135,0.044,,2.53,3.64058080648965,3.08758618655209,4.7,4.09916666666667,4.0,6.47,0.0542445069333333,captain,captain,False,False,15.0,,,,,,,,,,,,,,,,,,,,,,,
occ_00029,war,war,list_word,T12,12,army,army,roediger2001_55::army,Roediger2001_55_15word_lists,"Roediger et al. (2001) 55-list DRM pool, augmented with uploaded 2024 supplementary workbook metrics",55 DRM list-Supplementary Material-08-16-24.xlsx; Roediger-et-al-2001b_PBR.pdf; RoedigerEtAl_2001.xlsx,,,0.0,0.041,C,0.666666666666667,0.756038647342995,0.506038647342995,0.551932367149758,0.53,0.92,0.25,0.61,6.53333333333333,0.135,0.044,,2.53,3.64058080648965,3.08758618655209,4.7,4.09916666666667,4.0,6.47,0.0542445069333333,war,war,False,False,15.0,,,,,,,,,,,,,,,,,,,,,,,
occ_00030,uniform,uniform,list_word,T13,13,army,army,roediger2001_55::army,Roediger2001_55_15word_lists,"Roediger et al. (2001) 55-list DRM pool, augmented with uploaded 2024 supplementary workbook metrics",55 DRM list-Supplementary Material-08-16-24.xlsx; Roediger-et-al-2001b_PBR.pdf; RoedigerEtAl_2001.xlsx,,,0.048,0.0,C,0.666666666666667,0.756038647342995,0.506038647342995,0.551932367149758,0.53,0.92,0.25,0.61,6.53333333333333,0.135,0.044,,2.53,3.64058080648965,3.08758618655209,4.7,4.09916666666667,4.0,6.47,0.0542445069333333,uniform,uniform,False,False,15.0,,,,,,,,,,,,,,,,,,,,,,,
occ_00031,pilot,pilot,list_word,T14,14,army,army,roediger2001_55::army,Roediger2001_55_15word_lists,"Roediger et al. (2001) 55-list DRM pool, augmented with uploaded 2024 supplementary workbook metrics",55 DRM list-Supplementary Material-08-16-24.xlsx; Roediger-et-al-2001b_PBR.pdf; RoedigerEtAl_2001.xlsx,,,0.0,0.0,C,0.666666666666667,0.756038647342995,0.506038647342995,0.551932367149758,0.53,0.92,0.25,0.61,6.53333333333333,0.135,0.044,,2.53,3.64058080648965,3.08758618655209,4.7,4.09916666666667,4.0,6.47,0.0542445069333333,pilot,pilot,False,False,15.0,,,,,,,,,,,,,,,,,,,,,,,
occ_00032,combat,combat,list_word,T15,15,army,army,roediger2001_55::army,Roediger2001_55_15word_lists,"Roediger et al. (2001) 55-list DRM pool, augmented with uploaded 2024 supplementary workbook metrics",55 DRM list-Supplementary Material-08-16-24.xlsx; Roediger-et-al-2001b_PBR.pdf; RoedigerEtAl_2001.xlsx,,,0.0,0.0,C,0.666666666666667,0.756038647342995,0.506038647342995,0.551932367149758,0.53,0.92,0.25,0.61,6.53333333333333,0.135,0.044,,2.53,3.64058080648965,3.08758618655209,4.7,4.09916666666667,4.0,6.47,0.0542445069333333,combat,combat,True,False,15.0,,,,,,,,,,,,,,,,,,,,,,,
occ_00033,beautiful,beautiful,critical_distractor,CD,0,beautiful,beautiful,roediger2001_55::beautiful,Roediger2001_55_15word_lists,"Roediger et al. (2001) 55-list DRM pool, augmented with uploaded 2024 supplementary workbook metrics",55 DRM list-Supplementary Material-08-16-24.xlsx; Roediger-et-al-2001b_PBR.pdf; RoedigerEtAl_2001.xlsx,4.15433266124231,,,,C,0.5,0.673913043478261,0.363123993558776,0.462962962962963,0.44,0.85,0.03,0.71,3.4,0.038,0.049,0.1834781064722913,2.13,4.15433266124231,3.6944927734129,2.16,3.56785714285714,9.0,5.33,0.0704048821333333,,,,,,4.15433266124231,,,,,,,,,,,,,,,,,,,,,,
occ_00034,ugly,ugly,list_word,T1,1,beautiful,beautiful,roediger2001_55::beautiful,Roediger2001_55_15word_lists,"Roediger et al. (2001) 55-list DRM pool, augmented with uploaded 2024 supplementary workbook metrics",55 DRM list-Supplementary Material-08-16-24.xlsx; Roediger-et-al-2001b_PBR.pdf; RoedigerEtAl_2001.xlsx,3.33264041038746,,0.028,0.229,C,0.5,0.673913043478261,0.363123993558776,0.462962962962963,0.44,0.85,0.03,0.71,3.4,0.038,0.049,0.1834781064722913,2.13,4.15433266124231,3.6944927734129,2.16,3.56785714285714,9.0,5.33,0.0704048821333333,ugly,ugly,False,False,15.0,3.33264041038746,,,,,,,,,,,,,,,,,,,,,,
occ_00035,pretty,pretty,list_word,T2,2,beautiful,beautiful,roediger2001_55::beautiful,Roediger2001_55_15word_lists,"Roediger et al. (2001) 55-list DRM pool, augmented with uploaded 2024 supplementary workbook metrics",55 DRM list-Supplementary Material-08-16-24.xlsx; Roediger-et-al-2001b_PBR.pdf; RoedigerEtAl_2001.xlsx,4.30111684587563,,0.095,0.389,C,0.5,0.673913043478261,0.363123993558776,0.462962962962963,0.44,0.85,0.03,0.71,3.4,0.038,0.049,0.1834781064722913,2.13,4.15433266124231,3.6944927734129,2.16,3.56785714285714,9.0,5.33,0.0704048821333333,pretty,pretty,False,False,15.0,4.30111684587563,,,,,,,,,,,,,,,,,,,,,,
occ_00036,girls,girls,list_word,T3,3,beautiful,beautiful,roediger2001_55::beautiful,Roediger2001_55_15word_lists,"Roediger et al. (2001) 55-list DRM pool, augmented with uploaded 2024 supplementary workbook metrics",55 DRM list-Supplementary Material-08-16-24.xlsx; Roediger-et-al-2001b_PBR.pdf; RoedigerEtAl_2001.xlsx,4.02641068057877,,0.033,0.049,C,0.5,0.673913043478261,0.363123993558776,0.462962962962963,0.44,0.85,0.03,0.71,3.4,0.038,0.049,0.1834781064722913,2.13,4.15433266124231,3.6944927734129,2.16,3.56785714285714,9.0,5.33,0.0704048821333333,girls,girls,False,False,15.0,4.02641068057877,,,,,,,,,,,,,,,,,,,,,,
occ_00037,woman,woman,list_word,T4,4,beautiful,beautiful,roediger2001_55::beautiful,Roediger2001_55_15word_lists,"Roediger et al. (2001) 55-list DRM pool, augmented with uploaded 2024 supplementary workbook metrics",55 DRM list-Supplementary Material-08-16-24.xlsx; Roediger-et-al-2001b_PBR.pdf; RoedigerEtAl_2001.xlsx,4.34570692127843,,0.016,0.014,C,0.5,0.673913043478261,0.363123993558776,0.462962962962963,0.44,0.85,0.03,0.71,3.4,0.038,0.049,0.1834781064722913,2.13,4.15433266124231,3.6944927734129,2.16,3.56785714285714,9.0,5.33,0.0704048821333333,woman,woman,False,False,15.0,4.34570692127843,,,,,,,,,,,,,,,,,,,,,,
occ_00038,homely,homely,list_word,T5,5,beautiful,beautiful,roediger2001_55::beautiful,Roediger2001_55_15word_lists,"Roediger et al. (2001) 55-list DRM pool, augmented with uploaded 2024 supplementary workbook metrics",55 DRM list-Supplementary Material-08-16-24.xlsx; Roediger-et-al-2001b_PBR.pdf; RoedigerEtAl_2001.xlsx,1.68124123737559,,0.0,0.0,C,0.5,0.673913043478261,0.363123993558776,0.462962962962963,0.44,0.85,0.03,0.71,3.4,0.038,0.049,0.1834781064722913,2.13,4.15433266124231,3.6944927734129,2.16,3.56785714285714,9.0,5.33,0.0704048821333333,homely,homely,True,False,15.0,1.68124123737559,,,,,,,,,,,,,,,,,,,,,,
occ_00039,lovely,lovely,list_word,T6,6,beautiful,beautiful,roediger2001_55::beautiful,Roediger2001_55_15word_lists,"Roediger et al. (2001) 55-list DRM pool, augmented with uploaded 2024 supplementary workbook metrics",55 DRM list-Supplementary Material-08-16-24.xlsx; Roediger-et-al-2001b_PBR.pdf; RoedigerEtAl_2001.xlsx,3.68609977199592,,0.182,0.0,C,0.5,0.673913043478261,0.363123993558776,0.462962962962963,0.44,0.85,0.03,0.71,3.4,0.038,0.049,0.1834781064722913,2.13,4.15433266124231,3.6944927734129,2.16,3.56785714285714,9.0,5.33,0.0704048821333333,lovely,lovely,True,False,15.0,3.68609977199592,,,,,,,,,,,,,,,,,,,,,,
occ_00040,nice,nice,list_word,T7,7,beautiful,beautiful,roediger2001_55::beautiful,Roediger2001_55_15word_lists,"Roediger et al. (2001) 55-list DRM pool, augmented with uploaded 2024 supplementary workbook metrics",55 DRM list-Supplementary Material-08-16-24.xlsx; Roediger-et-al-2001b_PBR.pdf; RoedigerEtAl_2001.xlsx,4.52016899752378,,0.0,0.0,C,0.5,0.673913043478261,0.363123993558776,0.462962962962963,0.44,0.85,0.03,0.71,3.4,0.038,0.049,0.1834781064722913,2.13,4.15433266124231,3.6944927734129,2.16,3.56785714285714,9.0,5.33,0.0704048821333333,nice,nice,False,False,15.0,4.52016899752378,,,,,,,,,,,,,,,,,,,,,,
occ_00041,picture,picture,list_word,T8,8,beautiful,beautiful,roediger2001_55::beautiful,Roediger2001_55_15word_lists,"Roediger et al. (2001) 55-list DRM pool, augmented with uploaded 2024 supplementary workbook metrics",55 DRM list-Supplementary Material-08-16-24.xlsx; Roediger-et-al-2001b_PBR.pdf; RoedigerEtAl_2001.xlsx,3.84892771322708,,0.0,0.0,C,0.5,0.673913043478261,0.363123993558776,0.462962962962963,0.44,0.85,0.03,0.71,3.4,0.038,0.049,0.1834781064722913,2.13,4.15433266124231,3.6944927734129,2.16,3.56785714285714,9.0,5.33,0.0704048821333333,picture,picture,False,False,15.0,3.84892771322708,,,,,,,,,,,,,,,,,,,,,,
occ_00042,lady,lady,list_word,T9,9,beautiful,beautiful,roediger2001_55::beautiful,Roediger2001_55_15word_lists,"Roediger et al. (2001) 55-list DRM pool, augmented with uploaded 2024 supplementary workbook metrics",55 DRM list-Supplementary Material-08-16-24.xlsx; Roediger-et-al-2001b_PBR.pdf; RoedigerEtAl_2001.xlsx,4.04422607711268,,0.01,0.0,C,0.5,0.673913043478261,0.363123993558776,0.462962962962963,0.44,0.85,0.03,0.71,3.4,0.038,0.049,0.1834781064722913,2.13,4.15433266124231,3.6944927734129,2.16,3.56785714285714,9.0,5.33,0.0704048821333333,lady,lady,False,False,15.0,4.04422607711268,,,,,,,,,,,,,,,,,,,,,,
occ_00043,mountain,mountain,list_word,T10,10,beautiful,beautiful,roediger2001_55::beautiful,Roediger2001_55_15word_lists,"Roediger et al. (2001) 55-list DRM pool, augmented with uploaded 2024 supplementary workbook metrics",55 DRM list-Supplementary Material-08-16-24.xlsx; Roediger-et-al-2001b_PBR.pdf; RoedigerEtAl_2001.xlsx,3.25671774597749,,0.0,0.0,C,0.5,0.673913043478261,0.363123993558776,0.462962962962963,0.44,0.85,0.03,0.71,3.4,0.038,0.049,0.1834781064722913,2.13,4.15433266124231,3.6944927734129,2.16,3.56785714285714,9.0,5.33,0.0704048821333333,mountain,mountain,False,False,15.0,3.25671774597749,,,,,,,,,,,,,,,,,,,,,,
occ_00044,snow,snow,list_word,T11,11,beautiful,beautiful,roediger2001_55::beautiful,Roediger2001_55_15word_lists,"Roediger et al. (2001) 55-list DRM pool, augmented with uploaded 2024 supplementary workbook metrics",55 DRM list-Supplementary Material-08-16-24.xlsx; Roediger-et-al-2001b_PBR.pdf; RoedigerEtAl_2001.xlsx,3.20411998265592,,0.0,0.0,C,0.5,0.673913043478261,0.363123993558776,0.462962962962963,0.44,0.85,0.03,0.71,3.4,0.038,0.049,0.1834781064722913,2.13,4.15433266124231,3.6944927734129,2.16,3.56785714285714,9.0,5.33,0.0704048821333333,snow,snow,False,False,15.0,3.20411998265592,,,,,,,,,,,,,,,,,,,,,,
occ_00045,scene,scene,list_word,T12,12,beautiful,beautiful,roediger2001_55::beautiful,Roediger2001_55_15word_lists,"Roediger et al. (2001) 55-list DRM pool, augmented with uploaded 2024 supplementary workbook metrics",55 DRM list-Supplementary Material-08-16-24.xlsx; Roediger-et-al-2001b_PBR.pdf; RoedigerEtAl_2001.xlsx,3.58069693971244,,0.024,0.0,C,0.5,0.673913043478261,0.363123993558776,0.462962962962963,0.44,0.85,0.03,0.71,3.4,0.038,0.049,0.1834781064722913,2.13,4.15433266124231,3.6944927734129,2.16,3.56785714285714,9.0,5.33,0.0704048821333333,scene,scene,False,False,15.0,3.58069693971244,,,,,,,,,,,,,,,,,,,,,,
occ_00046,music,music,list_word,T13,13,beautiful,beautiful,roediger2001_55::beautiful,Roediger2001_55_15word_lists,"Roediger et al. (2001) 55-list DRM pool, augmented with uploaded 2024 supplementary workbook metrics",55 DRM list-Supplementary Material-08-16-24.xlsx; Roediger-et-al-2001b_PBR.pdf; RoedigerEtAl_2001.xlsx,3.88846031803539,,0.0,0.0,C,0.5,0.673913043478261,0.363123993558776,0.462962962962963,0.44,0.85,0.03,0.71,3.4,0.038,0.049,0.1834781064722913,2.13,4.15433266124231,3.6944927734129,2.16,3.56785714285714,9.0,5.33,0.0704048821333333,music,music,False,False,15.0,3.88846031803539,,,,,,,,,,,,,,,,,,,,,,
occ_00047,day,day,list_word,T14,14,beautiful,beautiful,roediger2001_55::beautiful,Roediger2001_55_15word_lists,"Roediger et al. (2001) 55-list DRM pool, augmented with uploaded 2024 supplementary workbook metrics",55 DRM list-Supplementary Material-08-16-24.xlsx; Roediger-et-al-2001b_PBR.pdf; RoedigerEtAl_2001.xlsx,4.61165959265179,,0.0,0.0,C,0.5,0.673913043478261,0.363123993558776,0.462962962962963,0.44,0.85,0.03,0.71,3.4,0.038,0.049,0.1834781064722913,2.13,4.15433266124231,3.6944927734129,2.16,3.56785714285714,9.0,5.33,0.0704048821333333,day,day,False,False,15.0,4.61165959265179,,,,,,,,,,,,,,,,,,,,,,
occ_00048,gorgeous,gorgeous,list_word,T15,15,beautiful,beautiful,roediger2001_55::beautiful,Roediger2001_55_15word_lists,"Roediger et al. (2001) 55-list DRM pool, augmented with uploaded 2024 supplementary workbook metrics",55 DRM list-Supplementary Material-08-16-24.xlsx; Roediger-et-al-2001b_PBR.pdf; RoedigerEtAl_2001.xlsx,3.08919836680515,,0.184,0.056,C,0.5,0.673913043478261,0.363123993558776,0.462962962962963,0.44,0.85,0.03,0.71,3.4,0.038,0.049,0.1834781064722913,2.13,4.15433266124231,3.6944927734129,2.16,3.56785714285714,9.0,5.33,0.0704048821333333,gorgeous,gorgeous,False,False,15.0,3.08919836680515,,,,,,,,,,,,,,,,,,,,,,
occ_00049,bitter,bitter,critical_distractor,CD,0,bitter,bitter,roediger2001_55::bitter,Roediger2001_55_15word_lists,"Roediger et al. (2001) 55-list DRM pool, augmented with uploaded 2024 supplementary workbook metrics",55 DRM list-Supplementary Material-08-16-24.xlsx; Roediger-et-al-2001b_PBR.pdf; RoedigerEtAl_2001.xlsx,2.75511226639507,,,,C,0.318840579710145,0.632850241545894,0.21256038647343,0.430354267310789,0.26,0.78,0.01,0.68,3.75333333333333,0.011,0.059,0.2218340704095728,1.4,2.75511226639507,3.06213767177231,2.93,4.11,6.0,4.93,0.0100338074666666,,,,,,2.75511226639507,,,,,,,,,,,,,,,,,,,,,,
occ_00050,sweet,sweet,list_word,T1,1,bitter,bitter,roediger2001_55::bitter,Roediger2001_55_15word_lists,"Roediger et al. (2001) 55-list DRM pool, augmented with uploaded 2024 supplementary workbook metrics",55 DRM list-Supplementary Material-08-16-24.xlsx; Roediger-et-al-2001b_PBR.pdf; RoedigerEtAl_2001.xlsx,3.86958370771342,,0.02,0.435,C,0.318840579710145,0.632850241545894,0.21256038647343,0.430354267310789,0.26,0.78,0.01,0.68,3.75333333333333,0.011,0.059,0.2218340704095728,1.4,2.75511226639507,3.06213767177231,2.93,4.11,6.0,4.93,0.0100338074666666,sweet,sweet,False,False,15.0,3.86958370771342,,,,,,,,,,,,,,,,,,,,,,
occ_00051,sour,sour,list_word,T2,2,bitter,bitter,roediger2001_55::bitter,Roediger2001_55_15word_lists,"Roediger et al. (2001) 55-list DRM pool, augmented with uploaded 2024 supplementary workbook metrics",55 DRM list-Supplementary Material-08-16-24.xlsx; Roediger-et-al-2001b_PBR.pdf; RoedigerEtAl_2001.xlsx,2.47421626407626,,0.115,0.254,C,0.318840579710145,0.632850241545894,0.21256038647343,0.430354267310789,0.26,0.78,0.01,0.68,3.75333333333333,0.011,0.059,0.2218340704095728,1.4,2.75511226639507,3.06213767177231,2.93,4.11,6.0,4.93,0.0100338074666666,sour,sour,False,False,15.0,2.47421626407626,,,,,,,,,,,,,,,,,,,,,,
occ_00052,taste,taste,list_word,T3,3,bitter,bitter,roediger2001_55::bitter,Roediger2001_55_15word_lists,"Roediger et al. (2001) 55-list DRM pool, augmented with uploaded 2024 supplementary workbook metrics",55 DRM list-Supplementary Material-08-16-24.xlsx; Roediger-et-al-2001b_PBR.pdf; RoedigerEtAl_2001.xlsx,3.41796964221474,,0.024,0.065,C,0.318840579710145,0.632850241545894,0.21256038647343,0.430354267310789,0.26,0.78,0.01,0.68,3.75333333333333,0.011,0.059,0.2218340704095728,1.4,2.75511226639507,3.06213767177231,2.93,4.11,6.0,4.93,0.0100338074666666,taste,taste,False,False,15.0,3.41796964221474,,,,,,,,,,,,,,,,,,,,,,
occ_00053,chocolate,chocolate,list_word,T4,4,bitter,bitter,roediger2001_55::bitter,Roediger2001_55_15word_lists,"Roediger et al. (2001) 55-list DRM pool, augmented with uploaded 2024 supplementary workbook metrics",55 DRM list-Supplementary Material-08-16-24.xlsx; Roediger-et-al-2001b_PBR.pdf; RoedigerEtAl_2001.xlsx,3.17609125905568,,0.0,0.0,C,0.318840579710145,0.632850241545894,0.21256038647343,0.430354267310789,0.26,0.78,0.01,0.68,3.75333333333333,0.011,0.059,0.2218340704095728,1.4,2.75511226639507,3.06213767177231,2.93,4.11,6.0,4.93,0.0100338074666666,chocolate,chocolate,False,False,15.0,3.17609125905568,,,,,,,,,,,,,,,,,,,,,,
occ_00054,rice,rice,list_word,T5,5,bitter,bitter,roediger2001_55::bitter,Roediger2001_55_15word_lists,"Roediger et al. (2001) 55-list DRM pool, augmented with uploaded 2024 supplementary workbook metrics",55 DRM list-Supplementary Material-08-16-24.xlsx; Roediger-et-al-2001b_PBR.pdf; RoedigerEtAl_2001.xlsx,2.88649072517248,,0.0,0.0,C,0.318840579710145,0.632850241545894,0.21256038647343,0.430354267310789,0.26,0.78,0.01,0.68,3.75333333333333,0.011,0.059,0.2218340704095728,1.4,2.75511226639507,3.06213767177231,2.93,4.11,6.0,4.93,0.0100338074666666,rice,rice,False,False,15.0,2.88649072517248,,,,,,,,,,,,,,,,,,,,,,
occ_00055,cold,cold,list_word,T6,6,bitter,bitter,roediger2001_55::bitter,Roediger2001_55_15word_lists,"Roediger et al. (2001) 55-list DRM pool, augmented with uploaded 2024 supplementary workbook metrics",55 DRM list-Supplementary Material-08-16-24.xlsx; Roediger-et-al-2001b_PBR.pdf; RoedigerEtAl_2001.xlsx,3.82210266864692,,0.0,0.101,C,0.318840579710145,0.632850241545894,0.21256038647343,0.430354267310789,0.26,0.78,0.01,0.68,3.75333333333333,0.011,0.059,0.2218340704095728,1.4,2.75511226639507,3.06213767177231,2.93,4.11,6.0,4.93,0.0100338074666666,cold,cold,False,False,15.0,3.82210266864692,,,,,,,,,,,,,,,,,,,,,,
occ_00056,lemon,lemon,list_word,T7,7,bitter,bitter,roediger2001_55::bitter,Roediger2001_55_15word_lists,"Roediger et al. (2001) 55-list DRM pool, augmented with uploaded 2024 supplementary workbook metrics",55 DRM list-Supplementary Material-08-16-24.xlsx; Roediger-et-al-2001b_PBR.pdf; RoedigerEtAl_2001.xlsx,2.78816837114117,,0.0,0.022,C,0.318840579710145,0.632850241545894,0.21256038647343,0.430354267310789,0.26,0.78,0.01,0.68,3.75333333333333,0.011,0.059,0.2218340704095728,1.4,2.75511226639507,3.06213767177231,2.93,4.11,6.0,4.93,0.0100338074666666,lemon,lemon,False,False,15.0,2.78816837114117,,,,,,,,,,,,,,,,,,,,,,
occ_00057,angry,angry,list_word,T8,8,bitter,bitter,roediger2001_55::bitter,Roediger2001_55_15word_lists,"Roediger et al. (2001) 55-list DRM pool, augmented with uploaded 2024 supplementary workbook metrics",55 DRM list-Supplementary Material-08-16-24.xlsx; Roediger-et-al-2001b_PBR.pdf; RoedigerEtAl_2001.xlsx,3.47842218774008,,0.0,0.0,C,0.318840579710145,0.632850241545894,0.21256038647343,0.430354267310789,0.26,0.78,0.01,0.68,3.75333333333333,0.011,0.059,0.2218340704095728,1.4,2.75511226639507,3.06213767177231,2.93,4.11,6.0,4.93,0.0100338074666666,angry,angry,False,False,15.0,3.47842218774008,,,,,,,,,,,,,,,,,,,,,,
occ_00058,hard,hard,list_word,T9,9,bitter,bitter,roediger2001_55::bitter,Roediger2001_55_15word_lists,"Roediger et al. (2001) 55-list DRM pool, augmented with uploaded 2024 supplementary workbook metrics",55 DRM list-Supplementary Material-08-16-24.xlsx; Roediger-et-al-2001b_PBR.pdf; RoedigerEtAl_2001.xlsx,4.19592731359722,,0.0,0.0,C,0.318840579710145,0.632850241545894,0.21256038647343,0.430354267310789,0.26,0.78,0.01,0.68,3.75333333333333,0.011,0.059,0.2218340704095728,1.4,2.75511226639507,3.06213767177231,2.93,4.11,6.0,4.93,0.0100338074666666,hard,hard,False,False,15.0,4.19592731359722,,,,,,,,,,,,,,,,,,,,,,
occ_00059,mad,mad,list_word,T10,10,bitter,bitter,roediger2001_55::bitter,Roediger2001_55_15word_lists,"Roediger et al. (2001) 55-list DRM pool, augmented with uploaded 2024 supplementary workbook metrics",55 DRM list-Supplementary Material-08-16-24.xlsx; Roediger-et-al-2001b_PBR.pdf; RoedigerEtAl_2001.xlsx,3.76230336328777,,0.0,0.0,C,0.318840579710145,0.632850241545894,0.21256038647343,0.430354267310789,0.26,0.78,0.01,0.68,3.75333333333333,0.011,0.059,0.2218340704095728,1.4,2.75511226639507,3.06213767177231,2.93,4.11,6.0,4.93,0.0100338074666666,mad,mad,False,False,15.0,3.76230336328777,,,,,,,,,,,,,,,,,,,,,,
occ_00060,acid,acid,list_word,T11,11,bitter,bitter,roediger2001_55::bitter,Roediger2001_55_15word_lists,"Roediger et al. (2001) 55-list DRM pool, augmented with uploaded 2024 supplementary workbook metrics",55 DRM list-Supplementary Material-08-16-24.xlsx; Roediger-et-al-2001b_PBR.pdf; RoedigerEtAl_2001.xlsx,2.70671778233676,,0.0,0.014,C,0.318840579710145,0.632850241545894,0.21256038647343,0.430354267310789,0.26,0.78,0.01,0.68,3.75333333333333,0.011,0.059,0.2218340704095728,1.4,2.75511226639507,3.06213767177231,2.93,4.11,6.0,4.93,0.0100338074666666,acid,acid,False,False,15.0,2.70671778233676,,,,,,,,,,,,,,,,,,,,,,
occ_00061,almonds,almonds,list_word,T12,12,bitter,bitter,roediger2001_55::bitter,Roediger2001_55_15word_lists,"Roediger et al. (2001) 55-list DRM pool, augmented with uploaded 2024 supplementary workbook metrics",55 DRM list-Supplementary Material-08-16-24.xlsx; Roediger-et-al-2001b_PBR.pdf; RoedigerEtAl_2001.xlsx,1.84509804001426,,0.0,0.0,C,0.318840579710145,0.632850241545894,0.21256038647343,0.430354267310789,0.26,0.78,0.01,0.68,3.75333333333333,0.011,0.059,0.2218340704095728,1.4,2.75511226639507,3.06213767177231,2.93,4.11,6.0,4.93,0.0100338074666666,almonds,almonds,False,False,15.0,1.84509804001426,,,,,,,,,,,,,,,,,,,,,,
occ_00062,herbs,herbs,list_word,T13,13,bitter,bitter,roediger2001_55::bitter,Roediger2001_55_15word_lists,"Roediger et al. (2001) 55-list DRM pool, augmented with uploaded 2024 supplementary workbook metrics",55 DRM list-Supplementary Material-08-16-24.xlsx; Roediger-et-al-2001b_PBR.pdf; RoedigerEtAl_2001.xlsx,2.15228834438306,,0.0,0.0,C,0.318840579710145,0.632850241545894,0.21256038647343,0.430354267310789,0.26,0.78,0.01,0.68,3.75333333333333,0.011,0.059,0.2218340704095728,1.4,2.75511226639507,3.06213767177231,2.93,4.11,6.0,4.93,0.0100338074666666,herbs,herbs,False,False,15.0,2.15228834438306,,,,,,,,,,,,,,,,,,,,,,
occ_00063,grape,grape,list_word,T14,14,bitter,bitter,roediger2001_55::bitter,Roediger2001_55_15word_lists,"Roediger et al. (2001) 55-list DRM pool, augmented with uploaded 2024 supplementary workbook metrics",55 DRM list-Supplementary Material-08-16-24.xlsx; Roediger-et-al-2001b_PBR.pdf; RoedigerEtAl_2001.xlsx,2.31175386105575,,0.0,0.0,C,0.318840579710145,0.632850241545894,0.21256038647343,0.430354267310789,0.26,0.78,0.01,0.68,3.75333333333333,0.011,0.059,0.2218340704095728,1.4,2.75511226639507,3.06213767177231,2.93,4.11,6.0,4.93,0.0100338074666666,grape,grape,False,False,15.0,2.31175386105575,,,,,,,,,,,,,,,,,,,,,,
occ_00064,fruit,fruit,list_word,T15,15,bitter,bitter,roediger2001_55::bitter,Roediger2001_55_15word_lists,"Roediger et al. (2001) 55-list DRM pool, augmented with uploaded 2024 supplementary workbook metrics",55 DRM list-Supplementary Material-08-16-24.xlsx; Roediger-et-al-2001b_PBR.pdf; RoedigerEtAl_2001.xlsx,3.04493154614916,,0.0,0.0,C,0.318840579710145,0.632850241545894,0.21256038647343,0.430354267310789,0.26,0.78,0.01,0.68,3.75333333333333,0.011,0.059,0.2218340704095728,1.4,2.75511226639507,3.06213767177231,2.93,4.11,6.0,4.93,0.0100338074666666,fruit,fruit,False,False,15.0,3.04493154614916,,,,,,,,,,,,,,,,,,,,,,
occ_00065,black,black,critical_distractor,CD,0,black,black,roediger2001_55::black,Roediger2001_55_15word_lists,"Roediger et al. (2001) 55-list DRM pool, augmented with uploaded 2024 supplementary workbook metrics",55 DRM list-Supplementary Material-08-16-24.xlsx; Roediger-et-al-2001b_PBR.pdf; RoedigerEtAl_2001.xlsx,3.93277807006055,,,,B,0.549404472532814,0.678161967266246,0.437904098768322,0.504539559014267,0.49,0.74,0.34,0.6,3.39333333333333,0.13,0.052,0.1884084486306175,1.47,3.93277807006055,3.29560251504974,3.76,4.04666666666667,5.0,4.8,0.0818509929333333,,,,,,3.93277807006055,,,,,,,,,,,,,,,,,,,,,,
occ_00066,white,white,list_word,T1,1,black,black,roediger2001_55::black,Roediger2001_55_15word_lists,"Roediger et al. (2001) 55-list DRM pool, augmented with uploaded 2024 supplementary workbook metrics",55 DRM list-Supplementary Material-08-16-24.xlsx; Roediger-et-al-2001b_PBR.pdf; RoedigerEtAl_2001.xlsx,3.9417598138147,,0.655,0.557,B,0.549404472532814,0.678161967266246,0.437904098768322,0.504539559014267,0.49,0.74,0.34,0.6,3.39333333333333,0.13,0.052,0.1884084486306175,1.47,3.93277807006055,3.29560251504974,3.76,4.04666666666667,5.0,4.8,0.0818509929333333,white,white,False,False,15.0,3.9417598138147,,,,,,,,,,,,,,,,,,,,,,
occ_00067,dark,dark,list_word,T2,2,black,black,roediger2001_55::black,Roediger2001_55_15word_lists,"Roediger et al. (2001) 55-list DRM pool, augmented with uploaded 2024 supplementary workbook metrics",55 DRM list-Supplementary Material-08-16-24.xlsx; Roediger-et-al-2001b_PBR.pdf; RoedigerEtAl_2001.xlsx,3.65513843481138,,0.111,0.1,B,0.549404472532814,0.678161967266246,0.437904098768322,0.504539559014267,0.49,0.74,0.34,0.6,3.39333333333333,0.13,0.052,0.1884084486306175,1.47,3.93277807006055,3.29560251504974,3.76,4.04666666666667,5.0,4.8,0.0818509929333333,dark,dark,False,False,15.0,3.65513843481138,,,,,,,,,,,,,,,,,,,,,,
occ_00068,cat,cat,list_word,T3,3,black,black,roediger2001_55::black,Roediger2001_55_15word_lists,"Roediger et al. (2001) 55-list DRM pool, augmented with uploaded 2024 supplementary workbook metrics",55 DRM list-Supplementary Material-08-16-24.xlsx; Roediger-et-al-2001b_PBR.pdf; RoedigerEtAl_2001.xlsx,3.52943035436699,,0.0,0.043,B,0.549404472532814,0.678161967266246,0.437904098768322,0.504539559014267,0.49,0.74,0.34,0.6,3.39333333333333,0.13,0.052,0.1884084486306175,1.47,3.93277807006055,3.29560251504974,3.76,4.04666666666667,5.0,4.8,0.0818509929333333,cat,cat,False,False,15.0,3.52943035436699,,,,,,,,,,,,,,,,,,,,,,
occ_00069,charred,charred,list_word,T4,4,black,black,roediger2001_55::black,Roediger2001_55_15word_lists,"Roediger et al. (2001) 55-list DRM pool, augmented with uploaded 2024 supplementary workbook metrics",55 DRM list-Supplementary Material-08-16-24.xlsx; Roediger-et-al-2001b_PBR.pdf; RoedigerEtAl_2001.xlsx,1.5910646070265,,0.023,0.0,B,0.549404472532814,0.678161967266246,0.437904098768322,0.504539559014267,0.49,0.74,0.34,0.6,3.39333333333333,0.13,0.052,0.1884084486306175,1.47,3.93277807006055,3.29560251504974,3.76,4.04666666666667,5.0,4.8,0.0818509929333333,charred,charred,True,False,15.0,1.5910646070265,,,,,,,,,,,,,,,,,,,,,,
occ_00070,night,night,list_word,T5,5,black,black,roediger2001_55::black,Roediger2001_55_15word_lists,"Roediger et al. (2001) 55-list DRM pool, augmented with uploaded 2024 supplementary workbook metrics",55 DRM list-Supplementary Material-08-16-24.xlsx; Roediger-et-al-2001b_PBR.pdf; RoedigerEtAl_2001.xlsx,4.64511756680654,,0.0,0.021,B,0.549404472532814,0.678161967266246,0.437904098768322,0.504539559014267,0.49,0.74,0.34,0.6,3.39333333333333,0.13,0.052,0.1884084486306175,1.47,3.93277807006055,3.29560251504974,3.76,4.04666666666667,5.0,4.8,0.0818509929333333,night,night,False,False,15.0,4.64511756680654,,,,,,,,,,,,,,,,,,,,,,
occ_00071,funeral,funeral,list_word,T6,6,black,black,roediger2001_55::black,Roediger2001_55_15word_lists,"Roediger et al. (2001) 55-list DRM pool, augmented with uploaded 2024 supplementary workbook metrics",55 DRM list-Supplementary Material-08-16-24.xlsx; Roediger-et-al-2001b_PBR.pdf; RoedigerEtAl_2001.xlsx,3.22891340599469,,0.034,0.0,B,0.549404472532814,0.678161967266246,0.437904098768322,0.504539559014267,0.49,0.74,0.34,0.6,3.39333333333333,0.13,0.052,0.1884084486306175,1.47,3.93277807006055,3.29560251504974,3.76,4.04666666666667,5.0,4.8,0.0818509929333333,funeral,funeral,False,False,15.0,3.22891340599469,,,,,,,,,,,,,,,,,,,,,,
occ_00072,color,color,list_word,T7,7,black,black,roediger2001_55::black,Roediger2001_55_15word_lists,"Roediger et al. (2001) 55-list DRM pool, augmented with uploaded 2024 supplementary workbook metrics",55 DRM list-Supplementary Material-08-16-24.xlsx; Roediger-et-al-2001b_PBR.pdf; RoedigerEtAl_2001.xlsx,3.30362797638389,,0.074,0.05,B,0.549404472532814,0.678161967266246,0.437904098768322,0.504539559014267,0.49,0.74,0.34,0.6,3.39333333333333,0.13,0.052,0.1884084486306175,1.47,3.93277807006055,3.29560251504974,3.76,4.04666666666667,5.0,4.8,0.0818509929333333,color,color,False,False,15.0,3.30362797638389,,,,,,,,,,,,,,,,,,,,,,
occ_00073,grief,grief,list_word,T8,8,black,black,roediger2001_55::black,Roediger2001_55_15word_lists,"Roediger et al. (2001) 55-list DRM pool, augmented with uploaded 2024 supplementary workbook metrics",55 DRM list-Supplementary Material-08-16-24.xlsx; Roediger-et-al-2001b_PBR.pdf; RoedigerEtAl_2001.xlsx,2.7427251313047,,0.0,0.0,B,0.549404472532814,0.678161967266246,0.437904098768322,0.504539559014267,0.49,0.74,0.34,0.6,3.39333333333333,0.13,0.052,0.1884084486306175,1.47,3.93277807006055,3.29560251504974,3.76,4.04666666666667,5.0,4.8,0.0818509929333333,grief,grief,False,False,15.0,2.7427251313047,,,,,,,,,,,,,,,,,,,,,,
occ_00074,blue,blue,list_word,T9,9,black,black,roediger2001_55::black,Roediger2001_55_15word_lists,"Roediger et al. (2001) 55-list DRM pool, augmented with uploaded 2024 supplementary workbook metrics",55 DRM list-Supplementary Material-08-16-24.xlsx; Roediger-et-al-2001b_PBR.pdf; RoedigerEtAl_2001.xlsx,3.71792002583699,,0.028,0.0,B,0.549404472532814,0.678161967266246,0.437904098768322,0.504539559014267,0.49,0.74,0.34,0.6,3.39333333333333,0.13,0.052,0.1884084486306175,1.47,3.93277807006055,3.29560251504974,3.76,4.04666666666667,5.0,4.8,0.0818509929333333,blue,blue,False,False,15.0,3.71792002583699,,,,,,,,,,,,,,,,,,,,,,
occ_00075,death,death,list_word,T10,10,black,black,roediger2001_55::black,Roediger2001_55_15word_lists,"Roediger et al. (2001) 55-list DRM pool, augmented with uploaded 2024 supplementary workbook metrics",55 DRM list-Supplementary Material-08-16-24.xlsx; Roediger-et-al-2001b_PBR.pdf; RoedigerEtAl_2001.xlsx,4.04344087624447,,0.016,0.014,B,0.549404472532814,0.678161967266246,0.437904098768322,0.504539559014267,0.49,0.74,0.34,0.6,3.39333333333333,0.13,0.052,0.1884084486306175,1.47,3.93277807006055,3.29560251504974,3.76,4.04666666666667,5.0,4.8,0.0818509929333333,death,death,False,False,15.0,4.04344087624447,,,,,,,,,,,,,,,,,,,,,,
occ_00076,ink,ink,list_word,T11,11,black,black,roediger2001_55::black,Roediger2001_55_15word_lists,"Roediger et al. (2001) 55-list DRM pool, augmented with uploaded 2024 supplementary workbook metrics",55 DRM list-Supplementary Material-08-16-24.xlsx; Roediger-et-al-2001b_PBR.pdf; RoedigerEtAl_2001.xlsx,2.58319877396862,,0.02,0.0,B,0.549404472532814,0.678161967266246,0.437904098768322,0.504539559014267,0.49,0.74,0.34,0.6,3.39333333333333,0.13,0.052,0.1884084486306175,1.47,3.93277807006055,3.29560251504974,3.76,4.04666666666667,5.0,4.8,0.0818509929333333,ink,ink,False,False,15.0,2.58319877396862,,,,,,,,,,,,,,,,,,,,,,
occ_00077,bottom,bottom,list_word,T12,12,black,black,roediger2001_55::black,Roediger2001_55_15word_lists,"Roediger et al. (2001) 55-list DRM pool, augmented with uploaded 2024 supplementary workbook metrics",55 DRM list-Supplementary Material-08-16-24.xlsx; Roediger-et-al-2001b_PBR.pdf; RoedigerEtAl_2001.xlsx,3.40602894496361,,0.0,0.0,B,0.549404472532814,0.678161967266246,0.437904098768322,0.504539559014267,0.49,0.74,0.34,0.6,3.39333333333333,0.13,0.052,0.1884084486306175,1.47,3.93277807006055,3.29560251504974,3.76,4.04666666666667,5.0,4.8,0.0818509929333333,bottom,bottom,False,False,15.0,3.40602894496361,,,,,,,,,,,,,,,,,,,,,,
occ_00078,coal,coal,list_word,T13,13,black,black,roediger2001_55::black,Roediger2001_55_15word_lists,"Roediger et al. (2001) 55-list DRM pool, augmented with uploaded 2024 supplementary workbook metrics",55 DRM list-Supplementary Material-08-16-24.xlsx; Roediger-et-al-2001b_PBR.pdf; RoedigerEtAl_2001.xlsx,2.52633927738984,,0.288,0.0,B,0.549404472532814,0.678161967266246,0.437904098768322,0.504539559014267,0.49,0.74,0.34,0.6,3.39333333333333,0.13,0.052,0.1884084486306175,1.47,3.93277807006055,3.29560251504974,3.76,4.04666666666667,5.0,4.8,0.0818509929333333,coal,coal,False,False,15.0,2.52633927738984,,,,,,,,,,,,,,,,,,,,,,
occ_00079,brown,brown,list_word,T14,14,black,black,roediger2001_55::black,Roediger2001_55_15word_lists,"Roediger et al. (2001) 55-list DRM pool, augmented with uploaded 2024 supplementary workbook metrics",55 DRM list-Supplementary Material-08-16-24.xlsx; Roediger-et-al-2001b_PBR.pdf; RoedigerEtAl_2001.xlsx,3.48671377598249,,0.338,0.0,B,0.549404472532814,0.678161967266246,0.437904098768322,0.504539559014267,0.49,0.74,0.34,0.6,3.39333333333333,0.13,0.052,0.1884084486306175,1.47,3.93277807006055,3.29560251504974,3.76,4.04666666666667,5.0,4.8,0.0818509929333333,brown,brown,False,False,15.0,3.48671377598249,,,,,,,,,,,,,,,,,,,,,,
occ_00080,gray,gray,list_word,T15,15,black,black,roediger2001_55::black,Roediger2001_55_15word_lists,"Roediger et al. (2001) 55-list DRM pool, augmented with uploaded 2024 supplementary workbook metrics",55 DRM list-Supplementary Material-08-16-24.xlsx; Roediger-et-al-2001b_PBR.pdf; RoedigerEtAl_2001.xlsx,3.03261876085072,,0.365,0.0,B,0.549404472532814,0.678161967266246,0.437904098768322,0.504539559014267,0.49,0.74,0.34,0.6,3.39333333333333,0.13,0.052,0.1884084486306175,1.47,3.93277807006055,3.29560251504974,3.76,4.04666666666667,5.0,4.8,0.0818509929333333,gray,gray,False,False,15.0,3.03261876085072,,,,,,,,,,,,,,,,,,,,,,
occ_00081,bread,bread,critical_distractor,CD,0,bread,bread,roediger2001_55::bread,Roediger2001_55_15word_lists,"Roediger et al. (2001) 55-list DRM pool, augmented with uploaded 2024 supplementary workbook metrics",55 DRM list-Supplementary Material-08-16-24.xlsx; Roediger-et-al-2001b_PBR.pdf; RoedigerEtAl_2001.xlsx,3.16016829295851,,,,A,0.696296296296296,0.674074074074074,0.541269841269841,0.507407407407408,0.64,0.65,0.31,0.55,5.68666666666667,0.2,0.049,0.2988033465296157,1.33,3.16016829295851,2.94661117330819,4.92,4.73666666666667,5.0,4.6,0.2084579125333333,,,,,,3.16016829295851,,,,,,,,,,,,,,,,,,,,,,
occ_00082,butter,butter,list_word,T1,1,bread,bread,roediger2001_55::bread,Roediger2001_55_15word_lists,"Roediger et al. (2001) 55-list DRM pool, augmented with uploaded 2024 supplementary workbook metrics",55 DRM list-Supplementary Material-08-16-24.xlsx; Roediger-et-al-2001b_PBR.pdf; RoedigerEtAl_2001.xlsx,3.01828430842653,,0.364,0.487,A,0.696296296296296,0.674074074074074,0.541269841269841,0.507407407407408,0.64,0.65,0.31,0.55,5.68666666666667,0.2,0.049,0.2988033465296157,1.33,3.16016829295851,2.94661117330819,4.92,4.73666666666667,5.0,4.6,0.2084579125333333,butter,butter,False,False,15.0,3.01828430842653,,,,,,,,,,,,,,,,,,,,,,
occ_00083,food,food,list_word,T2,2,bread,bread,roediger2001_55::bread,Roediger2001_55_15word_lists,"Roediger et al. (2001) 55-list DRM pool, augmented with uploaded 2024 supplementary workbook metrics",55 DRM list-Supplementary Material-08-16-24.xlsx; Roediger-et-al-2001b_PBR.pdf; RoedigerEtAl_2001.xlsx,3.89636084546932,,0.0,0.045,A,0.696296296296296,0.674074074074074,0.541269841269841,0.507407407407408,0.64,0.65,0.31,0.55,5.68666666666667,0.2,0.049,0.2988033465296157,1.33,3.16016829295851,2.94661117330819,4.92,4.73666666666667,5.0,4.6,0.2084579125333333,food,food,False,False,15.0,3.89636084546932,,,,,,,,,,,,,,,,,,,,,,
occ_00084,eat,eat,list_word,T3,3,bread,bread,roediger2001_55::bread,Roediger2001_55_15word_lists,"Roediger et al. (2001) 55-list DRM pool, augmented with uploaded 2024 supplementary workbook metrics",55 DRM list-Supplementary Material-08-16-24.xlsx; Roediger-et-al-2001b_PBR.pdf; RoedigerEtAl_2001.xlsx,4.10880172412203,,0.0,0.026,A,0.696296296296296,0.674074074074074,0.541269841269841,0.507407407407408,0.64,0.65,0.31,0.55,5.68666666666667,0.2,0.049,0.2988033465296157,1.33,3.16016829295851,2.94661117330819,4.92,4.73666666666667,5.0,4.6,0.2084579125333333,eat,eat,False,False,15.0,4.10880172412203,,,,,,,,,,,,,,,,,,,,,,
occ_00085,sandwich,sandwich,list_word,T4,4,bread,bread,roediger2001_55::bread,Roediger2001_55_15word_lists,"Roediger et al. (2001) 55-list DRM pool, augmented with uploaded 2024 supplementary workbook metrics",55 DRM list-Supplementary Material-08-16-24.xlsx; Roediger-et-al-2001b_PBR.pdf; RoedigerEtAl_2001.xlsx,3.04883008652835,,0.067,0.026,A,0.696296296296296,0.674074074074074,0.541269841269841,0.507407407407408,0.64,0.65,0.31,0.55,5.68666666666667,0.2,0.049,0.2988033465296157,1.33,3.16016829295851,2.94661117330819,4.92,4.73666666666667,5.0,4.6,0.2084579125333333,sandwich,sandwich,False,False,15.0,3.04883008652835,,,,,,,,,,,,,,,,,,,,,,
occ_00086,rye,rye,list_word,T5,5,bread,bread,roediger2001_55::bread,Roediger2001_55_15word_lists,"Roediger et al. (2001) 55-list DRM pool, augmented with uploaded 2024 supplementary workbook metrics",55 DRM list-Supplementary Material-08-16-24.xlsx; Roediger-et-al-2001b_PBR.pdf; RoedigerEtAl_2001.xlsx,2.32837960343874,,0.791,0.0,A,0.696296296296296,0.674074074074074,0.541269841269841,0.507407407407408,0.64,0.65,0.31,0.55,5.68666666666667,0.2,0.049,0.2988033465296157,1.33,3.16016829295851,2.94661117330819,4.92,4.73666666666667,5.0,4.6,0.2084579125333333,rye,rye,False,False,15.0,2.32837960343874,,,,,,,,,,,,,,,,,,,,,,
occ_00087,jam,jam,list_word,T6,6,bread,bread,roediger2001_55::bread,Roediger2001_55_15word_lists,"Roediger et al. (2001) 55-list DRM pool, augmented with uploaded 2024 supplementary workbook metrics",55 DRM list-Supplementary Material-08-16-24.xlsx; Roediger-et-al-2001b_PBR.pdf; RoedigerEtAl_2001.xlsx,2.8394780473742,,0.054,0.0,A,0.696296296296296,0.674074074074074,0.541269841269841,0.507407407407408,0.64,0.65,0.31,0.55,5.68666666666667,0.2,0.049,0.2988033465296157,1.33,3.16016829295851,2.94661117330819,4.92,4.73666666666667,5.0,4.6,0.2084579125333333,jam,jam,False,False,15.0,2.8394780473742,,,,,,,,,,,,,,,,,,,,,,
occ_00088,milk,milk,list_word,T7,7,bread,bread,roediger2001_55::bread,Roediger2001_55_15word_lists,"Roediger et al. (2001) 55-list DRM pool, augmented with uploaded 2024 supplementary workbook metrics",55 DRM list-Supplementary Material-08-16-24.xlsx; Roediger-et-al-2001b_PBR.pdf; RoedigerEtAl_2001.xlsx,3.33645973384853,,0.012,0.0,A,0.696296296296296,0.674074074074074,0.541269841269841,0.507407407407408,0.64,0.65,0.31,0.55,5.68666666666667,0.2,0.049,0.2988033465296157,1.33,3.16016829295851,2.94661117330819,4.92,4.73666666666667,5.0,4.6,0.2084579125333333,milk,milk,False,False,15.0,3.33645973384853,,,,,,,,,,,,,,,,,,,,,,
occ_00089,flour,flour,list_word,T8,8,bread,bread,roediger2001_55::bread,Roediger2001_55_15word_lists,"Roediger et al. (2001) 55-list DRM pool, augmented with uploaded 2024 supplementary workbook metrics",55 DRM list-Supplementary Material-08-16-24.xlsx; Roediger-et-al-2001b_PBR.pdf; RoedigerEtAl_2001.xlsx,2.20951501454263,,0.142,0.0,A,0.696296296296296,0.674074074074074,0.541269841269841,0.507407407407408,0.64,0.65,0.31,0.55,5.68666666666667,0.2,0.049,0.2988033465296157,1.33,3.16016829295851,2.94661117330819,4.92,4.73666666666667,5.0,4.6,0.2084579125333333,flour,flour,False,False,15.0,2.20951501454263,,,,,,,,,,,,,,,,,,,,,,
occ_00090,jelly,jelly,list_word,T9,9,bread,bread,roediger2001_55::bread,Roediger2001_55_15word_lists,"Roediger et al. (2001) 55-list DRM pool, augmented with uploaded 2024 supplementary workbook metrics",55 DRM list-Supplementary Material-08-16-24.xlsx; Roediger-et-al-2001b_PBR.pdf; RoedigerEtAl_2001.xlsx,2.56110138364906,,0.053,0.019,A,0.696296296296296,0.674074074074074,0.541269841269841,0.507407407407408,0.64,0.65,0.31,0.55,5.68666666666667,0.2,0.049,0.2988033465296157,1.33,3.16016829295851,2.94661117330819,4.92,4.73666666666667,5.0,4.6,0.2084579125333333,jelly,jelly,False,False,15.0,2.56110138364906,,,,,,,,,,,,,,,,,,,,,,
occ_00091,dough,dough,list_word,T10,10,bread,bread,roediger2001_55::bread,Roediger2001_55_15word_lists,"Roediger et al. (2001) 55-list DRM pool, augmented with uploaded 2024 supplementary workbook metrics",55 DRM list-Supplementary Material-08-16-24.xlsx; Roediger-et-al-2001b_PBR.pdf; RoedigerEtAl_2001.xlsx,2.90902085421116,,0.31,0.058,A,0.696296296296296,0.674074074074074,0.541269841269841,0.507407407407408,0.64,0.65,0.31,0.55,5.68666666666667,0.2,0.049,0.2988033465296157,1.33,3.16016829295851,2.94661117330819,4.92,4.73666666666667,5.0,4.6,0.2084579125333333,dough,dough,False,False,15.0,2.90902085421116,,,,,,,,,,,,,,,,,,,,,,
occ_00092,crust,crust,list_word,T11,11,bread,bread,roediger2001_55::bread,Roediger2001_55_15word_lists,"Roediger et al. (2001) 55-list DRM pool, augmented with uploaded 2024 supplementary workbook metrics",55 DRM list-Supplementary Material-08-16-24.xlsx; Roediger-et-al-2001b_PBR.pdf; RoedigerEtAl_2001.xlsx,2.22271647114758,,0.243,0.0,A,0.696296296296296,0.674074074074074,0.541269841269841,0.507407407407408,0.64,0.65,0.31,0.55,5.68666666666667,0.2,0.049,0.2988033465296157,1.33,3.16016829295851,2.94661117330819,4.92,4.73666666666667,5.0,4.6,0.2084579125333333,crust,crust,False,False,15.0,2.22271647114758,,,,,,,,,,,,,,,,,,,,,,
occ_00093,slice,slice,list_word,T12,12,bread,bread,roediger2001_55::bread,Roediger2001_55_15word_lists,"Roediger et al. (2001) 55-list DRM pool, augmented with uploaded 2024 supplementary workbook metrics",55 DRM list-Supplementary Material-08-16-24.xlsx; Roediger-et-al-2001b_PBR.pdf; RoedigerEtAl_2001.xlsx,2.63948648926859,,0.048,0.019,A,0.696296296296296,0.674074074074074,0.541269841269841,0.507407407407408,0.64,0.65,0.31,0.55,5.68666666666667,0.2,0.049,0.2988033465296157,1.33,3.16016829295851,2.94661117330819,4.92,4.73666666666667,5.0,4.6,0.2084579125333333,slice,slice,False,False,15.0,2.63948648926859,,,,,,,,,,,,,,,,,,,,,,
occ_00094,wine,wine,list_word,T13,13,bread,bread,roediger2001_55::bread,Roediger2001_55_15word_lists,"Roediger et al. (2001) 55-list DRM pool, augmented with uploaded 2024 supplementary workbook metrics",55 DRM list-Supplementary Material-08-16-24.xlsx; Roediger-et-al-2001b_PBR.pdf; RoedigerEtAl_2001.xlsx,3.4884096889032,,0.0,0.0,A,0.696296296296296,0.674074074074074,0.541269841269841,0.507407407407408,0.64,0.65,0.31,0.55,5.68666666666667,0.2,0.049,0.2988033465296157,1.33,3.16016829295851,2.94661117330819,4.92,4.73666666666667,5.0,4.6,0.2084579125333333,wine,wine,False,False,15.0,3.4884096889032,,,,,,,,,,,,,,,,,,,,,,
occ_00095,loaf,loaf,list_word,T14,14,bread,bread,roediger2001_55::bread,Roediger2001_55_15word_lists,"Roediger et al. (2001) 55-list DRM pool, augmented with uploaded 2024 supplementary workbook metrics",55 DRM list-Supplementary Material-08-16-24.xlsx; Roediger-et-al-2001b_PBR.pdf; RoedigerEtAl_2001.xlsx,2.35983548233989,,0.552,0.051,A,0.696296296296296,0.674074074074074,0.541269841269841,0.507407407407408,0.64,0.65,0.31,0.55,5.68666666666667,0.2,0.049,0.2988033465296157,1.33,3.16016829295851,2.94661117330819,4.92,4.73666666666667,5.0,4.6,0.2084579125333333,loaf,loaf,False,False,15.0,2.35983548233989,,,,,,,,,,,,,,,,,,,,,,
occ_00096,toast,toast,list_word,T15,15,bread,bread,roediger2001_55::bread,Roediger2001_55_15word_lists,"Roediger et al. (2001) 55-list DRM pool, augmented with uploaded 2024 supplementary workbook metrics",55 DRM list-Supplementary Material-08-16-24.xlsx; Roediger-et-al-2001b_PBR.pdf; RoedigerEtAl_2001.xlsx,3.23248786635299,,0.364,0.0,A,0.696296296296296,0.674074074074074,0.541269841269841,0.507407407407408,0.64,0.65,0.31,0.55,5.68666666666667,0.2,0.049,0.2988033465296157,1.33,3.16016829295851,2.94661117330819,4.92,4.73666666666667,5.0,4.6,0.2084579125333333,toast,toast,False,False,15.0,3.23248786635299,,,,,,,,,,,,,,,,,,,,,,
occ_00097,butterfly,butterfly,critical_distractor,CD,0,butterfly,butterfly,roediger2001_55::butterfly,Roediger2001_55_15word_lists,"Roediger et al. (2001) 55-list DRM pool, augmented with uploaded 2024 supplementary workbook metrics",55 DRM list-Supplementary Material-08-16-24.xlsx; Roediger-et-al-2001b_PBR.pdf; RoedigerEtAl_2001.xlsx,2.45024910831936,,,,C,0.5,0.681159420289855,0.359903381642512,0.484299516908213,0.26,0.8,0.01,0.7,5.09333333333333,0.045,0.033,0.1732119494770075,1.93,2.45024910831936,2.92463311941768,4.93,4.67533333333333,9.0,4.73,0.0391835016666666,,,,,,2.45024910831936,,,,,,,,,,,,,,,,,,,,,,
occ_00098,moth,moth,list_word,T1,1,butterfly,butterfly,roediger2001_55::butterfly,Roediger2001_55_15word_lists,"Roediger et al. (2001) 55-list DRM pool, augmented with uploaded 2024 supplementary workbook metrics",55 DRM list-Supplementary Material-08-16-24.xlsx; Roediger-et-al-2001b_PBR.pdf; RoedigerEtAl_2001.xlsx,2.06818586174616,,0.267,0.109,C,0.5,0.681159420289855,0.359903381642512,0.484299516908213,0.26,0.8,0.01,0.7,5.09333333333333,0.045,0.033,0.1732119494770075,1.93,2.45024910831936,2.92463311941768,4.93,4.67533333333333,9.0,4.73,0.0391835016666666,moth,moth,False,False,15.0,2.06818586174616,,,,,,,,,,,,,,,,,,,,,,
occ_00099,insect,insect,list_word,T2,2,butterfly,butterfly,roediger2001_55::butterfly,Roediger2001_55_15word_lists,"Roediger et al. (2001) 55-list DRM pool, augmented with uploaded 2024 supplementary workbook metrics",55 DRM list-Supplementary Material-08-16-24.xlsx; Roediger-et-al-2001b_PBR.pdf; RoedigerEtAl_2001.xlsx,2.20951501454263,,0.0,0.079,C,0.5,0.681159420289855,0.359903381642512,0.484299516908213,0.26,0.8,0.01,0.7,5.09333333333333,0.045,0.033,0.1732119494770075,1.93,2.45024910831936,2.92463311941768,4.93,4.67533333333333,9.0,4.73,0.0391835016666666,insect,insect,False,False,15.0,2.20951501454263,,,,,,,,,,,,,,,,,,,,,,
occ_00100,wing,wing,list_word,T3,3,butterfly,butterfly,roediger2001_55::butterfly,Roediger2001_55_15word_lists,"Roediger et al. (2001) 55-list DRM pool, augmented with uploaded 2024 supplementary workbook metrics",55 DRM list-Supplementary Material-08-16-24.xlsx; Roediger-et-al-2001b_PBR.pdf; RoedigerEtAl_2001.xlsx,3.01410032151962,,0.0,0.03,C,0.5,0.681159420289855,0.359903381642512,0.484299516908213,0.26,0.8,0.01,0.7,5.09333333333333,0.045,0.033,0.1732119494770075,1.93,2.45024910831936,2.92463311941768,4.93,4.67533333333333,9.0,4.73,0.0391835016666666,wing,wing,False,False,15.0,3.01410032151962,,,,,,,,,,,,,,,,,,,,,,
occ_00101,bird,bird,list_word,T4,4,butterfly,butterfly,roediger2001_55::butterfly,Roediger2001_55_15word_lists,"Roediger et al. (2001) 55-list DRM pool, augmented with uploaded 2024 supplementary workbook metrics",55 DRM list-Supplementary Material-08-16-24.xlsx; Roediger-et-al-2001b_PBR.pdf; RoedigerEtAl_2001.xlsx,3.36530074863799,,0.0,0.042,C,0.5,0.681159420289855,0.359903381642512,0.484299516908213,0.26,0.8,0.01,0.7,5.09333333333333,0.045,0.033,0.1732119494770075,1.93,2.45024910831936,2.92463311941768,4.93,4.67533333333333,9.0,4.73,0.0391835016666666,bird,bird,False,False,15.0,3.36530074863799,,,,,,,,,,,,,,,,,,,,,,
occ_00102,fly,fly,list_word,T5,5,butterfly,butterfly,roediger2001_55::butterfly,Roediger2001_55_15word_lists,"Roediger et al. (2001) 55-list DRM pool, augmented with uploaded 2024 supplementary workbook metrics",55 DRM list-Supplementary Material-08-16-24.xlsx; Roediger-et-al-2001b_PBR.pdf; RoedigerEtAl_2001.xlsx,3.63708927353033,,0.0,0.091,C,0.5,0.681159420289855,0.359903381642512,0.484299516908213,0.26,0.8,0.01,0.7,5.09333333333333,0.045,0.033,0.1732119494770075,1.93,2.45024910831936,2.92463311941768,4.93,4.67533333333333,9.0,4.73,0.0391835016666666,fly,fly,False,False,15.0,3.63708927353033,,,,,,,,,,,,,,,,,,,,,,
occ_00103,yellow,yellow,list_word,T6,6,butterfly,butterfly,roediger2001_55::butterfly,Roediger2001_55_15word_lists,"Roediger et al. (2001) 55-list DRM pool, augmented with uploaded 2024 supplementary workbook metrics",55 DRM list-Supplementary Material-08-16-24.xlsx; Roediger-et-al-2001b_PBR.pdf; RoedigerEtAl_2001.xlsx,3.23678909940929,,0.0,0.018,C,0.5,0.681159420289855,0.359903381642512,0.484299516908213,0.26,0.8,0.01,0.7,5.09333333333333,0.045,0.033,0.1732119494770075,1.93,2.45024910831936,2.92463311941768,4.93,4.67533333333333,9.0,4.73,0.0391835016666666,yellow,yellow,False,False,15.0,3.23678909940929,,,,,,,,,,,,,,,,,,,,,,
occ_00104,net,net,list_word,T7,7,butterfly,butterfly,roediger2001_55::butterfly,Roediger2001_55_15word_lists,"Roediger et al. (2001) 55-list DRM pool, augmented with uploaded 2024 supplementary workbook metrics",55 DRM list-Supplementary Material-08-16-24.xlsx; Roediger-et-al-2001b_PBR.pdf; RoedigerEtAl_2001.xlsx,2.8998205024271,,0.0,0.03,C,0.5,0.681159420289855,0.359903381642512,0.484299516908213,0.26,0.8,0.01,0.7,5.09333333333333,0.045,0.033,0.1732119494770075,1.93,2.45024910831936,2.92463311941768,4.93,4.67533333333333,9.0,4.73,0.0391835016666666,net,net,False,False,15.0,2.8998205024271,,,,,,,,,,,,,,,,,,,,,,
occ_00105,flower,flower,list_word,T8,8,butterfly,butterfly,roediger2001_55::butterfly,Roediger2001_55_15word_lists,"Roediger et al. (2001) 55-list DRM pool, augmented with uploaded 2024 supplementary workbook metrics",55 DRM list-Supplementary Material-08-16-24.xlsx; Roediger-et-al-2001b_PBR.pdf; RoedigerEtAl_2001.xlsx,3.06520612805431,,0.0,0.036,C,0.5,0.681159420289855,0.359903381642512,0.484299516908213,0.26,0.8,0.01,0.7,5.09333333333333,0.045,0.033,0.1732119494770075,1.93,2.45024910831936,2.92463311941768,4.93,4.67533333333333,9.0,4.73,0.0391835016666666,flower,flower,False,False,15.0,3.06520612805431,,,,,,,,,,,,,,,,,,,,,,
occ_00106,bug,bug,list_word,T9,9,butterfly,butterfly,roediger2001_55::butterfly,Roediger2001_55_15word_lists,"Roediger et al. (2001) 55-list DRM pool, augmented with uploaded 2024 supplementary workbook metrics",55 DRM list-Supplementary Material-08-16-24.xlsx; Roediger-et-al-2001b_PBR.pdf; RoedigerEtAl_2001.xlsx,3.02897770520878,,0.0,0.012,C,0.5,0.681159420289855,0.359903381642512,0.484299516908213,0.26,0.8,0.01,0.7,5.09333333333333,0.045,0.033,0.1732119494770075,1.93,2.45024910831936,2.92463311941768,4.93,4.67533333333333,9.0,4.73,0.0391835016666666,bug,bug,False,False,15.0,3.02897770520878,,,,,,,,,,,,,,,,,,,,,,
occ_00107,cocoon,cocoon,list_word,T10,10,butterfly,butterfly,roediger2001_55::butterfly,Roediger2001_55_15word_lists,"Roediger et al. (2001) 55-list DRM pool, augmented with uploaded 2024 supplementary workbook metrics",55 DRM list-Supplementary Material-08-16-24.xlsx; Roediger-et-al-2001b_PBR.pdf; RoedigerEtAl_2001.xlsx,1.76342799356294,,0.412,0.024,C,0.5,0.681159420289855,0.359903381642512,0.484299516908213,0.26,0.8,0.01,0.7,5.09333333333333,0.045,0.033,0.1732119494770075,1.93,2.45024910831936,2.92463311941768,4.93,4.67533333333333,9.0,4.73,0.0391835016666666,cocoon,cocoon,False,False,15.0,1.76342799356294,,,,,,,,,,,,,,,,,,,,,,
occ_00108,summer,summer,list_word,T11,11,butterfly,butterfly,roediger2001_55::butterfly,Roediger2001_55_15word_lists,"Roediger et al. (2001) 55-list DRM pool, augmented with uploaded 2024 supplementary workbook metrics",55 DRM list-Supplementary Material-08-16-24.xlsx; Roediger-et-al-2001b_PBR.pdf; RoedigerEtAl_2001.xlsx,3.60346915973384,,0.0,0.0,C,0.5,0.681159420289855,0.359903381642512,0.484299516908213,0.26,0.8,0.01,0.7,5.09333333333333,0.045,0.033,0.1732119494770075,1.93,2.45024910831936,2.92463311941768,4.93,4.67533333333333,9.0,4.73,0.0391835016666666,summer,summer,False,False,15.0,3.60346915973384,,,,,,,,,,,,,,,,,,,,,,
occ_00109,color,color,list_word,T12,12,butterfly,butterfly,roediger2001_55::butterfly,Roediger2001_55_15word_lists,"Roediger et al. (2001) 55-list DRM pool, augmented with uploaded 2024 supplementary workbook metrics",55 DRM list-Supplementary Material-08-16-24.xlsx; Roediger-et-al-2001b_PBR.pdf; RoedigerEtAl_2001.xlsx,3.30362797638389,,0.0,0.03,C,0.5,0.681159420289855,0.359903381642512,0.484299516908213,0.26,0.8,0.01,0.7,5.09333333333333,0.045,0.033,0.1732119494770075,1.93,2.45024910831936,2.92463311941768,4.93,4.67533333333333,9.0,4.73,0.0391835016666666,color,color,False,False,15.0,3.30362797638389,,,,,,,,,,,,,,,,,,,,,,
occ_00110,bee,bee,list_word,T13,13,butterfly,butterfly,roediger2001_55::butterfly,Roediger2001_55_15word_lists,"Roediger et al. (2001) 55-list DRM pool, augmented with uploaded 2024 supplementary workbook metrics",55 DRM list-Supplementary Material-08-16-24.xlsx; Roediger-et-al-2001b_PBR.pdf; RoedigerEtAl_2001.xlsx,2.72345567203519,,0.0,0.0,C,0.5,0.681159420289855,0.359903381642512,0.484299516908213,0.26,0.8,0.01,0.7,5.09333333333333,0.045,0.033,0.1732119494770075,1.93,2.45024910831936,2.92463311941768,4.93,4.67533333333333,9.0,4.73,0.0391835016666666,bee,bee,False,False,15.0,2.72345567203519,,,,,,,,,,,,,,,,,,,,,,
occ_00111,stomach,stomach,list_word,T14,14,butterfly,butterfly,roediger2001_55::butterfly,Roediger2001_55_15word_lists,"Roediger et al. (2001) 55-list DRM pool, augmented with uploaded 2024 supplementary workbook metrics",55 DRM list-Supplementary Material-08-16-24.xlsx; Roediger-et-al-2001b_PBR.pdf; RoedigerEtAl_2001.xlsx,3.23704079137919,,0.0,0.0,C,0.5,0.681159420289855,0.359903381642512,0.484299516908213,0.26,0.8,0.01,0.7,5.09333333333333,0.045,0.033,0.1732119494770075,1.93,2.45024910831936,2.92463311941768,4.93,4.67533333333333,9.0,4.73,0.0391835016666666,stomach,stomach,False,False,15.0,3.23704079137919,,,,,,,,,,,,,,,,,,,,,,
occ_00112,worm,worm,list_word,T15,15,butterfly,butterfly,roediger2001_55::butterfly,Roediger2001_55_15word_lists,"Roediger et al. (2001) 55-list DRM pool, augmented with uploaded 2024 supplementary workbook metrics",55 DRM list-Supplementary Material-08-16-24.xlsx; Roediger-et-al-2001b_PBR.pdf; RoedigerEtAl_2001.xlsx,2.71349054309394,,0.0,0.0,C,0.5,0.681159420289855,0.359903381642512,0.484299516908213,0.26,0.8,0.01,0.7,5.09333333333333,0.045,0.033,0.1732119494770075,1.93,2.45024910831936,2.92463311941768,4.93,4.67533333333333,9.0,4.73,0.0391835016666666,worm,worm,False,False,15.0,2.71349054309394,,,,,,,,,,,,,,,,,,,,,,
occ_00113,cabbage,cabbage,critical_distractor,CD,0,cabbage,cabbage,roediger2001_55::cabbage,Roediger2001_55_15word_lists,"Roediger et al. (2001) 55-list DRM pool, augmented with uploaded 2024 supplementary workbook metrics",55 DRM list-Supplementary Material-08-16-24.xlsx; Roediger-et-al-2001b_PBR.pdf; RoedigerEtAl_2001.xlsx,2.17318626841227,,,,B,0.51215362177929,0.582442067736185,0.396579971329101,0.407848414811347,0.44,0.65,0.05,0.65,5.72,0.011,0.051,0.2095505086751913,2.53,2.17318626841227,2.86987982669299,4.75,4.66,7.0,5.6,0.0100067339999999,,,,,,2.17318626841227,,,,,,,,,,,,,,,,,,,,,,
occ_00114,head,head,list_word,T1,1,cabbage,cabbage,roediger2001_55::cabbage,Roediger2001_55_15word_lists,"Roediger et al. (2001) 55-list DRM pool, augmented with uploaded 2024 supplementary workbook metrics",55 DRM list-Supplementary Material-08-16-24.xlsx; Roediger-et-al-2001b_PBR.pdf; RoedigerEtAl_2001.xlsx,4.27756337605592,,0.0,0.022,B,0.51215362177929,0.582442067736185,0.396579971329101,0.407848414811347,0.44,0.65,0.05,0.65,5.72,0.011,0.051,0.2095505086751913,2.53,2.17318626841227,2.86987982669299,4.75,4.66,7.0,5.6,0.0100067339999999,head,head,False,False,15.0,4.27756337605592,,,,,,,,,,,,,,,,,,,,,,
occ_00115,lettuce,lettuce,list_word,T2,2,cabbage,cabbage,roediger2001_55::cabbage,Roediger2001_55_15word_lists,"Roediger et al. (2001) 55-list DRM pool, augmented with uploaded 2024 supplementary workbook metrics",55 DRM list-Supplementary Material-08-16-24.xlsx; Roediger-et-al-2001b_PBR.pdf; RoedigerEtAl_2001.xlsx,2.2405492482826,,0.021,0.281,B,0.51215362177929,0.582442067736185,0.396579971329101,0.407848414811347,0.44,0.65,0.05,0.65,5.72,0.011,0.051,0.2095505086751913,2.53,2.17318626841227,2.86987982669299,4.75,4.66,7.0,5.6,0.0100067339999999,lettuce,lettuce,False,False,15.0,2.2405492482826,,,,,,,,,,,,,,,,,,,,,,
occ_00116,vegetable,vegetable,list_word,T3,3,cabbage,cabbage,roediger2001_55::cabbage,Roediger2001_55_15word_lists,"Roediger et al. (2001) 55-list DRM pool, augmented with uploaded 2024 supplementary workbook metrics",55 DRM list-Supplementary Material-08-16-24.xlsx; Roediger-et-al-2001b_PBR.pdf; RoedigerEtAl_2001.xlsx,2.46538285144842,,0.0,0.137,B,0.51215362177929,0.582442067736185,0.396579971329101,0.407848414811347,0.44,0.65,0.05,0.65,5.72,0.011,0.051,0.2095505086751913,2.53,2.17318626841227,2.86987982669299,4.75,4.66,7.0,5.6,0.0100067339999999,vegetable,vegetable,False,False,15.0,2.46538285144842,,,,,,,,,,,,,,,,,,,,,,
occ_00117,food,food,list_word,T4,4,cabbage,cabbage,roediger2001_55::cabbage,Roediger2001_55_15word_lists,"Roediger et al. (2001) 55-list DRM pool, augmented with uploaded 2024 supplementary workbook metrics",55 DRM list-Supplementary Material-08-16-24.xlsx; Roediger-et-al-2001b_PBR.pdf; RoedigerEtAl_2001.xlsx,3.89636084546932,,0.0,0.022,B,0.51215362177929,0.582442067736185,0.396579971329101,0.407848414811347,0.44,0.65,0.05,0.65,5.72,0.011,0.051,0.2095505086751913,2.53,2.17318626841227,2.86987982669299,4.75,4.66,7.0,5.6,0.0100067339999999,food,food,False,False,15.0,3.89636084546932,,,,,,,,,,,,,,,,,,,,,,
occ_00118,salad,salad,list_word,T5,5,cabbage,cabbage,roediger2001_55::cabbage,Roediger2001_55_15word_lists,"Roediger et al. (2001) 55-list DRM pool, augmented with uploaded 2024 supplementary workbook metrics",55 DRM list-Supplementary Material-08-16-24.xlsx; Roediger-et-al-2001b_PBR.pdf; RoedigerEtAl_2001.xlsx,2.93901977644867,,0.0,0.022,B,0.51215362177929,0.582442067736185,0.396579971329101,0.407848414811347,0.44,0.65,0.05,0.65,5.72,0.011,0.051,0.2095505086751913,2.53,2.17318626841227,2.86987982669299,4.75,4.66,7.0,5.6,0.0100067339999999,salad,salad,False,False,15.0,2.93901977644867,,,,,,,,,,,,,,,,,,,,,,
occ_00119,green,green,list_word,T6,6,cabbage,cabbage,roediger2001_55::cabbage,Roediger2001_55_15word_lists,"Roediger et al. (2001) 55-list DRM pool, augmented with uploaded 2024 supplementary workbook metrics",55 DRM list-Supplementary Material-08-16-24.xlsx; Roediger-et-al-2001b_PBR.pdf; RoedigerEtAl_2001.xlsx,3.56784945057311,,0.0,0.079,B,0.51215362177929,0.582442067736185,0.396579971329101,0.407848414811347,0.44,0.65,0.05,0.65,5.72,0.011,0.051,0.2095505086751913,2.53,2.17318626841227,2.86987982669299,4.75,4.66,7.0,5.6,0.0100067339999999,green,green,False,False,15.0,3.56784945057311,,,,,,,,,,,,,,,,,,,,,,
occ_00120,garden,garden,list_word,T7,7,cabbage,cabbage,roediger2001_55::cabbage,Roediger2001_55_15word_lists,"Roediger et al. (2001) 55-list DRM pool, augmented with uploaded 2024 supplementary workbook metrics",55 DRM list-Supplementary Material-08-16-24.xlsx; Roediger-et-al-2001b_PBR.pdf; RoedigerEtAl_2001.xlsx,3.13193929521042,,0.0,0.0,B,0.51215362177929,0.582442067736185,0.396579971329101,0.407848414811347,0.44,0.65,0.05,0.65,5.72,0.011,0.051,0.2095505086751913,2.53,2.17318626841227,2.86987982669299,4.75,4.66,7.0,5.6,0.0100067339999999,garden,garden,False,False,15.0,3.13193929521042,,,,,,,,,,,,,,,,,,,,,,
occ_00121,leaf,leaf,list_word,T8,8,cabbage,cabbage,roediger2001_55::cabbage,Roediger2001_55_15word_lists,"Roediger et al. (2001) 55-list DRM pool, augmented with uploaded 2024 supplementary workbook metrics",55 DRM list-Supplementary Material-08-16-24.xlsx; Roediger-et-al-2001b_PBR.pdf; RoedigerEtAl_2001.xlsx,2.42488163663107,,0.0,0.029,B,0.51215362177929,0.582442067736185,0.396579971329101,0.407848414811347,0.44,0.65,0.05,0.65,5.72,0.011,0.051,0.2095505086751913,2.53,2.17318626841227,2.86987982669299,4.75,4.66,7.0,5.6,0.0100067339999999,leaf,leaf,False,False,15.0,2.42488163663107,,,,,,,,,,,,,,,,,,,,,,
occ_00122,sauerkraut,sauerkraut,list_word,T9,9,cabbage,cabbage,roediger2001_55::cabbage,Roediger2001_55_15word_lists,"Roediger et al. (2001) 55-list DRM pool, augmented with uploaded 2024 supplementary workbook metrics",55 DRM list-Supplementary Material-08-16-24.xlsx; Roediger-et-al-2001b_PBR.pdf; RoedigerEtAl_2001.xlsx,1.7160033436348,,0.042,0.0,B,0.51215362177929,0.582442067736185,0.396579971329101,0.407848414811347,0.44,0.65,0.05,0.65,5.72,0.011,0.051,0.2095505086751913,2.53,2.17318626841227,2.86987982669299,4.75,4.66,7.0,5.6,0.0100067339999999,sauerkraut,sauerkraut,True,False,15.0,1.7160033436348,,,,,,,,,,,,,,,,,,,,,,
occ_00123,smell,smell,list_word,T10,10,cabbage,cabbage,roediger2001_55::cabbage,Roediger2001_55_15word_lists,"Roediger et al. (2001) 55-list DRM pool, augmented with uploaded 2024 supplementary workbook metrics",55 DRM list-Supplementary Material-08-16-24.xlsx; Roediger-et-al-2001b_PBR.pdf; RoedigerEtAl_2001.xlsx,3.62746827245971,,0.0,0.0,B,0.51215362177929,0.582442067736185,0.396579971329101,0.407848414811347,0.44,0.65,0.05,0.65,5.72,0.011,0.051,0.2095505086751913,2.53,2.17318626841227,2.86987982669299,4.75,4.66,7.0,5.6,0.0100067339999999,smell,smell,False,False,15.0,3.62746827245971,,,,,,,,,,,,,,,,,,,,,,
occ_00124,slaw,slaw,list_word,T11,11,cabbage,cabbage,roediger2001_55::cabbage,Roediger2001_55_15word_lists,"Roediger et al. (2001) 55-list DRM pool, augmented with uploaded 2024 supplementary workbook metrics",55 DRM list-Supplementary Material-08-16-24.xlsx; Roediger-et-al-2001b_PBR.pdf; RoedigerEtAl_2001.xlsx,1.25527250510331,,0.041,0.043,B,0.51215362177929,0.582442067736185,0.396579971329101,0.407848414811347,0.44,0.65,0.05,0.65,5.72,0.011,0.051,0.2095505086751913,2.53,2.17318626841227,2.86987982669299,4.75,4.66,7.0,5.6,0.0100067339999999,slaw,slaw,True,False,15.0,1.25527250510331,,,,,,,,,,,,,,,,,,,,,,
occ_00125,patch,patch,list_word,T12,12,cabbage,cabbage,roediger2001_55::cabbage,Roediger2001_55_15word_lists,"Roediger et al. (2001) 55-list DRM pool, augmented with uploaded 2024 supplementary workbook metrics",55 DRM list-Supplementary Material-08-16-24.xlsx; Roediger-et-al-2001b_PBR.pdf; RoedigerEtAl_2001.xlsx,2.94890176097021,,0.066,0.115,B,0.51215362177929,0.582442067736185,0.396579971329101,0.407848414811347,0.44,0.65,0.05,0.65,5.72,0.011,0.051,0.2095505086751913,2.53,2.17318626841227,2.86987982669299,4.75,4.66,7.0,5.6,0.0100067339999999,patch,patch,False,False,15.0,2.94890176097021,,,,,,,,,,,,,,,,,,,,,,
occ_00126,plant,plant,list_word,T13,13,cabbage,cabbage,roediger2001_55::cabbage,Roediger2001_55_15word_lists,"Roediger et al. (2001) 55-list DRM pool, augmented with uploaded 2024 supplementary workbook metrics",55 DRM list-Supplementary Material-08-16-24.xlsx; Roediger-et-al-2001b_PBR.pdf; RoedigerEtAl_2001.xlsx,3.14891099310936,,0.0,0.0,B,0.51215362177929,0.582442067736185,0.396579971329101,0.407848414811347,0.44,0.65,0.05,0.65,5.72,0.011,0.051,0.2095505086751913,2.53,2.17318626841227,2.86987982669299,4.75,4.66,7.0,5.6,0.0100067339999999,plant,plant,False,False,15.0,3.14891099310936,,,,,,,,,,,,,,,,,,,,,,
occ_00127,carrots,carrots,list_word,T14,14,cabbage,cabbage,roediger2001_55::cabbage,Roediger2001_55_15word_lists,"Roediger et al. (2001) 55-list DRM pool, augmented with uploaded 2024 supplementary workbook metrics",55 DRM list-Supplementary Material-08-16-24.xlsx; Roediger-et-al-2001b_PBR.pdf; RoedigerEtAl_2001.xlsx,2.29885307640971,,0.0,0.0,B,0.51215362177929,0.582442067736185,0.396579971329101,0.407848414811347,0.44,0.65,0.05,0.65,5.72,0.011,0.051,0.2095505086751913,2.53,2.17318626841227,2.86987982669299,4.75,4.66,7.0,5.6,0.0100067339999999,carrots,carrots,False,False,15.0,2.29885307640971,,,,,,,,,,,,,,,,,,,,,,
occ_00128,soup,soup,list_word,T15,15,cabbage,cabbage,roediger2001_55::cabbage,Roediger2001_55_15word_lists,"Roediger et al. (2001) 55-list DRM pool, augmented with uploaded 2024 supplementary workbook metrics",55 DRM list-Supplementary Material-08-16-24.xlsx; Roediger-et-al-2001b_PBR.pdf; RoedigerEtAl_2001.xlsx,3.1092409685882,,0.0,0.014,B,0.51215362177929,0.582442067736185,0.396579971329101,0.407848414811347,0.44,0.65,0.05,0.65,5.72,0.011,0.051,0.2095505086751913,2.53,2.17318626841227,2.86987982669299,4.75,4.66,7.0,5.6,0.0100067339999999,soup,soup,False,False,15.0,3.1092409685882,,,,,,,,,,,,,,,,,,,,,,
occ_00129,car,car,critical_distractor,CD,0,car,car,roediger2001_55::car,Roediger2001_55_15word_lists,"Roediger et al. (2001) 55-list DRM pool, augmented with uploaded 2024 supplementary workbook metrics",55 DRM list-Supplementary Material-08-16-24.xlsx; Roediger-et-al-2001b_PBR.pdf; RoedigerEtAl_2001.xlsx,4.39158782350995,,,,B,0.602181575109383,0.673867687570896,0.455121266200521,0.497318198219284,0.42,0.9,0.35,0.66,6.31333333333333,0.347,0.027,0.275768080226456,1.73,4.39158782350995,3.15081755357378,4.89,4.61571428571428,3.0,5.07,0.2646793511999999,,,,,,4.39158782350995,,,,,,,,,,,,,,,,,,,,,,
occ_00130,truck,truck,list_word,T1,1,car,car,roediger2001_55::car,Roediger2001_55_15word_lists,"Roediger et al. (2001) 55-list DRM pool, augmented with uploaded 2024 supplementary workbook metrics",55 DRM list-Supplementary Material-08-16-24.xlsx; Roediger-et-al-2001b_PBR.pdf; RoedigerEtAl_2001.xlsx,3.57019256109573,,0.264,0.111,B,0.602181575109383,0.673867687570896,0.455121266200521,0.497318198219284,0.42,0.9,0.35,0.66,6.31333333333333,0.347,0.027,0.275768080226456,1.73,4.39158782350995,3.15081755357378,4.89,4.61571428571428,3.0,5.07,0.2646793511999999,truck,truck,False,False,16.0,3.57019256109573,,,,,,,,,,,,,,,,,,,,,,
occ_00131,bus,bus,list_word,T2,2,car,car,roediger2001_55::car,Roediger2001_55_15word_lists,"Roediger et al. (2001) 55-list DRM pool, augmented with uploaded 2024 supplementary workbook metrics",55 DRM list-Supplementary Material-08-16-24.xlsx; Roediger-et-al-2001b_PBR.pdf; RoedigerEtAl_2001.xlsx,3.57795112772976,,0.252,0.022,B,0.602181575109383,0.673867687570896,0.455121266200521,0.497318198219284,0.42,0.9,0.35,0.66,6.31333333333333,0.347,0.027,0.275768080226456,1.73,4.39158782350995,3.15081755357378,4.89,4.61571428571428,3.0,5.07,0.2646793511999999,bus,bus,False,False,16.0,3.57795112772976,,,,,,,,,,,,,,,,,,,,,,
occ_00132,train,train,list_word,T3,3,car,car,roediger2001_55::car,Roediger2001_55_15word_lists,"Roediger et al. (2001) 55-list DRM pool, augmented with uploaded 2024 supplementary workbook metrics",55 DRM list-Supplementary Material-08-16-24.xlsx; Roediger-et-al-2001b_PBR.pdf; RoedigerEtAl_2001.xlsx,3.68565218411552,,0.058,0.011,B,0.602181575109383,0.673867687570896,0.455121266200521,0.497318198219284,0.42,0.9,0.35,0.66,6.31333333333333,0.347,0.027,0.275768080226456,1.73,4.39158782350995,3.15081755357378,4.89,4.61571428571428,3.0,5.07,0.2646793511999999,train,train,False,False,16.0,3.68565218411552,,,,,,,,,,,,,,,,,,,,,,
occ_00133,automobile,automobile,list_word,T4,4,car,car,roediger2001_55::car,Roediger2001_55_15word_lists,"Roediger et al. (2001) 55-list DRM pool, augmented with uploaded 2024 supplementary workbook metrics",55 DRM list-Supplementary Material-08-16-24.xlsx; Roediger-et-al-2001b_PBR.pdf; RoedigerEtAl_2001.xlsx,2.46538285144842,,0.709,0.133,B,0.602181575109383,0.673867687570896,0.455121266200521,0.497318198219284,0.42,0.9,0.35,0.66,6.31333333333333,0.347,0.027,0.275768080226456,1.73,4.39158782350995,3.15081755357378,4.89,4.61571428571428,3.0,5.07,0.2646793511999999,automobile,automobile,False,False,16.0,2.46538285144842,,,,,,,,,,,,,,,,,,,,,,
occ_00134,vehicle,vehicle,list_word,T5,5,car,car,roediger2001_55::car,Roediger2001_55_15word_lists,"Roediger et al. (2001) 55-list DRM pool, augmented with uploaded 2024 supplementary workbook metrics",55 DRM list-Supplementary Material-08-16-24.xlsx; Roediger-et-al-2001b_PBR.pdf; RoedigerEtAl_2001.xlsx,3.06220580881971,,0.74,0.0,B,0.602181575109383,0.673867687570896,0.455121266200521,0.497318198219284,0.42,0.9,0.35,0.66,6.31333333333333,0.347,0.027,0.275768080226456,1.73,4.39158782350995,3.15081755357378,4.89,4.61571428571428,3.0,5.07,0.2646793511999999,vehicle,vehicle,False,False,16.0,3.06220580881971,,,,,,,,,,,,,,,,,,,,,,
occ_00135,drive,drive,list_word,T6,6,car,car,roediger2001_55::car,Roediger2001_55_15word_lists,"Roediger et al. (2001) 55-list DRM pool, augmented with uploaded 2024 supplementary workbook metrics",55 DRM list-Supplementary Material-08-16-24.xlsx; Roediger-et-al-2001b_PBR.pdf; RoedigerEtAl_2001.xlsx,3.89270663780567,,0.48,0.122,B,0.602181575109383,0.673867687570896,0.455121266200521,0.497318198219284,0.42,0.9,0.35,0.66,6.31333333333333,0.347,0.027,0.275768080226456,1.73,4.39158782350995,3.15081755357378,4.89,4.61571428571428,3.0,5.07,0.2646793511999999,drive,drive,False,False,16.0,3.89270663780567,,,,,,,,,,,,,,,,,,,,,,
occ_00136,jeep,jeep,list_word,T7,7,car,car,roediger2001_55::car,Roediger2001_55_15word_lists,"Roediger et al. (2001) 55-list DRM pool, augmented with uploaded 2024 supplementary workbook metrics",55 DRM list-Supplementary Material-08-16-24.xlsx; Roediger-et-al-2001b_PBR.pdf; RoedigerEtAl_2001.xlsx,2.72015930340596,,0.24,0.0,B,0.602181575109383,0.673867687570896,0.455121266200521,0.497318198219284,0.42,0.9,0.35,0.66,6.31333333333333,0.347,0.027,0.275768080226456,1.73,4.39158782350995,3.15081755357378,4.89,4.61571428571428,3.0,5.07,0.2646793511999999,jeep,jeep,False,False,16.0,2.72015930340596,,,,,,,,,,,,,,,,,,,,,,
occ_00137,ford,ford,list_word,T8,8,car,car,roediger2001_55::car,Roediger2001_55_15word_lists,"Roediger et al. (2001) 55-list DRM pool, augmented with uploaded 2024 supplementary workbook metrics",55 DRM list-Supplementary Material-08-16-24.xlsx; Roediger-et-al-2001b_PBR.pdf; RoedigerEtAl_2001.xlsx,2.76937732607614,,0.331,0.0,B,0.602181575109383,0.673867687570896,0.455121266200521,0.497318198219284,0.42,0.9,0.35,0.66,6.31333333333333,0.347,0.027,0.275768080226456,1.73,4.39158782350995,3.15081755357378,4.89,4.61571428571428,3.0,5.07,0.2646793511999999,Ford,ford,True,False,16.0,2.76937732607614,,,,,,,,,,,,,,,,,,,,,,
occ_00138,race,race,list_word,T9,9,car,car,roediger2001_55::car,Roediger2001_55_15word_lists,"Roediger et al. (2001) 55-list DRM pool, augmented with uploaded 2024 supplementary workbook metrics",55 DRM list-Supplementary Material-08-16-24.xlsx; Roediger-et-al-2001b_PBR.pdf; RoedigerEtAl_2001.xlsx,3.49941212567228,,0.043,0.011,B,0.602181575109383,0.673867687570896,0.455121266200521,0.497318198219284,0.42,0.9,0.35,0.66,6.31333333333333,0.347,0.027,0.275768080226456,1.73,4.39158782350995,3.15081755357378,4.89,4.61571428571428,3.0,5.07,0.2646793511999999,race,race,False,False,16.0,3.49941212567228,,,,,,,,,,,,,,,,,,,,,,
occ_00139,keys,keys,list_word,T10,10,car,car,roediger2001_55::car,Roediger2001_55_15word_lists,"Roediger et al. (2001) 55-list DRM pool, augmented with uploaded 2024 supplementary workbook metrics",55 DRM list-Supplementary Material-08-16-24.xlsx; Roediger-et-al-2001b_PBR.pdf; RoedigerEtAl_2001.xlsx,3.41530729222557,,0.36,0.0,B,0.602181575109383,0.673867687570896,0.455121266200521,0.497318198219284,0.42,0.9,0.35,0.66,6.31333333333333,0.347,0.027,0.275768080226456,1.73,4.39158782350995,3.15081755357378,4.89,4.61571428571428,3.0,5.07,0.2646793511999999,keys,keys,False,False,16.0,3.41530729222557,,,,,,,,,,,,,,,,,,,,,,
occ_00140,garage,garage,list_word,T11,11,car,car,roediger2001_55::car,Roediger2001_55_15word_lists,"Roediger et al. (2001) 55-list DRM pool, augmented with uploaded 2024 supplementary workbook metrics",55 DRM list-Supplementary Material-08-16-24.xlsx; Roediger-et-al-2001b_PBR.pdf; RoedigerEtAl_2001.xlsx,3.14270224573762,,0.519,0.0,B,0.602181575109383,0.673867687570896,0.455121266200521,0.497318198219284,0.42,0.9,0.35,0.66,6.31333333333333,0.347,0.027,0.275768080226456,1.73,4.39158782350995,3.15081755357378,4.89,4.61571428571428,3.0,5.07,0.2646793511999999,garage,garage,False,False,16.0,3.14270224573762,,,,,,,,,,,,,,,,,,,,,,
occ_00141,highway,highway,list_word,T12,12,car,car,roediger2001_55::car,Roediger2001_55_15word_lists,"Roediger et al. (2001) 55-list DRM pool, augmented with uploaded 2024 supplementary workbook metrics",55 DRM list-Supplementary Material-08-16-24.xlsx; Roediger-et-al-2001b_PBR.pdf; RoedigerEtAl_2001.xlsx,2.95999483832842,,0.115,0.0,B,0.602181575109383,0.673867687570896,0.455121266200521,0.497318198219284,0.42,0.9,0.35,0.66,6.31333333333333,0.347,0.027,0.275768080226456,1.73,4.39158782350995,3.15081755357378,4.89,4.61571428571428,3.0,5.07,0.2646793511999999,highway,highway,False,False,16.0,2.95999483832842,,,,,,,,,,,,,,,,,,,,,,
occ_00142,sedan,sedan,list_word,T13,13,car,car,roediger2001_55::car,Roediger2001_55_15word_lists,"Roediger et al. (2001) 55-list DRM pool, augmented with uploaded 2024 supplementary workbook metrics",55 DRM list-Supplementary Material-08-16-24.xlsx; Roediger-et-al-2001b_PBR.pdf; RoedigerEtAl_2001.xlsx,1.95904139232109,,0.51,0.0,B,0.602181575109383,0.673867687570896,0.455121266200521,0.497318198219284,0.42,0.9,0.35,0.66,6.31333333333333,0.347,0.027,0.275768080226456,1.73,4.39158782350995,3.15081755357378,4.89,4.61571428571428,3.0,5.07,0.2646793511999999,sedan,sedan,True,False,16.0,1.95904139232109,,,,,,,,,,,,,,,,,,,,,,
occ_00143,van,van,list_word,T14,14,car,car,roediger2001_55::car,Roediger2001_55_15word_lists,"Roediger et al. (2001) 55-list DRM pool, augmented with uploaded 2024 supplementary workbook metrics",55 DRM list-Supplementary Material-08-16-24.xlsx; Roediger-et-al-2001b_PBR.pdf; RoedigerEtAl_2001.xlsx,3.42193281327851,,0.448,0.0,B,0.602181575109383,0.673867687570896,0.455121266200521,0.497318198219284,0.42,0.9,0.35,0.66,6.31333333333333,0.347,0.027,0.275768080226456,1.73,4.39158782350995,3.15081755357378,4.89,4.61571428571428,3.0,5.07,0.2646793511999999,van,van,False,False,16.0,3.42193281327851,,,,,,,,,,,,,,,,,,,,,,
occ_00144,taxi,taxi,list_word,T15,15,car,car,roediger2001_55::car,Roediger2001_55_15word_lists,"Roediger et al. (2001) 55-list DRM pool, augmented with uploaded 2024 supplementary workbook metrics",55 DRM list-Supplementary Material-08-16-24.xlsx; Roediger-et-al-2001b_PBR.pdf; RoedigerEtAl_2001.xlsx,3.12024479554637,,0.129,0.0,B,0.602181575109383,0.673867687570896,0.455121266200521,0.497318198219284,0.42,0.9,0.35,0.66,6.31333333333333,0.347,0.027,0.275768080226456,1.73,4.39158782350995,3.15081755357378,4.89,4.61571428571428,3.0,5.07,0.2646793511999999,taxi,taxi,False,False,16.0,3.12024479554637,,,,,,,,,,,,,,,,,,,,,,
occ_00145,carpet,carpet,critical_distractor,CD,0,carpet,carpet,roediger2001_55::carpet,Roediger2001_55_15word_lists,"Roediger et al. (2001) 55-list DRM pool, augmented with uploaded 2024 supplementary workbook metrics",55 DRM list-Supplementary Material-08-16-24.xlsx; Roediger-et-al-2001b_PBR.pdf; RoedigerEtAl_2001.xlsx,2.77451696572855,,,,A,0.548148148148148,0.618518518518519,0.418518518518519,0.46031746031746,0.49,0.75,0.15,0.61,3.18,0.037,0.039,0.1439307556982393,0.6,2.77451696572855,3.22387767204237,4.96,4.25066666666667,6.0,4.27,0.0316430976666666,,,,,,2.77451696572855,,,,,,,,,,,,,,,,,,,,,,
occ_00146,rug,rug,list_word,T1,1,carpet,carpet,roediger2001_55::carpet,Roediger2001_55_15word_lists,"Roediger et al. (2001) 55-list DRM pool, augmented with uploaded 2024 supplementary workbook metrics",55 DRM list-Supplementary Material-08-16-24.xlsx; Roediger-et-al-2001b_PBR.pdf; RoedigerEtAl_2001.xlsx,2.72591163229505,,0.468,0.248,A,0.548148148148148,0.618518518518519,0.418518518518519,0.46031746031746,0.49,0.75,0.15,0.61,3.18,0.037,0.039,0.1439307556982393,0.6,2.77451696572855,3.22387767204237,4.96,4.25066666666667,6.0,4.27,0.0316430976666666,rug,rug,False,False,16.0,2.72591163229505,,,,,,,,,,,,,,,,,,,,,,
occ_00147,floor,floor,list_word,T2,2,carpet,carpet,roediger2001_55::carpet,Roediger2001_55_15word_lists,"Roediger et al. (2001) 55-list DRM pool, augmented with uploaded 2024 supplementary workbook metrics",55 DRM list-Supplementary Material-08-16-24.xlsx; Roediger-et-al-2001b_PBR.pdf; RoedigerEtAl_2001.xlsx,3.71037126426076,,0.074,0.159,A,0.548148148148148,0.618518518518519,0.418518518518519,0.46031746031746,0.49,0.75,0.15,0.61,3.18,0.037,0.039,0.1439307556982393,0.6,2.77451696572855,3.22387767204237,4.96,4.25066666666667,6.0,4.27,0.0316430976666666,floor,floor,False,False,16.0,3.71037126426076,,,,,,,,,,,,,,,,,,,,,,
occ_00148,soft,soft,list_word,T3,3,carpet,carpet,roediger2001_55::carpet,Roediger2001_55_15word_lists,"Roediger et al. (2001) 55-list DRM pool, augmented with uploaded 2024 supplementary workbook metrics",55 DRM list-Supplementary Material-08-16-24.xlsx; Roediger-et-al-2001b_PBR.pdf; RoedigerEtAl_2001.xlsx,3.2132520521964,,0.0,0.062,A,0.548148148148148,0.618518518518519,0.418518518518519,0.46031746031746,0.49,0.75,0.15,0.61,3.18,0.037,0.039,0.1439307556982393,0.6,2.77451696572855,3.22387767204237,4.96,4.25066666666667,6.0,4.27,0.0316430976666666,soft,soft,False,False,16.0,3.2132520521964,,,,,,,,,,,,,,,,,,,,,,
occ_00149,red,red,list_word,T4,4,carpet,carpet,roediger2001_55::carpet,Roediger2001_55_15word_lists,"Roediger et al. (2001) 55-list DRM pool, augmented with uploaded 2024 supplementary workbook metrics",55 DRM list-Supplementary Material-08-16-24.xlsx; Roediger-et-al-2001b_PBR.pdf; RoedigerEtAl_2001.xlsx,3.87806198129001,,0.0,0.048,A,0.548148148148148,0.618518518518519,0.418518518518519,0.46031746031746,0.49,0.75,0.15,0.61,3.18,0.037,0.039,0.1439307556982393,0.6,2.77451696572855,3.22387767204237,4.96,4.25066666666667,6.0,4.27,0.0316430976666666,red,red,False,False,16.0,3.87806198129001,,,,,,,,,,,,,,,,,,,,,,
occ_00150,sweeper,sweeper,list_word,T5,5,carpet,carpet,roediger2001_55::carpet,Roediger2001_55_15word_lists,"Roediger et al. (2001) 55-list DRM pool, augmented with uploaded 2024 supplementary workbook metrics",55 DRM list-Supplementary Material-08-16-24.xlsx; Roediger-et-al-2001b_PBR.pdf; RoedigerEtAl_2001.xlsx,1.51851393987789,,0.0,0.0,A,0.548148148148148,0.618518518518519,0.418518518518519,0.46031746031746,0.49,0.75,0.15,0.61,3.18,0.037,0.039,0.1439307556982393,0.6,2.77451696572855,3.22387767204237,4.96,4.25066666666667,6.0,4.27,0.0316430976666666,sweeper,sweeper,True,False,16.0,1.51851393987789,,,,,,,,,,,,,,,,,,,,,,
occ_00151,tack,tack,list_word,T6,6,carpet,carpet,roediger2001_55::carpet,Roediger2001_55_15word_lists,"Roediger et al. (2001) 55-list DRM pool, augmented with uploaded 2024 supplementary workbook metrics",55 DRM list-Supplementary Material-08-16-24.xlsx; Roediger-et-al-2001b_PBR.pdf; RoedigerEtAl_2001.xlsx,2.03742649794062,,0.0,0.0,A,0.548148148148148,0.618518518518519,0.418518518518519,0.46031746031746,0.49,0.75,0.15,0.61,3.18,0.037,0.039,0.1439307556982393,0.6,2.77451696572855,3.22387767204237,4.96,4.25066666666667,6.0,4.27,0.0316430976666666,tack,tack,False,False,16.0,2.03742649794062,,,,,,,,,,,,,,,,,,,,,,
occ_00152,walk,walk,list_word,T7,7,carpet,carpet,roediger2001_55::carpet,Roediger2001_55_15word_lists,"Roediger et al. (2001) 55-list DRM pool, augmented with uploaded 2024 supplementary workbook metrics",55 DRM list-Supplementary Material-08-16-24.xlsx; Roediger-et-al-2001b_PBR.pdf; RoedigerEtAl_2001.xlsx,4.04178731897175,,0.0,0.0,A,0.548148148148148,0.618518518518519,0.418518518518519,0.46031746031746,0.49,0.75,0.15,0.61,3.18,0.037,0.039,0.1439307556982393,0.6,2.77451696572855,3.22387767204237,4.96,4.25066666666667,6.0,4.27,0.0316430976666666,walk,walk,False,False,16.0,4.04178731897175,,,,,,,,,,,,,,,,,,,,,,
occ_00153,bag,bag,list_word,T8,8,carpet,carpet,roediger2001_55::carpet,Roediger2001_55_15word_lists,"Roediger et al. (2001) 55-list DRM pool, augmented with uploaded 2024 supplementary workbook metrics",55 DRM list-Supplementary Material-08-16-24.xlsx; Roediger-et-al-2001b_PBR.pdf; RoedigerEtAl_2001.xlsx,3.6809697184659,,0.0,0.021,A,0.548148148148148,0.618518518518519,0.418518518518519,0.46031746031746,0.49,0.75,0.15,0.61,3.18,0.037,0.039,0.1439307556982393,0.6,2.77451696572855,3.22387767204237,4.96,4.25066666666667,6.0,4.27,0.0316430976666666,bag,bag,False,False,16.0,3.6809697184659,,,,,,,,,,,,,,,,,,,,,,
occ_00154,room,room,list_word,T9,9,carpet,carpet,roediger2001_55::carpet,Roediger2001_55_15word_lists,"Roediger et al. (2001) 55-list DRM pool, augmented with uploaded 2024 supplementary workbook metrics",55 DRM list-Supplementary Material-08-16-24.xlsx; Roediger-et-al-2001b_PBR.pdf; RoedigerEtAl_2001.xlsx,4.3505581179417,,0.0,0.0,A,0.548148148148148,0.618518518518519,0.418518518518519,0.46031746031746,0.49,0.75,0.15,0.61,3.18,0.037,0.039,0.1439307556982393,0.6,2.77451696572855,3.22387767204237,4.96,4.25066666666667,6.0,4.27,0.0316430976666666,room,room,False,False,16.0,4.3505581179417,,,,,,,,,,,,,,,,,,,,,,
occ_00155,blue,blue,list_word,T10,10,carpet,carpet,roediger2001_55::carpet,Roediger2001_55_15word_lists,"Roediger et al. (2001) 55-list DRM pool, augmented with uploaded 2024 supplementary workbook metrics",55 DRM list-Supplementary Material-08-16-24.xlsx; Roediger-et-al-2001b_PBR.pdf; RoedigerEtAl_2001.xlsx,3.71792002583699,,0.0,0.021,A,0.548148148148148,0.618518518518519,0.418518518518519,0.46031746031746,0.49,0.75,0.15,0.61,3.18,0.037,0.039,0.1439307556982393,0.6,2.77451696572855,3.22387767204237,4.96,4.25066666666667,6.0,4.27,0.0316430976666666,blue,blue,False,False,16.0,3.71792002583699,,,,,,,,,,,,,,,,,,,,,,
occ_00156,chair,chair,list_word,T11,11,carpet,carpet,roediger2001_55::carpet,Roediger2001_55_15word_lists,"Roediger et al. (2001) 55-list DRM pool, augmented with uploaded 2024 supplementary workbook metrics",55 DRM list-Supplementary Material-08-16-24.xlsx; Roediger-et-al-2001b_PBR.pdf; RoedigerEtAl_2001.xlsx,3.40001963506516,,0.0,0.0,A,0.548148148148148,0.618518518518519,0.418518518518519,0.46031746031746,0.49,0.75,0.15,0.61,3.18,0.037,0.039,0.1439307556982393,0.6,2.77451696572855,3.22387767204237,4.96,4.25066666666667,6.0,4.27,0.0316430976666666,chair,chair,False,False,16.0,3.40001963506516,,,,,,,,,,,,,,,,,,,,,,
occ_00157,thick,thick,list_word,T12,12,carpet,carpet,roediger2001_55::carpet,Roediger2001_55_15word_lists,"Roediger et al. (2001) 55-list DRM pool, augmented with uploaded 2024 supplementary workbook metrics",55 DRM list-Supplementary Material-08-16-24.xlsx; Roediger-et-al-2001b_PBR.pdf; RoedigerEtAl_2001.xlsx,2.85369821177617,,0.0,0.0,A,0.548148148148148,0.618518518518519,0.418518518518519,0.46031746031746,0.49,0.75,0.15,0.61,3.18,0.037,0.039,0.1439307556982393,0.6,2.77451696572855,3.22387767204237,4.96,4.25066666666667,6.0,4.27,0.0316430976666666,thick,thick,False,False,16.0,2.85369821177617,,,,,,,,,,,,,,,,,,,,,,
occ_00158,deep,deep,list_word,T13,13,carpet,carpet,roediger2001_55::carpet,Roediger2001_55_15word_lists,"Roediger et al. (2001) 55-list DRM pool, augmented with uploaded 2024 supplementary workbook metrics",55 DRM list-Supplementary Material-08-16-24.xlsx; Roediger-et-al-2001b_PBR.pdf; RoedigerEtAl_2001.xlsx,3.59073040579269,,0.0,0.0,A,0.548148148148148,0.618518518518519,0.418518518518519,0.46031746031746,0.49,0.75,0.15,0.61,3.18,0.037,0.039,0.1439307556982393,0.6,2.77451696572855,3.22387767204237,4.96,4.25066666666667,6.0,4.27,0.0316430976666666,deep,deep,False,False,16.0,3.59073040579269,,,,,,,,,,,,,,,,,,,,,,
occ_00159,magic,magic,list_word,T14,14,carpet,carpet,roediger2001_55::carpet,Roediger2001_55_15word_lists,"Roediger et al. (2001) 55-list DRM pool, augmented with uploaded 2024 supplementary workbook metrics",55 DRM list-Supplementary Material-08-16-24.xlsx; Roediger-et-al-2001b_PBR.pdf; RoedigerEtAl_2001.xlsx,3.42942926438179,,0.014,0.028,A,0.548148148148148,0.618518518518519,0.418518518518519,0.46031746031746,0.49,0.75,0.15,0.61,3.18,0.037,0.039,0.1439307556982393,0.6,2.77451696572855,3.22387767204237,4.96,4.25066666666667,6.0,4.27,0.0316430976666666,magic,magic,False,False,16.0,3.42942926438179,,,,,,,,,,,,,,,,,,,,,,
occ_00160,wool,wool,list_word,T15,15,carpet,carpet,roediger2001_55::carpet,Roediger2001_55_15word_lists,"Roediger et al. (2001) 55-list DRM pool, augmented with uploaded 2024 supplementary workbook metrics",55 DRM list-Supplementary Material-08-16-24.xlsx; Roediger-et-al-2001b_PBR.pdf; RoedigerEtAl_2001.xlsx,2.20951501454263,,0.0,0.0,A,0.548148148148148,0.618518518518519,0.418518518518519,0.46031746031746,0.49,0.75,0.15,0.61,3.18,0.037,0.039,0.1439307556982393,0.6,2.77451696572855,3.22387767204237,4.96,4.25066666666667,6.0,4.27,0.0316430976666666,wool,wool,False,False,16.0,2.20951501454263,,,,,,,,,,,,,,,,,,,,,,
occ_00161,chair,chair,critical_distractor,CD,0,chair,chair,roediger2001_55::chair,Roediger2001_55_15word_lists,"Roediger et al. (2001) 55-list DRM pool, augmented with uploaded 2024 supplementary workbook metrics",55 DRM list-Supplementary Material-08-16-24.xlsx; Roediger-et-al-2001b_PBR.pdf; RoedigerEtAl_2001.xlsx,3.40001963506516,,,,C,0.797101449275362,0.72463768115942,0.607487922705313,0.498389694041868,0.74,0.83,0.54,0.64,5.91333333333333,0.303,0.063,0.2575323548918089,1.93,3.40001963506516,2.84196973954661,4.58,4.56928571428571,5.0,5.2,0.1559841066,,,,,,3.40001963506516,,,,,,,,,,,,,,,,,,,,,,
occ_00162,table,table,list_word,T1,1,chair,chair,roediger2001_55::chair,Roediger2001_55_15word_lists,"Roediger et al. (2001) 55-list DRM pool, augmented with uploaded 2024 supplementary workbook metrics",55 DRM list-Supplementary Material-08-16-24.xlsx; Roediger-et-al-2001b_PBR.pdf; RoedigerEtAl_2001.xlsx,3.73142758705095,,0.756,0.314,C,0.797101449275362,0.72463768115942,0.607487922705313,0.498389694041868,0.74,0.83,0.54,0.64,5.91333333333333,0.303,0.063,0.2575323548918089,1.93,3.40001963506516,2.84196973954661,4.58,4.56928571428571,5.0,5.2,0.1559841066,table,table,False,False,16.0,3.73142758705095,,,,,,,,,,,,,,,,,,,,,,
occ_00163,sit,sit,list_word,T2,2,chair,chair,roediger2001_55::chair,Roediger2001_55_15word_lists,"Roediger et al. (2001) 55-list DRM pool, augmented with uploaded 2024 supplementary workbook metrics",55 DRM list-Supplementary Material-08-16-24.xlsx; Roediger-et-al-2001b_PBR.pdf; RoedigerEtAl_2001.xlsx,4.20085049809108,,0.183,0.212,C,0.797101449275362,0.72463768115942,0.607487922705313,0.498389694041868,0.74,0.83,0.54,0.64,5.91333333333333,0.303,0.063,0.2575323548918089,1.93,3.40001963506516,2.84196973954661,4.58,4.56928571428571,5.0,5.2,0.1559841066,sit,sit,False,False,16.0,4.20085049809108,,,,,,,,,,,,,,,,,,,,,,
occ_00164,legs,legs,list_word,T3,3,chair,chair,roediger2001_55::chair,Roediger2001_55_15word_lists,"Roediger et al. (2001) 55-list DRM pool, augmented with uploaded 2024 supplementary workbook metrics",55 DRM list-Supplementary Material-08-16-24.xlsx; Roediger-et-al-2001b_PBR.pdf; RoedigerEtAl_2001.xlsx,3.45270622651103,,0.0,0.013,C,0.797101449275362,0.72463768115942,0.607487922705313,0.498389694041868,0.74,0.83,0.54,0.64,5.91333333333333,0.303,0.063,0.2575323548918089,1.93,3.40001963506516,2.84196973954661,4.58,4.56928571428571,5.0,5.2,0.1559841066,legs,legs,False,False,16.0,3.45270622651103,,,,,,,,,,,,,,,,,,,,,,
occ_00165,seat,seat,list_word,T4,4,chair,chair,roediger2001_55::chair,Roediger2001_55_15word_lists,"Roediger et al. (2001) 55-list DRM pool, augmented with uploaded 2024 supplementary workbook metrics",55 DRM list-Supplementary Material-08-16-24.xlsx; Roediger-et-al-2001b_PBR.pdf; RoedigerEtAl_2001.xlsx,3.60411800619204,,0.543,0.109,C,0.797101449275362,0.72463768115942,0.607487922705313,0.498389694041868,0.74,0.83,0.54,0.64,5.91333333333333,0.303,0.063,0.2575323548918089,1.93,3.40001963506516,2.84196973954661,4.58,4.56928571428571,5.0,5.2,0.1559841066,seat,seat,False,False,16.0,3.60411800619204,,,,,,,,,,,,,,,,,,,,,,
occ_00166,couch,couch,list_word,T5,5,chair,chair,roediger2001_55::chair,Roediger2001_55_15word_lists,"Roediger et al. (2001) 55-list DRM pool, augmented with uploaded 2024 supplementary workbook metrics",55 DRM list-Supplementary Material-08-16-24.xlsx; Roediger-et-al-2001b_PBR.pdf; RoedigerEtAl_2001.xlsx,3.07845681805329,,0.288,0.109,C,0.797101449275362,0.72463768115942,0.607487922705313,0.498389694041868,0.74,0.83,0.54,0.64,5.91333333333333,0.303,0.063,0.2575323548918089,1.93,3.40001963506516,2.84196973954661,4.58,4.56928571428571,5.0,5.2,0.1559841066,couch,couch,False,False,16.0,3.07845681805329,,,,,,,,,,,,,,,,,,,,,,
occ_00167,desk,desk,list_word,T6,6,chair,chair,roediger2001_55::chair,Roediger2001_55_15word_lists,"Roediger et al. (2001) 55-list DRM pool, augmented with uploaded 2024 supplementary workbook metrics",55 DRM list-Supplementary Material-08-16-24.xlsx; Roediger-et-al-2001b_PBR.pdf; RoedigerEtAl_2001.xlsx,3.35024801833416,,0.29,0.019,C,0.797101449275362,0.72463768115942,0.607487922705313,0.498389694041868,0.74,0.83,0.54,0.64,5.91333333333333,0.303,0.063,0.2575323548918089,1.93,3.40001963506516,2.84196973954661,4.58,4.56928571428571,5.0,5.2,0.1559841066,desk,desk,False,False,16.0,3.35024801833416,,,,,,,,,,,,,,,,,,,,,,
occ_00168,recliner,recliner,list_word,T7,7,chair,chair,roediger2001_55::chair,Roediger2001_55_15word_lists,"Roediger et al. (2001) 55-list DRM pool, augmented with uploaded 2024 supplementary workbook metrics",55 DRM list-Supplementary Material-08-16-24.xlsx; Roediger-et-al-2001b_PBR.pdf; RoedigerEtAl_2001.xlsx,1.0,,0.547,0.0,C,0.797101449275362,0.72463768115942,0.607487922705313,0.498389694041868,0.74,0.83,0.54,0.64,5.91333333333333,0.303,0.063,0.2575323548918089,1.93,3.40001963506516,2.84196973954661,4.58,4.56928571428571,5.0,5.2,0.1559841066,recliner,recliner,False,False,16.0,1.0,,,,,,,,,,,,,,,,,,,,,,
occ_00169,sofa,sofa,list_word,T8,8,chair,chair,roediger2001_55::chair,Roediger2001_55_15word_lists,"Roediger et al. (2001) 55-list DRM pool, augmented with uploaded 2024 supplementary workbook metrics",55 DRM list-Supplementary Material-08-16-24.xlsx; Roediger-et-al-2001b_PBR.pdf; RoedigerEtAl_2001.xlsx,2.47712125471966,,0.132,0.077,C,0.797101449275362,0.72463768115942,0.607487922705313,0.498389694041868,0.74,0.83,0.54,0.64,5.91333333333333,0.303,0.063,0.2575323548918089,1.93,3.40001963506516,2.84196973954661,4.58,4.56928571428571,5.0,5.2,0.1559841066,sofa,sofa,False,False,16.0,2.47712125471966,,,,,,,,,,,,,,,,,,,,,,
occ_00170,wood,wood,list_word,T9,9,chair,chair,roediger2001_55::chair,Roediger2001_55_15word_lists,"Roediger et al. (2001) 55-list DRM pool, augmented with uploaded 2024 supplementary workbook metrics",55 DRM list-Supplementary Material-08-16-24.xlsx; Roediger-et-al-2001b_PBR.pdf; RoedigerEtAl_2001.xlsx,3.13924921757161,,0.012,0.013,C,0.797101449275362,0.72463768115942,0.607487922705313,0.498389694041868,0.74,0.83,0.54,0.64,5.91333333333333,0.303,0.063,0.2575323548918089,1.93,3.40001963506516,2.84196973954661,4.58,4.56928571428571,5.0,5.2,0.1559841066,wood,wood,False,False,16.0,3.13924921757161,,,,,,,,,,,,,,,,,,,,,,
occ_00171,cushion,cushion,list_word,T10,10,chair,chair,roediger2001_55::chair,Roediger2001_55_15word_lists,"Roediger et al. (2001) 55-list DRM pool, augmented with uploaded 2024 supplementary workbook metrics",55 DRM list-Supplementary Material-08-16-24.xlsx; Roediger-et-al-2001b_PBR.pdf; RoedigerEtAl_2001.xlsx,2.04532297878666,,0.086,0.019,C,0.797101449275362,0.72463768115942,0.607487922705313,0.498389694041868,0.74,0.83,0.54,0.64,5.91333333333333,0.303,0.063,0.2575323548918089,1.93,3.40001963506516,2.84196973954661,4.58,4.56928571428571,5.0,5.2,0.1559841066,cushion,cushion,False,False,16.0,2.04532297878666,,,,,,,,,,,,,,,,,,,,,,
occ_00172,swivel,swivel,list_word,T11,11,chair,chair,roediger2001_55::chair,Roediger2001_55_15word_lists,"Roediger et al. (2001) 55-list DRM pool, augmented with uploaded 2024 supplementary workbook metrics",55 DRM list-Supplementary Material-08-16-24.xlsx; Roediger-et-al-2001b_PBR.pdf; RoedigerEtAl_2001.xlsx,1.56820172406699,,0.593,0.0,C,0.797101449275362,0.72463768115942,0.607487922705313,0.498389694041868,0.74,0.83,0.54,0.64,5.91333333333333,0.303,0.063,0.2575323548918089,1.93,3.40001963506516,2.84196973954661,4.58,4.56928571428571,5.0,5.2,0.1559841066,swivel,swivel,True,False,16.0,1.56820172406699,,,,,,,,,,,,,,,,,,,,,,
occ_00173,stool,stool,list_word,T12,12,chair,chair,roediger2001_55::chair,Roediger2001_55_15word_lists,"Roediger et al. (2001) 55-list DRM pool, augmented with uploaded 2024 supplementary workbook metrics",55 DRM list-Supplementary Material-08-16-24.xlsx; Roediger-et-al-2001b_PBR.pdf; RoedigerEtAl_2001.xlsx,2.25527250510331,,0.32,0.032,C,0.797101449275362,0.72463768115942,0.607487922705313,0.498389694041868,0.74,0.83,0.54,0.64,5.91333333333333,0.303,0.063,0.2575323548918089,1.93,3.40001963506516,2.84196973954661,4.58,4.56928571428571,5.0,5.2,0.1559841066,stool,stool,False,False,16.0,2.25527250510331,,,,,,,,,,,,,,,,,,,,,,
occ_00174,sitting,sitting,list_word,T13,13,chair,chair,roediger2001_55::chair,Roediger2001_55_15word_lists,"Roediger et al. (2001) 55-list DRM pool, augmented with uploaded 2024 supplementary workbook metrics",55 DRM list-Supplementary Material-08-16-24.xlsx; Roediger-et-al-2001b_PBR.pdf; RoedigerEtAl_2001.xlsx,3.68259629146055,,0.096,0.0,C,0.797101449275362,0.72463768115942,0.607487922705313,0.498389694041868,0.74,0.83,0.54,0.64,5.91333333333333,0.303,0.063,0.2575323548918089,1.93,3.40001963506516,2.84196973954661,4.58,4.56928571428571,5.0,5.2,0.1559841066,sitting,sitting,False,False,16.0,3.68259629146055,,,,,,,,,,,,,,,,,,,,,,
occ_00175,rocking,rocking,list_word,T14,14,chair,chair,roediger2001_55::chair,Roediger2001_55_15word_lists,"Roediger et al. (2001) 55-list DRM pool, augmented with uploaded 2024 supplementary workbook metrics",55 DRM list-Supplementary Material-08-16-24.xlsx; Roediger-et-al-2001b_PBR.pdf; RoedigerEtAl_2001.xlsx,2.35024801833416,,0.593,0.019,C,0.797101449275362,0.72463768115942,0.607487922705313,0.498389694041868,0.74,0.83,0.54,0.64,5.91333333333333,0.303,0.063,0.2575323548918089,1.93,3.40001963506516,2.84196973954661,4.58,4.56928571428571,5.0,5.2,0.1559841066,rocking,rocking,True,False,16.0,2.35024801833416,,,,,,,,,,,,,,,,,,,,,,
occ_00176,bench,bench,list_word,T15,15,chair,chair,roediger2001_55::chair,Roediger2001_55_15word_lists,"Roediger et al. (2001) 55-list DRM pool, augmented with uploaded 2024 supplementary workbook metrics",55 DRM list-Supplementary Material-08-16-24.xlsx; Roediger-et-al-2001b_PBR.pdf; RoedigerEtAl_2001.xlsx,2.69372694892365,,0.109,0.013,C,0.797101449275362,0.72463768115942,0.607487922705313,0.498389694041868,0.74,0.83,0.54,0.64,5.91333333333333,0.303,0.063,0.2575323548918089,1.93,3.40001963506516,2.84196973954661,4.58,4.56928571428571,5.0,5.2,0.1559841066,bench,bench,False,False,16.0,2.69372694892365,,,,,,,,,,,,,,,,,,,,,,
occ_00177,citizen,citizen,critical_distractor,CD,0,citizen,citizen,roediger2001_55::citizen,Roediger2001_55_15word_lists,"Roediger et al. (2001) 55-list DRM pool, augmented with uploaded 2024 supplementary workbook metrics",55 DRM list-Supplementary Material-08-16-24.xlsx; Roediger-et-al-2001b_PBR.pdf; RoedigerEtAl_2001.xlsx,2.83314711191279,,,,B,0.538375060768109,0.746900826446281,0.418302565752904,0.586831865656358,0.6,0.91,0.1,0.68,4.92666666666667,0.003,0.046,,2.27,2.83314711191279,3.48050194396709,4.43,4.03833333333333,7.0,6.27,0.0006666666666666,,,,,,,,,,,,,,,,,,,,,,,,,,,,
occ_00178,united states,united states,list_word,T1,1,citizen,citizen,roediger2001_55::citizen,Roediger2001_55_15word_lists,"Roediger et al. (2001) 55-list DRM pool, augmented with uploaded 2024 supplementary workbook metrics",55 DRM list-Supplementary Material-08-16-24.xlsx; Roediger-et-al-2001b_PBR.pdf; RoedigerEtAl_2001.xlsx,,,0.0,0.191,B,0.538375060768109,0.746900826446281,0.418302565752904,0.586831865656358,0.6,0.91,0.1,0.68,4.92666666666667,0.003,0.046,,2.27,2.83314711191279,3.48050194396709,4.43,4.03833333333333,7.0,6.27,0.0006666666666666,United States,united states,True,False,16.0,,,,,,,,,,,,,,,,,,,,,,,
occ_00179,man,man,list_word,T2,2,citizen,citizen,roediger2001_55::citizen,Roediger2001_55_15word_lists,"Roediger et al. (2001) 55-list DRM pool, augmented with uploaded 2024 supplementary workbook metrics",55 DRM list-Supplementary Material-08-16-24.xlsx; Roediger-et-al-2001b_PBR.pdf; RoedigerEtAl_2001.xlsx,,,0.0,0.0,B,0.538375060768109,0.746900826446281,0.418302565752904,0.586831865656358,0.6,0.91,0.1,0.68,4.92666666666667,0.003,0.046,,2.27,2.83314711191279,3.48050194396709,4.43,4.03833333333333,7.0,6.27,0.0006666666666666,man,man,False,False,16.0,,,,,,,,,,,,,,,,,,,,,,,
occ_00180,person,person,list_word,T3,3,citizen,citizen,roediger2001_55::citizen,Roediger2001_55_15word_lists,"Roediger et al. (2001) 55-list DRM pool, augmented with uploaded 2024 supplementary workbook metrics",55 DRM list-Supplementary Material-08-16-24.xlsx; Roediger-et-al-2001b_PBR.pdf; RoedigerEtAl_2001.xlsx,,,0.0,0.191,B,0.538375060768109,0.746900826446281,0.418302565752904,0.586831865656358,0.6,0.91,0.1,0.68,4.92666666666667,0.003,0.046,,2.27,2.83314711191279,3.48050194396709,4.43,4.03833333333333,7.0,6.27,0.0006666666666666,person,person,False,False,16.0,,,,,,,,,,,,,,,,,,,,,,,
occ_00181,american,american,list_word,T4,4,citizen,citizen,roediger2001_55::citizen,Roediger2001_55_15word_lists,"Roediger et al. (2001) 55-list DRM pool, augmented with uploaded 2024 supplementary workbook metrics",55 DRM list-Supplementary Material-08-16-24.xlsx; Roediger-et-al-2001b_PBR.pdf; RoedigerEtAl_2001.xlsx,,,0.034,0.086,B,0.538375060768109,0.746900826446281,0.418302565752904,0.586831865656358,0.6,0.91,0.1,0.68,4.92666666666667,0.003,0.046,,2.27,2.83314711191279,3.48050194396709,4.43,4.03833333333333,7.0,6.27,0.0006666666666666,American,american,False,False,16.0,,,,,,,,,,,,,,,,,,,,,,,
occ_00182,country,country,list_word,T5,5,citizen,citizen,roediger2001_55::citizen,Roediger2001_55_15word_lists,"Roediger et al. (2001) 55-list DRM pool, augmented with uploaded 2024 supplementary workbook metrics",55 DRM list-Supplementary Material-08-16-24.xlsx; Roediger-et-al-2001b_PBR.pdf; RoedigerEtAl_2001.xlsx,,,0.0,0.059,B,0.538375060768109,0.746900826446281,0.418302565752904,0.586831865656358,0.6,0.91,0.1,0.68,4.92666666666667,0.003,0.046,,2.27,2.83314711191279,3.48050194396709,4.43,4.03833333333333,7.0,6.27,0.0006666666666666,country,country,False,False,16.0,,,,,,,,,,,,,,,,,,,,,,,
occ_00183,alien,alien,list_word,T6,6,citizen,citizen,roediger2001_55::citizen,Roediger2001_55_15word_lists,"Roediger et al. (2001) 55-list DRM pool, augmented with uploaded 2024 supplementary workbook metrics",55 DRM list-Supplementary Material-08-16-24.xlsx; Roediger-et-al-2001b_PBR.pdf; RoedigerEtAl_2001.xlsx,,,0.0,0.079,B,0.538375060768109,0.746900826446281,0.418302565752904,0.586831865656358,0.6,0.91,0.1,0.68,4.92666666666667,0.003,0.046,,2.27,2.83314711191279,3.48050194396709,4.43,4.03833333333333,7.0,6.27,0.0006666666666666,alien,alien,True,False,16.0,,,,,,,,,,,,,,,,,,,,,,,
occ_00184,people,people,list_word,T7,7,citizen,citizen,roediger2001_55::citizen,Roediger2001_55_15word_lists,"Roediger et al. (2001) 55-list DRM pool, augmented with uploaded 2024 supplementary workbook metrics",55 DRM list-Supplementary Material-08-16-24.xlsx; Roediger-et-al-2001b_PBR.pdf; RoedigerEtAl_2001.xlsx,,,0.0,0.0,B,0.538375060768109,0.746900826446281,0.418302565752904,0.586831865656358,0.6,0.91,0.1,0.68,4.92666666666667,0.003,0.046,,2.27,2.83314711191279,3.48050194396709,4.43,4.03833333333333,7.0,6.27,0.0006666666666666,people,people,False,False,16.0,,,,,,,,,,,,,,,,,,,,,,,
occ_00185,vote,vote,list_word,T8,8,citizen,citizen,roediger2001_55::citizen,Roediger2001_55_15word_lists,"Roediger et al. (2001) 55-list DRM pool, augmented with uploaded 2024 supplementary workbook metrics",55 DRM list-Supplementary Material-08-16-24.xlsx; Roediger-et-al-2001b_PBR.pdf; RoedigerEtAl_2001.xlsx,,,0.0,0.013,B,0.538375060768109,0.746900826446281,0.418302565752904,0.586831865656358,0.6,0.91,0.1,0.68,4.92666666666667,0.003,0.046,,2.27,2.83314711191279,3.48050194396709,4.43,4.03833333333333,7.0,6.27,0.0006666666666666,vote,vote,False,False,16.0,,,,,,,,,,,,,,,,,,,,,,,
occ_00186,me,me,list_word,T9,9,citizen,citizen,roediger2001_55::citizen,Roediger2001_55_15word_lists,"Roediger et al. (2001) 55-list DRM pool, augmented with uploaded 2024 supplementary workbook metrics",55 DRM list-Supplementary Material-08-16-24.xlsx; Roediger-et-al-2001b_PBR.pdf; RoedigerEtAl_2001.xlsx,,,0.0,0.0,B,0.538375060768109,0.746900826446281,0.418302565752904,0.586831865656358,0.6,0.91,0.1,0.68,4.92666666666667,0.003,0.046,,2.27,2.83314711191279,3.48050194396709,4.43,4.03833333333333,7.0,6.27,0.0006666666666666,me,me,False,False,16.0,,,,,,,,,,,,,,,,,,,,,,,
occ_00187,patriot,patriot,list_word,T10,10,citizen,citizen,roediger2001_55::citizen,Roediger2001_55_15word_lists,"Roediger et al. (2001) 55-list DRM pool, augmented with uploaded 2024 supplementary workbook metrics",55 DRM list-Supplementary Material-08-16-24.xlsx; Roediger-et-al-2001b_PBR.pdf; RoedigerEtAl_2001.xlsx,,,0.013,0.02,B,0.538375060768109,0.746900826446281,0.418302565752904,0.586831865656358,0.6,0.91,0.1,0.68,4.92666666666667,0.003,0.046,,2.27,2.83314711191279,3.48050194396709,4.43,4.03833333333333,7.0,6.27,0.0006666666666666,patriot,patriot,False,False,16.0,,,,,,,,,,,,,,,,,,,,,,,
occ_00188,flag,flag,list_word,T11,11,citizen,citizen,roediger2001_55::citizen,Roediger2001_55_15word_lists,"Roediger et al. (2001) 55-list DRM pool, augmented with uploaded 2024 supplementary workbook metrics",55 DRM list-Supplementary Material-08-16-24.xlsx; Roediger-et-al-2001b_PBR.pdf; RoedigerEtAl_2001.xlsx,,,0.0,0.0,B,0.538375060768109,0.746900826446281,0.418302565752904,0.586831865656358,0.6,0.91,0.1,0.68,4.92666666666667,0.003,0.046,,2.27,2.83314711191279,3.48050194396709,4.43,4.03833333333333,7.0,6.27,0.0006666666666666,flag,flag,False,False,16.0,,,,,,,,,,,,,,,,,,,,,,,
occ_00189,foreigner,foreigner,list_word,T12,12,citizen,citizen,roediger2001_55::citizen,Roediger2001_55_15word_lists,"Roediger et al. (2001) 55-list DRM pool, augmented with uploaded 2024 supplementary workbook metrics",55 DRM list-Supplementary Material-08-16-24.xlsx; Roediger-et-al-2001b_PBR.pdf; RoedigerEtAl_2001.xlsx,,,0.0,0.0,B,0.538375060768109,0.746900826446281,0.418302565752904,0.586831865656358,0.6,0.91,0.1,0.68,4.92666666666667,0.003,0.046,,2.27,2.83314711191279,3.48050194396709,4.43,4.03833333333333,7.0,6.27,0.0006666666666666,foreigner,foreigner,False,False,16.0,,,,,,,,,,,,,,,,,,,,,,,
occ_00190,france,france,list_word,T13,13,citizen,citizen,roediger2001_55::citizen,Roediger2001_55_15word_lists,"Roediger et al. (2001) 55-list DRM pool, augmented with uploaded 2024 supplementary workbook metrics",55 DRM list-Supplementary Material-08-16-24.xlsx; Roediger-et-al-2001b_PBR.pdf; RoedigerEtAl_2001.xlsx,,,0.0,0.0,B,0.538375060768109,0.746900826446281,0.418302565752904,0.586831865656358,0.6,0.91,0.1,0.68,4.92666666666667,0.003,0.046,,2.27,2.83314711191279,3.48050194396709,4.43,4.03833333333333,7.0,6.27,0.0006666666666666,France,france,False,False,16.0,,,,,,,,,,,,,,,,,,,,,,,
occ_00191,immigrant,immigrant,list_word,T14,14,citizen,citizen,roediger2001_55::citizen,Roediger2001_55_15word_lists,"Roediger et al. (2001) 55-list DRM pool, augmented with uploaded 2024 supplementary workbook metrics",55 DRM list-Supplementary Material-08-16-24.xlsx; Roediger-et-al-2001b_PBR.pdf; RoedigerEtAl_2001.xlsx,,,0.0,0.013,B,0.538375060768109,0.746900826446281,0.418302565752904,0.586831865656358,0.6,0.91,0.1,0.68,4.92666666666667,0.003,0.046,,2.27,2.83314711191279,3.48050194396709,4.43,4.03833333333333,7.0,6.27,0.0006666666666666,immigrant,immigrant,True,False,16.0,,,,,,,,,,,,,,,,,,,,,,,
occ_00192,member,member,list_word,T15,15,citizen,citizen,roediger2001_55::citizen,Roediger2001_55_15word_lists,"Roediger et al. (2001) 55-list DRM pool, augmented with uploaded 2024 supplementary workbook metrics",55 DRM list-Supplementary Material-08-16-24.xlsx; Roediger-et-al-2001b_PBR.pdf; RoedigerEtAl_2001.xlsx,,,0.0,0.033,B,0.538375060768109,0.746900826446281,0.418302565752904,0.586831865656358,0.6,0.91,0.1,0.68,4.92666666666667,0.003,0.046,,2.27,2.83314711191279,3.48050194396709,4.43,4.03833333333333,7.0,6.27,0.0006666666666666,member,member,False,False,16.0,,,,,,,,,,,,,,,,,,,,,,,
occ_00193,city,city,critical_distractor,CD,0,city,city,roediger2001_55::city,Roediger2001_55_15word_lists,"Roediger et al. (2001) 55-list DRM pool, augmented with uploaded 2024 supplementary workbook metrics",55 DRM list-Supplementary Material-08-16-24.xlsx; Roediger-et-al-2001b_PBR.pdf; RoedigerEtAl_2001.xlsx,3.93575910374531,,,,A,0.785185185185185,0.718518518518519,0.60952380952381,0.532804232804233,0.64,0.96,0.46,0.65,5.68666666666667,0.185,0.042,,1.8,3.93575910374531,3.0788270268278,4.79,4.07769230769231,4.0,6.27,0.0888571428666666,,,,,,,,,,,,,,,,,,,,,,,,,,,,
occ_00194,town,town,list_word,T1,1,city,city,roediger2001_55::city,Roediger2001_55_15word_lists,"Roediger et al. (2001) 55-list DRM pool, augmented with uploaded 2024 supplementary workbook metrics",55 DRM list-Supplementary Material-08-16-24.xlsx; Roediger-et-al-2001b_PBR.pdf; RoedigerEtAl_2001.xlsx,,,0.529,0.307,A,0.785185185185185,0.718518518518519,0.60952380952381,0.532804232804233,0.64,0.96,0.46,0.65,5.68666666666667,0.185,0.042,,1.8,3.93575910374531,3.0788270268278,4.79,4.07769230769231,4.0,6.27,0.0888571428666666,town,town,False,False,16.0,,,,,,,,,,,,,,,,,,,,,,,
occ_00195,crowded,crowded,list_word,T2,2,city,city,roediger2001_55::city,Roediger2001_55_15word_lists,"Roediger et al. (2001) 55-list DRM pool, augmented with uploaded 2024 supplementary workbook metrics",55 DRM list-Supplementary Material-08-16-24.xlsx; Roediger-et-al-2001b_PBR.pdf; RoedigerEtAl_2001.xlsx,,,0.0,0.01,A,0.785185185185185,0.718518518518519,0.60952380952381,0.532804232804233,0.64,0.96,0.46,0.65,5.68666666666667,0.185,0.042,,1.8,3.93575910374531,3.0788270268278,4.79,4.07769230769231,4.0,6.27,0.0888571428666666,crowded,crowded,True,False,16.0,,,,,,,,,,,,,,,,,,,,,,,
occ_00196,state,state,list_word,T3,3,city,city,roediger2001_55::city,Roediger2001_55_15word_lists,"Roediger et al. (2001) 55-list DRM pool, augmented with uploaded 2024 supplementary workbook metrics",55 DRM list-Supplementary Material-08-16-24.xlsx; Roediger-et-al-2001b_PBR.pdf; RoedigerEtAl_2001.xlsx,,,0.117,0.132,A,0.785185185185185,0.718518518518519,0.60952380952381,0.532804232804233,0.64,0.96,0.46,0.65,5.68666666666667,0.185,0.042,,1.8,3.93575910374531,3.0788270268278,4.79,4.07769230769231,4.0,6.27,0.0888571428666666,state,state,False,False,16.0,,,,,,,,,,,,,,,,,,,,,,,
occ_00197,capital,capital,list_word,T4,4,city,city,roediger2001_55::city,Roediger2001_55_15word_lists,"Roediger et al. (2001) 55-list DRM pool, augmented with uploaded 2024 supplementary workbook metrics",55 DRM list-Supplementary Material-08-16-24.xlsx; Roediger-et-al-2001b_PBR.pdf; RoedigerEtAl_2001.xlsx,,,0.095,0.0,A,0.785185185185185,0.718518518518519,0.60952380952381,0.532804232804233,0.64,0.96,0.46,0.65,5.68666666666667,0.185,0.042,,1.8,3.93575910374531,3.0788270268278,4.79,4.07769230769231,4.0,6.27,0.0888571428666666,capital,capital,False,False,16.0,,,,,,,,,,,,,,,,,,,,,,,
occ_00198,streets,streets,list_word,T5,5,city,city,roediger2001_55::city,Roediger2001_55_15word_lists,"Roediger et al. (2001) 55-list DRM pool, augmented with uploaded 2024 supplementary workbook metrics",55 DRM list-Supplementary Material-08-16-24.xlsx; Roediger-et-al-2001b_PBR.pdf; RoedigerEtAl_2001.xlsx,,,0.054,0.046,A,0.785185185185185,0.718518518518519,0.60952380952381,0.532804232804233,0.64,0.96,0.46,0.65,5.68666666666667,0.185,0.042,,1.8,3.93575910374531,3.0788270268278,4.79,4.07769230769231,4.0,6.27,0.0888571428666666,streets,streets,True,False,16.0,,,,,,,,,,,,,,,,,,,,,,,
occ_00199,subway,subway,list_word,T6,6,city,city,roediger2001_55::city,Roediger2001_55_15word_lists,"Roediger et al. (2001) 55-list DRM pool, augmented with uploaded 2024 supplementary workbook metrics",55 DRM list-Supplementary Material-08-16-24.xlsx; Roediger-et-al-2001b_PBR.pdf; RoedigerEtAl_2001.xlsx,,,0.0,0.0,A,0.785185185185185,0.718518518518519,0.60952380952381,0.532804232804233,0.64,0.96,0.46,0.65,5.68666666666667,0.185,0.042,,1.8,3.93575910374531,3.0788270268278,4.79,4.07769230769231,4.0,6.27,0.0888571428666666,subway,subway,False,False,16.0,,,,,,,,,,,,,,,,,,,,,,,
occ_00200,country,country,list_word,T7,7,city,city,roediger2001_55::city,Roediger2001_55_15word_lists,"Roediger et al. (2001) 55-list DRM pool, augmented with uploaded 2024 supplementary workbook metrics",55 DRM list-Supplementary Material-08-16-24.xlsx; Roediger-et-al-2001b_PBR.pdf; RoedigerEtAl_2001.xlsx,,,0.068,0.02,A,0.785185185185185,0.718518518518519,0.60952380952381,0.532804232804233,0.64,0.96,0.46,0.65,5.68666666666667,0.185,0.042,,1.8,3.93575910374531,3.0788270268278,4.79,4.07769230769231,4.0,6.27,0.0888571428666666,country,country,False,False,16.0,,,,,,,,,,,,,,,,,,,,,,,
occ_00201,new york,new york,list_word,T8,8,city,city,roediger2001_55::city,Roediger2001_55_15word_lists,"Roediger et al. (2001) 55-list DRM pool, augmented with uploaded 2024 supplementary workbook metrics",55 DRM list-Supplementary Material-08-16-24.xlsx; Roediger-et-al-2001b_PBR.pdf; RoedigerEtAl_2001.xlsx,,,0.383,0.066,A,0.785185185185185,0.718518518518519,0.60952380952381,0.532804232804233,0.64,0.96,0.46,0.65,5.68666666666667,0.185,0.042,,1.8,3.93575910374531,3.0788270268278,4.79,4.07769230769231,4.0,6.27,0.0888571428666666,New York,new york,False,False,16.0,,,,,,,,,,,,,,,,,,,,,,,
occ_00202,village,village,list_word,T9,9,city,city,roediger2001_55::city,Roediger2001_55_15word_lists,"Roediger et al. (2001) 55-list DRM pool, augmented with uploaded 2024 supplementary workbook metrics",55 DRM list-Supplementary Material-08-16-24.xlsx; Roediger-et-al-2001b_PBR.pdf; RoedigerEtAl_2001.xlsx,,,0.02,0.0,A,0.785185185185185,0.718518518518519,0.60952380952381,0.532804232804233,0.64,0.96,0.46,0.65,5.68666666666667,0.185,0.042,,1.8,3.93575910374531,3.0788270268278,4.79,4.07769230769231,4.0,6.27,0.0888571428666666,village,village,False,False,16.0,,,,,,,,,,,,,,,,,,,,,,,
occ_00203,metropolis,metropolis,list_word,T10,10,city,city,roediger2001_55::city,Roediger2001_55_15word_lists,"Roediger et al. (2001) 55-list DRM pool, augmented with uploaded 2024 supplementary workbook metrics",55 DRM list-Supplementary Material-08-16-24.xlsx; Roediger-et-al-2001b_PBR.pdf; RoedigerEtAl_2001.xlsx,,,0.536,0.0,A,0.785185185185185,0.718518518518519,0.60952380952381,0.532804232804233,0.64,0.96,0.46,0.65,5.68666666666667,0.185,0.042,,1.8,3.93575910374531,3.0788270268278,4.79,4.07769230769231,4.0,6.27,0.0888571428666666,metropolis,metropolis,True,False,16.0,,,,,,,,,,,,,,,,,,,,,,,
occ_00204,big,big,list_word,T11,11,city,city,roediger2001_55::city,Roediger2001_55_15word_lists,"Roediger et al. (2001) 55-list DRM pool, augmented with uploaded 2024 supplementary workbook metrics",55 DRM list-Supplementary Material-08-16-24.xlsx; Roediger-et-al-2001b_PBR.pdf; RoedigerEtAl_2001.xlsx,,,0.0,0.025,A,0.785185185185185,0.718518518518519,0.60952380952381,0.532804232804233,0.64,0.96,0.46,0.65,5.68666666666667,0.185,0.042,,1.8,3.93575910374531,3.0788270268278,4.79,4.07769230769231,4.0,6.27,0.0888571428666666,big,big,False,False,16.0,,,,,,,,,,,,,,,,,,,,,,,
occ_00205,chicago,chicago,list_word,T12,12,city,city,roediger2001_55::city,Roediger2001_55_15word_lists,"Roediger et al. (2001) 55-list DRM pool, augmented with uploaded 2024 supplementary workbook metrics",55 DRM list-Supplementary Material-08-16-24.xlsx; Roediger-et-al-2001b_PBR.pdf; RoedigerEtAl_2001.xlsx,,,0.152,0.0,A,0.785185185185185,0.718518518518519,0.60952380952381,0.532804232804233,0.64,0.96,0.46,0.65,5.68666666666667,0.185,0.042,,1.8,3.93575910374531,3.0788270268278,4.79,4.07769230769231,4.0,6.27,0.0888571428666666,Chicago,chicago,True,False,16.0,,,,,,,,,,,,,,,,,,,,,,,
occ_00206,suburb,suburb,list_word,T13,13,city,city,roediger2001_55::city,Roediger2001_55_15word_lists,"Roediger et al. (2001) 55-list DRM pool, augmented with uploaded 2024 supplementary workbook metrics",55 DRM list-Supplementary Material-08-16-24.xlsx; Roediger-et-al-2001b_PBR.pdf; RoedigerEtAl_2001.xlsx,,,0.265,0.01,A,0.785185185185185,0.718518518518519,0.60952380952381,0.532804232804233,0.64,0.96,0.46,0.65,5.68666666666667,0.185,0.042,,1.8,3.93575910374531,3.0788270268278,4.79,4.07769230769231,4.0,6.27,0.0888571428666666,suburb,suburb,False,False,16.0,,,,,,,,,,,,,,,,,,,,,,,
occ_00207,county,county,list_word,T14,14,city,city,roediger2001_55::city,Roediger2001_55_15word_lists,"Roediger et al. (2001) 55-list DRM pool, augmented with uploaded 2024 supplementary workbook metrics",55 DRM list-Supplementary Material-08-16-24.xlsx; Roediger-et-al-2001b_PBR.pdf; RoedigerEtAl_2001.xlsx,,,0.195,0.01,A,0.785185185185185,0.718518518518519,0.60952380952381,0.532804232804233,0.64,0.96,0.46,0.65,5.68666666666667,0.185,0.042,,1.8,3.93575910374531,3.0788270268278,4.79,4.07769230769231,4.0,6.27,0.0888571428666666,county,county,False,False,16.0,,,,,,,,,,,,,,,,,,,,,,,
occ_00208,urban,urban,list_word,T15,15,city,city,roediger2001_55::city,Roediger2001_55_15word_lists,"Roediger et al. (2001) 55-list DRM pool, augmented with uploaded 2024 supplementary workbook metrics",55 DRM list-Supplementary Material-08-16-24.xlsx; Roediger-et-al-2001b_PBR.pdf; RoedigerEtAl_2001.xlsx,,,0.358,0.0,A,0.785185185185185,0.718518518518519,0.60952380952381,0.532804232804233,0.64,0.96,0.46,0.65,5.68666666666667,0.185,0.042,,1.8,3.93575910374531,3.0788270268278,4.79,4.07769230769231,4.0,6.27,0.0888571428666666,urban,urban,True,False,16.0,,,,,,,,,,,,,,,,,,,,,,,
occ_00209,cold,cold,critical_distractor,CD,0,cold,cold,roediger2001_55::cold,Roediger2001_55_15word_lists,"Roediger et al. (2001) 55-list DRM pool, augmented with uploaded 2024 supplementary workbook metrics",55 DRM list-Supplementary Material-08-16-24.xlsx; Roediger-et-al-2001b_PBR.pdf; RoedigerEtAl_2001.xlsx,3.82210266864692,,,,B,0.675255226057365,0.656867809107114,0.537608612972119,0.484616209785163,0.84,0.87,0.44,0.61,5.56,0.353,0.043,0.323217754537697,2.27,3.82210266864692,2.98429582813016,3.85,3.992,4.0,4.8,0.3262347594,,,,,,3.82210266864692,,,,,,,,,,,,,,,,,,,,,,
occ_00210,hot,hot,list_word,T1,1,cold,cold,roediger2001_55::cold,Roediger2001_55_15word_lists,"Roediger et al. (2001) 55-list DRM pool, augmented with uploaded 2024 supplementary workbook metrics",55 DRM list-Supplementary Material-08-16-24.xlsx; Roediger-et-al-2001b_PBR.pdf; RoedigerEtAl_2001.xlsx,3.98600993185326,,0.676,0.413,B,0.675255226057365,0.656867809107114,0.537608612972119,0.484616209785163,0.84,0.87,0.44,0.61,5.56,0.353,0.043,0.323217754537697,2.27,3.82210266864692,2.98429582813016,3.85,3.992,4.0,4.8,0.3262347594,hot,hot,False,False,16.0,3.98600993185326,,,,,,,,,,,,,,,,,,,,,,
occ_00211,snow,snow,list_word,T2,2,cold,cold,roediger2001_55::cold,Roediger2001_55_15word_lists,"Roediger et al. (2001) 55-list DRM pool, augmented with uploaded 2024 supplementary workbook metrics",55 DRM list-Supplementary Material-08-16-24.xlsx; Roediger-et-al-2001b_PBR.pdf; RoedigerEtAl_2001.xlsx,3.20411998265592,,0.199,0.033,B,0.675255226057365,0.656867809107114,0.537608612972119,0.484616209785163,0.84,0.87,0.44,0.61,5.56,0.353,0.043,0.323217754537697,2.27,3.82210266864692,2.98429582813016,3.85,3.992,4.0,4.8,0.3262347594,snow,snow,False,False,16.0,3.20411998265592,,,,,,,,,,,,,,,,,,,,,,
occ_00212,warm,warm,list_word,T3,3,cold,cold,roediger2001_55::cold,Roediger2001_55_15word_lists,"Roediger et al. (2001) 55-list DRM pool, augmented with uploaded 2024 supplementary workbook metrics",55 DRM list-Supplementary Material-08-16-24.xlsx; Roediger-et-al-2001b_PBR.pdf; RoedigerEtAl_2001.xlsx,3.42488163663107,,0.364,0.033,B,0.675255226057365,0.656867809107114,0.537608612972119,0.484616209785163,0.84,0.87,0.44,0.61,5.56,0.353,0.043,0.323217754537697,2.27,3.82210266864692,2.98429582813016,3.85,3.992,4.0,4.8,0.3262347594,warm,warm,False,False,16.0,3.42488163663107,,,,,,,,,,,,,,,,,,,,,,
occ_00213,winter,winter,list_word,T4,4,cold,cold,roediger2001_55::cold,Roediger2001_55_15word_lists,"Roediger et al. (2001) 55-list DRM pool, augmented with uploaded 2024 supplementary workbook metrics",55 DRM list-Supplementary Material-08-16-24.xlsx; Roediger-et-al-2001b_PBR.pdf; RoedigerEtAl_2001.xlsx,3.1264561134318,,0.277,0.022,B,0.675255226057365,0.656867809107114,0.537608612972119,0.484616209785163,0.84,0.87,0.44,0.61,5.56,0.353,0.043,0.323217754537697,2.27,3.82210266864692,2.98429582813016,3.85,3.992,4.0,4.8,0.3262347594,winter,winter,False,False,16.0,3.1264561134318,,,,,,,,,,,,,,,,,,,,,,
occ_00214,ice,ice,list_word,T5,5,cold,cold,roediger2001_55::cold,Roediger2001_55_15word_lists,"Roediger et al. (2001) 55-list DRM pool, augmented with uploaded 2024 supplementary workbook metrics",55 DRM list-Supplementary Material-08-16-24.xlsx; Roediger-et-al-2001b_PBR.pdf; RoedigerEtAl_2001.xlsx,3.60831204269733,,0.364,0.098,B,0.675255226057365,0.656867809107114,0.537608612972119,0.484616209785163,0.84,0.87,0.44,0.61,5.56,0.353,0.043,0.323217754537697,2.27,3.82210266864692,2.98429582813016,3.85,3.992,4.0,4.8,0.3262347594,ice,ice,False,False,16.0,3.60831204269733,,,,,,,,,,,,,,,,,,,,,,
occ_00215,wet,wet,list_word,T6,6,cold,cold,roediger2001_55::cold,Roediger2001_55_15word_lists,"Roediger et al. (2001) 55-list DRM pool, augmented with uploaded 2024 supplementary workbook metrics",55 DRM list-Supplementary Material-08-16-24.xlsx; Roediger-et-al-2001b_PBR.pdf; RoedigerEtAl_2001.xlsx,3.30124708863621,,0.108,0.011,B,0.675255226057365,0.656867809107114,0.537608612972119,0.484616209785163,0.84,0.87,0.44,0.61,5.56,0.353,0.043,0.323217754537697,2.27,3.82210266864692,2.98429582813016,3.85,3.992,4.0,4.8,0.3262347594,wet,wet,False,False,16.0,3.30124708863621,,,,,,,,,,,,,,,,,,,,,,
occ_00216,frigid,frigid,list_word,T7,7,cold,cold,roediger2001_55::cold,Roediger2001_55_15word_lists,"Roediger et al. (2001) 55-list DRM pool, augmented with uploaded 2024 supplementary workbook metrics",55 DRM list-Supplementary Material-08-16-24.xlsx; Roediger-et-al-2001b_PBR.pdf; RoedigerEtAl_2001.xlsx,1.85733249643127,,0.57,0.0,B,0.675255226057365,0.656867809107114,0.537608612972119,0.484616209785163,0.84,0.87,0.44,0.61,5.56,0.353,0.043,0.323217754537697,2.27,3.82210266864692,2.98429582813016,3.85,3.992,4.0,4.8,0.3262347594,frigid,frigid,False,False,16.0,1.85733249643127,,,,,,,,,,,,,,,,,,,,,,
occ_00217,chilly,chilly,list_word,T8,8,cold,cold,roediger2001_55::cold,Roediger2001_55_15word_lists,"Roediger et al. (2001) 55-list DRM pool, augmented with uploaded 2024 supplementary workbook metrics",55 DRM list-Supplementary Material-08-16-24.xlsx; Roediger-et-al-2001b_PBR.pdf; RoedigerEtAl_2001.xlsx,2.34439227368511,,0.395,0.0,B,0.675255226057365,0.656867809107114,0.537608612972119,0.484616209785163,0.84,0.87,0.44,0.61,5.56,0.353,0.043,0.323217754537697,2.27,3.82210266864692,2.98429582813016,3.85,3.992,4.0,4.8,0.3262347594,chilly,chilly,True,False,16.0,2.34439227368511,,,,,,,,,,,,,,,,,,,,,,
occ_00218,heat,heat,list_word,T9,9,cold,cold,roediger2001_55::cold,Roediger2001_55_15word_lists,"Roediger et al. (2001) 55-list DRM pool, augmented with uploaded 2024 supplementary workbook metrics",55 DRM list-Supplementary Material-08-16-24.xlsx; Roediger-et-al-2001b_PBR.pdf; RoedigerEtAl_2001.xlsx,3.31069331234336,,0.169,0.0,B,0.675255226057365,0.656867809107114,0.537608612972119,0.484616209785163,0.84,0.87,0.44,0.61,5.56,0.353,0.043,0.323217754537697,2.27,3.82210266864692,2.98429582813016,3.85,3.992,4.0,4.8,0.3262347594,heat,heat,False,False,16.0,3.31069331234336,,,,,,,,,,,,,,,,,,,,,,
occ_00219,weather,weather,list_word,T10,10,cold,cold,roediger2001_55::cold,Roediger2001_55_15word_lists,"Roediger et al. (2001) 55-list DRM pool, augmented with uploaded 2024 supplementary workbook metrics",55 DRM list-Supplementary Material-08-16-24.xlsx; Roediger-et-al-2001b_PBR.pdf; RoedigerEtAl_2001.xlsx,3.24229290498293,,0.032,0.011,B,0.675255226057365,0.656867809107114,0.537608612972119,0.484616209785163,0.84,0.87,0.44,0.61,5.56,0.353,0.043,0.323217754537697,2.27,3.82210266864692,2.98429582813016,3.85,3.992,4.0,4.8,0.3262347594,weather,weather,False,False,16.0,3.24229290498293,,,,,,,,,,,,,,,,,,,,,,
occ_00220,freeze,freeze,list_word,T11,11,cold,cold,roediger2001_55::cold,Roediger2001_55_15word_lists,"Roediger et al. (2001) 55-list DRM pool, augmented with uploaded 2024 supplementary workbook metrics",55 DRM list-Supplementary Material-08-16-24.xlsx; Roediger-et-al-2001b_PBR.pdf; RoedigerEtAl_2001.xlsx,3.21510858105309,,0.461,0.011,B,0.675255226057365,0.656867809107114,0.537608612972119,0.484616209785163,0.84,0.87,0.44,0.61,5.56,0.353,0.043,0.323217754537697,2.27,3.82210266864692,2.98429582813016,3.85,3.992,4.0,4.8,0.3262347594,freeze,freeze,False,False,16.0,3.21510858105309,,,,,,,,,,,,,,,,,,,,,,
occ_00221,air,air,list_word,T12,12,cold,cold,roediger2001_55::cold,Roediger2001_55_15word_lists,"Roediger et al. (2001) 55-list DRM pool, augmented with uploaded 2024 supplementary workbook metrics",55 DRM list-Supplementary Material-08-16-24.xlsx; Roediger-et-al-2001b_PBR.pdf; RoedigerEtAl_2001.xlsx,3.85070748537454,,0.0,0.0,B,0.675255226057365,0.656867809107114,0.537608612972119,0.484616209785163,0.84,0.87,0.44,0.61,5.56,0.353,0.043,0.323217754537697,2.27,3.82210266864692,2.98429582813016,3.85,3.992,4.0,4.8,0.3262347594,air,air,False,False,16.0,3.85070748537454,,,,,,,,,,,,,,,,,,,,,,
occ_00222,shiver,shiver,list_word,T13,13,cold,cold,roediger2001_55::cold,Roediger2001_55_15word_lists,"Roediger et al. (2001) 55-list DRM pool, augmented with uploaded 2024 supplementary workbook metrics",55 DRM list-Supplementary Material-08-16-24.xlsx; Roediger-et-al-2001b_PBR.pdf; RoedigerEtAl_2001.xlsx,1.89762709129044,,0.669,0.011,B,0.675255226057365,0.656867809107114,0.537608612972119,0.484616209785163,0.84,0.87,0.44,0.61,5.56,0.353,0.043,0.323217754537697,2.27,3.82210266864692,2.98429582813016,3.85,3.992,4.0,4.8,0.3262347594,shiver,shiver,False,False,16.0,1.89762709129044,,,,,,,,,,,,,,,,,,,,,,
occ_00223,arctic,arctic,list_word,T14,14,cold,cold,roediger2001_55::cold,Roediger2001_55_15word_lists,"Roediger et al. (2001) 55-list DRM pool, augmented with uploaded 2024 supplementary workbook metrics",55 DRM list-Supplementary Material-08-16-24.xlsx; Roediger-et-al-2001b_PBR.pdf; RoedigerEtAl_2001.xlsx,2.00432137378264,,0.642,0.0,B,0.675255226057365,0.656867809107114,0.537608612972119,0.484616209785163,0.84,0.87,0.44,0.61,5.56,0.353,0.043,0.323217754537697,2.27,3.82210266864692,2.98429582813016,3.85,3.992,4.0,4.8,0.3262347594,Arctic,arctic,False,False,16.0,2.00432137378264,,,,,,,,,,,,,,,,,,,,,,
occ_00224,frost,frost,list_word,T15,15,cold,cold,roediger2001_55::cold,Roediger2001_55_15word_lists,"Roediger et al. (2001) 55-list DRM pool, augmented with uploaded 2024 supplementary workbook metrics",55 DRM list-Supplementary Material-08-16-24.xlsx; Roediger-et-al-2001b_PBR.pdf; RoedigerEtAl_2001.xlsx,2.39093510710338,,0.37,0.0,B,0.675255226057365,0.656867809107114,0.537608612972119,0.484616209785163,0.84,0.87,0.44,0.61,5.56,0.353,0.043,0.323217754537697,2.27,3.82210266864692,2.98429582813016,3.85,3.992,4.0,4.8,0.3262347594,frost,frost,False,False,16.0,2.39093510710338,,,,,,,,,,,,,,,,,,,,,,
occ_00225,command,command,critical_distractor,CD,0,command,command,roediger2001_55::command,Roediger2001_55_15word_lists,"Roediger et al. (2001) 55-list DRM pool, augmented with uploaded 2024 supplementary workbook metrics",55 DRM list-Supplementary Material-08-16-24.xlsx; Roediger-et-al-2001b_PBR.pdf; RoedigerEtAl_2001.xlsx,3.34752515999869,,,,A,0.451851851851852,0.651851851851852,0.34973544973545,0.483774250440917,0.55,0.66,0.08,0.58,5.40666666666667,0.009,0.035,0.1151523316692113,0.67,3.34752515999869,3.54348455765598,2.48,3.318,7.0,5.6,0.0054078196666666,,,,,,3.34752515999869,,,,,,,,,,,,,,,,,,,,,,
occ_00226,order,order,list_word,T1,1,command,command,roediger2001_55::command,Roediger2001_55_15word_lists,"Roediger et al. (2001) 55-list DRM pool, augmented with uploaded 2024 supplementary workbook metrics",55 DRM list-Supplementary Material-08-16-24.xlsx; Roediger-et-al-2001b_PBR.pdf; RoedigerEtAl_2001.xlsx,3.90232930585832,,0.0,0.288,A,0.451851851851852,0.651851851851852,0.34973544973545,0.483774250440917,0.55,0.66,0.08,0.58,5.40666666666667,0.009,0.035,0.1151523316692113,0.67,3.34752515999869,3.54348455765598,2.48,3.318,7.0,5.6,0.0054078196666666,order,order,False,False,16.0,3.90232930585832,,,,,,,,,,,,,,,,,,,,,,
occ_00227,army,army,list_word,T2,2,command,command,roediger2001_55::command,Roediger2001_55_15word_lists,"Roediger et al. (2001) 55-list DRM pool, augmented with uploaded 2024 supplementary workbook metrics",55 DRM list-Supplementary Material-08-16-24.xlsx; Roediger-et-al-2001b_PBR.pdf; RoedigerEtAl_2001.xlsx,3.64058080648965,,0.0,0.034,A,0.451851851851852,0.651851851851852,0.34973544973545,0.483774250440917,0.55,0.66,0.08,0.58,5.40666666666667,0.009,0.035,0.1151523316692113,0.67,3.34752515999869,3.54348455765598,2.48,3.318,7.0,5.6,0.0054078196666666,army,army,False,False,16.0,3.64058080648965,,,,,,,,,,,,,,,,,,,,,,
occ_00228,obey,obey,list_word,T3,3,command,command,roediger2001_55::command,Roediger2001_55_15word_lists,"Roediger et al. (2001) 55-list DRM pool, augmented with uploaded 2024 supplementary workbook metrics",55 DRM list-Supplementary Material-08-16-24.xlsx; Roediger-et-al-2001b_PBR.pdf; RoedigerEtAl_2001.xlsx,2.65991620006985,,0.14,0.062,A,0.451851851851852,0.651851851851852,0.34973544973545,0.483774250440917,0.55,0.66,0.08,0.58,5.40666666666667,0.009,0.035,0.1151523316692113,0.67,3.34752515999869,3.54348455765598,2.48,3.318,7.0,5.6,0.0054078196666666,obey,obey,False,False,16.0,2.65991620006985,,,,,,,,,,,,,,,,,,,,,,
occ_00229,officer,officer,list_word,T4,4,command,command,roediger2001_55::command,Roediger2001_55_15word_lists,"Roediger et al. (2001) 55-list DRM pool, augmented with uploaded 2024 supplementary workbook metrics",55 DRM list-Supplementary Material-08-16-24.xlsx; Roediger-et-al-2001b_PBR.pdf; RoedigerEtAl_2001.xlsx,3.72148085477005,,0.0,0.027,A,0.451851851851852,0.651851851851852,0.34973544973545,0.483774250440917,0.55,0.66,0.08,0.58,5.40666666666667,0.009,0.035,0.1151523316692113,0.67,3.34752515999869,3.54348455765598,2.48,3.318,7.0,5.6,0.0054078196666666,officer,officer,False,False,16.0,3.72148085477005,,,,,,,,,,,,,,,,,,,,,,
occ_00230,performance,performance,list_word,T5,5,command,command,roediger2001_55::command,Roediger2001_55_15word_lists,"Roediger et al. (2001) 55-list DRM pool, augmented with uploaded 2024 supplementary workbook metrics",55 DRM list-Supplementary Material-08-16-24.xlsx; Roediger-et-al-2001b_PBR.pdf; RoedigerEtAl_2001.xlsx,3.04688519083771,,0.0,0.014,A,0.451851851851852,0.651851851851852,0.34973544973545,0.483774250440917,0.55,0.66,0.08,0.58,5.40666666666667,0.009,0.035,0.1151523316692113,0.67,3.34752515999869,3.54348455765598,2.48,3.318,7.0,5.6,0.0054078196666666,performance,performance,False,False,16.0,3.04688519083771,,,,,,,,,,,,,,,,,,,,,,
occ_00231,do,do,list_word,T6,6,command,command,roediger2001_55::command,Roediger2001_55_15word_lists,"Roediger et al. (2001) 55-list DRM pool, augmented with uploaded 2024 supplementary workbook metrics",55 DRM list-Supplementary Material-08-16-24.xlsx; Roediger-et-al-2001b_PBR.pdf; RoedigerEtAl_2001.xlsx,5.49542777003036,,0.0,0.014,A,0.451851851851852,0.651851851851852,0.34973544973545,0.483774250440917,0.55,0.66,0.08,0.58,5.40666666666667,0.009,0.035,0.1151523316692113,0.67,3.34752515999869,3.54348455765598,2.48,3.318,7.0,5.6,0.0054078196666666,do,do,False,False,16.0,5.49542777003036,,,,,,,,,,,,,,,,,,,,,,
occ_00232,tell,tell,list_word,T7,7,command,command,roediger2001_55::command,Roediger2001_55_15word_lists,"Roediger et al. (2001) 55-list DRM pool, augmented with uploaded 2024 supplementary workbook metrics",55 DRM list-Supplementary Material-08-16-24.xlsx; Roediger-et-al-2001b_PBR.pdf; RoedigerEtAl_2001.xlsx,4.94423584379348,,0.0,0.055,A,0.451851851851852,0.651851851851852,0.34973544973545,0.483774250440917,0.55,0.66,0.08,0.58,5.40666666666667,0.009,0.035,0.1151523316692113,0.67,3.34752515999869,3.54348455765598,2.48,3.318,7.0,5.6,0.0054078196666666,tell,tell,False,False,16.0,4.94423584379348,,,,,,,,,,,,,,,,,,,,,,
occ_00233,general,general,list_word,T8,8,command,command,roediger2001_55::command,Roediger2001_55_15word_lists,"Roediger et al. (2001) 55-list DRM pool, augmented with uploaded 2024 supplementary workbook metrics",55 DRM list-Supplementary Material-08-16-24.xlsx; Roediger-et-al-2001b_PBR.pdf; RoedigerEtAl_2001.xlsx,3.76982025776359,,0.0,0.027,A,0.451851851851852,0.651851851851852,0.34973544973545,0.483774250440917,0.55,0.66,0.08,0.58,5.40666666666667,0.009,0.035,0.1151523316692113,0.67,3.34752515999869,3.54348455765598,2.48,3.318,7.0,5.6,0.0054078196666666,general,general,False,False,16.0,3.76982025776359,,,,,,,,,,,,,,,,,,,,,,
occ_00234,shout,shout,list_word,T9,9,command,command,roediger2001_55::command,Roediger2001_55_15word_lists,"Roediger et al. (2001) 55-list DRM pool, augmented with uploaded 2024 supplementary workbook metrics",55 DRM list-Supplementary Material-08-16-24.xlsx; Roediger-et-al-2001b_PBR.pdf; RoedigerEtAl_2001.xlsx,2.92427928606188,,0.0,0.0,A,0.451851851851852,0.651851851851852,0.34973544973545,0.483774250440917,0.55,0.66,0.08,0.58,5.40666666666667,0.009,0.035,0.1151523316692113,0.67,3.34752515999869,3.54348455765598,2.48,3.318,7.0,5.6,0.0054078196666666,shout,shout,False,False,16.0,2.92427928606188,,,,,,,,,,,,,,,,,,,,,,
occ_00235,halt,halt,list_word,T10,10,command,command,roediger2001_55::command,Roediger2001_55_15word_lists,"Roediger et al. (2001) 55-list DRM pool, augmented with uploaded 2024 supplementary workbook metrics",55 DRM list-Supplementary Material-08-16-24.xlsx; Roediger-et-al-2001b_PBR.pdf; RoedigerEtAl_2001.xlsx,2.76042248342321,,0.0,0.0,A,0.451851851851852,0.651851851851852,0.34973544973545,0.483774250440917,0.55,0.66,0.08,0.58,5.40666666666667,0.009,0.035,0.1151523316692113,0.67,3.34752515999869,3.54348455765598,2.48,3.318,7.0,5.6,0.0054078196666666,halt,halt,False,False,16.0,2.76042248342321,,,,,,,,,,,,,,,,,,,,,,
occ_00236,voice,voice,list_word,T11,11,command,command,roediger2001_55::command,Roediger2001_55_15word_lists,"Roediger et al. (2001) 55-list DRM pool, augmented with uploaded 2024 supplementary workbook metrics",55 DRM list-Supplementary Material-08-16-24.xlsx; Roediger-et-al-2001b_PBR.pdf; RoedigerEtAl_2001.xlsx,3.64295887940979,,0.0,0.0,A,0.451851851851852,0.651851851851852,0.34973544973545,0.483774250440917,0.55,0.66,0.08,0.58,5.40666666666667,0.009,0.035,0.1151523316692113,0.67,3.34752515999869,3.54348455765598,2.48,3.318,7.0,5.6,0.0054078196666666,voice,voice,False,False,16.0,3.64295887940979,,,,,,,,,,,,,,,,,,,,,,
occ_00237,soldier,soldier,list_word,T12,12,command,command,roediger2001_55::command,Roediger2001_55_15word_lists,"Roediger et al. (2001) 55-list DRM pool, augmented with uploaded 2024 supplementary workbook metrics",55 DRM list-Supplementary Material-08-16-24.xlsx; Roediger-et-al-2001b_PBR.pdf; RoedigerEtAl_2001.xlsx,3.29797924415936,,0.0,0.0,A,0.451851851851852,0.651851851851852,0.34973544973545,0.483774250440917,0.55,0.66,0.08,0.58,5.40666666666667,0.009,0.035,0.1151523316692113,0.67,3.34752515999869,3.54348455765598,2.48,3.318,7.0,5.6,0.0054078196666666,soldier,soldier,False,False,16.0,3.29797924415936,,,,,,,,,,,,,,,,,,,,,,
occ_00238,harsh,harsh,list_word,T13,13,command,command,roediger2001_55::command,Roediger2001_55_15word_lists,"Roediger et al. (2001) 55-list DRM pool, augmented with uploaded 2024 supplementary workbook metrics",55 DRM list-Supplementary Material-08-16-24.xlsx; Roediger-et-al-2001b_PBR.pdf; RoedigerEtAl_2001.xlsx,2.55990662503611,,0.0,0.0,A,0.451851851851852,0.651851851851852,0.34973544973545,0.483774250440917,0.55,0.66,0.08,0.58,5.40666666666667,0.009,0.035,0.1151523316692113,0.67,3.34752515999869,3.54348455765598,2.48,3.318,7.0,5.6,0.0054078196666666,harsh,harsh,False,False,16.0,2.55990662503611,,,,,,,,,,,,,,,,,,,,,,
occ_00239,attention,attention,list_word,T14,14,command,command,roediger2001_55::command,Roediger2001_55_15word_lists,"Roediger et al. (2001) 55-list DRM pool, augmented with uploaded 2024 supplementary workbook metrics",55 DRM list-Supplementary Material-08-16-24.xlsx; Roediger-et-al-2001b_PBR.pdf; RoedigerEtAl_2001.xlsx,3.70182693039714,,0.0,0.0,A,0.451851851851852,0.651851851851852,0.34973544973545,0.483774250440917,0.55,0.66,0.08,0.58,5.40666666666667,0.009,0.035,0.1151523316692113,0.67,3.34752515999869,3.54348455765598,2.48,3.318,7.0,5.6,0.0054078196666666,attention,attention,False,False,16.0,3.70182693039714,,,,,,,,,,,,,,,,,,,,,,
occ_00240,sharp,sharp,list_word,T15,15,command,command,roediger2001_55::command,Roediger2001_55_15word_lists,"Roediger et al. (2001) 55-list DRM pool, augmented with uploaded 2024 supplementary workbook metrics",55 DRM list-Supplementary Material-08-16-24.xlsx; Roediger-et-al-2001b_PBR.pdf; RoedigerEtAl_2001.xlsx,3.08421868673924,,0.0,0.0,A,0.451851851851852,0.651851851851852,0.34973544973545,0.483774250440917,0.55,0.66,0.08,0.58,5.40666666666667,0.009,0.035,0.1151523316692113,0.67,3.34752515999869,3.54348455765598,2.48,3.318,7.0,5.6,0.0054078196666666,sharp,sharp,False,False,16.0,3.08421868673924,,,,,,,,,,,,,,,,,,,,,,
occ_00241,cottage,cottage,critical_distractor,CD,0,cottage,cottage,roediger2001_55::cottage,Roediger2001_55_15word_lists,"Roediger et al. (2001) 55-list DRM pool, augmented with uploaded 2024 supplementary workbook metrics",55 DRM list-Supplementary Material-08-16-24.xlsx; Roediger-et-al-2001b_PBR.pdf; RoedigerEtAl_2001.xlsx,2.43296929087441,,,,A,0.42962962962963,0.666666666666667,0.329100529100529,0.483245149911817,0.38,0.77,0.08,0.66,4.32,0.003,0.053,0.1877024762518255,1.0,2.43296929087441,3.25869508383997,4.85,4.38307692307692,7.0,4.53,0.0006666666666666,,,,,,2.43296929087441,,,,,,,,,,,,,,,,,,,,,,
occ_00242,house,house,list_word,T1,1,cottage,cottage,roediger2001_55::cottage,Roediger2001_55_15word_lists,"Roediger et al. (2001) 55-list DRM pool, augmented with uploaded 2024 supplementary workbook metrics",55 DRM list-Supplementary Material-08-16-24.xlsx; Roediger-et-al-2001b_PBR.pdf; RoedigerEtAl_2001.xlsx,4.41854986204974,,0.0,0.381,A,0.42962962962963,0.666666666666667,0.329100529100529,0.483245149911817,0.38,0.77,0.08,0.66,4.32,0.003,0.053,0.1877024762518255,1.0,2.43296929087441,3.25869508383997,4.85,4.38307692307692,7.0,4.53,0.0006666666666666,house,house,False,False,16.0,4.41854986204974,,,,,,,,,,,,,,,,,,,,,,
occ_00243,lake,lake,list_word,T2,2,cottage,cottage,roediger2001_55::cottage,Roediger2001_55_15word_lists,"Roediger et al. (2001) 55-list DRM pool, augmented with uploaded 2024 supplementary workbook metrics",55 DRM list-Supplementary Material-08-16-24.xlsx; Roediger-et-al-2001b_PBR.pdf; RoedigerEtAl_2001.xlsx,3.26410915630581,,0.0,0.063,A,0.42962962962963,0.666666666666667,0.329100529100529,0.483245149911817,0.38,0.77,0.08,0.66,4.32,0.003,0.053,0.1877024762518255,1.0,2.43296929087441,3.25869508383997,4.85,4.38307692307692,7.0,4.53,0.0006666666666666,lake,lake,False,False,16.0,3.26410915630581,,,,,,,,,,,,,,,,,,,,,,
occ_00244,cheese,cheese,list_word,T3,3,cottage,cottage,roediger2001_55::cottage,Roediger2001_55_15word_lists,"Roediger et al. (2001) 55-list DRM pool, augmented with uploaded 2024 supplementary workbook metrics",55 DRM list-Supplementary Material-08-16-24.xlsx; Roediger-et-al-2001b_PBR.pdf; RoedigerEtAl_2001.xlsx,3.29928933408768,,0.0,0.206,A,0.42962962962963,0.666666666666667,0.329100529100529,0.483245149911817,0.38,0.77,0.08,0.66,4.32,0.003,0.053,0.1877024762518255,1.0,2.43296929087441,3.25869508383997,4.85,4.38307692307692,7.0,4.53,0.0006666666666666,cheese,cheese,False,False,16.0,3.29928933408768,,,,,,,,,,,,,,,,,,,,,,
occ_00245,home,home,list_word,T4,4,cottage,cottage,roediger2001_55::cottage,Roediger2001_55_15word_lists,"Roediger et al. (2001) 55-list DRM pool, augmented with uploaded 2024 supplementary workbook metrics",55 DRM list-Supplementary Material-08-16-24.xlsx; Roediger-et-al-2001b_PBR.pdf; RoedigerEtAl_2001.xlsx,4.596509128342,,0.0,0.04,A,0.42962962962963,0.666666666666667,0.329100529100529,0.483245149911817,0.38,0.77,0.08,0.66,4.32,0.003,0.053,0.1877024762518255,1.0,2.43296929087441,3.25869508383997,4.85,4.38307692307692,7.0,4.53,0.0006666666666666,home,home,False,False,16.0,4.596509128342,,,,,,,,,,,,,,,,,,,,,,
occ_00246,white,white,list_word,T5,5,cottage,cottage,roediger2001_55::cottage,Roediger2001_55_15word_lists,"Roediger et al. (2001) 55-list DRM pool, augmented with uploaded 2024 supplementary workbook metrics",55 DRM list-Supplementary Material-08-16-24.xlsx; Roediger-et-al-2001b_PBR.pdf; RoedigerEtAl_2001.xlsx,3.9417598138147,,0.0,0.0,A,0.42962962962963,0.666666666666667,0.329100529100529,0.483245149911817,0.38,0.77,0.08,0.66,4.32,0.003,0.053,0.1877024762518255,1.0,2.43296929087441,3.25869508383997,4.85,4.38307692307692,7.0,4.53,0.0006666666666666,white,white,False,False,16.0,3.9417598138147,,,,,,,,,,,,,,,,,,,,,,
occ_00247,cabin,cabin,list_word,T6,6,cottage,cottage,roediger2001_55::cottage,Roediger2001_55_15word_lists,"Roediger et al. (2001) 55-list DRM pool, augmented with uploaded 2024 supplementary workbook metrics",55 DRM list-Supplementary Material-08-16-24.xlsx; Roediger-et-al-2001b_PBR.pdf; RoedigerEtAl_2001.xlsx,3.00130093302042,,0.02,0.016,A,0.42962962962963,0.666666666666667,0.329100529100529,0.483245149911817,0.38,0.77,0.08,0.66,4.32,0.003,0.053,0.1877024762518255,1.0,2.43296929087441,3.25869508383997,4.85,4.38307692307692,7.0,4.53,0.0006666666666666,cabin,cabin,False,False,16.0,3.00130093302042,,,,,,,,,,,,,,,,,,,,,,
occ_00248,small,small,list_word,T7,7,cottage,cottage,roediger2001_55::cottage,Roediger2001_55_15word_lists,"Roediger et al. (2001) 55-list DRM pool, augmented with uploaded 2024 supplementary workbook metrics",55 DRM list-Supplementary Material-08-16-24.xlsx; Roediger-et-al-2001b_PBR.pdf; RoedigerEtAl_2001.xlsx,3.80441205913771,,0.0,0.016,A,0.42962962962963,0.666666666666667,0.329100529100529,0.483245149911817,0.38,0.77,0.08,0.66,4.32,0.003,0.053,0.1877024762518255,1.0,2.43296929087441,3.25869508383997,4.85,4.38307692307692,7.0,4.53,0.0006666666666666,small,small,False,False,16.0,3.80441205913771,,,,,,,,,,,,,,,,,,,,,,
occ_00249,door,door,list_word,T8,8,cottage,cottage,roediger2001_55::cottage,Roediger2001_55_15word_lists,"Roediger et al. (2001) 55-list DRM pool, augmented with uploaded 2024 supplementary workbook metrics",55 DRM list-Supplementary Material-08-16-24.xlsx; Roediger-et-al-2001b_PBR.pdf; RoedigerEtAl_2001.xlsx,4.17306966363727,,0.0,0.0,A,0.42962962962963,0.666666666666667,0.329100529100529,0.483245149911817,0.38,0.77,0.08,0.66,4.32,0.003,0.053,0.1877024762518255,1.0,2.43296929087441,3.25869508383997,4.85,4.38307692307692,7.0,4.53,0.0006666666666666,door,door,False,False,16.0,4.17306966363727,,,,,,,,,,,,,,,,,,,,,,
occ_00250,fence,fence,list_word,T9,9,cottage,cottage,roediger2001_55::cottage,Roediger2001_55_15word_lists,"Roediger et al. (2001) 55-list DRM pool, augmented with uploaded 2024 supplementary workbook metrics",55 DRM list-Supplementary Material-08-16-24.xlsx; Roediger-et-al-2001b_PBR.pdf; RoedigerEtAl_2001.xlsx,2.91381385238372,,0.0,0.0,A,0.42962962962963,0.666666666666667,0.329100529100529,0.483245149911817,0.38,0.77,0.08,0.66,4.32,0.003,0.053,0.1877024762518255,1.0,2.43296929087441,3.25869508383997,4.85,4.38307692307692,7.0,4.53,0.0006666666666666,fence,fence,False,False,16.0,2.91381385238372,,,,,,,,,,,,,,,,,,,,,,
occ_00251,vines,vines,list_word,T10,10,cottage,cottage,roediger2001_55::cottage,Roediger2001_55_15word_lists,"Roediger et al. (2001) 55-list DRM pool, augmented with uploaded 2024 supplementary workbook metrics",55 DRM list-Supplementary Material-08-16-24.xlsx; Roediger-et-al-2001b_PBR.pdf; RoedigerEtAl_2001.xlsx,1.90848501887865,,0.0,0.0,A,0.42962962962963,0.666666666666667,0.329100529100529,0.483245149911817,0.38,0.77,0.08,0.66,4.32,0.003,0.053,0.1877024762518255,1.0,2.43296929087441,3.25869508383997,4.85,4.38307692307692,7.0,4.53,0.0006666666666666,vines,vines,True,False,16.0,1.90848501887865,,,,,,,,,,,,,,,,,,,,,,
occ_00252,woods,woods,list_word,T11,11,cottage,cottage,roediger2001_55::cottage,Roediger2001_55_15word_lists,"Roediger et al. (2001) 55-list DRM pool, augmented with uploaded 2024 supplementary workbook metrics",55 DRM list-Supplementary Material-08-16-24.xlsx; Roediger-et-al-2001b_PBR.pdf; RoedigerEtAl_2001.xlsx,3.17114115102838,,0.0,0.04,A,0.42962962962963,0.666666666666667,0.329100529100529,0.483245149911817,0.38,0.77,0.08,0.66,4.32,0.003,0.053,0.1877024762518255,1.0,2.43296929087441,3.25869508383997,4.85,4.38307692307692,7.0,4.53,0.0006666666666666,woods,woods,False,False,16.0,3.17114115102838,,,,,,,,,,,,,,,,,,,,,,
occ_00253,ivy,ivy,list_word,T12,12,cottage,cottage,roediger2001_55::cottage,Roediger2001_55_15word_lists,"Roediger et al. (2001) 55-list DRM pool, augmented with uploaded 2024 supplementary workbook metrics",55 DRM list-Supplementary Material-08-16-24.xlsx; Roediger-et-al-2001b_PBR.pdf; RoedigerEtAl_2001.xlsx,2.2380461031288,,0.0,0.0,A,0.42962962962963,0.666666666666667,0.329100529100529,0.483245149911817,0.38,0.77,0.08,0.66,4.32,0.003,0.053,0.1877024762518255,1.0,2.43296929087441,3.25869508383997,4.85,4.38307692307692,7.0,4.53,0.0006666666666666,ivy,ivy,False,False,16.0,2.2380461031288,,,,,,,,,,,,,,,,,,,,,,
occ_00254,roses,roses,list_word,T13,13,cottage,cottage,roediger2001_55::cottage,Roediger2001_55_15word_lists,"Roediger et al. (2001) 55-list DRM pool, augmented with uploaded 2024 supplementary workbook metrics",55 DRM list-Supplementary Material-08-16-24.xlsx; Roediger-et-al-2001b_PBR.pdf; RoedigerEtAl_2001.xlsx,2.85973856619715,,0.0,0.0,A,0.42962962962963,0.666666666666667,0.329100529100529,0.483245149911817,0.38,0.77,0.08,0.66,4.32,0.003,0.053,0.1877024762518255,1.0,2.43296929087441,3.25869508383997,4.85,4.38307692307692,7.0,4.53,0.0006666666666666,roses,roses,False,False,16.0,2.85973856619715,,,,,,,,,,,,,,,,,,,,,,
occ_00255,cozy,cozy,list_word,T14,14,cottage,cottage,roediger2001_55::cottage,Roediger2001_55_15word_lists,"Roediger et al. (2001) 55-list DRM pool, augmented with uploaded 2024 supplementary workbook metrics",55 DRM list-Supplementary Material-08-16-24.xlsx; Roediger-et-al-2001b_PBR.pdf; RoedigerEtAl_2001.xlsx,2.46089784275655,,0.0,0.0,A,0.42962962962963,0.666666666666667,0.329100529100529,0.483245149911817,0.38,0.77,0.08,0.66,4.32,0.003,0.053,0.1877024762518255,1.0,2.43296929087441,3.25869508383997,4.85,4.38307692307692,7.0,4.53,0.0006666666666666,cozy,cozy,False,False,16.0,2.46089784275655,,,,,,,,,,,,,,,,,,,,,,
occ_00256,hut,hut,list_word,T15,15,cottage,cottage,roediger2001_55::cottage,Roediger2001_55_15word_lists,"Roediger et al. (2001) 55-list DRM pool, augmented with uploaded 2024 supplementary workbook metrics",55 DRM list-Supplementary Material-08-16-24.xlsx; Roediger-et-al-2001b_PBR.pdf; RoedigerEtAl_2001.xlsx,2.82930377283102,,0.03,0.032,A,0.42962962962963,0.666666666666667,0.329100529100529,0.483245149911817,0.38,0.77,0.08,0.66,4.32,0.003,0.053,0.1877024762518255,1.0,2.43296929087441,3.25869508383997,4.85,4.38307692307692,7.0,4.53,0.0006666666666666,hut,hut,False,False,16.0,2.82930377283102,,,,,,,,,,,,,,,,,,,,,,
occ_00257,cup,cup,critical_distractor,CD,0,cup,cup,roediger2001_55::cup,Roediger2001_55_15word_lists,"Roediger et al. (2001) 55-list DRM pool, augmented with uploaded 2024 supplementary workbook metrics",55 DRM list-Supplementary Material-08-16-24.xlsx; Roediger-et-al-2001b_PBR.pdf; RoedigerEtAl_2001.xlsx,3.42078061954857,,,,C,0.514492753623188,0.659420289855073,0.369162640901771,0.452898550724638,0.82,0.86,0.45,0.53,5.33333333333333,0.109,0.048,0.2180811298402606,1.53,3.42078061954857,2.73966140382885,5.0,4.62,3.0,5.2,0.0866393761999999,,,,,,3.42078061954857,,,,,,,,,,,,,,,,,,,,,,
occ_00258,mug,mug,list_word,T1,1,cup,cup,roediger2001_55::cup,Roediger2001_55_15word_lists,"Roediger et al. (2001) 55-list DRM pool, augmented with uploaded 2024 supplementary workbook metrics",55 DRM list-Supplementary Material-08-16-24.xlsx; Roediger-et-al-2001b_PBR.pdf; RoedigerEtAl_2001.xlsx,2.54406804435028,,0.268,0.025,C,0.514492753623188,0.659420289855073,0.369162640901771,0.452898550724638,0.82,0.86,0.45,0.53,5.33333333333333,0.109,0.048,0.2180811298402606,1.53,3.42078061954857,2.73966140382885,5.0,4.62,3.0,5.2,0.0866393761999999,mug,mug,False,False,17.0,2.54406804435028,,,,,,,,,,,,,,,,,,,,,,
occ_00259,saucer,saucer,list_word,T2,2,cup,cup,roediger2001_55::cup,Roediger2001_55_15word_lists,"Roediger et al. (2001) 55-list DRM pool, augmented with uploaded 2024 supplementary workbook metrics",55 DRM list-Supplementary Material-08-16-24.xlsx; Roediger-et-al-2001b_PBR.pdf; RoedigerEtAl_2001.xlsx,2.14921911265538,,0.527,0.418,C,0.514492753623188,0.659420289855073,0.369162640901771,0.452898550724638,0.82,0.86,0.45,0.53,5.33333333333333,0.109,0.048,0.2180811298402606,1.53,3.42078061954857,2.73966140382885,5.0,4.62,3.0,5.2,0.0866393761999999,saucer,saucer,False,False,17.0,2.14921911265538,,,,,,,,,,,,,,,,,,,,,,
occ_00260,tea,tea,list_word,T3,3,cup,cup,roediger2001_55::cup,Roediger2001_55_15word_lists,"Roediger et al. (2001) 55-list DRM pool, augmented with uploaded 2024 supplementary workbook metrics",55 DRM list-Supplementary Material-08-16-24.xlsx; Roediger-et-al-2001b_PBR.pdf; RoedigerEtAl_2001.xlsx,3.47581641303132,,0.054,0.056,C,0.514492753623188,0.659420289855073,0.369162640901771,0.452898550724638,0.82,0.86,0.45,0.53,5.33333333333333,0.109,0.048,0.2180811298402606,1.53,3.42078061954857,2.73966140382885,5.0,4.62,3.0,5.2,0.0866393761999999,tea,tea,False,False,17.0,3.47581641303132,,,,,,,,,,,,,,,,,,,,,,
occ_00261,measuring,measuring,list_word,T4,4,cup,cup,roediger2001_55::cup,Roediger2001_55_15word_lists,"Roediger et al. (2001) 55-list DRM pool, augmented with uploaded 2024 supplementary workbook metrics",55 DRM list-Supplementary Material-08-16-24.xlsx; Roediger-et-al-2001b_PBR.pdf; RoedigerEtAl_2001.xlsx,2.10380372095596,,0.385,0.0,C,0.514492753623188,0.659420289855073,0.369162640901771,0.452898550724638,0.82,0.86,0.45,0.53,5.33333333333333,0.109,0.048,0.2180811298402606,1.53,3.42078061954857,2.73966140382885,5.0,4.62,3.0,5.2,0.0866393761999999,measuring,measuring,True,False,17.0,2.10380372095596,,,,,,,,,,,,,,,,,,,,,,
occ_00262,coaster,coaster,list_word,T5,5,cup,cup,roediger2001_55::cup,Roediger2001_55_15word_lists,"Roediger et al. (2001) 55-list DRM pool, augmented with uploaded 2024 supplementary workbook metrics",55 DRM list-Supplementary Material-08-16-24.xlsx; Roediger-et-al-2001b_PBR.pdf; RoedigerEtAl_2001.xlsx,2.20411998265592,,0.096,0.0,C,0.514492753623188,0.659420289855073,0.369162640901771,0.452898550724638,0.82,0.86,0.45,0.53,5.33333333333333,0.109,0.048,0.2180811298402606,1.53,3.42078061954857,2.73966140382885,5.0,4.62,3.0,5.2,0.0866393761999999,coaster,coaster,True,False,17.0,2.20411998265592,,,,,,,,,,,,,,,,,,,,,,
occ_00263,lid,lid,list_word,T6,6,cup,cup,roediger2001_55::cup,Roediger2001_55_15word_lists,"Roediger et al. (2001) 55-list DRM pool, augmented with uploaded 2024 supplementary workbook metrics",55 DRM list-Supplementary Material-08-16-24.xlsx; Roediger-et-al-2001b_PBR.pdf; RoedigerEtAl_2001.xlsx,2.40140054078154,,0.0,0.0,C,0.514492753623188,0.659420289855073,0.369162640901771,0.452898550724638,0.82,0.86,0.45,0.53,5.33333333333333,0.109,0.048,0.2180811298402606,1.53,3.42078061954857,2.73966140382885,5.0,4.62,3.0,5.2,0.0866393761999999,lid,lid,False,False,17.0,2.40140054078154,,,,,,,,,,,,,,,,,,,,,,
occ_00264,handle,handle,list_word,T7,7,cup,cup,roediger2001_55::cup,Roediger2001_55_15word_lists,"Roediger et al. (2001) 55-list DRM pool, augmented with uploaded 2024 supplementary workbook metrics",55 DRM list-Supplementary Material-08-16-24.xlsx; Roediger-et-al-2001b_PBR.pdf; RoedigerEtAl_2001.xlsx,3.7427251313047,,0.014,0.0,C,0.514492753623188,0.659420289855073,0.369162640901771,0.452898550724638,0.82,0.86,0.45,0.53,5.33333333333333,0.109,0.048,0.2180811298402606,1.53,3.42078061954857,2.73966140382885,5.0,4.62,3.0,5.2,0.0866393761999999,handle,handle,False,False,17.0,3.7427251313047,,,,,,,,,,,,,,,,,,,,,,
occ_00265,coffee,coffee,list_word,T8,8,cup,cup,roediger2001_55::cup,Roediger2001_55_15word_lists,"Roediger et al. (2001) 55-list DRM pool, augmented with uploaded 2024 supplementary workbook metrics",55 DRM list-Supplementary Material-08-16-24.xlsx; Roediger-et-al-2001b_PBR.pdf; RoedigerEtAl_2001.xlsx,3.86758532654704,,0.051,0.105,C,0.514492753623188,0.659420289855073,0.369162640901771,0.452898550724638,0.82,0.86,0.45,0.53,5.33333333333333,0.109,0.048,0.2180811298402606,1.53,3.42078061954857,2.73966140382885,5.0,4.62,3.0,5.2,0.0866393761999999,coffee,coffee,False,False,17.0,3.86758532654704,,,,,,,,,,,,,,,,,,,,,,
occ_00266,straw,straw,list_word,T9,9,cup,cup,roediger2001_55::cup,Roediger2001_55_15word_lists,"Roediger et al. (2001) 55-list DRM pool, augmented with uploaded 2024 supplementary workbook metrics",55 DRM list-Supplementary Material-08-16-24.xlsx; Roediger-et-al-2001b_PBR.pdf; RoedigerEtAl_2001.xlsx,2.50379068305718,,0.029,0.0,C,0.514492753623188,0.659420289855073,0.369162640901771,0.452898550724638,0.82,0.86,0.45,0.53,5.33333333333333,0.109,0.048,0.2180811298402606,1.53,3.42078061954857,2.73966140382885,5.0,4.62,3.0,5.2,0.0866393761999999,straw,straw,False,False,17.0,2.50379068305718,,,,,,,,,,,,,,,,,,,,,,
occ_00267,goblet,goblet,list_word,T10,10,cup,cup,roediger2001_55::cup,Roediger2001_55_15word_lists,"Roediger et al. (2001) 55-list DRM pool, augmented with uploaded 2024 supplementary workbook metrics",55 DRM list-Supplementary Material-08-16-24.xlsx; Roediger-et-al-2001b_PBR.pdf; RoedigerEtAl_2001.xlsx,1.30102999566398,,0.118,0.0,C,0.514492753623188,0.659420289855073,0.369162640901771,0.452898550724638,0.82,0.86,0.45,0.53,5.33333333333333,0.109,0.048,0.2180811298402606,1.53,3.42078061954857,2.73966140382885,5.0,4.62,3.0,5.2,0.0866393761999999,goblet,goblet,True,False,17.0,1.30102999566398,,,,,,,,,,,,,,,,,,,,,,
occ_00268,soup,soup,list_word,T11,11,cup,cup,roediger2001_55::cup,Roediger2001_55_15word_lists,"Roediger et al. (2001) 55-list DRM pool, augmented with uploaded 2024 supplementary workbook metrics",55 DRM list-Supplementary Material-08-16-24.xlsx; Roediger-et-al-2001b_PBR.pdf; RoedigerEtAl_2001.xlsx,3.1092409685882,,0.0,0.062,C,0.514492753623188,0.659420289855073,0.369162640901771,0.452898550724638,0.82,0.86,0.45,0.53,5.33333333333333,0.109,0.048,0.2180811298402606,1.53,3.42078061954857,2.73966140382885,5.0,4.62,3.0,5.2,0.0866393761999999,soup,soup,False,False,17.0,3.1092409685882,,,,,,,,,,,,,,,,,,,,,,
occ_00269,stein,stein,list_word,T12,12,cup,cup,roediger2001_55::cup,Roediger2001_55_15word_lists,"Roediger et al. (2001) 55-list DRM pool, augmented with uploaded 2024 supplementary workbook metrics",55 DRM list-Supplementary Material-08-16-24.xlsx; Roediger-et-al-2001b_PBR.pdf; RoedigerEtAl_2001.xlsx,2.19312459835446,,0.014,0.0,C,0.514492753623188,0.659420289855073,0.369162640901771,0.452898550724638,0.82,0.86,0.45,0.53,5.33333333333333,0.109,0.048,0.2180811298402606,1.53,3.42078061954857,2.73966140382885,5.0,4.62,3.0,5.2,0.0866393761999999,stein,stein,True,False,17.0,2.19312459835446,,,,,,,,,,,,,,,,,,,,,,
occ_00270,drink,drink,list_word,T13,13,cup,cup,roediger2001_55::cup,Roediger2001_55_15word_lists,"Roediger et al. (2001) 55-list DRM pool, augmented with uploaded 2024 supplementary workbook metrics",55 DRM list-Supplementary Material-08-16-24.xlsx; Roediger-et-al-2001b_PBR.pdf; RoedigerEtAl_2001.xlsx,4.10099052306996,,0.011,0.049,C,0.514492753623188,0.659420289855073,0.369162640901771,0.452898550724638,0.82,0.86,0.45,0.53,5.33333333333333,0.109,0.048,0.2180811298402606,1.53,3.42078061954857,2.73966140382885,5.0,4.62,3.0,5.2,0.0866393761999999,drink,drink,False,False,17.0,4.10099052306996,,,,,,,,,,,,,,,,,,,,,,
occ_00271,plastic,plastic,list_word,T14,14,cup,cup,roediger2001_55::cup,Roediger2001_55_15word_lists,"Roediger et al. (2001) 55-list DRM pool, augmented with uploaded 2024 supplementary workbook metrics",55 DRM list-Supplementary Material-08-16-24.xlsx; Roediger-et-al-2001b_PBR.pdf; RoedigerEtAl_2001.xlsx,2.98136550907854,,0.075,0.0,C,0.514492753623188,0.659420289855073,0.369162640901771,0.452898550724638,0.82,0.86,0.45,0.53,5.33333333333333,0.109,0.048,0.2180811298402606,1.53,3.42078061954857,2.73966140382885,5.0,4.62,3.0,5.2,0.0866393761999999,plastic,plastic,False,False,17.0,2.98136550907854,,,,,,,,,,,,,,,,,,,,,,
occ_00272,sip,sip,list_word,T15,15,cup,cup,roediger2001_55::cup,Roediger2001_55_15word_lists,"Roediger et al. (2001) 55-list DRM pool, augmented with uploaded 2024 supplementary workbook metrics",55 DRM list-Supplementary Material-08-16-24.xlsx; Roediger-et-al-2001b_PBR.pdf; RoedigerEtAl_2001.xlsx,2.41664050733828,,0.0,0.0,C,0.514492753623188,0.659420289855073,0.369162640901771,0.452898550724638,0.82,0.86,0.45,0.53,5.33333333333333,0.109,0.048,0.2180811298402606,1.53,3.42078061954857,2.73966140382885,5.0,4.62,3.0,5.2,0.0866393761999999,sip,sip,False,False,17.0,2.41664050733828,,,,,,,,,,,,,,,,,,,,,,
occ_00273,doctor,doctor,critical_distractor,CD,0,doctor,doctor,roediger2001_55::doctor,Roediger2001_55_15word_lists,"Roediger et al. (2001) 55-list DRM pool, augmented with uploaded 2024 supplementary workbook metrics",55 DRM list-Supplementary Material-08-16-24.xlsx; Roediger-et-al-2001b_PBR.pdf; RoedigerEtAl_2001.xlsx,4.12910958622073,,,,A,0.62962962962963,0.780246913580247,0.495767195767196,0.589594356261023,0.71,0.78,0.6,0.57,6.06666666666667,0.245,0.053,0.2783370879621603,2.6,4.12910958622073,3.17102339164216,4.69,4.00266666666667,6.0,6.47,0.2261601044666666,,,,,,4.12910958622073,,,,,,,,,,,,,,,,,,,,,,
occ_00274,nurse,nurse,list_word,T1,1,doctor,doctor,roediger2001_55::doctor,Roediger2001_55_15word_lists,"Roediger et al. (2001) 55-list DRM pool, augmented with uploaded 2024 supplementary workbook metrics",55 DRM list-Supplementary Material-08-16-24.xlsx; Roediger-et-al-2001b_PBR.pdf; RoedigerEtAl_2001.xlsx,3.36078268987328,,0.547,0.379,A,0.62962962962963,0.780246913580247,0.495767195767196,0.589594356261023,0.71,0.78,0.6,0.57,6.06666666666667,0.245,0.053,0.2783370879621603,2.6,4.12910958622073,3.17102339164216,4.69,4.00266666666667,6.0,6.47,0.2261601044666666,nurse,nurse,False,False,17.0,3.36078268987328,,,,,,,,,,,,,,,,,,,,,,
occ_00275,sick,sick,list_word,T2,2,doctor,doctor,roediger2001_55::doctor,Roediger2001_55_15word_lists,"Roediger et al. (2001) 55-list DRM pool, augmented with uploaded 2024 supplementary workbook metrics",55 DRM list-Supplementary Material-08-16-24.xlsx; Roediger-et-al-2001b_PBR.pdf; RoedigerEtAl_2001.xlsx,3.92623952104586,,0.031,0.051,A,0.62962962962963,0.780246913580247,0.495767195767196,0.589594356261023,0.71,0.78,0.6,0.57,6.06666666666667,0.245,0.053,0.2783370879621603,2.6,4.12910958622073,3.17102339164216,4.69,4.00266666666667,6.0,6.47,0.2261601044666666,sick,sick,False,False,17.0,3.92623952104586,,,,,,,,,,,,,,,,,,,,,,
occ_00276,lawyer,lawyer,list_word,T3,3,doctor,doctor,roediger2001_55::doctor,Roediger2001_55_15word_lists,"Roediger et al. (2001) 55-list DRM pool, augmented with uploaded 2024 supplementary workbook metrics",55 DRM list-Supplementary Material-08-16-24.xlsx; Roediger-et-al-2001b_PBR.pdf; RoedigerEtAl_2001.xlsx,3.60809794632528,,0.149,0.101,A,0.62962962962963,0.780246913580247,0.495767195767196,0.589594356261023,0.71,0.78,0.6,0.57,6.06666666666667,0.245,0.053,0.2783370879621603,2.6,4.12910958622073,3.17102339164216,4.69,4.00266666666667,6.0,6.47,0.2261601044666666,lawyer,lawyer,False,False,17.0,3.60809794632528,,,,,,,,,,,,,,,,,,,,,,
occ_00277,medicine,medicine,list_word,T4,4,doctor,doctor,roediger2001_55::doctor,Roediger2001_55_15word_lists,"Roediger et al. (2001) 55-list DRM pool, augmented with uploaded 2024 supplementary workbook metrics",55 DRM list-Supplementary Material-08-16-24.xlsx; Roediger-et-al-2001b_PBR.pdf; RoedigerEtAl_2001.xlsx,3.2417954312952,,0.152,0.066,A,0.62962962962963,0.780246913580247,0.495767195767196,0.589594356261023,0.71,0.78,0.6,0.57,6.06666666666667,0.245,0.053,0.2783370879621603,2.6,4.12910958622073,3.17102339164216,4.69,4.00266666666667,6.0,6.47,0.2261601044666666,medicine,medicine,False,False,17.0,3.2417954312952,,,,,,,,,,,,,,,,,,,,,,
occ_00278,health,health,list_word,T5,5,doctor,doctor,roediger2001_55::doctor,Roediger2001_55_15word_lists,"Roediger et al. (2001) 55-list DRM pool, augmented with uploaded 2024 supplementary workbook metrics",55 DRM list-Supplementary Material-08-16-24.xlsx; Roediger-et-al-2001b_PBR.pdf; RoedigerEtAl_2001.xlsx,3.31281182621209,,0.049,0.02,A,0.62962962962963,0.780246913580247,0.495767195767196,0.589594356261023,0.71,0.78,0.6,0.57,6.06666666666667,0.245,0.053,0.2783370879621603,2.6,4.12910958622073,3.17102339164216,4.69,4.00266666666667,6.0,6.47,0.2261601044666666,health,health,False,False,17.0,3.31281182621209,,,,,,,,,,,,,,,,,,,,,,
occ_00279,hospital,hospital,list_word,T6,6,doctor,doctor,roediger2001_55::doctor,Roediger2001_55_15word_lists,"Roediger et al. (2001) 55-list DRM pool, augmented with uploaded 2024 supplementary workbook metrics",55 DRM list-Supplementary Material-08-16-24.xlsx; Roediger-et-al-2001b_PBR.pdf; RoedigerEtAl_2001.xlsx,3.80174661921946,,0.027,0.015,A,0.62962962962963,0.780246913580247,0.495767195767196,0.589594356261023,0.71,0.78,0.6,0.57,6.06666666666667,0.245,0.053,0.2783370879621603,2.6,4.12910958622073,3.17102339164216,4.69,4.00266666666667,6.0,6.47,0.2261601044666666,hospital,hospital,False,False,17.0,3.80174661921946,,,,,,,,,,,,,,,,,,,,,,
occ_00280,dentist,dentist,list_word,T7,7,doctor,doctor,roediger2001_55::doctor,Roediger2001_55_15word_lists,"Roediger et al. (2001) 55-list DRM pool, augmented with uploaded 2024 supplementary workbook metrics",55 DRM list-Supplementary Material-08-16-24.xlsx; Roediger-et-al-2001b_PBR.pdf; RoedigerEtAl_2001.xlsx,2.75739602879302,,0.214,0.02,A,0.62962962962963,0.780246913580247,0.495767195767196,0.589594356261023,0.71,0.78,0.6,0.57,6.06666666666667,0.245,0.053,0.2783370879621603,2.6,4.12910958622073,3.17102339164216,4.69,4.00266666666667,6.0,6.47,0.2261601044666666,dentist,dentist,False,False,17.0,2.75739602879302,,,,,,,,,,,,,,,,,,,,,,
occ_00281,physician,physician,list_word,T8,8,doctor,doctor,roediger2001_55::doctor,Roediger2001_55_15word_lists,"Roediger et al. (2001) 55-list DRM pool, augmented with uploaded 2024 supplementary workbook metrics",55 DRM list-Supplementary Material-08-16-24.xlsx; Roediger-et-al-2001b_PBR.pdf; RoedigerEtAl_2001.xlsx,2.49692964807321,,0.804,0.04,A,0.62962962962963,0.780246913580247,0.495767195767196,0.589594356261023,0.71,0.78,0.6,0.57,6.06666666666667,0.245,0.053,0.2783370879621603,2.6,4.12910958622073,3.17102339164216,4.69,4.00266666666667,6.0,6.47,0.2261601044666666,physician,physician,False,False,17.0,2.49692964807321,,,,,,,,,,,,,,,,,,,,,,
occ_00282,ill,ill,list_word,T9,9,doctor,doctor,roediger2001_55::doctor,Roediger2001_55_15word_lists,"Roediger et al. (2001) 55-list DRM pool, augmented with uploaded 2024 supplementary workbook metrics",55 DRM list-Supplementary Material-08-16-24.xlsx; Roediger-et-al-2001b_PBR.pdf; RoedigerEtAl_2001.xlsx,3.03582982525283,,0.0,0.025,A,0.62962962962963,0.780246913580247,0.495767195767196,0.589594356261023,0.71,0.78,0.6,0.57,6.06666666666667,0.245,0.053,0.2783370879621603,2.6,4.12910958622073,3.17102339164216,4.69,4.00266666666667,6.0,6.47,0.2261601044666666,ill,ill,False,False,17.0,3.03582982525283,,,,,,,,,,,,,,,,,,,,,,
occ_00283,patient,patient,list_word,T10,10,doctor,doctor,roediger2001_55::doctor,Roediger2001_55_15word_lists,"Roediger et al. (2001) 55-list DRM pool, augmented with uploaded 2024 supplementary workbook metrics",55 DRM list-Supplementary Material-08-16-24.xlsx; Roediger-et-al-2001b_PBR.pdf; RoedigerEtAl_2001.xlsx,3.511482288626,,0.365,0.025,A,0.62962962962963,0.780246913580247,0.495767195767196,0.589594356261023,0.71,0.78,0.6,0.57,6.06666666666667,0.245,0.053,0.2783370879621603,2.6,4.12910958622073,3.17102339164216,4.69,4.00266666666667,6.0,6.47,0.2261601044666666,patient,patient,False,False,17.0,3.511482288626,,,,,,,,,,,,,,,,,,,,,,
occ_00284,office,office,list_word,T11,11,doctor,doctor,roediger2001_55::doctor,Roediger2001_55_15word_lists,"Roediger et al. (2001) 55-list DRM pool, augmented with uploaded 2024 supplementary workbook metrics",55 DRM list-Supplementary Material-08-16-24.xlsx; Roediger-et-al-2001b_PBR.pdf; RoedigerEtAl_2001.xlsx,4.01703333929878,,0.014,0.01,A,0.62962962962963,0.780246913580247,0.495767195767196,0.589594356261023,0.71,0.78,0.6,0.57,6.06666666666667,0.245,0.053,0.2783370879621603,2.6,4.12910958622073,3.17102339164216,4.69,4.00266666666667,6.0,6.47,0.2261601044666666,office,office,False,False,17.0,4.01703333929878,,,,,,,,,,,,,,,,,,,,,,
occ_00285,stethoscope,stethoscope,list_word,T12,12,doctor,doctor,roediger2001_55::doctor,Roediger2001_55_15word_lists,"Roediger et al. (2001) 55-list DRM pool, augmented with uploaded 2024 supplementary workbook metrics",55 DRM list-Supplementary Material-08-16-24.xlsx; Roediger-et-al-2001b_PBR.pdf; RoedigerEtAl_2001.xlsx,1.69019608002851,,0.52,0.0,A,0.62962962962963,0.780246913580247,0.495767195767196,0.589594356261023,0.71,0.78,0.6,0.57,6.06666666666667,0.245,0.053,0.2783370879621603,2.6,4.12910958622073,3.17102339164216,4.69,4.00266666666667,6.0,6.47,0.2261601044666666,stethoscope,stethoscope,False,False,17.0,1.69019608002851,,,,,,,,,,,,,,,,,,,,,,
occ_00286,surgeon,surgeon,list_word,T13,13,doctor,doctor,roediger2001_55::doctor,Roediger2001_55_15word_lists,"Roediger et al. (2001) 55-list DRM pool, augmented with uploaded 2024 supplementary workbook metrics",55 DRM list-Supplementary Material-08-16-24.xlsx; Roediger-et-al-2001b_PBR.pdf; RoedigerEtAl_2001.xlsx,2.9237619608287,,0.479,0.04,A,0.62962962962963,0.780246913580247,0.495767195767196,0.589594356261023,0.71,0.78,0.6,0.57,6.06666666666667,0.245,0.053,0.2783370879621603,2.6,4.12910958622073,3.17102339164216,4.69,4.00266666666667,6.0,6.47,0.2261601044666666,surgeon,surgeon,False,False,17.0,2.9237619608287,,,,,,,,,,,,,,,,,,,,,,
occ_00287,clinic,clinic,list_word,T14,14,doctor,doctor,roediger2001_55::doctor,Roediger2001_55_15word_lists,"Roediger et al. (2001) 55-list DRM pool, augmented with uploaded 2024 supplementary workbook metrics",55 DRM list-Supplementary Material-08-16-24.xlsx; Roediger-et-al-2001b_PBR.pdf; RoedigerEtAl_2001.xlsx,2.85430604180108,,0.3,0.0,A,0.62962962962963,0.780246913580247,0.495767195767196,0.589594356261023,0.71,0.78,0.6,0.57,6.06666666666667,0.245,0.053,0.2783370879621603,2.6,4.12910958622073,3.17102339164216,4.69,4.00266666666667,6.0,6.47,0.2261601044666666,clinic,clinic,False,False,17.0,2.85430604180108,,,,,,,,,,,,,,,,,,,,,,
occ_00288,cure,cure,list_word,T15,15,doctor,doctor,roediger2001_55::doctor,Roediger2001_55_15word_lists,"Roediger et al. (2001) 55-list DRM pool, augmented with uploaded 2024 supplementary workbook metrics",55 DRM list-Supplementary Material-08-16-24.xlsx; Roediger-et-al-2001b_PBR.pdf; RoedigerEtAl_2001.xlsx,3.02694162795903,,0.028,0.01,A,0.62962962962963,0.780246913580247,0.495767195767196,0.589594356261023,0.71,0.78,0.6,0.57,6.06666666666667,0.245,0.053,0.2783370879621603,2.6,4.12910958622073,3.17102339164216,4.69,4.00266666666667,6.0,6.47,0.2261601044666666,cure,cure,False,False,17.0,3.02694162795903,,,,,,,,,,,,,,,,,,,,,,
occ_00289,flag,flag,critical_distractor,CD,0,flag,flag,roediger2001_55::flag,Roediger2001_55_15word_lists,"Roediger et al. (2001) 55-list DRM pool, augmented with uploaded 2024 supplementary workbook metrics",55 DRM list-Supplementary Material-08-16-24.xlsx; Roediger-et-al-2001b_PBR.pdf; RoedigerEtAl_2001.xlsx,2.95085145888855,,,,C,0.710144927536232,0.678743961352657,0.537037037037037,0.474235104669887,0.6,0.74,0.31,0.63,5.83333333333333,0.109,0.043,0.1203596264511835,1.0,2.95085145888855,2.72381242131836,4.79,3.77166666666667,4.0,6.2,0.043411581,,,,,,2.95085145888855,,,,,,,,,,,,,,,,,,,,,,
occ_00290,banner,banner,list_word,T1,1,flag,flag,roediger2001_55::flag,Roediger2001_55_15word_lists,"Roediger et al. (2001) 55-list DRM pool, augmented with uploaded 2024 supplementary workbook metrics",55 DRM list-Supplementary Material-08-16-24.xlsx; Roediger-et-al-2001b_PBR.pdf; RoedigerEtAl_2001.xlsx,2.4814426285023,,0.687,0.0,C,0.710144927536232,0.678743961352657,0.537037037037037,0.474235104669887,0.6,0.74,0.31,0.63,5.83333333333333,0.109,0.043,0.1203596264511835,1.0,2.95085145888855,2.72381242131836,4.79,3.77166666666667,4.0,6.2,0.043411581,banner,banner,False,False,17.0,2.4814426285023,,,,,,,,,,,,,,,,,,,,,,
occ_00291,american,american,list_word,T2,2,flag,flag,roediger2001_55::flag,Roediger2001_55_15word_lists,"Roediger et al. (2001) 55-list DRM pool, augmented with uploaded 2024 supplementary workbook metrics",55 DRM list-Supplementary Material-08-16-24.xlsx; Roediger-et-al-2001b_PBR.pdf; RoedigerEtAl_2001.xlsx,3.71717102683231,,0.2,0.269,C,0.710144927536232,0.678743961352657,0.537037037037037,0.474235104669887,0.6,0.74,0.31,0.63,5.83333333333333,0.109,0.043,0.1203596264511835,1.0,2.95085145888855,2.72381242131836,4.79,3.77166666666667,4.0,6.2,0.043411581,American,american,False,False,17.0,3.71717102683231,,,,,,,,,,,,,,,,,,,,,,
occ_00292,symbol,symbol,list_word,T3,3,flag,flag,roediger2001_55::flag,Roediger2001_55_15word_lists,"Roediger et al. (2001) 55-list DRM pool, augmented with uploaded 2024 supplementary workbook metrics",55 DRM list-Supplementary Material-08-16-24.xlsx; Roediger-et-al-2001b_PBR.pdf; RoedigerEtAl_2001.xlsx,2.64246452024212,,0.014,0.021,C,0.710144927536232,0.678743961352657,0.537037037037037,0.474235104669887,0.6,0.74,0.31,0.63,5.83333333333333,0.109,0.043,0.1203596264511835,1.0,2.95085145888855,2.72381242131836,4.79,3.77166666666667,4.0,6.2,0.043411581,symbol,symbol,False,False,17.0,2.64246452024212,,,,,,,,,,,,,,,,,,,,,,
occ_00293,stars,stars,list_word,T4,4,flag,flag,roediger2001_55::flag,Roediger2001_55_15word_lists,"Roediger et al. (2001) 55-list DRM pool, augmented with uploaded 2024 supplementary workbook metrics",55 DRM list-Supplementary Material-08-16-24.xlsx; Roediger-et-al-2001b_PBR.pdf; RoedigerEtAl_2001.xlsx,3.37180645850742,,0.0,0.048,C,0.710144927536232,0.678743961352657,0.537037037037037,0.474235104669887,0.6,0.74,0.31,0.63,5.83333333333333,0.109,0.043,0.1203596264511835,1.0,2.95085145888855,2.72381242131836,4.79,3.77166666666667,4.0,6.2,0.043411581,stars,stars,False,False,17.0,3.37180645850742,,,,,,,,,,,,,,,,,,,,,,
occ_00294,anthem,anthem,list_word,T5,5,flag,flag,roediger2001_55::flag,Roediger2001_55_15word_lists,"Roediger et al. (2001) 55-list DRM pool, augmented with uploaded 2024 supplementary workbook metrics",55 DRM list-Supplementary Material-08-16-24.xlsx; Roediger-et-al-2001b_PBR.pdf; RoedigerEtAl_2001.xlsx,1.98677173426624,,0.062,0.0,C,0.710144927536232,0.678743961352657,0.537037037037037,0.474235104669887,0.6,0.74,0.31,0.63,5.83333333333333,0.109,0.043,0.1203596264511835,1.0,2.95085145888855,2.72381242131836,4.79,3.77166666666667,4.0,6.2,0.043411581,anthem,anthem,True,False,17.0,1.98677173426624,,,,,,,,,,,,,,,,,,,,,,
occ_00295,stripes,stripes,list_word,T6,6,flag,flag,roediger2001_55::flag,Roediger2001_55_15word_lists,"Roediger et al. (2001) 55-list DRM pool, augmented with uploaded 2024 supplementary workbook metrics",55 DRM list-Supplementary Material-08-16-24.xlsx; Roediger-et-al-2001b_PBR.pdf; RoedigerEtAl_2001.xlsx,2.5092025223311,,0.177,0.014,C,0.710144927536232,0.678743961352657,0.537037037037037,0.474235104669887,0.6,0.74,0.31,0.63,5.83333333333333,0.109,0.043,0.1203596264511835,1.0,2.95085145888855,2.72381242131836,4.79,3.77166666666667,4.0,6.2,0.043411581,stripes,stripes,False,False,17.0,2.5092025223311,,,,,,,,,,,,,,,,,,,,,,
occ_00296,pole,pole,list_word,T7,7,flag,flag,roediger2001_55::flag,Roediger2001_55_15word_lists,"Roediger et al. (2001) 55-list DRM pool, augmented with uploaded 2024 supplementary workbook metrics",55 DRM list-Supplementary Material-08-16-24.xlsx; Roediger-et-al-2001b_PBR.pdf; RoedigerEtAl_2001.xlsx,2.80821097292422,,0.157,0.193,C,0.710144927536232,0.678743961352657,0.537037037037037,0.474235104669887,0.6,0.74,0.31,0.63,5.83333333333333,0.109,0.043,0.1203596264511835,1.0,2.95085145888855,2.72381242131836,4.79,3.77166666666667,4.0,6.2,0.043411581,pole,pole,False,False,17.0,2.80821097292422,,,,,,,,,,,,,,,,,,,,,,
occ_00297,wave,wave,list_word,T8,8,flag,flag,roediger2001_55::flag,Roediger2001_55_15word_lists,"Roediger et al. (2001) 55-list DRM pool, augmented with uploaded 2024 supplementary workbook metrics",55 DRM list-Supplementary Material-08-16-24.xlsx; Roediger-et-al-2001b_PBR.pdf; RoedigerEtAl_2001.xlsx,3.03542973818455,,0.0,0.103,C,0.710144927536232,0.678743961352657,0.537037037037037,0.474235104669887,0.6,0.74,0.31,0.63,5.83333333333333,0.109,0.043,0.1203596264511835,1.0,2.95085145888855,2.72381242131836,4.79,3.77166666666667,4.0,6.2,0.043411581,wave,wave,False,False,17.0,3.03542973818455,,,,,,,,,,,,,,,,,,,,,,
occ_00298,raised,raised,list_word,T9,9,flag,flag,roediger2001_55::flag,Roediger2001_55_15word_lists,"Roediger et al. (2001) 55-list DRM pool, augmented with uploaded 2024 supplementary workbook metrics",55 DRM list-Supplementary Material-08-16-24.xlsx; Roediger-et-al-2001b_PBR.pdf; RoedigerEtAl_2001.xlsx,3.11826472608948,,0.0,0.0,C,0.710144927536232,0.678743961352657,0.537037037037037,0.474235104669887,0.6,0.74,0.31,0.63,5.83333333333333,0.109,0.043,0.1203596264511835,1.0,2.95085145888855,2.72381242131836,4.79,3.77166666666667,4.0,6.2,0.043411581,raised,raised,True,False,17.0,3.11826472608948,,,,,,,,,,,,,,,,,,,,,,
occ_00299,national,national,list_word,T10,10,flag,flag,roediger2001_55::flag,Roediger2001_55_15word_lists,"Roediger et al. (2001) 55-list DRM pool, augmented with uploaded 2024 supplementary workbook metrics",55 DRM list-Supplementary Material-08-16-24.xlsx; Roediger-et-al-2001b_PBR.pdf; RoedigerEtAl_2001.xlsx,3.28936595152003,,0.027,0.0,C,0.710144927536232,0.678743961352657,0.537037037037037,0.474235104669887,0.6,0.74,0.31,0.63,5.83333333333333,0.109,0.043,0.1203596264511835,1.0,2.95085145888855,2.72381242131836,4.79,3.77166666666667,4.0,6.2,0.043411581,national,national,False,False,17.0,3.28936595152003,,,,,,,,,,,,,,,,,,,,,,
occ_00300,checkered,checkered,list_word,T11,11,flag,flag,roediger2001_55::flag,Roediger2001_55_15word_lists,"Roediger et al. (2001) 55-list DRM pool, augmented with uploaded 2024 supplementary workbook metrics",55 DRM list-Supplementary Material-08-16-24.xlsx; Roediger-et-al-2001b_PBR.pdf; RoedigerEtAl_2001.xlsx,1.63346845557959,,0.247,0.0,C,0.710144927536232,0.678743961352657,0.537037037037037,0.474235104669887,0.6,0.74,0.31,0.63,5.83333333333333,0.109,0.043,0.1203596264511835,1.0,2.95085145888855,2.72381242131836,4.79,3.77166666666667,4.0,6.2,0.043411581,checkered,checkered,True,False,17.0,1.63346845557959,,,,,,,,,,,,,,,,,,,,,,
occ_00301,emblem,emblem,list_word,T12,12,flag,flag,roediger2001_55::flag,Roediger2001_55_15word_lists,"Roediger et al. (2001) 55-list DRM pool, augmented with uploaded 2024 supplementary workbook metrics",55 DRM list-Supplementary Material-08-16-24.xlsx; Roediger-et-al-2001b_PBR.pdf; RoedigerEtAl_2001.xlsx,1.53147891704226,,0.048,0.0,C,0.710144927536232,0.678743961352657,0.537037037037037,0.474235104669887,0.6,0.74,0.31,0.63,5.83333333333333,0.109,0.043,0.1203596264511835,1.0,2.95085145888855,2.72381242131836,4.79,3.77166666666667,4.0,6.2,0.043411581,emblem,emblem,True,False,17.0,1.53147891704226,,,,,,,,,,,,,,,,,,,,,,
occ_00302,sign,sign,list_word,T13,13,flag,flag,roediger2001_55::flag,Roediger2001_55_15word_lists,"Roediger et al. (2001) 55-list DRM pool, augmented with uploaded 2024 supplementary workbook metrics",55 DRM list-Supplementary Material-08-16-24.xlsx; Roediger-et-al-2001b_PBR.pdf; RoedigerEtAl_2001.xlsx,3.83238116024704,,0.0,0.0,C,0.710144927536232,0.678743961352657,0.537037037037037,0.474235104669887,0.6,0.74,0.31,0.63,5.83333333333333,0.109,0.043,0.1203596264511835,1.0,2.95085145888855,2.72381242131836,4.79,3.77166666666667,4.0,6.2,0.043411581,sign,sign,False,False,17.0,3.83238116024704,,,,,,,,,,,,,,,,,,,,,,
occ_00303,freedom,freedom,list_word,T14,14,flag,flag,roediger2001_55::flag,Roediger2001_55_15word_lists,"Roediger et al. (2001) 55-list DRM pool, augmented with uploaded 2024 supplementary workbook metrics",55 DRM list-Supplementary Material-08-16-24.xlsx; Roediger-et-al-2001b_PBR.pdf; RoedigerEtAl_2001.xlsx,3.22762964957101,,0.021,0.0,C,0.710144927536232,0.678743961352657,0.537037037037037,0.474235104669887,0.6,0.74,0.31,0.63,5.83333333333333,0.109,0.043,0.1203596264511835,1.0,2.95085145888855,2.72381242131836,4.79,3.77166666666667,4.0,6.2,0.043411581,freedom,freedom,False,False,17.0,3.22762964957101,,,,,,,,,,,,,,,,,,,,,,
occ_00304,pennant,pennant,list_word,T15,15,flag,flag,roediger2001_55::flag,Roediger2001_55_15word_lists,"Roediger et al. (2001) 55-list DRM pool, augmented with uploaded 2024 supplementary workbook metrics",55 DRM list-Supplementary Material-08-16-24.xlsx; Roediger-et-al-2001b_PBR.pdf; RoedigerEtAl_2001.xlsx,1.67209785793572,,0.0,0.0,C,0.710144927536232,0.678743961352657,0.537037037037037,0.474235104669887,0.6,0.74,0.31,0.63,5.83333333333333,0.109,0.043,0.1203596264511835,1.0,2.95085145888855,2.72381242131836,4.79,3.77166666666667,4.0,6.2,0.043411581,pendant,pendant,True,False,17.0,1.67209785793572,,,,,,,,,,,,,,,,,,,,,,
occ_00305,foot,foot,critical_distractor,CD,0,foot,foot,roediger2001_55::foot,Roediger2001_55_15word_lists,"Roediger et al. (2001) 55-list DRM pool, augmented with uploaded 2024 supplementary workbook metrics",55 DRM list-Supplementary Material-08-16-24.xlsx; Roediger-et-al-2001b_PBR.pdf; RoedigerEtAl_2001.xlsx,3.52009032811284,,,,C,0.601449275362319,0.579710144927536,0.460950080515298,0.372785829307569,0.62,0.7,0.35,0.64,4.29333333333333,0.177,0.049,0.197728154462763,1.4,3.52009032811284,3.10599999510831,4.9,4.73928571428571,4.0,4.33,0.1031152339999999,,,,,,3.52009032811284,,,,,,,,,,,,,,,,,,,,,,
occ_00306,shoe,shoe,list_word,T1,1,foot,foot,roediger2001_55::foot,Roediger2001_55_15word_lists,"Roediger et al. (2001) 55-list DRM pool, augmented with uploaded 2024 supplementary workbook metrics",55 DRM list-Supplementary Material-08-16-24.xlsx; Roediger-et-al-2001b_PBR.pdf; RoedigerEtAl_2001.xlsx,3.19061179781361,,0.321,0.337,C,0.601449275362319,0.579710144927536,0.460950080515298,0.372785829307569,0.62,0.7,0.35,0.64,4.29333333333333,0.177,0.049,0.197728154462763,1.4,3.52009032811284,3.10599999510831,4.9,4.73928571428571,4.0,4.33,0.1031152339999999,shoe,shoe,False,False,17.0,3.19061179781361,,,,,,,,,,,,,,,,,,,,,,
occ_00307,hand,hand,list_word,T2,2,foot,foot,roediger2001_55::foot,Roediger2001_55_15word_lists,"Roediger et al. (2001) 55-list DRM pool, augmented with uploaded 2024 supplementary workbook metrics",55 DRM list-Supplementary Material-08-16-24.xlsx; Roediger-et-al-2001b_PBR.pdf; RoedigerEtAl_2001.xlsx,4.15421088220697,,0.158,0.122,C,0.601449275362319,0.579710144927536,0.460950080515298,0.372785829307569,0.62,0.7,0.35,0.64,4.29333333333333,0.177,0.049,0.197728154462763,1.4,3.52009032811284,3.10599999510831,4.9,4.73928571428571,4.0,4.33,0.1031152339999999,hand,hand,False,False,17.0,4.15421088220697,,,,,,,,,,,,,,,,,,,,,,
occ_00308,toe,toe,list_word,T3,3,foot,foot,roediger2001_55::foot,Roediger2001_55_15word_lists,"Roediger et al. (2001) 55-list DRM pool, augmented with uploaded 2024 supplementary workbook metrics",55 DRM list-Supplementary Material-08-16-24.xlsx; Roediger-et-al-2001b_PBR.pdf; RoedigerEtAl_2001.xlsx,2.81157500587059,,0.605,0.235,C,0.601449275362319,0.579710144927536,0.460950080515298,0.372785829307569,0.62,0.7,0.35,0.64,4.29333333333333,0.177,0.049,0.197728154462763,1.4,3.52009032811284,3.10599999510831,4.9,4.73928571428571,4.0,4.33,0.1031152339999999,toe,toe,False,False,17.0,2.81157500587059,,,,,,,,,,,,,,,,,,,,,,
occ_00309,kick,kick,list_word,T4,4,foot,foot,roediger2001_55::foot,Roediger2001_55_15word_lists,"Roediger et al. (2001) 55-list DRM pool, augmented with uploaded 2024 supplementary workbook metrics",55 DRM list-Supplementary Material-08-16-24.xlsx; Roediger-et-al-2001b_PBR.pdf; RoedigerEtAl_2001.xlsx,3.57345182203549,,0.039,0.0,C,0.601449275362319,0.579710144927536,0.460950080515298,0.372785829307569,0.62,0.7,0.35,0.64,4.29333333333333,0.177,0.049,0.197728154462763,1.4,3.52009032811284,3.10599999510831,4.9,4.73928571428571,4.0,4.33,0.1031152339999999,kick,kick,False,False,17.0,3.57345182203549,,,,,,,,,,,,,,,,,,,,,,
occ_00310,sandals,sandals,list_word,T5,5,foot,foot,roediger2001_55::foot,Roediger2001_55_15word_lists,"Roediger et al. (2001) 55-list DRM pool, augmented with uploaded 2024 supplementary workbook metrics",55 DRM list-Supplementary Material-08-16-24.xlsx; Roediger-et-al-2001b_PBR.pdf; RoedigerEtAl_2001.xlsx,1.94939000664491,,0.209,0.0,C,0.601449275362319,0.579710144927536,0.460950080515298,0.372785829307569,0.62,0.7,0.35,0.64,4.29333333333333,0.177,0.049,0.197728154462763,1.4,3.52009032811284,3.10599999510831,4.9,4.73928571428571,4.0,4.33,0.1031152339999999,sandals,sandals,False,False,17.0,1.94939000664491,,,,,,,,,,,,,,,,,,,,,,
occ_00311,soccer,soccer,list_word,T6,6,foot,foot,roediger2001_55::foot,Roediger2001_55_15word_lists,"Roediger et al. (2001) 55-list DRM pool, augmented with uploaded 2024 supplementary workbook metrics",55 DRM list-Supplementary Material-08-16-24.xlsx; Roediger-et-al-2001b_PBR.pdf; RoedigerEtAl_2001.xlsx,2.80685802951882,,0.0,0.0,C,0.601449275362319,0.579710144927536,0.460950080515298,0.372785829307569,0.62,0.7,0.35,0.64,4.29333333333333,0.177,0.049,0.197728154462763,1.4,3.52009032811284,3.10599999510831,4.9,4.73928571428571,4.0,4.33,0.1031152339999999,soccer,soccer,False,False,17.0,2.80685802951882,,,,,,,,,,,,,,,,,,,,,,
occ_00312,yard,yard,list_word,T7,7,foot,foot,roediger2001_55::foot,Roediger2001_55_15word_lists,"Roediger et al. (2001) 55-list DRM pool, augmented with uploaded 2024 supplementary workbook metrics",55 DRM list-Supplementary Material-08-16-24.xlsx; Roediger-et-al-2001b_PBR.pdf; RoedigerEtAl_2001.xlsx,3.10687054447865,,0.126,0.0,C,0.601449275362319,0.579710144927536,0.460950080515298,0.372785829307569,0.62,0.7,0.35,0.64,4.29333333333333,0.177,0.049,0.197728154462763,1.4,3.52009032811284,3.10599999510831,4.9,4.73928571428571,4.0,4.33,0.1031152339999999,yard,yard,False,False,17.0,3.10687054447865,,,,,,,,,,,,,,,,,,,,,,
occ_00313,walk,walk,list_word,T8,8,foot,foot,roediger2001_55::foot,Roediger2001_55_15word_lists,"Roediger et al. (2001) 55-list DRM pool, augmented with uploaded 2024 supplementary workbook metrics",55 DRM list-Supplementary Material-08-16-24.xlsx; Roediger-et-al-2001b_PBR.pdf; RoedigerEtAl_2001.xlsx,4.04178731897175,,0.016,0.02,C,0.601449275362319,0.579710144927536,0.460950080515298,0.372785829307569,0.62,0.7,0.35,0.64,4.29333333333333,0.177,0.049,0.197728154462763,1.4,3.52009032811284,3.10599999510831,4.9,4.73928571428571,4.0,4.33,0.1031152339999999,walk,walk,False,False,17.0,4.04178731897175,,,,,,,,,,,,,,,,,,,,,,
occ_00314,ankle,ankle,list_word,T9,9,foot,foot,roediger2001_55::foot,Roediger2001_55_15word_lists,"Roediger et al. (2001) 55-list DRM pool, augmented with uploaded 2024 supplementary workbook metrics",55 DRM list-Supplementary Material-08-16-24.xlsx; Roediger-et-al-2001b_PBR.pdf; RoedigerEtAl_2001.xlsx,2.61278385671974,,0.364,0.0,C,0.601449275362319,0.579710144927536,0.460950080515298,0.372785829307569,0.62,0.7,0.35,0.64,4.29333333333333,0.177,0.049,0.197728154462763,1.4,3.52009032811284,3.10599999510831,4.9,4.73928571428571,4.0,4.33,0.1031152339999999,ankle,ankle,False,False,17.0,2.61278385671974,,,,,,,,,,,,,,,,,,,,,,
occ_00315,arm,arm,list_word,T10,10,foot,foot,roediger2001_55::foot,Roediger2001_55_15word_lists,"Roediger et al. (2001) 55-list DRM pool, augmented with uploaded 2024 supplementary workbook metrics",55 DRM list-Supplementary Material-08-16-24.xlsx; Roediger-et-al-2001b_PBR.pdf; RoedigerEtAl_2001.xlsx,3.52335620665479,,0.0,0.0,C,0.601449275362319,0.579710144927536,0.460950080515298,0.372785829307569,0.62,0.7,0.35,0.64,4.29333333333333,0.177,0.049,0.197728154462763,1.4,3.52009032811284,3.10599999510831,4.9,4.73928571428571,4.0,4.33,0.1031152339999999,arm,arm,False,False,17.0,3.52335620665479,,,,,,,,,,,,,,,,,,,,,,
occ_00316,boot,boot,list_word,T11,11,foot,foot,roediger2001_55::foot,Roediger2001_55_15word_lists,"Roediger et al. (2001) 55-list DRM pool, augmented with uploaded 2024 supplementary workbook metrics",55 DRM list-Supplementary Material-08-16-24.xlsx; Roediger-et-al-2001b_PBR.pdf; RoedigerEtAl_2001.xlsx,2.75511226639507,,0.142,0.0,C,0.601449275362319,0.579710144927536,0.460950080515298,0.372785829307569,0.62,0.7,0.35,0.64,4.29333333333333,0.177,0.049,0.197728154462763,1.4,3.52009032811284,3.10599999510831,4.9,4.73928571428571,4.0,4.33,0.1031152339999999,boot,boot,False,False,17.0,2.75511226639507,,,,,,,,,,,,,,,,,,,,,,
occ_00317,inch,inch,list_word,T12,12,foot,foot,roediger2001_55::foot,Roediger2001_55_15word_lists,"Roediger et al. (2001) 55-list DRM pool, augmented with uploaded 2024 supplementary workbook metrics",55 DRM list-Supplementary Material-08-16-24.xlsx; Roediger-et-al-2001b_PBR.pdf; RoedigerEtAl_2001.xlsx,2.80071707828239,,0.473,0.02,C,0.601449275362319,0.579710144927536,0.460950080515298,0.372785829307569,0.62,0.7,0.35,0.64,4.29333333333333,0.177,0.049,0.197728154462763,1.4,3.52009032811284,3.10599999510831,4.9,4.73928571428571,4.0,4.33,0.1031152339999999,inch,inch,False,False,17.0,2.80071707828239,,,,,,,,,,,,,,,,,,,,,,
occ_00318,sock,sock,list_word,T13,13,foot,foot,roediger2001_55::foot,Roediger2001_55_15word_lists,"Roediger et al. (2001) 55-list DRM pool, augmented with uploaded 2024 supplementary workbook metrics",55 DRM list-Supplementary Material-08-16-24.xlsx; Roediger-et-al-2001b_PBR.pdf; RoedigerEtAl_2001.xlsx,2.66181268553726,,0.172,0.0,C,0.601449275362319,0.579710144927536,0.460950080515298,0.372785829307569,0.62,0.7,0.35,0.64,4.29333333333333,0.177,0.049,0.197728154462763,1.4,3.52009032811284,3.10599999510831,4.9,4.73928571428571,4.0,4.33,0.1031152339999999,sock,sock,False,False,17.0,2.66181268553726,,,,,,,,,,,,,,,,,,,,,,
occ_00319,knee,knee,list_word,T14,14,foot,foot,roediger2001_55::foot,Roediger2001_55_15word_lists,"Roediger et al. (2001) 55-list DRM pool, augmented with uploaded 2024 supplementary workbook metrics",55 DRM list-Supplementary Material-08-16-24.xlsx; Roediger-et-al-2001b_PBR.pdf; RoedigerEtAl_2001.xlsx,2.8750612633917,,0.032,0.0,C,0.601449275362319,0.579710144927536,0.460950080515298,0.372785829307569,0.62,0.7,0.35,0.64,4.29333333333333,0.177,0.049,0.197728154462763,1.4,3.52009032811284,3.10599999510831,4.9,4.73928571428571,4.0,4.33,0.1031152339999999,knee,knee,False,False,17.0,2.8750612633917,,,,,,,,,,,,,,,,,,,,,,
occ_00320,mouth,mouth,list_word,T15,15,foot,foot,roediger2001_55::foot,Roediger2001_55_15word_lists,"Roediger et al. (2001) 55-list DRM pool, augmented with uploaded 2024 supplementary workbook metrics",55 DRM list-Supplementary Material-08-16-24.xlsx; Roediger-et-al-2001b_PBR.pdf; RoedigerEtAl_2001.xlsx,3.72640116210292,,0.0,0.0,C,0.601449275362319,0.579710144927536,0.460950080515298,0.372785829307569,0.62,0.7,0.35,0.64,4.29333333333333,0.177,0.049,0.197728154462763,1.4,3.52009032811284,3.10599999510831,4.9,4.73928571428571,4.0,4.33,0.1031152339999999,mouth,mouth,False,False,17.0,3.72640116210292,,,,,,,,,,,,,,,,,,,,,,
occ_00321,fruit,fruit,critical_distractor,CD,0,fruit,fruit,roediger2001_55::fruit,Roediger2001_55_15word_lists,"Roediger et al. (2001) 55-list DRM pool, augmented with uploaded 2024 supplementary workbook metrics",55 DRM list-Supplementary Material-08-16-24.xlsx; Roediger-et-al-2001b_PBR.pdf; RoedigerEtAl_2001.xlsx,3.04493154614916,,,,A,0.562962962962963,0.683950617283951,0.430687830687831,0.512169312169312,0.45,0.93,0.2,0.71,5.96,0.202,0.04,0.2879728109005786,1.67,3.04493154614916,2.55595032783323,4.81,4.702,5.0,5.47,0.2140808079999999,,,,,,3.04493154614916,,,,,,,,,,,,,,,,,,,,,,
occ_00322,apple,apple,list_word,T1,1,fruit,fruit,roediger2001_55::fruit,Roediger2001_55_15word_lists,"Roediger et al. (2001) 55-list DRM pool, augmented with uploaded 2024 supplementary workbook metrics",55 DRM list-Supplementary Material-08-16-24.xlsx; Roediger-et-al-2001b_PBR.pdf; RoedigerEtAl_2001.xlsx,3.08206693428511,,0.154,0.223,A,0.562962962962963,0.683950617283951,0.430687830687831,0.512169312169312,0.45,0.93,0.2,0.71,5.96,0.202,0.04,0.2879728109005786,1.67,3.04493154614916,2.55595032783323,4.81,4.702,5.0,5.47,0.2140808079999999,apple,apple,False,False,17.0,3.08206693428511,,,,,,,,,,,,,,,,,,,,,,
occ_00323,vegetable,vegetable,list_word,T2,2,fruit,fruit,roediger2001_55::fruit,Roediger2001_55_15word_lists,"Roediger et al. (2001) 55-list DRM pool, augmented with uploaded 2024 supplementary workbook metrics",55 DRM list-Supplementary Material-08-16-24.xlsx; Roediger-et-al-2001b_PBR.pdf; RoedigerEtAl_2001.xlsx,2.46538285144842,,0.22,0.082,A,0.562962962962963,0.683950617283951,0.430687830687831,0.512169312169312,0.45,0.93,0.2,0.71,5.96,0.202,0.04,0.2879728109005786,1.67,3.04493154614916,2.55595032783323,4.81,4.702,5.0,5.47,0.2140808079999999,vegetable,vegetable,False,False,17.0,2.46538285144842,,,,,,,,,,,,,,,,,,,,,,
occ_00324,orange,orange,list_word,T3,3,fruit,fruit,roediger2001_55::fruit,Roediger2001_55_15word_lists,"Roediger et al. (2001) 55-list DRM pool, augmented with uploaded 2024 supplementary workbook metrics",55 DRM list-Supplementary Material-08-16-24.xlsx; Roediger-et-al-2001b_PBR.pdf; RoedigerEtAl_2001.xlsx,3.0565237240791,,0.194,0.174,A,0.562962962962963,0.683950617283951,0.430687830687831,0.512169312169312,0.45,0.93,0.2,0.71,5.96,0.202,0.04,0.2879728109005786,1.67,3.04493154614916,2.55595032783323,4.81,4.702,5.0,5.47,0.2140808079999999,orange,orange,False,False,17.0,3.0565237240791,,,,,,,,,,,,,,,,,,,,,,
occ_00325,kiwi,kiwi,list_word,T4,4,fruit,fruit,roediger2001_55::fruit,Roediger2001_55_15word_lists,"Roediger et al. (2001) 55-list DRM pool, augmented with uploaded 2024 supplementary workbook metrics",55 DRM list-Supplementary Material-08-16-24.xlsx; Roediger-et-al-2001b_PBR.pdf; RoedigerEtAl_2001.xlsx,1.61278385671974,,0.709,0.0,A,0.562962962962963,0.683950617283951,0.430687830687831,0.512169312169312,0.45,0.93,0.2,0.71,5.96,0.202,0.04,0.2879728109005786,1.67,3.04493154614916,2.55595032783323,4.81,4.702,5.0,5.47,0.2140808079999999,kiwi,kiwi,False,False,17.0,1.61278385671974,,,,,,,,,,,,,,,,,,,,,,
occ_00326,citrus,citrus,list_word,T5,5,fruit,fruit,roediger2001_55::fruit,Roediger2001_55_15word_lists,"Roediger et al. (2001) 55-list DRM pool, augmented with uploaded 2024 supplementary workbook metrics",55 DRM list-Supplementary Material-08-16-24.xlsx; Roediger-et-al-2001b_PBR.pdf; RoedigerEtAl_2001.xlsx,1.43136376415899,,0.426,0.0,A,0.562962962962963,0.683950617283951,0.430687830687831,0.512169312169312,0.45,0.93,0.2,0.71,5.96,0.202,0.04,0.2879728109005786,1.67,3.04493154614916,2.55595032783323,4.81,4.702,5.0,5.47,0.2140808079999999,citrus,citrus,False,False,17.0,1.43136376415899,,,,,,,,,,,,,,,,,,,,,,
occ_00327,ripe,ripe,list_word,T6,6,fruit,fruit,roediger2001_55::fruit,Roediger2001_55_15word_lists,"Roediger et al. (2001) 55-list DRM pool, augmented with uploaded 2024 supplementary workbook metrics",55 DRM list-Supplementary Material-08-16-24.xlsx; Roediger-et-al-2001b_PBR.pdf; RoedigerEtAl_2001.xlsx,2.33041377334919,,0.151,0.0,A,0.562962962962963,0.683950617283951,0.430687830687831,0.512169312169312,0.45,0.93,0.2,0.71,5.96,0.202,0.04,0.2879728109005786,1.67,3.04493154614916,2.55595032783323,4.81,4.702,5.0,5.47,0.2140808079999999,ripe,ripe,True,False,17.0,2.33041377334919,,,,,,,,,,,,,,,,,,,,,,
occ_00328,pear,pear,list_word,T7,7,fruit,fruit,roediger2001_55::fruit,Roediger2001_55_15word_lists,"Roediger et al. (2001) 55-list DRM pool, augmented with uploaded 2024 supplementary workbook metrics",55 DRM list-Supplementary Material-08-16-24.xlsx; Roediger-et-al-2001b_PBR.pdf; RoedigerEtAl_2001.xlsx,1.83884909073726,,0.347,0.0,A,0.562962962962963,0.683950617283951,0.430687830687831,0.512169312169312,0.45,0.93,0.2,0.71,5.96,0.202,0.04,0.2879728109005786,1.67,3.04493154614916,2.55595032783323,4.81,4.702,5.0,5.47,0.2140808079999999,pear,pear,False,False,17.0,1.83884909073726,,,,,,,,,,,,,,,,,,,,,,
occ_00329,banana,banana,list_word,T8,8,fruit,fruit,roediger2001_55::fruit,Roediger2001_55_15word_lists,"Roediger et al. (2001) 55-list DRM pool, augmented with uploaded 2024 supplementary workbook metrics",55 DRM list-Supplementary Material-08-16-24.xlsx; Roediger-et-al-2001b_PBR.pdf; RoedigerEtAl_2001.xlsx,2.73878055848437,,0.215,0.065,A,0.562962962962963,0.683950617283951,0.430687830687831,0.512169312169312,0.45,0.93,0.2,0.71,5.96,0.202,0.04,0.2879728109005786,1.67,3.04493154614916,2.55595032783323,4.81,4.702,5.0,5.47,0.2140808079999999,banana,banana,False,False,17.0,2.73878055848437,,,,,,,,,,,,,,,,,,,,,,
occ_00330,berry,berry,list_word,T9,9,fruit,fruit,roediger2001_55::fruit,Roediger2001_55_15word_lists,"Roediger et al. (2001) 55-list DRM pool, augmented with uploaded 2024 supplementary workbook metrics",55 DRM list-Supplementary Material-08-16-24.xlsx; Roediger-et-al-2001b_PBR.pdf; RoedigerEtAl_2001.xlsx,2.25285303097989,,0.298,0.0,A,0.562962962962963,0.683950617283951,0.430687830687831,0.512169312169312,0.45,0.93,0.2,0.71,5.96,0.202,0.04,0.2879728109005786,1.67,3.04493154614916,2.55595032783323,4.81,4.702,5.0,5.47,0.2140808079999999,berry,berry,False,False,17.0,2.25285303097989,,,,,,,,,,,,,,,,,,,,,,
occ_00331,cherry,cherry,list_word,T10,10,fruit,fruit,roediger2001_55::fruit,Roediger2001_55_15word_lists,"Roediger et al. (2001) 55-list DRM pool, augmented with uploaded 2024 supplementary workbook metrics",55 DRM list-Supplementary Material-08-16-24.xlsx; Roediger-et-al-2001b_PBR.pdf; RoedigerEtAl_2001.xlsx,2.84135947045485,,0.168,0.0,A,0.562962962962963,0.683950617283951,0.430687830687831,0.512169312169312,0.45,0.93,0.2,0.71,5.96,0.202,0.04,0.2879728109005786,1.67,3.04493154614916,2.55595032783323,4.81,4.702,5.0,5.47,0.2140808079999999,cherry,cherry,False,False,17.0,2.84135947045485,,,,,,,,,,,,,,,,,,,,,,
occ_00332,basket,basket,list_word,T11,11,fruit,fruit,roediger2001_55::fruit,Roediger2001_55_15word_lists,"Roediger et al. (2001) 55-list DRM pool, augmented with uploaded 2024 supplementary workbook metrics",55 DRM list-Supplementary Material-08-16-24.xlsx; Roediger-et-al-2001b_PBR.pdf; RoedigerEtAl_2001.xlsx,2.82801506422398,,0.084,0.011,A,0.562962962962963,0.683950617283951,0.430687830687831,0.512169312169312,0.45,0.93,0.2,0.71,5.96,0.202,0.04,0.2879728109005786,1.67,3.04493154614916,2.55595032783323,4.81,4.702,5.0,5.47,0.2140808079999999,basket,basket,False,False,17.0,2.82801506422398,,,,,,,,,,,,,,,,,,,,,,
occ_00333,juice,juice,list_word,T12,12,fruit,fruit,roediger2001_55::fruit,Roediger2001_55_15word_lists,"Roediger et al. (2001) 55-list DRM pool, augmented with uploaded 2024 supplementary workbook metrics",55 DRM list-Supplementary Material-08-16-24.xlsx; Roediger-et-al-2001b_PBR.pdf; RoedigerEtAl_2001.xlsx,3.13735411137073,,0.035,0.027,A,0.562962962962963,0.683950617283951,0.430687830687831,0.512169312169312,0.45,0.93,0.2,0.71,5.96,0.202,0.04,0.2879728109005786,1.67,3.04493154614916,2.55595032783323,4.81,4.702,5.0,5.47,0.2140808079999999,juice,juice,False,False,17.0,3.13735411137073,,,,,,,,,,,,,,,,,,,,,,
occ_00334,salad,salad,list_word,T13,13,fruit,fruit,roediger2001_55::fruit,Roediger2001_55_15word_lists,"Roediger et al. (2001) 55-list DRM pool, augmented with uploaded 2024 supplementary workbook metrics",55 DRM list-Supplementary Material-08-16-24.xlsx; Roediger-et-al-2001b_PBR.pdf; RoedigerEtAl_2001.xlsx,2.93901977644867,,0.0,0.0,A,0.562962962962963,0.683950617283951,0.430687830687831,0.512169312169312,0.45,0.93,0.2,0.71,5.96,0.202,0.04,0.2879728109005786,1.67,3.04493154614916,2.55595032783323,4.81,4.702,5.0,5.47,0.2140808079999999,salad,salad,False,False,17.0,2.93901977644867,,,,,,,,,,,,,,,,,,,,,,
occ_00335,bowl,bowl,list_word,T14,14,fruit,fruit,roediger2001_55::fruit,Roediger2001_55_15word_lists,"Roediger et al. (2001) 55-list DRM pool, augmented with uploaded 2024 supplementary workbook metrics",55 DRM list-Supplementary Material-08-16-24.xlsx; Roediger-et-al-2001b_PBR.pdf; RoedigerEtAl_2001.xlsx,3.03941411917614,,0.028,0.0,A,0.562962962962963,0.683950617283951,0.430687830687831,0.512169312169312,0.45,0.93,0.2,0.71,5.96,0.202,0.04,0.2879728109005786,1.67,3.04493154614916,2.55595032783323,4.81,4.702,5.0,5.47,0.2140808079999999,bowl,bowl,False,False,17.0,3.03941411917614,,,,,,,,,,,,,,,,,,,,,,
occ_00336,cocktail,cocktail,list_word,T15,15,fruit,fruit,roediger2001_55::fruit,Roediger2001_55_15word_lists,"Roediger et al. (2001) 55-list DRM pool, augmented with uploaded 2024 supplementary workbook metrics",55 DRM list-Supplementary Material-08-16-24.xlsx; Roediger-et-al-2001b_PBR.pdf; RoedigerEtAl_2001.xlsx,2.74507479158206,,0.0,0.011,A,0.562962962962963,0.683950617283951,0.430687830687831,0.512169312169312,0.45,0.93,0.2,0.71,5.96,0.202,0.04,0.2879728109005786,1.67,3.04493154614916,2.55595032783323,4.81,4.702,5.0,5.47,0.2140808079999999,cocktail,cocktail,False,False,17.0,2.74507479158206,,,,,,,,,,,,,,,,,,,,,,
occ_00337,girl,girl,critical_distractor,CD,0,girl,girl,roediger2001_55::girl,Roediger2001_55_15word_lists,"Roediger et al. (2001) 55-list DRM pool, augmented with uploaded 2024 supplementary workbook metrics",55 DRM list-Supplementary Material-08-16-24.xlsx; Roediger-et-al-2001b_PBR.pdf; RoedigerEtAl_2001.xlsx,4.45353237612511,,,,B,0.703725085075352,0.69760776211311,0.551154149966355,0.522736803097238,0.58,0.94,0.32,0.67,4.82,0.097,0.052,0.2319824245354824,1.27,4.45353237612511,3.70819823386661,4.85,3.94071428571429,4.0,5.27,0.0940209487333333,,,,,,4.45353237612511,,,,,,,,,,,,,,,,,,,,,,
occ_00338,boy,boy,list_word,T1,1,girl,girl,roediger2001_55::girl,Roediger2001_55_15word_lists,"Roediger et al. (2001) 55-list DRM pool, augmented with uploaded 2024 supplementary workbook metrics",55 DRM list-Supplementary Material-08-16-24.xlsx; Roediger-et-al-2001b_PBR.pdf; RoedigerEtAl_2001.xlsx,4.43171748964601,,0.701,0.738,B,0.703725085075352,0.69760776211311,0.551154149966355,0.522736803097238,0.58,0.94,0.32,0.67,4.82,0.097,0.052,0.2319824245354824,1.27,4.45353237612511,3.70819823386661,4.85,3.94071428571429,4.0,5.27,0.0940209487333333,boy,boy,False,False,17.0,4.43171748964601,,,,,,,,,,,,,,,,,,,,,,
occ_00339,dolls,dolls,list_word,T2,2,girl,girl,roediger2001_55::girl,Roediger2001_55_15word_lists,"Roediger et al. (2001) 55-list DRM pool, augmented with uploaded 2024 supplementary workbook metrics",55 DRM list-Supplementary Material-08-16-24.xlsx; Roediger-et-al-2001b_PBR.pdf; RoedigerEtAl_2001.xlsx,2.46239799789896,,0.199,0.0,B,0.703725085075352,0.69760776211311,0.551154149966355,0.522736803097238,0.58,0.94,0.32,0.67,4.82,0.097,0.052,0.2319824245354824,1.27,4.45353237612511,3.70819823386661,4.85,3.94071428571429,4.0,5.27,0.0940209487333333,dolls,dolls,True,False,17.0,2.46239799789896,,,,,,,,,,,,,,,,,,,,,,
occ_00340,female,female,list_word,T3,3,girl,girl,roediger2001_55::girl,Roediger2001_55_15word_lists,"Roediger et al. (2001) 55-list DRM pool, augmented with uploaded 2024 supplementary workbook metrics",55 DRM list-Supplementary Material-08-16-24.xlsx; Roediger-et-al-2001b_PBR.pdf; RoedigerEtAl_2001.xlsx,3.20763436738896,,0.098,0.013,B,0.703725085075352,0.69760776211311,0.551154149966355,0.522736803097238,0.58,0.94,0.32,0.67,4.82,0.097,0.052,0.2319824245354824,1.27,4.45353237612511,3.70819823386661,4.85,3.94071428571429,4.0,5.27,0.0940209487333333,female,female,False,False,17.0,3.20763436738896,,,,,,,,,,,,,,,,,,,,,,
occ_00341,young,young,list_word,T4,4,girl,girl,roediger2001_55::girl,Roediger2001_55_15word_lists,"Roediger et al. (2001) 55-list DRM pool, augmented with uploaded 2024 supplementary workbook metrics",55 DRM list-Supplementary Material-08-16-24.xlsx; Roediger-et-al-2001b_PBR.pdf; RoedigerEtAl_2001.xlsx,4.09352674369967,,0.0,0.0,B,0.703725085075352,0.69760776211311,0.551154149966355,0.522736803097238,0.58,0.94,0.32,0.67,4.82,0.097,0.052,0.2319824245354824,1.27,4.45353237612511,3.70819823386661,4.85,3.94071428571429,4.0,5.27,0.0940209487333333,young,young,False,False,17.0,4.09352674369967,,,,,,,,,,,,,,,,,,,,,,
occ_00342,dress,dress,list_word,T5,5,girl,girl,roediger2001_55::girl,Roediger2001_55_15word_lists,"Roediger et al. (2001) 55-list DRM pool, augmented with uploaded 2024 supplementary workbook metrics",55 DRM list-Supplementary Material-08-16-24.xlsx; Roediger-et-al-2001b_PBR.pdf; RoedigerEtAl_2001.xlsx,3.648164778574,,0.063,0.0,B,0.703725085075352,0.69760776211311,0.551154149966355,0.522736803097238,0.58,0.94,0.32,0.67,4.82,0.097,0.052,0.2319824245354824,1.27,4.45353237612511,3.70819823386661,4.85,3.94071428571429,4.0,5.27,0.0940209487333333,dress,dress,False,False,17.0,3.648164778574,,,,,,,,,,,,,,,,,,,,,,
occ_00343,pretty,pretty,list_word,T6,6,girl,girl,roediger2001_55::girl,Roediger2001_55_15word_lists,"Roediger et al. (2001) 55-list DRM pool, augmented with uploaded 2024 supplementary workbook metrics",55 DRM list-Supplementary Material-08-16-24.xlsx; Roediger-et-al-2001b_PBR.pdf; RoedigerEtAl_2001.xlsx,4.30111684587563,,0.149,0.027,B,0.703725085075352,0.69760776211311,0.551154149966355,0.522736803097238,0.58,0.94,0.32,0.67,4.82,0.097,0.052,0.2319824245354824,1.27,4.45353237612511,3.70819823386661,4.85,3.94071428571429,4.0,5.27,0.0940209487333333,pretty,pretty,False,False,17.0,4.30111684587563,,,,,,,,,,,,,,,,,,,,,,
occ_00344,hair,hair,list_word,T7,7,girl,girl,roediger2001_55::girl,Roediger2001_55_15word_lists,"Roediger et al. (2001) 55-list DRM pool, augmented with uploaded 2024 supplementary workbook metrics",55 DRM list-Supplementary Material-08-16-24.xlsx; Roediger-et-al-2001b_PBR.pdf; RoedigerEtAl_2001.xlsx,3.89387267879508,,0.0,0.0,B,0.703725085075352,0.69760776211311,0.551154149966355,0.522736803097238,0.58,0.94,0.32,0.67,4.82,0.097,0.052,0.2319824245354824,1.27,4.45353237612511,3.70819823386661,4.85,3.94071428571429,4.0,5.27,0.0940209487333333,hair,hair,False,False,17.0,3.89387267879508,,,,,,,,,,,,,,,,,,,,,,
occ_00345,niece,niece,list_word,T8,8,girl,girl,roediger2001_55::girl,Roediger2001_55_15word_lists,"Roediger et al. (2001) 55-list DRM pool, augmented with uploaded 2024 supplementary workbook metrics",55 DRM list-Supplementary Material-08-16-24.xlsx; Roediger-et-al-2001b_PBR.pdf; RoedigerEtAl_2001.xlsx,2.68752896121463,,0.026,0.0,B,0.703725085075352,0.69760776211311,0.551154149966355,0.522736803097238,0.58,0.94,0.32,0.67,4.82,0.097,0.052,0.2319824245354824,1.27,4.45353237612511,3.70819823386661,4.85,3.94071428571429,4.0,5.27,0.0940209487333333,niece,niece,False,False,17.0,2.68752896121463,,,,,,,,,,,,,,,,,,,,,,
occ_00346,dance,dance,list_word,T9,9,girl,girl,roediger2001_55::girl,Roediger2001_55_15word_lists,"Roediger et al. (2001) 55-list DRM pool, augmented with uploaded 2024 supplementary workbook metrics",55 DRM list-Supplementary Material-08-16-24.xlsx; Roediger-et-al-2001b_PBR.pdf; RoedigerEtAl_2001.xlsx,3.87800447026803,,0.0,0.0,B,0.703725085075352,0.69760776211311,0.551154149966355,0.522736803097238,0.58,0.94,0.32,0.67,4.82,0.097,0.052,0.2319824245354824,1.27,4.45353237612511,3.70819823386661,4.85,3.94071428571429,4.0,5.27,0.0940209487333333,dance,dance,False,False,17.0,3.87800447026803,,,,,,,,,,,,,,,,,,,,,,
occ_00347,beautiful,beautiful,list_word,T10,10,girl,girl,roediger2001_55::girl,Roediger2001_55_15word_lists,"Roediger et al. (2001) 55-list DRM pool, augmented with uploaded 2024 supplementary workbook metrics",55 DRM list-Supplementary Material-08-16-24.xlsx; Roediger-et-al-2001b_PBR.pdf; RoedigerEtAl_2001.xlsx,4.15433266124231,,0.049,0.0,B,0.703725085075352,0.69760776211311,0.551154149966355,0.522736803097238,0.58,0.94,0.32,0.67,4.82,0.097,0.052,0.2319824245354824,1.27,4.45353237612511,3.70819823386661,4.85,3.94071428571429,4.0,5.27,0.0940209487333333,beautiful,beautiful,False,False,17.0,4.15433266124231,,,,,,,,,,,,,,,,,,,,,,
occ_00348,cute,cute,list_word,T11,11,girl,girl,roediger2001_55::girl,Roediger2001_55_15word_lists,"Roediger et al. (2001) 55-list DRM pool, augmented with uploaded 2024 supplementary workbook metrics",55 DRM list-Supplementary Material-08-16-24.xlsx; Roediger-et-al-2001b_PBR.pdf; RoedigerEtAl_2001.xlsx,3.65089007785631,,0.035,0.0,B,0.703725085075352,0.69760776211311,0.551154149966355,0.522736803097238,0.58,0.94,0.32,0.67,4.82,0.097,0.052,0.2319824245354824,1.27,4.45353237612511,3.70819823386661,4.85,3.94071428571429,4.0,5.27,0.0940209487333333,cute,cute,False,False,17.0,3.65089007785631,,,,,,,,,,,,,,,,,,,,,,
occ_00349,date,date,list_word,T12,12,girl,girl,roediger2001_55::girl,Roediger2001_55_15word_lists,"Roediger et al. (2001) 55-list DRM pool, augmented with uploaded 2024 supplementary workbook metrics",55 DRM list-Supplementary Material-08-16-24.xlsx; Roediger-et-al-2001b_PBR.pdf; RoedigerEtAl_2001.xlsx,3.85847704181334,,0.056,0.0,B,0.703725085075352,0.69760776211311,0.551154149966355,0.522736803097238,0.58,0.94,0.32,0.67,4.82,0.097,0.052,0.2319824245354824,1.27,4.45353237612511,3.70819823386661,4.85,3.94071428571429,4.0,5.27,0.0940209487333333,date,date,False,False,17.0,3.85847704181334,,,,,,,,,,,,,,,,,,,,,,
occ_00350,aunt,aunt,list_word,T13,13,girl,girl,roediger2001_55::girl,Roediger2001_55_15word_lists,"Roediger et al. (2001) 55-list DRM pool, augmented with uploaded 2024 supplementary workbook metrics",55 DRM list-Supplementary Material-08-16-24.xlsx; Roediger-et-al-2001b_PBR.pdf; RoedigerEtAl_2001.xlsx,3.44963265047007,,0.0,0.0,B,0.703725085075352,0.69760776211311,0.551154149966355,0.522736803097238,0.58,0.94,0.32,0.67,4.82,0.097,0.052,0.2319824245354824,1.27,4.45353237612511,3.70819823386661,4.85,3.94071428571429,4.0,5.27,0.0940209487333333,aunt,aunt,False,False,17.0,3.44963265047007,,,,,,,,,,,,,,,,,,,,,,
occ_00351,daughter,daughter,list_word,T14,14,girl,girl,roediger2001_55::girl,Roediger2001_55_15word_lists,"Roediger et al. (2001) 55-list DRM pool, augmented with uploaded 2024 supplementary workbook metrics",55 DRM list-Supplementary Material-08-16-24.xlsx; Roediger-et-al-2001b_PBR.pdf; RoedigerEtAl_2001.xlsx,3.9415114326344,,0.042,0.0,B,0.703725085075352,0.69760776211311,0.551154149966355,0.522736803097238,0.58,0.94,0.32,0.67,4.82,0.097,0.052,0.2319824245354824,1.27,4.45353237612511,3.70819823386661,4.85,3.94071428571429,4.0,5.27,0.0940209487333333,daughter,daughter,False,False,17.0,3.9415114326344,,,,,,,,,,,,,,,,,,,,,,
occ_00352,sister,sister,list_word,T15,15,girl,girl,roediger2001_55::girl,Roediger2001_55_15word_lists,"Roediger et al. (2001) 55-list DRM pool, augmented with uploaded 2024 supplementary workbook metrics",55 DRM list-Supplementary Material-08-16-24.xlsx; Roediger-et-al-2001b_PBR.pdf; RoedigerEtAl_2001.xlsx,3.96416531062174,,0.041,0.0,B,0.703725085075352,0.69760776211311,0.551154149966355,0.522736803097238,0.58,0.94,0.32,0.67,4.82,0.097,0.052,0.2319824245354824,1.27,4.45353237612511,3.70819823386661,4.85,3.94071428571429,4.0,5.27,0.0940209487333333,sister,sister,False,False,17.0,3.96416531062174,,,,,,,,,,,,,,,,,,,,,,
occ_00353,health,health,critical_distractor,CD,0,health,health,roediger2001_55::health,Roediger2001_55_15word_lists,"Roediger et al. (2001) 55-list DRM pool, augmented with uploaded 2024 supplementary workbook metrics",55 DRM list-Supplementary Material-08-16-24.xlsx; Roediger-et-al-2001b_PBR.pdf; RoedigerEtAl_2001.xlsx,3.31281182621209,,,,B,0.564079970831307,0.613089450656295,0.439323015710482,0.434032552197615,0.55,0.75,0.11,0.62,4.52666666666667,0.02,0.028,0.1392832880255583,1.27,3.31281182621209,3.24449577559953,2.28,3.24733333333333,6.0,5.93,0.0278298322,,,,,,3.31281182621209,,,,,,,,,,,,,,,,,,,,,,
occ_00354,sickness,sickness,list_word,T1,1,health,health,roediger2001_55::health,Roediger2001_55_15word_lists,"Roediger et al. (2001) 55-list DRM pool, augmented with uploaded 2024 supplementary workbook metrics",55 DRM list-Supplementary Material-08-16-24.xlsx; Roediger-et-al-2001b_PBR.pdf; RoedigerEtAl_2001.xlsx,2.60852603357719,,0.22,0.14,B,0.564079970831307,0.613089450656295,0.439323015710482,0.434032552197615,0.55,0.75,0.11,0.62,4.52666666666667,0.02,0.028,0.1392832880255583,1.27,3.31281182621209,3.24449577559953,2.28,3.24733333333333,6.0,5.93,0.0278298322,sickness,sickness,False,False,17.0,2.60852603357719,,,,,,,,,,,,,,,,,,,,,,
occ_00355,good,good,list_word,T2,2,health,health,roediger2001_55::health,Roediger2001_55_15word_lists,"Roediger et al. (2001) 55-list DRM pool, augmented with uploaded 2024 supplementary workbook metrics",55 DRM list-Supplementary Material-08-16-24.xlsx; Roediger-et-al-2001b_PBR.pdf; RoedigerEtAl_2001.xlsx,5.12423678404063,,0.0,0.133,B,0.564079970831307,0.613089450656295,0.439323015710482,0.434032552197615,0.55,0.75,0.11,0.62,4.52666666666667,0.02,0.028,0.1392832880255583,1.27,3.31281182621209,3.24449577559953,2.28,3.24733333333333,6.0,5.93,0.0278298322,good,good,False,False,17.0,5.12423678404063,,,,,,,,,,,,,,,,,,,,,,
occ_00356,happiness,happiness,list_word,T3,3,health,health,roediger2001_55::health,Roediger2001_55_15word_lists,"Roediger et al. (2001) 55-list DRM pool, augmented with uploaded 2024 supplementary workbook metrics",55 DRM list-Supplementary Material-08-16-24.xlsx; Roediger-et-al-2001b_PBR.pdf; RoedigerEtAl_2001.xlsx,3.09691001300806,,0.0,0.014,B,0.564079970831307,0.613089450656295,0.439323015710482,0.434032552197615,0.55,0.75,0.11,0.62,4.52666666666667,0.02,0.028,0.1392832880255583,1.27,3.31281182621209,3.24449577559953,2.28,3.24733333333333,6.0,5.93,0.0278298322,happiness,happiness,False,False,17.0,3.09691001300806,,,,,,,,,,,,,,,,,,,,,,
occ_00357,wealth,wealth,list_word,T4,4,health,health,roediger2001_55::health,Roediger2001_55_15word_lists,"Roediger et al. (2001) 55-list DRM pool, augmented with uploaded 2024 supplementary workbook metrics",55 DRM list-Supplementary Material-08-16-24.xlsx; Roediger-et-al-2001b_PBR.pdf; RoedigerEtAl_2001.xlsx,2.51188336097887,,0.022,0.021,B,0.564079970831307,0.613089450656295,0.439323015710482,0.434032552197615,0.55,0.75,0.11,0.62,4.52666666666667,0.02,0.028,0.1392832880255583,1.27,3.31281182621209,3.24449577559953,2.28,3.24733333333333,6.0,5.93,0.0278298322,wealth,wealth,False,False,17.0,2.51188336097887,,,,,,,,,,,,,,,,,,,,,,
occ_00358,ill,ill,list_word,T5,5,health,health,roediger2001_55::health,Roediger2001_55_15word_lists,"Roediger et al. (2001) 55-list DRM pool, augmented with uploaded 2024 supplementary workbook metrics",55 DRM list-Supplementary Material-08-16-24.xlsx; Roediger-et-al-2001b_PBR.pdf; RoedigerEtAl_2001.xlsx,3.03582982525283,,0.014,0.0,B,0.564079970831307,0.613089450656295,0.439323015710482,0.434032552197615,0.55,0.75,0.11,0.62,4.52666666666667,0.02,0.028,0.1392832880255583,1.27,3.31281182621209,3.24449577559953,2.28,3.24733333333333,6.0,5.93,0.0278298322,ill,ill,False,False,17.0,3.03582982525283,,,,,,,,,,,,,,,,,,,,,,
occ_00359,doctor,doctor,list_word,T6,6,health,health,roediger2001_55::health,Roediger2001_55_15word_lists,"Roediger et al. (2001) 55-list DRM pool, augmented with uploaded 2024 supplementary workbook metrics",55 DRM list-Supplementary Material-08-16-24.xlsx; Roediger-et-al-2001b_PBR.pdf; RoedigerEtAl_2001.xlsx,4.12910958622073,,0.02,0.049,B,0.564079970831307,0.613089450656295,0.439323015710482,0.434032552197615,0.55,0.75,0.11,0.62,4.52666666666667,0.02,0.028,0.1392832880255583,1.27,3.31281182621209,3.24449577559953,2.28,3.24733333333333,6.0,5.93,0.0278298322,doctor,doctor,False,False,17.0,4.12910958622073,,,,,,,,,,,,,,,,,,,,,,
occ_00360,service,service,list_word,T7,7,health,health,roediger2001_55::health,Roediger2001_55_15word_lists,"Roediger et al. (2001) 55-list DRM pool, augmented with uploaded 2024 supplementary workbook metrics",55 DRM list-Supplementary Material-08-16-24.xlsx; Roediger-et-al-2001b_PBR.pdf; RoedigerEtAl_2001.xlsx,3.61034071145216,,0.0,0.0,B,0.564079970831307,0.613089450656295,0.439323015710482,0.434032552197615,0.55,0.75,0.11,0.62,4.52666666666667,0.02,0.028,0.1392832880255583,1.27,3.31281182621209,3.24449577559953,2.28,3.24733333333333,6.0,5.93,0.0278298322,service,service,False,False,17.0,3.61034071145216,,,,,,,,,,,,,,,,,,,,,,
occ_00361,strong,strong,list_word,T8,8,health,health,roediger2001_55::health,Roediger2001_55_15word_lists,"Roediger et al. (2001) 55-list DRM pool, augmented with uploaded 2024 supplementary workbook metrics",55 DRM list-Supplementary Material-08-16-24.xlsx; Roediger-et-al-2001b_PBR.pdf; RoedigerEtAl_2001.xlsx,3.64650175003161,,0.0,0.0,B,0.564079970831307,0.613089450656295,0.439323015710482,0.434032552197615,0.55,0.75,0.11,0.62,4.52666666666667,0.02,0.028,0.1392832880255583,1.27,3.31281182621209,3.24449577559953,2.28,3.24733333333333,6.0,5.93,0.0278298322,strong,strong,False,False,17.0,3.64650175003161,,,,,,,,,,,,,,,,,,,,,,
occ_00362,hospital,hospital,list_word,T9,9,health,health,roediger2001_55::health,Roediger2001_55_15word_lists,"Roediger et al. (2001) 55-list DRM pool, augmented with uploaded 2024 supplementary workbook metrics",55 DRM list-Supplementary Material-08-16-24.xlsx; Roediger-et-al-2001b_PBR.pdf; RoedigerEtAl_2001.xlsx,3.80174661921946,,0.0,0.014,B,0.564079970831307,0.613089450656295,0.439323015710482,0.434032552197615,0.55,0.75,0.11,0.62,4.52666666666667,0.02,0.028,0.1392832880255583,1.27,3.31281182621209,3.24449577559953,2.28,3.24733333333333,6.0,5.93,0.0278298322,hospital,hospital,False,False,17.0,3.80174661921946,,,,,,,,,,,,,,,,,,,,,,
occ_00363,disease,disease,list_word,T10,10,health,health,roediger2001_55::health,Roediger2001_55_15word_lists,"Roediger et al. (2001) 55-list DRM pool, augmented with uploaded 2024 supplementary workbook metrics",55 DRM list-Supplementary Material-08-16-24.xlsx; Roediger-et-al-2001b_PBR.pdf; RoedigerEtAl_2001.xlsx,3.12580645813953,,0.0,0.021,B,0.564079970831307,0.613089450656295,0.439323015710482,0.434032552197615,0.55,0.75,0.11,0.62,4.52666666666667,0.02,0.028,0.1392832880255583,1.27,3.31281182621209,3.24449577559953,2.28,3.24733333333333,6.0,5.93,0.0278298322,disease,disease,False,False,17.0,3.12580645813953,,,,,,,,,,,,,,,,,,,,,,
occ_00364,body,body,list_word,T11,11,health,health,roediger2001_55::health,Roediger2001_55_15word_lists,"Roediger et al. (2001) 55-list DRM pool, augmented with uploaded 2024 supplementary workbook metrics",55 DRM list-Supplementary Material-08-16-24.xlsx; Roediger-et-al-2001b_PBR.pdf; RoedigerEtAl_2001.xlsx,3.99882581904029,,0.027,0.028,B,0.564079970831307,0.613089450656295,0.439323015710482,0.434032552197615,0.55,0.75,0.11,0.62,4.52666666666667,0.02,0.028,0.1392832880255583,1.27,3.31281182621209,3.24449577559953,2.28,3.24733333333333,6.0,5.93,0.0278298322,body,body,False,False,17.0,3.99882581904029,,,,,,,,,,,,,,,,,,,,,,
occ_00365,vigor,vigor,list_word,T12,12,health,health,roediger2001_55::health,Roediger2001_55_15word_lists,"Roediger et al. (2001) 55-list DRM pool, augmented with uploaded 2024 supplementary workbook metrics",55 DRM list-Supplementary Material-08-16-24.xlsx; Roediger-et-al-2001b_PBR.pdf; RoedigerEtAl_2001.xlsx,1.34242268082221,,0.0,0.0,B,0.564079970831307,0.613089450656295,0.439323015710482,0.434032552197615,0.55,0.75,0.11,0.62,4.52666666666667,0.02,0.028,0.1392832880255583,1.27,3.31281182621209,3.24449577559953,2.28,3.24733333333333,6.0,5.93,0.0278298322,vigor,vigor,True,False,17.0,1.34242268082221,,,,,,,,,,,,,,,,,,,,,,
occ_00366,center,center,list_word,T13,13,health,health,roediger2001_55::health,Roediger2001_55_15word_lists,"Roediger et al. (2001) 55-list DRM pool, augmented with uploaded 2024 supplementary workbook metrics",55 DRM list-Supplementary Material-08-16-24.xlsx; Roediger-et-al-2001b_PBR.pdf; RoedigerEtAl_2001.xlsx,3.36847283844036,,0.0,0.0,B,0.564079970831307,0.613089450656295,0.439323015710482,0.434032552197615,0.55,0.75,0.11,0.62,4.52666666666667,0.02,0.028,0.1392832880255583,1.27,3.31281182621209,3.24449577559953,2.28,3.24733333333333,6.0,5.93,0.0278298322,center,center,False,False,17.0,3.36847283844036,,,,,,,,,,,,,,,,,,,,,,
occ_00367,pain,pain,list_word,T14,14,health,health,roediger2001_55::health,Roediger2001_55_15word_lists,"Roediger et al. (2001) 55-list DRM pool, augmented with uploaded 2024 supplementary workbook metrics",55 DRM list-Supplementary Material-08-16-24.xlsx; Roediger-et-al-2001b_PBR.pdf; RoedigerEtAl_2001.xlsx,3.6986224297021,,0.0,0.0,B,0.564079970831307,0.613089450656295,0.439323015710482,0.434032552197615,0.55,0.75,0.11,0.62,4.52666666666667,0.02,0.028,0.1392832880255583,1.27,3.31281182621209,3.24449577559953,2.28,3.24733333333333,6.0,5.93,0.0278298322,pain,pain,False,False,17.0,3.6986224297021,,,,,,,,,,,,,,,,,,,,,,
occ_00368,robust,robust,list_word,T15,15,health,health,roediger2001_55::health,Roediger2001_55_15word_lists,"Roediger et al. (2001) 55-list DRM pool, augmented with uploaded 2024 supplementary workbook metrics",55 DRM list-Supplementary Material-08-16-24.xlsx; Roediger-et-al-2001b_PBR.pdf; RoedigerEtAl_2001.xlsx,1.56820172406699,,0.0,0.0,B,0.564079970831307,0.613089450656295,0.439323015710482,0.434032552197615,0.55,0.75,0.11,0.62,4.52666666666667,0.02,0.028,0.1392832880255583,1.27,3.31281182621209,3.24449577559953,2.28,3.24733333333333,6.0,5.93,0.0278298322,robust,robust,True,False,17.0,1.56820172406699,,,,,,,,,,,,,,,,,,,,,,
occ_00369,high,high,critical_distractor,CD,0,high,high,roediger2001_55::high,Roediger2001_55_15word_lists,"Roediger et al. (2001) 55-list DRM pool, augmented with uploaded 2024 supplementary workbook metrics",55 DRM list-Supplementary Material-08-16-24.xlsx; Roediger-et-al-2001b_PBR.pdf; RoedigerEtAl_2001.xlsx,3.99764845489621,,,,A,0.666666666666667,0.592592592592593,0.532804232804233,0.432804232804233,0.72,0.86,0.26,0.58,4.41333333333333,0.087,0.049,0.1620250346332136,1.47,3.99764845489621,3.34949529684099,3.46,4.04714285714286,4.0,4.8,0.0613939394,,,,,,3.99764845489621,,,,,,,,,,,,,,,,,,,,,,
occ_00370,low,low,list_word,T1,1,high,high,roediger2001_55::high,Roediger2001_55_15word_lists,"Roediger et al. (2001) 55-list DRM pool, augmented with uploaded 2024 supplementary workbook metrics",55 DRM list-Supplementary Material-08-16-24.xlsx; Roediger-et-al-2001b_PBR.pdf; RoedigerEtAl_2001.xlsx,3.47957531017499,,0.777,0.655,A,0.666666666666667,0.592592592592593,0.532804232804233,0.432804232804233,0.72,0.86,0.26,0.58,4.41333333333333,0.087,0.049,0.1620250346332136,1.47,3.99764845489621,3.34949529684099,3.46,4.04714285714286,4.0,4.8,0.0613939394,low,low,False,False,17.0,3.47957531017499,,,,,,,,,,,,,,,,,,,,,,
occ_00371,clouds,clouds,list_word,T2,2,high,high,roediger2001_55::high,Roediger2001_55_15word_lists,"Roediger et al. (2001) 55-list DRM pool, augmented with uploaded 2024 supplementary workbook metrics",55 DRM list-Supplementary Material-08-16-24.xlsx; Roediger-et-al-2001b_PBR.pdf; RoedigerEtAl_2001.xlsx,2.70926996097583,,0.0,0.0,A,0.666666666666667,0.592592592592593,0.532804232804233,0.432804232804233,0.72,0.86,0.26,0.58,4.41333333333333,0.087,0.049,0.1620250346332136,1.47,3.99764845489621,3.34949529684099,3.46,4.04714285714286,4.0,4.8,0.0613939394,clouds,clouds,True,False,17.0,2.70926996097583,,,,,,,,,,,,,,,,,,,,,,
occ_00372,up,up,list_word,T3,3,high,high,roediger2001_55::high,Roediger2001_55_15word_lists,"Roediger et al. (2001) 55-list DRM pool, augmented with uploaded 2024 supplementary workbook metrics",55 DRM list-Supplementary Material-08-16-24.xlsx; Roediger-et-al-2001b_PBR.pdf; RoedigerEtAl_2001.xlsx,5.27223856066483,,0.041,0.034,A,0.666666666666667,0.592592592592593,0.532804232804233,0.432804232804233,0.72,0.86,0.26,0.58,4.41333333333333,0.087,0.049,0.1620250346332136,1.47,3.99764845489621,3.34949529684099,3.46,4.04714285714286,4.0,4.8,0.0613939394,up,up,False,False,17.0,5.27223856066483,,,,,,,,,,,,,,,,,,,,,,
occ_00373,tall,tall,list_word,T4,4,high,high,roediger2001_55::high,Roediger2001_55_15word_lists,"Roediger et al. (2001) 55-list DRM pool, augmented with uploaded 2024 supplementary workbook metrics",55 DRM list-Supplementary Material-08-16-24.xlsx; Roediger-et-al-2001b_PBR.pdf; RoedigerEtAl_2001.xlsx,3.21748394421391,,0.0,0.02,A,0.666666666666667,0.592592592592593,0.532804232804233,0.432804232804233,0.72,0.86,0.26,0.58,4.41333333333333,0.087,0.049,0.1620250346332136,1.47,3.99764845489621,3.34949529684099,3.46,4.04714285714286,4.0,4.8,0.0613939394,tall,tall,False,False,17.0,3.21748394421391,,,,,,,,,,,,,,,,,,,,,,
occ_00374,tower,tower,list_word,T5,5,high,high,roediger2001_55::high,Roediger2001_55_15word_lists,"Roediger et al. (2001) 55-list DRM pool, augmented with uploaded 2024 supplementary workbook metrics",55 DRM list-Supplementary Material-08-16-24.xlsx; Roediger-et-al-2001b_PBR.pdf; RoedigerEtAl_2001.xlsx,3.066698550423,,0.079,0.0,A,0.666666666666667,0.592592592592593,0.532804232804233,0.432804232804233,0.72,0.86,0.26,0.58,4.41333333333333,0.087,0.049,0.1620250346332136,1.47,3.99764845489621,3.34949529684099,3.46,4.04714285714286,4.0,4.8,0.0613939394,tower,tower,False,False,17.0,3.066698550423,,,,,,,,,,,,,,,,,,,,,,
occ_00375,jump,jump,list_word,T6,6,high,high,roediger2001_55::high,Roediger2001_55_15word_lists,"Roediger et al. (2001) 55-list DRM pool, augmented with uploaded 2024 supplementary workbook metrics",55 DRM list-Supplementary Material-08-16-24.xlsx; Roediger-et-al-2001b_PBR.pdf; RoedigerEtAl_2001.xlsx,3.55169391512722,,0.072,0.0,A,0.666666666666667,0.592592592592593,0.532804232804233,0.432804232804233,0.72,0.86,0.26,0.58,4.41333333333333,0.087,0.049,0.1620250346332136,1.47,3.99764845489621,3.34949529684099,3.46,4.04714285714286,4.0,4.8,0.0613939394,jump,jump,False,False,17.0,3.55169391512722,,,,,,,,,,,,,,,,,,,,,,
occ_00376,above,above,list_word,T7,7,high,high,roediger2001_55::high,Roediger2001_55_15word_lists,"Roediger et al. (2001) 55-list DRM pool, augmented with uploaded 2024 supplementary workbook metrics",55 DRM list-Supplementary Material-08-16-24.xlsx; Roediger-et-al-2001b_PBR.pdf; RoedigerEtAl_2001.xlsx,3.39689644914252,,0.057,0.0,A,0.666666666666667,0.592592592592593,0.532804232804233,0.432804232804233,0.72,0.86,0.26,0.58,4.41333333333333,0.087,0.049,0.1620250346332136,1.47,3.99764845489621,3.34949529684099,3.46,4.04714285714286,4.0,4.8,0.0613939394,above,above,False,False,17.0,3.39689644914252,,,,,,,,,,,,,,,,,,,,,,
occ_00377,building,building,list_word,T8,8,high,high,roediger2001_55::high,Roediger2001_55_15word_lists,"Roediger et al. (2001) 55-list DRM pool, augmented with uploaded 2024 supplementary workbook metrics",55 DRM list-Supplementary Material-08-16-24.xlsx; Roediger-et-al-2001b_PBR.pdf; RoedigerEtAl_2001.xlsx,3.7057782128286,,0.0,0.0,A,0.666666666666667,0.592592592592593,0.532804232804233,0.432804232804233,0.72,0.86,0.26,0.58,4.41333333333333,0.087,0.049,0.1620250346332136,1.47,3.99764845489621,3.34949529684099,3.46,4.04714285714286,4.0,4.8,0.0613939394,building,building,False,False,17.0,3.7057782128286,,,,,,,,,,,,,,,,,,,,,,
occ_00378,moon,moon,list_word,T9,9,high,high,roediger2001_55::high,Roediger2001_55_15word_lists,"Roediger et al. (2001) 55-list DRM pool, augmented with uploaded 2024 supplementary workbook metrics",55 DRM list-Supplementary Material-08-16-24.xlsx; Roediger-et-al-2001b_PBR.pdf; RoedigerEtAl_2001.xlsx,3.40636983546927,,0.033,0.0,A,0.666666666666667,0.592592592592593,0.532804232804233,0.432804232804233,0.72,0.86,0.26,0.58,4.41333333333333,0.087,0.049,0.1620250346332136,1.47,3.99764845489621,3.34949529684099,3.46,4.04714285714286,4.0,4.8,0.0613939394,noon,noon,False,False,17.0,3.40636983546927,,,,,,,,,,,,,,,,,,,,,,
occ_00379,cliff,cliff,list_word,T10,10,high,high,roediger2001_55::high,Roediger2001_55_15word_lists,"Roediger et al. (2001) 55-list DRM pool, augmented with uploaded 2024 supplementary workbook metrics",55 DRM list-Supplementary Material-08-16-24.xlsx; Roediger-et-al-2001b_PBR.pdf; RoedigerEtAl_2001.xlsx,3.04178731897175,,0.028,0.0,A,0.666666666666667,0.592592592592593,0.532804232804233,0.432804232804233,0.72,0.86,0.26,0.58,4.41333333333333,0.087,0.049,0.1620250346332136,1.47,3.99764845489621,3.34949529684099,3.46,4.04714285714286,4.0,4.8,0.0613939394,cliff,cliff,False,False,17.0,3.04178731897175,,,,,,,,,,,,,,,,,,,,,,
occ_00380,sky,sky,list_word,T11,11,high,high,roediger2001_55::high,Roediger2001_55_15word_lists,"Roediger et al. (2001) 55-list DRM pool, augmented with uploaded 2024 supplementary workbook metrics",55 DRM list-Supplementary Material-08-16-24.xlsx; Roediger-et-al-2001b_PBR.pdf; RoedigerEtAl_2001.xlsx,3.35907622605926,,0.017,0.014,A,0.666666666666667,0.592592592592593,0.532804232804233,0.432804232804233,0.72,0.86,0.26,0.58,4.41333333333333,0.087,0.049,0.1620250346332136,1.47,3.99764845489621,3.34949529684099,3.46,4.04714285714286,4.0,4.8,0.0613939394,sky,sky,False,False,17.0,3.35907622605926,,,,,,,,,,,,,,,,,,,,,,
occ_00381,over,over,list_word,T12,12,high,high,roediger2001_55::high,Roediger2001_55_15word_lists,"Roediger et al. (2001) 55-list DRM pool, augmented with uploaded 2024 supplementary workbook metrics",55 DRM list-Supplementary Material-08-16-24.xlsx; Roediger-et-al-2001b_PBR.pdf; RoedigerEtAl_2001.xlsx,4.82923299314807,,0.0,0.0,A,0.666666666666667,0.592592592592593,0.532804232804233,0.432804232804233,0.72,0.86,0.26,0.58,4.41333333333333,0.087,0.049,0.1620250346332136,1.47,3.99764845489621,3.34949529684099,3.46,4.04714285714286,4.0,4.8,0.0613939394,over,over,False,False,17.0,4.82923299314807,,,,,,,,,,,,,,,,,,,,,,
occ_00382,airplane,airplane,list_word,T13,13,high,high,roediger2001_55::high,Roediger2001_55_15word_lists,"Roediger et al. (2001) 55-list DRM pool, augmented with uploaded 2024 supplementary workbook metrics",55 DRM list-Supplementary Material-08-16-24.xlsx; Roediger-et-al-2001b_PBR.pdf; RoedigerEtAl_2001.xlsx,2.74663419893758,,0.0,0.014,A,0.666666666666667,0.592592592592593,0.532804232804233,0.432804232804233,0.72,0.86,0.26,0.58,4.41333333333333,0.087,0.049,0.1620250346332136,1.47,3.99764845489621,3.34949529684099,3.46,4.04714285714286,4.0,4.8,0.0613939394,airplane,airplane,False,False,17.0,2.74663419893758,,,,,,,,,,,,,,,,,,,,,,
occ_00383,dive,dive,list_word,T14,14,high,high,roediger2001_55::high,Roediger2001_55_15word_lists,"Roediger et al. (2001) 55-list DRM pool, augmented with uploaded 2024 supplementary workbook metrics",55 DRM list-Supplementary Material-08-16-24.xlsx; Roediger-et-al-2001b_PBR.pdf; RoedigerEtAl_2001.xlsx,2.81624129999178,,0.028,0.0,A,0.666666666666667,0.592592592592593,0.532804232804233,0.432804232804233,0.72,0.86,0.26,0.58,4.41333333333333,0.087,0.049,0.1620250346332136,1.47,3.99764845489621,3.34949529684099,3.46,4.04714285714286,4.0,4.8,0.0613939394,dive,dive,False,False,17.0,2.81624129999178,,,,,,,,,,,,,,,,,,,,,,
occ_00384,elevate,elevate,list_word,T15,15,high,high,roediger2001_55::high,Roediger2001_55_15word_lists,"Roediger et al. (2001) 55-list DRM pool, augmented with uploaded 2024 supplementary workbook metrics",55 DRM list-Supplementary Material-08-16-24.xlsx; Roediger-et-al-2001b_PBR.pdf; RoedigerEtAl_2001.xlsx,1.64345267648619,,0.174,0.0,A,0.666666666666667,0.592592592592593,0.532804232804233,0.432804232804233,0.72,0.86,0.26,0.58,4.41333333333333,0.087,0.049,0.1620250346332136,1.47,3.99764845489621,3.34949529684099,3.46,4.04714285714286,4.0,4.8,0.0613939394,elevate,elevate,True,False,17.0,1.64345267648619,,,,,,,,,,,,,,,,,,,,,,
occ_00385,justice,justice,critical_distractor,CD,0,justice,justice,roediger2001_55::justice,Roediger2001_55_15word_lists,"Roediger et al. (2001) 55-list DRM pool, augmented with uploaded 2024 supplementary workbook metrics",55 DRM list-Supplementary Material-08-16-24.xlsx; Roediger-et-al-2001b_PBR.pdf; RoedigerEtAl_2001.xlsx,3.28126068705501,,,,A,0.748148148148148,0.708641975308642,0.5994708994709,0.526102292768959,0.76,0.74,0.3,0.59,5.97333333333333,0.026,0.044,0.1740204958884794,1.4,3.28126068705501,3.51214863816558,1.45,2.89714285714286,7.0,5.73,0.0094010856666666,,,,,,3.28126068705501,,,,,,,,,,,,,,,,,,,,,,
occ_00386,peace,peace,list_word,T1,1,justice,justice,roediger2001_55::justice,Roediger2001_55_15word_lists,"Roediger et al. (2001) 55-list DRM pool, augmented with uploaded 2024 supplementary workbook metrics",55 DRM list-Supplementary Material-08-16-24.xlsx; Roediger-et-al-2001b_PBR.pdf; RoedigerEtAl_2001.xlsx,3.55035067230162,,0.0,0.151,A,0.748148148148148,0.708641975308642,0.5994708994709,0.526102292768959,0.76,0.74,0.3,0.59,5.97333333333333,0.026,0.044,0.1740204958884794,1.4,3.28126068705501,3.51214863816558,1.45,2.89714285714286,7.0,5.73,0.0094010856666666,peace,peace,False,False,18.0,3.55035067230162,,,,,,,,,,,,,,,,,,,,,,
occ_00387,law,law,list_word,T2,2,justice,justice,roediger2001_55::justice,Roediger2001_55_15word_lists,"Roediger et al. (2001) 55-list DRM pool, augmented with uploaded 2024 supplementary workbook metrics",55 DRM list-Supplementary Material-08-16-24.xlsx; Roediger-et-al-2001b_PBR.pdf; RoedigerEtAl_2001.xlsx,3.77327434833745,,0.031,0.171,A,0.748148148148148,0.708641975308642,0.5994708994709,0.526102292768959,0.76,0.74,0.3,0.59,5.97333333333333,0.026,0.044,0.1740204958884794,1.4,3.28126068705501,3.51214863816558,1.45,2.89714285714286,7.0,5.73,0.0094010856666666,law,law,False,False,18.0,3.77327434833745,,,,,,,,,,,,,,,,,,,,,,
occ_00388,courts,courts,list_word,T3,3,justice,justice,roediger2001_55::justice,Roediger2001_55_15word_lists,"Roediger et al. (2001) 55-list DRM pool, augmented with uploaded 2024 supplementary workbook metrics",55 DRM list-Supplementary Material-08-16-24.xlsx; Roediger-et-al-2001b_PBR.pdf; RoedigerEtAl_2001.xlsx,2.47856649559384,,0.09,0.158,A,0.748148148148148,0.708641975308642,0.5994708994709,0.526102292768959,0.76,0.74,0.3,0.59,5.97333333333333,0.026,0.044,0.1740204958884794,1.4,3.28126068705501,3.51214863816558,1.45,2.89714285714286,7.0,5.73,0.0094010856666666,courts,courts,False,False,18.0,2.47856649559384,,,,,,,,,,,,,,,,,,,,,,
occ_00389,judge,judge,list_word,T4,4,justice,justice,roediger2001_55::justice,Roediger2001_55_15word_lists,"Roediger et al. (2001) 55-list DRM pool, augmented with uploaded 2024 supplementary workbook metrics",55 DRM list-Supplementary Material-08-16-24.xlsx; Roediger-et-al-2001b_PBR.pdf; RoedigerEtAl_2001.xlsx,3.60895369927586,,0.014,0.096,A,0.748148148148148,0.708641975308642,0.5994708994709,0.526102292768959,0.76,0.74,0.3,0.59,5.97333333333333,0.026,0.044,0.1740204958884794,1.4,3.28126068705501,3.51214863816558,1.45,2.89714285714286,7.0,5.73,0.0094010856666666,judge,judge,False,False,18.0,3.60895369927586,,,,,,,,,,,,,,,,,,,,,,
occ_00390,right,right,list_word,T5,5,justice,justice,roediger2001_55::justice,Roediger2001_55_15word_lists,"Roediger et al. (2001) 55-list DRM pool, augmented with uploaded 2024 supplementary workbook metrics",55 DRM list-Supplementary Material-08-16-24.xlsx; Roediger-et-al-2001b_PBR.pdf; RoedigerEtAl_2001.xlsx,5.31054250421518,,0.0,0.021,A,0.748148148148148,0.708641975308642,0.5994708994709,0.526102292768959,0.76,0.74,0.3,0.59,5.97333333333333,0.026,0.044,0.1740204958884794,1.4,3.28126068705501,3.51214863816558,1.45,2.89714285714286,7.0,5.73,0.0094010856666666,right,right,False,False,18.0,5.31054250421518,,,,,,,,,,,,,,,,,,,,,,
occ_00391,liberty,liberty,list_word,T6,6,justice,justice,roediger2001_55::justice,Roediger2001_55_15word_lists,"Roediger et al. (2001) 55-list DRM pool, augmented with uploaded 2024 supplementary workbook metrics",55 DRM list-Supplementary Material-08-16-24.xlsx; Roediger-et-al-2001b_PBR.pdf; RoedigerEtAl_2001.xlsx,2.92941892571429,,0.113,0.021,A,0.748148148148148,0.708641975308642,0.5994708994709,0.526102292768959,0.76,0.74,0.3,0.59,5.97333333333333,0.026,0.044,0.1740204958884794,1.4,3.28126068705501,3.51214863816558,1.45,2.89714285714286,7.0,5.73,0.0094010856666666,liberty,liberty,False,False,18.0,2.92941892571429,,,,,,,,,,,,,,,,,,,,,,
occ_00392,government,government,list_word,T7,7,justice,justice,roediger2001_55::justice,Roediger2001_55_15word_lists,"Roediger et al. (2001) 55-list DRM pool, augmented with uploaded 2024 supplementary workbook metrics",55 DRM list-Supplementary Material-08-16-24.xlsx; Roediger-et-al-2001b_PBR.pdf; RoedigerEtAl_2001.xlsx,3.52218331761869,,0.0,0.0,A,0.748148148148148,0.708641975308642,0.5994708994709,0.526102292768959,0.76,0.74,0.3,0.59,5.97333333333333,0.026,0.044,0.1740204958884794,1.4,3.28126068705501,3.51214863816558,1.45,2.89714285714286,7.0,5.73,0.0094010856666666,government,government,False,False,18.0,3.52218331761869,,,,,,,,,,,,,,,,,,,,,,
occ_00393,jury,jury,list_word,T8,8,justice,justice,roediger2001_55::justice,Roediger2001_55_15word_lists,"Roediger et al. (2001) 55-list DRM pool, augmented with uploaded 2024 supplementary workbook metrics",55 DRM list-Supplementary Material-08-16-24.xlsx; Roediger-et-al-2001b_PBR.pdf; RoedigerEtAl_2001.xlsx,3.33885474625232,,0.0,0.0,A,0.748148148148148,0.708641975308642,0.5994708994709,0.526102292768959,0.76,0.74,0.3,0.59,5.97333333333333,0.026,0.044,0.1740204958884794,1.4,3.28126068705501,3.51214863816558,1.45,2.89714285714286,7.0,5.73,0.0094010856666666,jury,jury,False,False,18.0,3.33885474625232,,,,,,,,,,,,,,,,,,,,,,
occ_00394,truth,truth,list_word,T9,9,justice,justice,roediger2001_55::justice,Roediger2001_55_15word_lists,"Roediger et al. (2001) 55-list DRM pool, augmented with uploaded 2024 supplementary workbook metrics",55 DRM list-Supplementary Material-08-16-24.xlsx; Roediger-et-al-2001b_PBR.pdf; RoedigerEtAl_2001.xlsx,3.99131469817661,,0.082,0.0,A,0.748148148148148,0.708641975308642,0.5994708994709,0.526102292768959,0.76,0.74,0.3,0.59,5.97333333333333,0.026,0.044,0.1740204958884794,1.4,3.28126068705501,3.51214863816558,1.45,2.89714285714286,7.0,5.73,0.0094010856666666,truth,truth,False,False,18.0,3.99131469817661,,,,,,,,,,,,,,,,,,,,,,
occ_00395,blind,blind,list_word,T10,10,justice,justice,roediger2001_55::justice,Roediger2001_55_15word_lists,"Roediger et al. (2001) 55-list DRM pool, augmented with uploaded 2024 supplementary workbook metrics",55 DRM list-Supplementary Material-08-16-24.xlsx; Roediger-et-al-2001b_PBR.pdf; RoedigerEtAl_2001.xlsx,3.36884450682582,,0.0,0.0,A,0.748148148148148,0.708641975308642,0.5994708994709,0.526102292768959,0.76,0.74,0.3,0.59,5.97333333333333,0.026,0.044,0.1740204958884794,1.4,3.28126068705501,3.51214863816558,1.45,2.89714285714286,7.0,5.73,0.0094010856666666,blind,blind,False,False,18.0,3.36884450682582,,,,,,,,,,,,,,,,,,,,,,
occ_00396,fair,fair,list_word,T11,11,justice,justice,roediger2001_55::justice,Roediger2001_55_15word_lists,"Roediger et al. (2001) 55-list DRM pool, augmented with uploaded 2024 supplementary workbook metrics",55 DRM list-Supplementary Material-08-16-24.xlsx; Roediger-et-al-2001b_PBR.pdf; RoedigerEtAl_2001.xlsx,3.68421679513888,,0.03,0.027,A,0.748148148148148,0.708641975308642,0.5994708994709,0.526102292768959,0.76,0.74,0.3,0.59,5.97333333333333,0.026,0.044,0.1740204958884794,1.4,3.28126068705501,3.51214863816558,1.45,2.89714285714286,7.0,5.73,0.0094010856666666,fair,fair,False,False,18.0,3.68421679513888,,,,,,,,,,,,,,,,,,,,,,
occ_00397,supreme,supreme,list_word,T12,12,justice,justice,roediger2001_55::justice,Roediger2001_55_15word_lists,"Roediger et al. (2001) 55-list DRM pool, augmented with uploaded 2024 supplementary workbook metrics",55 DRM list-Supplementary Material-08-16-24.xlsx; Roediger-et-al-2001b_PBR.pdf; RoedigerEtAl_2001.xlsx,2.65127801399814,,0.021,0.0,A,0.748148148148148,0.708641975308642,0.5994708994709,0.526102292768959,0.76,0.74,0.3,0.59,5.97333333333333,0.026,0.044,0.1740204958884794,1.4,3.28126068705501,3.51214863816558,1.45,2.89714285714286,7.0,5.73,0.0094010856666666,supreme,supreme,True,False,18.0,2.65127801399814,,,,,,,,,,,,,,,,,,,,,,
occ_00398,crime,crime,list_word,T13,13,justice,justice,roediger2001_55::justice,Roediger2001_55_15word_lists,"Roediger et al. (2001) 55-list DRM pool, augmented with uploaded 2024 supplementary workbook metrics",55 DRM list-Supplementary Material-08-16-24.xlsx; Roediger-et-al-2001b_PBR.pdf; RoedigerEtAl_2001.xlsx,3.56038492297202,,0.014,0.021,A,0.748148148148148,0.708641975308642,0.5994708994709,0.526102292768959,0.76,0.74,0.3,0.59,5.97333333333333,0.026,0.044,0.1740204958884794,1.4,3.28126068705501,3.51214863816558,1.45,2.89714285714286,7.0,5.73,0.0094010856666666,crime,crime,False,False,18.0,3.56038492297202,,,,,,,,,,,,,,,,,,,,,,
occ_00399,department,department,list_word,T14,14,justice,justice,roediger2001_55::justice,Roediger2001_55_15word_lists,"Roediger et al. (2001) 55-list DRM pool, augmented with uploaded 2024 supplementary workbook metrics",55 DRM list-Supplementary Material-08-16-24.xlsx; Roediger-et-al-2001b_PBR.pdf; RoedigerEtAl_2001.xlsx,3.51281775856487,,0.0,0.0,A,0.748148148148148,0.708641975308642,0.5994708994709,0.526102292768959,0.76,0.74,0.3,0.59,5.97333333333333,0.026,0.044,0.1740204958884794,1.4,3.28126068705501,3.51214863816558,1.45,2.89714285714286,7.0,5.73,0.0094010856666666,department,department,False,False,18.0,3.51281775856487,,,,,,,,,,,,,,,,,,,,,,
occ_00400,trial,trial,list_word,T15,15,justice,justice,roediger2001_55::justice,Roediger2001_55_15word_lists,"Roediger et al. (2001) 55-list DRM pool, augmented with uploaded 2024 supplementary workbook metrics",55 DRM list-Supplementary Material-08-16-24.xlsx; Roediger-et-al-2001b_PBR.pdf; RoedigerEtAl_2001.xlsx,3.40122816749811,,0.0,0.0,A,0.748148148148148,0.708641975308642,0.5994708994709,0.526102292768959,0.76,0.74,0.3,0.59,5.97333333333333,0.026,0.044,0.1740204958884794,1.4,3.28126068705501,3.51214863816558,1.45,2.89714285714286,7.0,5.73,0.0094010856666666,trial,trial,False,False,18.0,3.40122816749811,,,,,,,,,,,,,,,,,,,,,,
occ_00401,king,king,critical_distractor,CD,0,king,king,roediger2001_55::king,Roediger2001_55_15word_lists,"Roediger et al. (2001) 55-list DRM pool, augmented with uploaded 2024 supplementary workbook metrics",55 DRM list-Supplementary Material-08-16-24.xlsx; Roediger-et-al-2001b_PBR.pdf; RoedigerEtAl_2001.xlsx,3.8190830757437,,,,"A, B, C mean",0.516067538126362,0.793287629061286,0.3771448914019853,0.58765239414193,0.27,0.82,0.1,0.65,6.08666666666667,0.23,0.059,0.2061888885273715,2.07,3.8190830757437,2.87264779465509,4.1,4.00083333333333,4.0,5.93,0.1859918917333333,,,,,,3.8190830757437,,,,,,,,,,,,,,,,,,,,,,
occ_00402,queen,queen,list_word,T1,1,king,king,roediger2001_55::king,Roediger2001_55_15word_lists,"Roediger et al. (2001) 55-list DRM pool, augmented with uploaded 2024 supplementary workbook metrics",55 DRM list-Supplementary Material-08-16-24.xlsx; Roediger-et-al-2001b_PBR.pdf; RoedigerEtAl_2001.xlsx,3.4456042032736,,0.73,0.772,"A, B, C mean",0.516067538126362,0.793287629061286,0.3771448914019853,0.58765239414193,0.27,0.82,0.1,0.65,6.08666666666667,0.23,0.059,0.2061888885273715,2.07,3.8190830757437,2.87264779465509,4.1,4.00083333333333,4.0,5.93,0.1859918917333333,queen,queen,False,False,18.0,3.4456042032736,,,,,,,,,,,,,,,,,,,,,,
occ_00403,england,england,list_word,T2,2,king,king,roediger2001_55::king,Roediger2001_55_15word_lists,"Roediger et al. (2001) 55-list DRM pool, augmented with uploaded 2024 supplementary workbook metrics",55 DRM list-Supplementary Material-08-16-24.xlsx; Roediger-et-al-2001b_PBR.pdf; RoedigerEtAl_2001.xlsx,3.25454807710897,,0.0,0.0,"A, B, C mean",0.516067538126362,0.793287629061286,0.3771448914019853,0.58765239414193,0.27,0.82,0.1,0.65,6.08666666666667,0.23,0.059,0.2061888885273715,2.07,3.8190830757437,2.87264779465509,4.1,4.00083333333333,4.0,5.93,0.1859918917333333,England,england,False,False,18.0,3.25454807710897,,,,,,,,,,,,,,,,,,,,,,
occ_00404,crown,crown,list_word,T3,3,king,king,roediger2001_55::king,Roediger2001_55_15word_lists,"Roediger et al. (2001) 55-list DRM pool, augmented with uploaded 2024 supplementary workbook metrics",55 DRM list-Supplementary Material-08-16-24.xlsx; Roediger-et-al-2001b_PBR.pdf; RoedigerEtAl_2001.xlsx,2.84447717574568,,0.471,0.016,"A, B, C mean",0.516067538126362,0.793287629061286,0.3771448914019853,0.58765239414193,0.27,0.82,0.1,0.65,6.08666666666667,0.23,0.059,0.2061888885273715,2.07,3.8190830757437,2.87264779465509,4.1,4.00083333333333,4.0,5.93,0.1859918917333333,crown,crown,False,False,18.0,2.84447717574568,,,,,,,,,,,,,,,,,,,,,,
occ_00405,prince,prince,list_word,T4,4,king,king,roediger2001_55::king,Roediger2001_55_15word_lists,"Roediger et al. (2001) 55-list DRM pool, augmented with uploaded 2024 supplementary workbook metrics",55 DRM list-Supplementary Material-08-16-24.xlsx; Roediger-et-al-2001b_PBR.pdf; RoedigerEtAl_2001.xlsx,3.36172783601759,,0.134,0.016,"A, B, C mean",0.516067538126362,0.793287629061286,0.3771448914019853,0.58765239414193,0.27,0.82,0.1,0.65,6.08666666666667,0.23,0.059,0.2061888885273715,2.07,3.8190830757437,2.87264779465509,4.1,4.00083333333333,4.0,5.93,0.1859918917333333,prince,prince,False,False,18.0,3.36172783601759,,,,,,,,,,,,,,,,,,,,,,
occ_00406,george,george,list_word,T5,5,king,king,roediger2001_55::king,Roediger2001_55_15word_lists,"Roediger et al. (2001) 55-list DRM pool, augmented with uploaded 2024 supplementary workbook metrics",55 DRM list-Supplementary Material-08-16-24.xlsx; Roediger-et-al-2001b_PBR.pdf; RoedigerEtAl_2001.xlsx,3.87361119699647,,0.02,0.0,"A, B, C mean",0.516067538126362,0.793287629061286,0.3771448914019853,0.58765239414193,0.27,0.82,0.1,0.65,6.08666666666667,0.23,0.059,0.2061888885273715,2.07,3.8190830757437,2.87264779465509,4.1,4.00083333333333,4.0,5.93,0.1859918917333333,George,george,False,False,18.0,3.87361119699647,,,,,,,,,,,,,,,,,,,,,,
occ_00407,dictator,dictator,list_word,T6,6,king,king,roediger2001_55::king,Roediger2001_55_15word_lists,"Roediger et al. (2001) 55-list DRM pool, augmented with uploaded 2024 supplementary workbook metrics",55 DRM list-Supplementary Material-08-16-24.xlsx; Roediger-et-al-2001b_PBR.pdf; RoedigerEtAl_2001.xlsx,2.03742649794062,,0.023,0.0,"A, B, C mean",0.516067538126362,0.793287629061286,0.3771448914019853,0.58765239414193,0.27,0.82,0.1,0.65,6.08666666666667,0.23,0.059,0.2061888885273715,2.07,3.8190830757437,2.87264779465509,4.1,4.00083333333333,4.0,5.93,0.1859918917333333,dictator,dictator,False,False,18.0,2.03742649794062,,,,,,,,,,,,,,,,,,,,,,
occ_00408,palace,palace,list_word,T7,7,king,king,roediger2001_55::king,Roediger2001_55_15word_lists,"Roediger et al. (2001) 55-list DRM pool, augmented with uploaded 2024 supplementary workbook metrics",55 DRM list-Supplementary Material-08-16-24.xlsx; Roediger-et-al-2001b_PBR.pdf; RoedigerEtAl_2001.xlsx,2.99122607569249,,0.159,0.0,"A, B, C mean",0.516067538126362,0.793287629061286,0.3771448914019853,0.58765239414193,0.27,0.82,0.1,0.65,6.08666666666667,0.23,0.059,0.2061888885273715,2.07,3.8190830757437,2.87264779465509,4.1,4.00083333333333,4.0,5.93,0.1859918917333333,palace,palace,False,False,18.0,2.99122607569249,,,,,,,,,,,,,,,,,,,,,,
occ_00409,throne,throne,list_word,T8,8,king,king,roediger2001_55::king,Roediger2001_55_15word_lists,"Roediger et al. (2001) 55-list DRM pool, augmented with uploaded 2024 supplementary workbook metrics",55 DRM list-Supplementary Material-08-16-24.xlsx; Roediger-et-al-2001b_PBR.pdf; RoedigerEtAl_2001.xlsx,2.64542226934909,,0.759,0.0,"A, B, C mean",0.516067538126362,0.793287629061286,0.3771448914019853,0.58765239414193,0.27,0.82,0.1,0.65,6.08666666666667,0.23,0.059,0.2061888885273715,2.07,3.8190830757437,2.87264779465509,4.1,4.00083333333333,4.0,5.93,0.1859918917333333,throne,throne,False,False,18.0,2.64542226934909,,,,,,,,,,,,,,,,,,,,,,
occ_00410,chess,chess,list_word,T9,9,king,king,roediger2001_55::king,Roediger2001_55_15word_lists,"Roediger et al. (2001) 55-list DRM pool, augmented with uploaded 2024 supplementary workbook metrics",55 DRM list-Supplementary Material-08-16-24.xlsx; Roediger-et-al-2001b_PBR.pdf; RoedigerEtAl_2001.xlsx,2.58092497567562,,0.092,0.0,"A, B, C mean",0.516067538126362,0.793287629061286,0.3771448914019853,0.58765239414193,0.27,0.82,0.1,0.65,6.08666666666667,0.23,0.059,0.2061888885273715,2.07,3.8190830757437,2.87264779465509,4.1,4.00083333333333,4.0,5.93,0.1859918917333333,chess,chess,False,False,18.0,2.58092497567562,,,,,,,,,,,,,,,,,,,,,,
occ_00411,rule,rule,list_word,T10,10,king,king,roediger2001_55::king,Roediger2001_55_15word_lists,"Roediger et al. (2001) 55-list DRM pool, augmented with uploaded 2024 supplementary workbook metrics",55 DRM list-Supplementary Material-08-16-24.xlsx; Roediger-et-al-2001b_PBR.pdf; RoedigerEtAl_2001.xlsx,3.39022836246913,,0.014,0.031,"A, B, C mean",0.516067538126362,0.793287629061286,0.3771448914019853,0.58765239414193,0.27,0.82,0.1,0.65,6.08666666666667,0.23,0.059,0.2061888885273715,2.07,3.8190830757437,2.87264779465509,4.1,4.00083333333333,4.0,5.93,0.1859918917333333,rule,rule,False,False,18.0,3.39022836246913,,,,,,,,,,,,,,,,,,,,,,
occ_00412,subjects,subjects,list_word,T11,11,king,king,roediger2001_55::king,Roediger2001_55_15word_lists,"Roediger et al. (2001) 55-list DRM pool, augmented with uploaded 2024 supplementary workbook metrics",55 DRM list-Supplementary Material-08-16-24.xlsx; Roediger-et-al-2001b_PBR.pdf; RoedigerEtAl_2001.xlsx,2.55144999797288,,0.0,0.0,"A, B, C mean",0.516067538126362,0.793287629061286,0.3771448914019853,0.58765239414193,0.27,0.82,0.1,0.65,6.08666666666667,0.23,0.059,0.2061888885273715,2.07,3.8190830757437,2.87264779465509,4.1,4.00083333333333,4.0,5.93,0.1859918917333333,subjects,subjects,True,False,18.0,2.55144999797288,,,,,,,,,,,,,,,,,,,,,,
occ_00413,monarch,monarch,list_word,T12,12,king,king,roediger2001_55::king,Roediger2001_55_15word_lists,"Roediger et al. (2001) 55-list DRM pool, augmented with uploaded 2024 supplementary workbook metrics",55 DRM list-Supplementary Material-08-16-24.xlsx; Roediger-et-al-2001b_PBR.pdf; RoedigerEtAl_2001.xlsx,1.63346845557959,,0.317,0.039,"A, B, C mean",0.516067538126362,0.793287629061286,0.3771448914019853,0.58765239414193,0.27,0.82,0.1,0.65,6.08666666666667,0.23,0.059,0.2061888885273715,2.07,3.8190830757437,2.87264779465509,4.1,4.00083333333333,4.0,5.93,0.1859918917333333,monarch,monarch,False,False,18.0,1.63346845557959,,,,,,,,,,,,,,,,,,,,,,
occ_00414,royal,royal,list_word,T13,13,king,king,roediger2001_55::king,Roediger2001_55_15word_lists,"Roediger et al. (2001) 55-list DRM pool, augmented with uploaded 2024 supplementary workbook metrics",55 DRM list-Supplementary Material-08-16-24.xlsx; Roediger-et-al-2001b_PBR.pdf; RoedigerEtAl_2001.xlsx,3.07408468902824,,0.315,0.016,"A, B, C mean",0.516067538126362,0.793287629061286,0.3771448914019853,0.58765239414193,0.27,0.82,0.1,0.65,6.08666666666667,0.23,0.059,0.2061888885273715,2.07,3.8190830757437,2.87264779465509,4.1,4.00083333333333,4.0,5.93,0.1859918917333333,royal,royal,False,False,18.0,3.07408468902824,,,,,,,,,,,,,,,,,,,,,,
occ_00415,leader,leader,list_word,T14,14,king,king,roediger2001_55::king,Roediger2001_55_15word_lists,"Roediger et al. (2001) 55-list DRM pool, augmented with uploaded 2024 supplementary workbook metrics",55 DRM list-Supplementary Material-08-16-24.xlsx; Roediger-et-al-2001b_PBR.pdf; RoedigerEtAl_2001.xlsx,3.20139712432045,,0.034,0.0,"A, B, C mean",0.516067538126362,0.793287629061286,0.3771448914019853,0.58765239414193,0.27,0.82,0.1,0.65,6.08666666666667,0.23,0.059,0.2061888885273715,2.07,3.8190830757437,2.87264779465509,4.1,4.00083333333333,4.0,5.93,0.1859918917333333,leader,leader,False,False,18.0,3.20139712432045,,,,,,,,,,,,,,,,,,,,,,
occ_00416,reign,reign,list_word,T15,15,king,king,roediger2001_55::king,Roediger2001_55_15word_lists,"Roediger et al. (2001) 55-list DRM pool, augmented with uploaded 2024 supplementary workbook metrics",55 DRM list-Supplementary Material-08-16-24.xlsx; Roediger-et-al-2001b_PBR.pdf; RoedigerEtAl_2001.xlsx,2.20411998265592,,0.383,0.0,"A, B, C mean",0.516067538126362,0.793287629061286,0.3771448914019853,0.58765239414193,0.27,0.82,0.1,0.65,6.08666666666667,0.23,0.059,0.2061888885273715,2.07,3.8190830757437,2.87264779465509,4.1,4.00083333333333,4.0,5.93,0.1859918917333333,reign,reign,True,False,18.0,2.20411998265592,,,,,,,,,,,,,,,,,,,,,,
occ_00417,lamp,lamp,critical_distractor,CD,0,lamp,lamp,roediger2001_55::lamp,Roediger2001_55_15word_lists,"Roediger et al. (2001) 55-list DRM pool, augmented with uploaded 2024 supplementary workbook metrics",55 DRM list-Supplementary Material-08-16-24.xlsx; Roediger-et-al-2001b_PBR.pdf; RoedigerEtAl_2001.xlsx,2.81822589361396,,,,A,0.518518518518518,0.703703703703704,0.398412698412698,0.529100529100529,0.63,0.82,0.14,0.61,4.60666666666667,0.006,0.063,0.1388424470065531,0.73,2.81822589361396,3.50994159239782,4.97,4.234,4.0,4.47,0.0114482237333333,,,,,,2.81822589361396,,,,,,,,,,,,,,,,,,,,,,
occ_00418,light,light,list_word,T1,1,lamp,lamp,roediger2001_55::lamp,Roediger2001_55_15word_lists,"Roediger et al. (2001) 55-list DRM pool, augmented with uploaded 2024 supplementary workbook metrics",55 DRM list-Supplementary Material-08-16-24.xlsx; Roediger-et-al-2001b_PBR.pdf; RoedigerEtAl_2001.xlsx,3.92562145479083,,0.02,0.769,A,0.518518518518518,0.703703703703704,0.398412698412698,0.529100529100529,0.63,0.82,0.14,0.61,4.60666666666667,0.006,0.063,0.1388424470065531,0.73,2.81822589361396,3.50994159239782,4.97,4.234,4.0,4.47,0.0114482237333333,light,light,False,False,18.0,3.92562145479083,,,,,,,,,,,,,,,,,,,,,,
occ_00419,shade,shade,list_word,T2,2,lamp,lamp,roediger2001_55::lamp,Roediger2001_55_15word_lists,"Roediger et al. (2001) 55-list DRM pool, augmented with uploaded 2024 supplementary workbook metrics",55 DRM list-Supplementary Material-08-16-24.xlsx; Roediger-et-al-2001b_PBR.pdf; RoedigerEtAl_2001.xlsx,2.48429983934679,,0.028,0.058,A,0.518518518518518,0.703703703703704,0.398412698412698,0.529100529100529,0.63,0.82,0.14,0.61,4.60666666666667,0.006,0.063,0.1388424470065531,0.73,2.81822589361396,3.50994159239782,4.97,4.234,4.0,4.47,0.0114482237333333,shade,shade,False,False,18.0,2.48429983934679,,,,,,,,,,,,,,,,,,,,,,
occ_00420,table,table,list_word,T3,3,lamp,lamp,roediger2001_55::lamp,Roediger2001_55_15word_lists,"Roediger et al. (2001) 55-list DRM pool, augmented with uploaded 2024 supplementary workbook metrics",55 DRM list-Supplementary Material-08-16-24.xlsx; Roediger-et-al-2001b_PBR.pdf; RoedigerEtAl_2001.xlsx,3.73142758705095,,0.0,0.019,A,0.518518518518518,0.703703703703704,0.398412698412698,0.529100529100529,0.63,0.82,0.14,0.61,4.60666666666667,0.006,0.063,0.1388424470065531,0.73,2.81822589361396,3.50994159239782,4.97,4.234,4.0,4.47,0.0114482237333333,table,table,False,False,18.0,3.73142758705095,,,,,,,,,,,,,,,,,,,,,,
occ_00421,bulb,bulb,list_word,T4,4,lamp,lamp,roediger2001_55::lamp,Roediger2001_55_15word_lists,"Roediger et al. (2001) 55-list DRM pool, augmented with uploaded 2024 supplementary workbook metrics",55 DRM list-Supplementary Material-08-16-24.xlsx; Roediger-et-al-2001b_PBR.pdf; RoedigerEtAl_2001.xlsx,2.30319605742049,,0.014,0.045,A,0.518518518518518,0.703703703703704,0.398412698412698,0.529100529100529,0.63,0.82,0.14,0.61,4.60666666666667,0.006,0.063,0.1388424470065531,0.73,2.81822589361396,3.50994159239782,4.97,4.234,4.0,4.47,0.0114482237333333,bulb,bulb,False,False,18.0,2.30319605742049,,,,,,,,,,,,,,,,,,,,,,
occ_00422,post,post,list_word,T5,5,lamp,lamp,roediger2001_55::lamp,Roediger2001_55_15word_lists,"Roediger et al. (2001) 55-list DRM pool, augmented with uploaded 2024 supplementary workbook metrics",55 DRM list-Supplementary Material-08-16-24.xlsx; Roediger-et-al-2001b_PBR.pdf; RoedigerEtAl_2001.xlsx,3.21879799811174,,0.0,0.026,A,0.518518518518518,0.703703703703704,0.398412698412698,0.529100529100529,0.63,0.82,0.14,0.61,4.60666666666667,0.006,0.063,0.1388424470065531,0.73,2.81822589361396,3.50994159239782,4.97,4.234,4.0,4.47,0.0114482237333333,post,post,False,False,18.0,3.21879799811174,,,,,,,,,,,,,,,,,,,,,,
occ_00423,black,black,list_word,T6,6,lamp,lamp,roediger2001_55::lamp,Roediger2001_55_15word_lists,"Roediger et al. (2001) 55-list DRM pool, augmented with uploaded 2024 supplementary workbook metrics",55 DRM list-Supplementary Material-08-16-24.xlsx; Roediger-et-al-2001b_PBR.pdf; RoedigerEtAl_2001.xlsx,3.93277807006055,,0.0,0.0,A,0.518518518518518,0.703703703703704,0.398412698412698,0.529100529100529,0.63,0.82,0.14,0.61,4.60666666666667,0.006,0.063,0.1388424470065531,0.73,2.81822589361396,3.50994159239782,4.97,4.234,4.0,4.47,0.0114482237333333,black,black,False,False,18.0,3.93277807006055,,,,,,,,,,,,,,,,,,,,,,
occ_00424,cord,cord,list_word,T7,7,lamp,lamp,roediger2001_55::lamp,Roediger2001_55_15word_lists,"Roediger et al. (2001) 55-list DRM pool, augmented with uploaded 2024 supplementary workbook metrics",55 DRM list-Supplementary Material-08-16-24.xlsx; Roediger-et-al-2001b_PBR.pdf; RoedigerEtAl_2001.xlsx,2.55509444857832,,0.0,0.0,A,0.518518518518518,0.703703703703704,0.398412698412698,0.529100529100529,0.63,0.82,0.14,0.61,4.60666666666667,0.006,0.063,0.1388424470065531,0.73,2.81822589361396,3.50994159239782,4.97,4.234,4.0,4.47,0.0114482237333333,cord,cord,False,False,18.0,2.55509444857832,,,,,,,,,,,,,,,,,,,,,,
occ_00425,desk,desk,list_word,T8,8,lamp,lamp,roediger2001_55::lamp,Roediger2001_55_15word_lists,"Roediger et al. (2001) 55-list DRM pool, augmented with uploaded 2024 supplementary workbook metrics",55 DRM list-Supplementary Material-08-16-24.xlsx; Roediger-et-al-2001b_PBR.pdf; RoedigerEtAl_2001.xlsx,3.35024801833416,,0.034,0.019,A,0.518518518518518,0.703703703703704,0.398412698412698,0.529100529100529,0.63,0.82,0.14,0.61,4.60666666666667,0.006,0.063,0.1388424470065531,0.73,2.81822589361396,3.50994159239782,4.97,4.234,4.0,4.47,0.0114482237333333,desk,desk,False,False,18.0,3.35024801833416,,,,,,,,,,,,,,,,,,,,,,
occ_00426,bright,bright,list_word,T9,9,lamp,lamp,roediger2001_55::lamp,Roediger2001_55_15word_lists,"Roediger et al. (2001) 55-list DRM pool, augmented with uploaded 2024 supplementary workbook metrics",55 DRM list-Supplementary Material-08-16-24.xlsx; Roediger-et-al-2001b_PBR.pdf; RoedigerEtAl_2001.xlsx,3.35525990552738,,0.0,0.0,A,0.518518518518518,0.703703703703704,0.398412698412698,0.529100529100529,0.63,0.82,0.14,0.61,4.60666666666667,0.006,0.063,0.1388424470065531,0.73,2.81822589361396,3.50994159239782,4.97,4.234,4.0,4.47,0.0114482237333333,bright,bright,False,False,18.0,3.35525990552738,,,,,,,,,,,,,,,,,,,,,,
occ_00427,lighter,lighter,list_word,T10,10,lamp,lamp,roediger2001_55::lamp,Roediger2001_55_15word_lists,"Roediger et al. (2001) 55-list DRM pool, augmented with uploaded 2024 supplementary workbook metrics",55 DRM list-Supplementary Material-08-16-24.xlsx; Roediger-et-al-2001b_PBR.pdf; RoedigerEtAl_2001.xlsx,2.66086547800387,,0.0,0.0,A,0.518518518518518,0.703703703703704,0.398412698412698,0.529100529100529,0.63,0.82,0.14,0.61,4.60666666666667,0.006,0.063,0.1388424470065531,0.73,2.81822589361396,3.50994159239782,4.97,4.234,4.0,4.47,0.0114482237333333,lighter,lighter,False,False,18.0,2.66086547800387,,,,,,,,,,,,,,,,,,,,,,
occ_00428,read,read,list_word,T11,11,lamp,lamp,roediger2001_55::lamp,Roediger2001_55_15word_lists,"Roediger et al. (2001) 55-list DRM pool, augmented with uploaded 2024 supplementary workbook metrics",55 DRM list-Supplementary Material-08-16-24.xlsx; Roediger-et-al-2001b_PBR.pdf; RoedigerEtAl_2001.xlsx,4.09001102400715,,0.0,0.0,A,0.518518518518518,0.703703703703704,0.398412698412698,0.529100529100529,0.63,0.82,0.14,0.61,4.60666666666667,0.006,0.063,0.1388424470065531,0.73,2.81822589361396,3.50994159239782,4.97,4.234,4.0,4.47,0.0114482237333333,read,read,False,False,18.0,4.09001102400715,,,,,,,,,,,,,,,,,,,,,,
occ_00429,on,on,list_word,T12,12,lamp,lamp,roediger2001_55::lamp,Roediger2001_55_15word_lists,"Roediger et al. (2001) 55-list DRM pool, augmented with uploaded 2024 supplementary workbook metrics",55 DRM list-Supplementary Material-08-16-24.xlsx; Roediger-et-al-2001b_PBR.pdf; RoedigerEtAl_2001.xlsx,5.54991383445688,,0.0,0.0,A,0.518518518518518,0.703703703703704,0.398412698412698,0.529100529100529,0.63,0.82,0.14,0.61,4.60666666666667,0.006,0.063,0.1388424470065531,0.73,2.81822589361396,3.50994159239782,4.97,4.234,4.0,4.47,0.0114482237333333,on,on,False,False,18.0,5.54991383445688,,,,,,,,,,,,,,,,,,,,,,
occ_00430,bed,bed,list_word,T13,13,lamp,lamp,roediger2001_55::lamp,Roediger2001_55_15word_lists,"Roediger et al. (2001) 55-list DRM pool, augmented with uploaded 2024 supplementary workbook metrics",55 DRM list-Supplementary Material-08-16-24.xlsx; Roediger-et-al-2001b_PBR.pdf; RoedigerEtAl_2001.xlsx,3.97973043066229,,0.0,0.0,A,0.518518518518518,0.703703703703704,0.398412698412698,0.529100529100529,0.63,0.82,0.14,0.61,4.60666666666667,0.006,0.063,0.1388424470065531,0.73,2.81822589361396,3.50994159239782,4.97,4.234,4.0,4.47,0.0114482237333333,bed,bed,False,False,18.0,3.97973043066229,,,,,,,,,,,,,,,,,,,,,,
occ_00431,burn,burn,list_word,T14,14,lamp,lamp,roediger2001_55::lamp,Roediger2001_55_15word_lists,"Roediger et al. (2001) 55-list DRM pool, augmented with uploaded 2024 supplementary workbook metrics",55 DRM list-Supplementary Material-08-16-24.xlsx; Roediger-et-al-2001b_PBR.pdf; RoedigerEtAl_2001.xlsx,3.44978684698577,,0.0,0.013,A,0.518518518518518,0.703703703703704,0.398412698412698,0.529100529100529,0.63,0.82,0.14,0.61,4.60666666666667,0.006,0.063,0.1388424470065531,0.73,2.81822589361396,3.50994159239782,4.97,4.234,4.0,4.47,0.0114482237333333,burn,burn,False,False,18.0,3.44978684698577,,,,,,,,,,,,,,,,,,,,,,
occ_00432,stand,stand,list_word,T15,15,lamp,lamp,roediger2001_55::lamp,Roediger2001_55_15word_lists,"Roediger et al. (2001) 55-list DRM pool, augmented with uploaded 2024 supplementary workbook metrics",55 DRM list-Supplementary Material-08-16-24.xlsx; Roediger-et-al-2001b_PBR.pdf; RoedigerEtAl_2001.xlsx,4.06209289263017,,0.0,0.0,A,0.518518518518518,0.703703703703704,0.398412698412698,0.529100529100529,0.63,0.82,0.14,0.61,4.60666666666667,0.006,0.063,0.1388424470065531,0.73,2.81822589361396,3.50994159239782,4.97,4.234,4.0,4.47,0.0114482237333333,stand,stand,False,False,18.0,4.06209289263017,,,,,,,,,,,,,,,,,,,,,,
occ_00433,lion,lion,critical_distractor,CD,0,lion,lion,roediger2001_55::lion,Roediger2001_55_15word_lists,"Roediger et al. (2001) 55-list DRM pool, augmented with uploaded 2024 supplementary workbook metrics",55 DRM list-Supplementary Material-08-16-24.xlsx; Roediger-et-al-2001b_PBR.pdf; RoedigerEtAl_2001.xlsx,2.89431606268444,,,,A,0.511111111111111,0.641975308641975,0.37989417989418,0.476014109347443,0.33,0.86,0.23,0.63,5.28,0.136,0.04,0.1636090716697833,0.8,2.89431606268444,2.60031858510548,4.96,4.11166666666667,4.0,4.8,0.0987084105333333,,,,,,2.89431606268444,,,,,,,,,,,,,,,,,,,,,,
occ_00434,tiger,tiger,list_word,T1,1,lion,lion,roediger2001_55::lion,Roediger2001_55_15word_lists,"Roediger et al. (2001) 55-list DRM pool, augmented with uploaded 2024 supplementary workbook metrics",55 DRM list-Supplementary Material-08-16-24.xlsx; Roediger-et-al-2001b_PBR.pdf; RoedigerEtAl_2001.xlsx,2.97589113640179,,0.308,0.362,A,0.511111111111111,0.641975308641975,0.37989417989418,0.476014109347443,0.33,0.86,0.23,0.63,5.28,0.136,0.04,0.1636090716697833,0.8,2.89431606268444,2.60031858510548,4.96,4.11166666666667,4.0,4.8,0.0987084105333333,tiger,tiger,False,False,18.0,2.97589113640179,,,,,,,,,,,,,,,,,,,,,,
occ_00435,circus,circus,list_word,T2,2,lion,lion,roediger2001_55::lion,Roediger2001_55_15word_lists,"Roediger et al. (2001) 55-list DRM pool, augmented with uploaded 2024 supplementary workbook metrics",55 DRM list-Supplementary Material-08-16-24.xlsx; Roediger-et-al-2001b_PBR.pdf; RoedigerEtAl_2001.xlsx,2.94001815500766,,0.011,0.0,A,0.511111111111111,0.641975308641975,0.37989417989418,0.476014109347443,0.33,0.86,0.23,0.63,5.28,0.136,0.04,0.1636090716697833,0.8,2.89431606268444,2.60031858510548,4.96,4.11166666666667,4.0,4.8,0.0987084105333333,circus,circus,False,False,18.0,2.94001815500766,,,,,,,,,,,,,,,,,,,,,,
occ_00436,jungle,jungle,list_word,T3,3,lion,lion,roediger2001_55::lion,Roediger2001_55_15word_lists,"Roediger et al. (2001) 55-list DRM pool, augmented with uploaded 2024 supplementary workbook metrics",55 DRM list-Supplementary Material-08-16-24.xlsx; Roediger-et-al-2001b_PBR.pdf; RoedigerEtAl_2001.xlsx,3.06145247908719,,0.034,0.0,A,0.511111111111111,0.641975308641975,0.37989417989418,0.476014109347443,0.33,0.86,0.23,0.63,5.28,0.136,0.04,0.1636090716697833,0.8,2.89431606268444,2.60031858510548,4.96,4.11166666666667,4.0,4.8,0.0987084105333333,jungle,jungle,False,False,18.0,3.06145247908719,,,,,,,,,,,,,,,,,,,,,,
occ_00437,tamber,tamber,list_word,T4,4,lion,lion,roediger2001_55::lion,Roediger2001_55_15word_lists,"Roediger et al. (2001) 55-list DRM pool, augmented with uploaded 2024 supplementary workbook metrics",55 DRM list-Supplementary Material-08-16-24.xlsx; Roediger-et-al-2001b_PBR.pdf; RoedigerEtAl_2001.xlsx,1.380211241711606,,0.489,0.021,A,0.511111111111111,0.641975308641975,0.37989417989418,0.476014109347443,0.33,0.86,0.23,0.63,5.28,0.136,0.04,0.1636090716697833,0.8,2.89431606268444,2.60031858510548,4.96,4.11166666666667,4.0,4.8,0.0987084105333333,tamer,tamer,True,False,18.0,1.380211241711606,,,,,,,,,,,,,,,,,,,,,,
occ_00438,den,den,list_word,T5,5,lion,lion,roediger2001_55::lion,Roediger2001_55_15word_lists,"Roediger et al. (2001) 55-list DRM pool, augmented with uploaded 2024 supplementary workbook metrics",55 DRM list-Supplementary Material-08-16-24.xlsx; Roediger-et-al-2001b_PBR.pdf; RoedigerEtAl_2001.xlsx,2.49554433754645,,0.097,0.021,A,0.511111111111111,0.641975308641975,0.37989417989418,0.476014109347443,0.33,0.86,0.23,0.63,5.28,0.136,0.04,0.1636090716697833,0.8,2.89431606268444,2.60031858510548,4.96,4.11166666666667,4.0,4.8,0.0987084105333333,den,den,True,False,18.0,2.49554433754645,,,,,,,,,,,,,,,,,,,,,,
occ_00439,cub,cub,list_word,T6,6,lion,lion,roediger2001_55::lion,Roediger2001_55_15word_lists,"Roediger et al. (2001) 55-list DRM pool, augmented with uploaded 2024 supplementary workbook metrics",55 DRM list-Supplementary Material-08-16-24.xlsx; Roediger-et-al-2001b_PBR.pdf; RoedigerEtAl_2001.xlsx,2.03342375548695,,0.063,0.074,A,0.511111111111111,0.641975308641975,0.37989417989418,0.476014109347443,0.33,0.86,0.23,0.63,5.28,0.136,0.04,0.1636090716697833,0.8,2.89431606268444,2.60031858510548,4.96,4.11166666666667,4.0,4.8,0.0987084105333333,cub,cub,False,False,18.0,2.03342375548695,,,,,,,,,,,,,,,,,,,,,,
occ_00440,africa,africa,list_word,T7,7,lion,lion,roediger2001_55::lion,Roediger2001_55_15word_lists,"Roediger et al. (2001) 55-list DRM pool, augmented with uploaded 2024 supplementary workbook metrics",55 DRM list-Supplementary Material-08-16-24.xlsx; Roediger-et-al-2001b_PBR.pdf; RoedigerEtAl_2001.xlsx,2.98136550907854,,0.014,0.021,A,0.511111111111111,0.641975308641975,0.37989417989418,0.476014109347443,0.33,0.86,0.23,0.63,5.28,0.136,0.04,0.1636090716697833,0.8,2.89431606268444,2.60031858510548,4.96,4.11166666666667,4.0,4.8,0.0987084105333333,Africa,africa,False,False,18.0,2.98136550907854,,,,,,,,,,,,,,,,,,,,,,
occ_00441,mane,mane,list_word,T8,8,lion,lion,roediger2001_55::lion,Roediger2001_55_15word_lists,"Roediger et al. (2001) 55-list DRM pool, augmented with uploaded 2024 supplementary workbook metrics",55 DRM list-Supplementary Material-08-16-24.xlsx; Roediger-et-al-2001b_PBR.pdf; RoedigerEtAl_2001.xlsx,1.49136169383427,,0.2,0.021,A,0.511111111111111,0.641975308641975,0.37989417989418,0.476014109347443,0.33,0.86,0.23,0.63,5.28,0.136,0.04,0.1636090716697833,0.8,2.89431606268444,2.60031858510548,4.96,4.11166666666667,4.0,4.8,0.0987084105333333,mane,mane,True,False,18.0,1.49136169383427,,,,,,,,,,,,,,,,,,,,,,
occ_00442,cage,cage,list_word,T9,9,lion,lion,roediger2001_55::lion,Roediger2001_55_15word_lists,"Roediger et al. (2001) 55-list DRM pool, augmented with uploaded 2024 supplementary workbook metrics",55 DRM list-Supplementary Material-08-16-24.xlsx; Roediger-et-al-2001b_PBR.pdf; RoedigerEtAl_2001.xlsx,3.01494034979294,,0.035,0.0,A,0.511111111111111,0.641975308641975,0.37989417989418,0.476014109347443,0.33,0.86,0.23,0.63,5.28,0.136,0.04,0.1636090716697833,0.8,2.89431606268444,2.60031858510548,4.96,4.11166666666667,4.0,4.8,0.0987084105333333,cage,cage,False,False,18.0,3.01494034979294,,,,,,,,,,,,,,,,,,,,,,
occ_00443,feline,feline,list_word,T10,10,lion,lion,roediger2001_55::lion,Roediger2001_55_15word_lists,"Roediger et al. (2001) 55-list DRM pool, augmented with uploaded 2024 supplementary workbook metrics",55 DRM list-Supplementary Material-08-16-24.xlsx; Roediger-et-al-2001b_PBR.pdf; RoedigerEtAl_2001.xlsx,1.67209785793572,,0.0,0.0,A,0.511111111111111,0.641975308641975,0.37989417989418,0.476014109347443,0.33,0.86,0.23,0.63,5.28,0.136,0.04,0.1636090716697833,0.8,2.89431606268444,2.60031858510548,4.96,4.11166666666667,4.0,4.8,0.0987084105333333,feline,feline,True,False,18.0,1.67209785793572,,,,,,,,,,,,,,,,,,,,,,
occ_00444,roar,roar,list_word,T11,11,lion,lion,roediger2001_55::lion,Roediger2001_55_15word_lists,"Roediger et al. (2001) 55-list DRM pool, augmented with uploaded 2024 supplementary workbook metrics",55 DRM list-Supplementary Material-08-16-24.xlsx; Roediger-et-al-2001b_PBR.pdf; RoedigerEtAl_2001.xlsx,2.31386722036915,,0.614,0.032,A,0.511111111111111,0.641975308641975,0.37989417989418,0.476014109347443,0.33,0.86,0.23,0.63,5.28,0.136,0.04,0.1636090716697833,0.8,2.89431606268444,2.60031858510548,4.96,4.11166666666667,4.0,4.8,0.0987084105333333,roar,roar,False,False,18.0,2.31386722036915,,,,,,,,,,,,,,,,,,,,,,
occ_00445,fierce,fierce,list_word,T12,12,lion,lion,roediger2001_55::lion,Roediger2001_55_15word_lists,"Roediger et al. (2001) 55-list DRM pool, augmented with uploaded 2024 supplementary workbook metrics",55 DRM list-Supplementary Material-08-16-24.xlsx; Roediger-et-al-2001b_PBR.pdf; RoedigerEtAl_2001.xlsx,2.38916608436453,,0.112,0.021,A,0.511111111111111,0.641975308641975,0.37989417989418,0.476014109347443,0.33,0.86,0.23,0.63,5.28,0.136,0.04,0.1636090716697833,0.8,2.89431606268444,2.60031858510548,4.96,4.11166666666667,4.0,4.8,0.0987084105333333,fierce,fierce,False,False,18.0,2.38916608436453,,,,,,,,,,,,,,,,,,,,,,
occ_00446,bears,bears,list_word,T13,13,lion,lion,roediger2001_55::lion,Roediger2001_55_15word_lists,"Roediger et al. (2001) 55-list DRM pool, augmented with uploaded 2024 supplementary workbook metrics",55 DRM list-Supplementary Material-08-16-24.xlsx; Roediger-et-al-2001b_PBR.pdf; RoedigerEtAl_2001.xlsx,2.76492298464989,,0.034,0.021,A,0.511111111111111,0.641975308641975,0.37989417989418,0.476014109347443,0.33,0.86,0.23,0.63,5.28,0.136,0.04,0.1636090716697833,0.8,2.89431606268444,2.60031858510548,4.96,4.11166666666667,4.0,4.8,0.0987084105333333,bears,bears,True,False,18.0,2.76492298464989,,,,,,,,,,,,,,,,,,,,,,
occ_00447,hunt,hunt,list_word,T14,14,lion,lion,roediger2001_55::lion,Roediger2001_55_15word_lists,"Roediger et al. (2001) 55-list DRM pool, augmented with uploaded 2024 supplementary workbook metrics",55 DRM list-Supplementary Material-08-16-24.xlsx; Roediger-et-al-2001b_PBR.pdf; RoedigerEtAl_2001.xlsx,3.12057393120585,,0.0,0.0,A,0.511111111111111,0.641975308641975,0.37989417989418,0.476014109347443,0.33,0.86,0.23,0.63,5.28,0.136,0.04,0.1636090716697833,0.8,2.89431606268444,2.60031858510548,4.96,4.11166666666667,4.0,4.8,0.0987084105333333,hunt,hunt,False,False,18.0,3.12057393120585,,,,,,,,,,,,,,,,,,,,,,
occ_00448,pride,pride,list_word,T15,15,lion,lion,roediger2001_55::lion,Roediger2001_55_15word_lists,"Roediger et al. (2001) 55-list DRM pool, augmented with uploaded 2024 supplementary workbook metrics",55 DRM list-Supplementary Material-08-16-24.xlsx; Roediger-et-al-2001b_PBR.pdf; RoedigerEtAl_2001.xlsx,3.14983469671578,,0.029,0.0,A,0.511111111111111,0.641975308641975,0.37989417989418,0.476014109347443,0.33,0.86,0.23,0.63,5.28,0.136,0.04,0.1636090716697833,0.8,2.89431606268444,2.60031858510548,4.96,4.11166666666667,4.0,4.8,0.0987084105333333,pride,pride,False,False,18.0,3.14983469671578,,,,,,,,,,,,,,,,,,,,,,
occ_00449,long,long,critical_distractor,CD,0,long,long,roediger2001_55::long,Roediger2001_55_15word_lists,"Roediger et al. (2001) 55-list DRM pool, augmented with uploaded 2024 supplementary workbook metrics",55 DRM list-Supplementary Material-08-16-24.xlsx; Roediger-et-al-2001b_PBR.pdf; RoedigerEtAl_2001.xlsx,4.5369874751306,,,,C,0.427536231884058,0.623188405797101,0.309581320450885,0.42109500805153,0.34,0.78,0.03,0.6,2.04,0.039,0.045,0.1192955202051218,0.47,4.5369874751306,3.5607009208937,3.18,3.93266666666667,4.0,4.93,0.0293468013333333,,,,,,4.5369874751306,,,,,,,,,,,,,,,,,,,,,,
occ_00450,short,short,list_word,T1,1,long,long,roediger2001_55::long,Roediger2001_55_15word_lists,"Roediger et al. (2001) 55-list DRM pool, augmented with uploaded 2024 supplementary workbook metrics",55 DRM list-Supplementary Material-08-16-24.xlsx; Roediger-et-al-2001b_PBR.pdf; RoedigerEtAl_2001.xlsx,3.64028262969668,,0.222,0.536,C,0.427536231884058,0.623188405797101,0.309581320450885,0.42109500805153,0.34,0.78,0.03,0.6,2.04,0.039,0.045,0.1192955202051218,0.47,4.5369874751306,3.5607009208937,3.18,3.93266666666667,4.0,4.93,0.0293468013333333,short,short,False,False,18.0,3.64028262969668,,,,,,,,,,,,,,,,,,,,,,
occ_00451,fellow,fellow,list_word,T2,2,long,long,roediger2001_55::long,Roediger2001_55_15word_lists,"Roediger et al. (2001) 55-list DRM pool, augmented with uploaded 2024 supplementary workbook metrics",55 DRM list-Supplementary Material-08-16-24.xlsx; Roediger-et-al-2001b_PBR.pdf; RoedigerEtAl_2001.xlsx,3.47538059314336,,0.0,0.0,C,0.427536231884058,0.623188405797101,0.309581320450885,0.42109500805153,0.34,0.78,0.03,0.6,2.04,0.039,0.045,0.1192955202051218,0.47,4.5369874751306,3.5607009208937,3.18,3.93266666666667,4.0,4.93,0.0293468013333333,fellow,fellow,False,False,18.0,3.47538059314336,,,,,,,,,,,,,,,,,,,,,,
occ_00452,narrow,narrow,list_word,T3,3,long,long,roediger2001_55::long,Roediger2001_55_15word_lists,"Roediger et al. (2001) 55-list DRM pool, augmented with uploaded 2024 supplementary workbook metrics",55 DRM list-Supplementary Material-08-16-24.xlsx; Roediger-et-al-2001b_PBR.pdf; RoedigerEtAl_2001.xlsx,2.55509444857832,,0.021,0.0,C,0.427536231884058,0.623188405797101,0.309581320450885,0.42109500805153,0.34,0.78,0.03,0.6,2.04,0.039,0.045,0.1192955202051218,0.47,4.5369874751306,3.5607009208937,3.18,3.93266666666667,4.0,4.93,0.0293468013333333,narrow,narrow,False,False,18.0,2.55509444857832,,,,,,,,,,,,,,,,,,,,,,
occ_00453,john,john,list_word,T4,4,long,long,roediger2001_55::long,Roediger2001_55_15word_lists,"Roediger et al. (2001) 55-list DRM pool, augmented with uploaded 2024 supplementary workbook metrics",55 DRM list-Supplementary Material-08-16-24.xlsx; Roediger-et-al-2001b_PBR.pdf; RoedigerEtAl_2001.xlsx,3.99466902182553,,0.0,0.017,C,0.427536231884058,0.623188405797101,0.309581320450885,0.42109500805153,0.34,0.78,0.03,0.6,2.04,0.039,0.045,0.1192955202051218,0.47,4.5369874751306,3.5607009208937,3.18,3.93266666666667,4.0,4.93,0.0293468013333333,John,john,True,False,18.0,3.99466902182553,,,,,,,,,,,,,,,,,,,,,,
occ_00454,time,time,list_word,T5,5,long,long,roediger2001_55::long,Roediger2001_55_15word_lists,"Roediger et al. (2001) 55-list DRM pool, augmented with uploaded 2024 supplementary workbook metrics",55 DRM list-Supplementary Material-08-16-24.xlsx; Roediger-et-al-2001b_PBR.pdf; RoedigerEtAl_2001.xlsx,4.99952636083446,,0.0,0.034,C,0.427536231884058,0.623188405797101,0.309581320450885,0.42109500805153,0.34,0.78,0.03,0.6,2.04,0.039,0.045,0.1192955202051218,0.47,4.5369874751306,3.5607009208937,3.18,3.93266666666667,4.0,4.93,0.0293468013333333,time,time,False,False,18.0,4.99952636083446,,,,,,,,,,,,,,,,,,,,,,
occ_00455,far,far,list_word,T6,6,long,long,roediger2001_55::long,Roediger2001_55_15word_lists,"Roediger et al. (2001) 55-list DRM pool, augmented with uploaded 2024 supplementary workbook metrics",55 DRM list-Supplementary Material-08-16-24.xlsx; Roediger-et-al-2001b_PBR.pdf; RoedigerEtAl_2001.xlsx,4.05153839051533,,0.041,0.0,C,0.427536231884058,0.623188405797101,0.309581320450885,0.42109500805153,0.34,0.78,0.03,0.6,2.04,0.039,0.045,0.1192955202051218,0.47,4.5369874751306,3.5607009208937,3.18,3.93266666666667,4.0,4.93,0.0293468013333333,far,far,False,False,18.0,4.05153839051533,,,,,,,,,,,,,,,,,,,,,,
occ_00456,hair,hair,list_word,T7,7,long,long,roediger2001_55::long,Roediger2001_55_15word_lists,"Roediger et al. (2001) 55-list DRM pool, augmented with uploaded 2024 supplementary workbook metrics",55 DRM list-Supplementary Material-08-16-24.xlsx; Roediger-et-al-2001b_PBR.pdf; RoedigerEtAl_2001.xlsx,3.89387267879508,,0.103,0.078,C,0.427536231884058,0.623188405797101,0.309581320450885,0.42109500805153,0.34,0.78,0.03,0.6,2.04,0.039,0.045,0.1192955202051218,0.47,4.5369874751306,3.5607009208937,3.18,3.93266666666667,4.0,4.93,0.0293468013333333,hair,hair,False,False,18.0,3.89387267879508,,,,,,,,,,,,,,,,,,,,,,
occ_00457,island,island,list_word,T8,8,long,long,roediger2001_55::long,Roediger2001_55_15word_lists,"Roediger et al. (2001) 55-list DRM pool, augmented with uploaded 2024 supplementary workbook metrics",55 DRM list-Supplementary Material-08-16-24.xlsx; Roediger-et-al-2001b_PBR.pdf; RoedigerEtAl_2001.xlsx,3.30513631894364,,0.0,0.0,C,0.427536231884058,0.623188405797101,0.309581320450885,0.42109500805153,0.34,0.78,0.03,0.6,2.04,0.039,0.045,0.1192955202051218,0.47,4.5369874751306,3.5607009208937,3.18,3.93266666666667,4.0,4.93,0.0293468013333333,island,island,False,False,18.0,3.30513631894364,,,,,,,,,,,,,,,,,,,,,,
occ_00458,road,road,list_word,T9,9,long,long,roediger2001_55::long,Roediger2001_55_15word_lists,"Roediger et al. (2001) 55-list DRM pool, augmented with uploaded 2024 supplementary workbook metrics",55 DRM list-Supplementary Material-08-16-24.xlsx; Roediger-et-al-2001b_PBR.pdf; RoedigerEtAl_2001.xlsx,3.75663610824585,,0.02,0.0,C,0.427536231884058,0.623188405797101,0.309581320450885,0.42109500805153,0.34,0.78,0.03,0.6,2.04,0.039,0.045,0.1192955202051218,0.47,4.5369874751306,3.5607009208937,3.18,3.93266666666667,4.0,4.93,0.0293468013333333,road,road,False,False,18.0,3.75663610824585,,,,,,,,,,,,,,,,,,,,,,
occ_00459,thin,thin,list_word,T10,10,long,long,roediger2001_55::long,Roediger2001_55_15word_lists,"Roediger et al. (2001) 55-list DRM pool, augmented with uploaded 2024 supplementary workbook metrics",55 DRM list-Supplementary Material-08-16-24.xlsx; Roediger-et-al-2001b_PBR.pdf; RoedigerEtAl_2001.xlsx,3.01283722470517,,0.0,0.011,C,0.427536231884058,0.623188405797101,0.309581320450885,0.42109500805153,0.34,0.78,0.03,0.6,2.04,0.039,0.045,0.1192955202051218,0.47,4.5369874751306,3.5607009208937,3.18,3.93266666666667,4.0,4.93,0.0293468013333333,thin,thin,False,False,18.0,3.01283722470517,,,,,,,,,,,,,,,,,,,,,,
occ_00460,underwear,underwear,list_word,T11,11,long,long,roediger2001_55::long,Roediger2001_55_15word_lists,"Roediger et al. (2001) 55-list DRM pool, augmented with uploaded 2024 supplementary workbook metrics",55 DRM list-Supplementary Material-08-16-24.xlsx; Roediger-et-al-2001b_PBR.pdf; RoedigerEtAl_2001.xlsx,3.04375512696868,,0.0,0.0,C,0.427536231884058,0.623188405797101,0.309581320450885,0.42109500805153,0.34,0.78,0.03,0.6,2.04,0.039,0.045,0.1192955202051218,0.47,4.5369874751306,3.5607009208937,3.18,3.93266666666667,4.0,4.93,0.0293468013333333,underwear,underwear,False,False,18.0,3.04375512696868,,,,,,,,,,,,,,,,,,,,,,
occ_00461,distance,distance,list_word,T12,12,long,long,roediger2001_55::long,Roediger2001_55_15word_lists,"Roediger et al. (2001) 55-list DRM pool, augmented with uploaded 2024 supplementary workbook metrics",55 DRM list-Supplementary Material-08-16-24.xlsx; Roediger-et-al-2001b_PBR.pdf; RoedigerEtAl_2001.xlsx,3.11627558758054,,0.15,0.0,C,0.427536231884058,0.623188405797101,0.309581320450885,0.42109500805153,0.34,0.78,0.03,0.6,2.04,0.039,0.045,0.1192955202051218,0.47,4.5369874751306,3.5607009208937,3.18,3.93266666666667,4.0,4.93,0.0293468013333333,distance,distance,False,False,18.0,3.11627558758054,,,,,,,,,,,,,,,,,,,,,,
occ_00462,line,line,list_word,T13,13,long,long,roediger2001_55::long,Roediger2001_55_15word_lists,"Roediger et al. (2001) 55-list DRM pool, augmented with uploaded 2024 supplementary workbook metrics",55 DRM list-Supplementary Material-08-16-24.xlsx; Roediger-et-al-2001b_PBR.pdf; RoedigerEtAl_2001.xlsx,4.02185057743432,,0.031,0.0,C,0.427536231884058,0.623188405797101,0.309581320450885,0.42109500805153,0.34,0.78,0.03,0.6,2.04,0.039,0.045,0.1192955202051218,0.47,4.5369874751306,3.5607009208937,3.18,3.93266666666667,4.0,4.93,0.0293468013333333,line,line,False,False,18.0,4.02185057743432,,,,,,,,,,,,,,,,,,,,,,
occ_00463,low,low,list_word,T14,14,long,long,roediger2001_55::long,Roediger2001_55_15word_lists,"Roediger et al. (2001) 55-list DRM pool, augmented with uploaded 2024 supplementary workbook metrics",55 DRM list-Supplementary Material-08-16-24.xlsx; Roediger-et-al-2001b_PBR.pdf; RoedigerEtAl_2001.xlsx,3.47957531017499,,0.0,0.0,C,0.427536231884058,0.623188405797101,0.309581320450885,0.42109500805153,0.34,0.78,0.03,0.6,2.04,0.039,0.045,0.1192955202051218,0.47,4.5369874751306,3.5607009208937,3.18,3.93266666666667,4.0,4.93,0.0293468013333333,low,low,False,False,18.0,3.47957531017499,,,,,,,,,,,,,,,,,,,,,,
occ_00464,rope,rope,list_word,T15,15,long,long,roediger2001_55::long,Roediger2001_55_15word_lists,"Roediger et al. (2001) 55-list DRM pool, augmented with uploaded 2024 supplementary workbook metrics",55 DRM list-Supplementary Material-08-16-24.xlsx; Roediger-et-al-2001b_PBR.pdf; RoedigerEtAl_2001.xlsx,3.0640834359636,,0.0,0.0,C,0.427536231884058,0.623188405797101,0.309581320450885,0.42109500805153,0.34,0.78,0.03,0.6,2.04,0.039,0.045,0.1192955202051218,0.47,4.5369874751306,3.5607009208937,3.18,3.93266666666667,4.0,4.93,0.0293468013333333,rope,rope,False,False,18.0,3.0640834359636,,,,,,,,,,,,,,,,,,,,,,
occ_00465,man,man,critical_distractor,CD,0,man,man,roediger2001_55::man,Roediger2001_55_15word_lists,"Roediger et al. (2001) 55-list DRM pool, augmented with uploaded 2024 supplementary workbook metrics",55 DRM list-Supplementary Material-08-16-24.xlsx; Roediger-et-al-2001b_PBR.pdf; RoedigerEtAl_2001.xlsx,4.97374651338917,,,,A,0.577777777777778,0.718518518518519,0.453439153439153,0.535097001763669,0.61,0.88,0.24,0.56,3.65333333333333,0.115,0.047,0.2166624900235025,0.8,4.97374651338917,3.71959647517963,4.79,4.11,3.0,5.333,0.0791339412666666,,,,,,4.97374651338917,,,,,,,,,,,,,,,,,,,,,,
occ_00466,woman,woman,list_word,T1,1,man,man,roediger2001_55::man,Roediger2001_55_15word_lists,"Roediger et al. (2001) 55-list DRM pool, augmented with uploaded 2024 supplementary workbook metrics",55 DRM list-Supplementary Material-08-16-24.xlsx; Roediger-et-al-2001b_PBR.pdf; RoedigerEtAl_2001.xlsx,4.34570692127843,,0.595,0.66,A,0.577777777777778,0.718518518518519,0.453439153439153,0.535097001763669,0.61,0.88,0.24,0.56,3.65333333333333,0.115,0.047,0.2166624900235025,0.8,4.97374651338917,3.71959647517963,4.79,4.11,3.0,5.333,0.0791339412666666,woman,woman,False,False,18.0,4.34570692127843,,,,,,,,,,,,,,,,,,,,,,
occ_00467,husband,husband,list_word,T2,2,man,man,roediger2001_55::man,Roediger2001_55_15word_lists,"Roediger et al. (2001) 55-list DRM pool, augmented with uploaded 2024 supplementary workbook metrics",55 DRM list-Supplementary Material-08-16-24.xlsx; Roediger-et-al-2001b_PBR.pdf; RoedigerEtAl_2001.xlsx,3.9972115828325,,0.018,0.0,A,0.577777777777778,0.718518518518519,0.453439153439153,0.535097001763669,0.61,0.88,0.24,0.56,3.65333333333333,0.115,0.047,0.2166624900235025,0.8,4.97374651338917,3.71959647517963,4.79,4.11,3.0,5.333,0.0791339412666666,husband,husband,False,False,18.0,3.9972115828325,,,,,,,,,,,,,,,,,,,,,,
occ_00468,uncle,uncle,list_word,T3,3,man,man,roediger2001_55::man,Roediger2001_55_15word_lists,"Roediger et al. (2001) 55-list DRM pool, augmented with uploaded 2024 supplementary workbook metrics",55 DRM list-Supplementary Material-08-16-24.xlsx; Roediger-et-al-2001b_PBR.pdf; RoedigerEtAl_2001.xlsx,3.80126647048962,,0.07,0.0,A,0.577777777777778,0.718518518518519,0.453439153439153,0.535097001763669,0.61,0.88,0.24,0.56,3.65333333333333,0.115,0.047,0.2166624900235025,0.8,4.97374651338917,3.71959647517963,4.79,4.11,3.0,5.333,0.0791339412666666,uncle,uncle,False,False,18.0,3.80126647048962,,,,,,,,,,,,,,,,,,,,,,
occ_00469,lady,lady,list_word,T4,4,man,man,roediger2001_55::man,Roediger2001_55_15word_lists,"Roediger et al. (2001) 55-list DRM pool, augmented with uploaded 2024 supplementary workbook metrics",55 DRM list-Supplementary Material-08-16-24.xlsx; Roediger-et-al-2001b_PBR.pdf; RoedigerEtAl_2001.xlsx,4.04422607711268,,0.371,0.013,A,0.577777777777778,0.718518518518519,0.453439153439153,0.535097001763669,0.61,0.88,0.24,0.56,3.65333333333333,0.115,0.047,0.2166624900235025,0.8,4.97374651338917,3.71959647517963,4.79,4.11,3.0,5.333,0.0791339412666666,lady,lady,False,False,18.0,4.04422607711268,,,,,,,,,,,,,,,,,,,,,,
occ_00470,mouse,mouse,list_word,T5,5,man,man,roediger2001_55::man,Roediger2001_55_15word_lists,"Roediger et al. (2001) 55-list DRM pool, augmented with uploaded 2024 supplementary workbook metrics",55 DRM list-Supplementary Material-08-16-24.xlsx; Roediger-et-al-2001b_PBR.pdf; RoedigerEtAl_2001.xlsx,2.98944981766669,,0.0,0.0,A,0.577777777777778,0.718518518518519,0.453439153439153,0.535097001763669,0.61,0.88,0.24,0.56,3.65333333333333,0.115,0.047,0.2166624900235025,0.8,4.97374651338917,3.71959647517963,4.79,4.11,3.0,5.333,0.0791339412666666,mouse,mouse,False,False,18.0,2.98944981766669,,,,,,,,,,,,,,,,,,,,,,
occ_00471,male,male,list_word,T6,6,man,man,roediger2001_55::man,Roediger2001_55_15word_lists,"Roediger et al. (2001) 55-list DRM pool, augmented with uploaded 2024 supplementary workbook metrics",55 DRM list-Supplementary Material-08-16-24.xlsx; Roediger-et-al-2001b_PBR.pdf; RoedigerEtAl_2001.xlsx,3.23854788768133,,0.131,0.0,A,0.577777777777778,0.718518518518519,0.453439153439153,0.535097001763669,0.61,0.88,0.24,0.56,3.65333333333333,0.115,0.047,0.2166624900235025,0.8,4.97374651338917,3.71959647517963,4.79,4.11,3.0,5.333,0.0791339412666666,male,male,False,False,18.0,3.23854788768133,,,,,,,,,,,,,,,,,,,,,,
occ_00472,father,father,list_word,T7,7,man,man,roediger2001_55::man,Roediger2001_55_15word_lists,"Roediger et al. (2001) 55-list DRM pool, augmented with uploaded 2024 supplementary workbook metrics",55 DRM list-Supplementary Material-08-16-24.xlsx; Roediger-et-al-2001b_PBR.pdf; RoedigerEtAl_2001.xlsx,4.45147940512486,,0.048,0.0,A,0.577777777777778,0.718518518518519,0.453439153439153,0.535097001763669,0.61,0.88,0.24,0.56,3.65333333333333,0.115,0.047,0.2166624900235025,0.8,4.97374651338917,3.71959647517963,4.79,4.11,3.0,5.333,0.0791339412666666,father,father,False,False,18.0,4.45147940512486,,,,,,,,,,,,,,,,,,,,,,
occ_00473,strong,strong,list_word,T8,8,man,man,roediger2001_55::man,Roediger2001_55_15word_lists,"Roediger et al. (2001) 55-list DRM pool, augmented with uploaded 2024 supplementary workbook metrics",55 DRM list-Supplementary Material-08-16-24.xlsx; Roediger-et-al-2001b_PBR.pdf; RoedigerEtAl_2001.xlsx,3.64650175003161,,0.02,0.013,A,0.577777777777778,0.718518518518519,0.453439153439153,0.535097001763669,0.61,0.88,0.24,0.56,3.65333333333333,0.115,0.047,0.2166624900235025,0.8,4.97374651338917,3.71959647517963,4.79,4.11,3.0,5.333,0.0791339412666666,strong,strong,False,False,18.0,3.64650175003161,,,,,,,,,,,,,,,,,,,,,,
occ_00474,friend,friend,list_word,T9,9,man,man,roediger2001_55::man,Roediger2001_55_15word_lists,"Roediger et al. (2001) 55-list DRM pool, augmented with uploaded 2024 supplementary workbook metrics",55 DRM list-Supplementary Material-08-16-24.xlsx; Roediger-et-al-2001b_PBR.pdf; RoedigerEtAl_2001.xlsx,4.33010925459283,,0.0,0.0,A,0.577777777777778,0.718518518518519,0.453439153439153,0.535097001763669,0.61,0.88,0.24,0.56,3.65333333333333,0.115,0.047,0.2166624900235025,0.8,4.97374651338917,3.71959647517963,4.79,4.11,3.0,5.333,0.0791339412666666,friend,friend,False,False,18.0,4.33010925459283,,,,,,,,,,,,,,,,,,,,,,
occ_00475,beard,beard,list_word,T10,10,man,man,roediger2001_55::man,Roediger2001_55_15word_lists,"Roediger et al. (2001) 55-list DRM pool, augmented with uploaded 2024 supplementary workbook metrics",55 DRM list-Supplementary Material-08-16-24.xlsx; Roediger-et-al-2001b_PBR.pdf; RoedigerEtAl_2001.xlsx,2.80888586735981,,0.055,0.0,A,0.577777777777778,0.718518518518519,0.453439153439153,0.535097001763669,0.61,0.88,0.24,0.56,3.65333333333333,0.115,0.047,0.2166624900235025,0.8,4.97374651338917,3.71959647517963,4.79,4.11,3.0,5.333,0.0791339412666666,beard,beard,False,False,18.0,2.80888586735981,,,,,,,,,,,,,,,,,,,,,,
occ_00476,person,person,list_word,T11,11,man,man,roediger2001_55::man,Roediger2001_55_15word_lists,"Roediger et al. (2001) 55-list DRM pool, augmented with uploaded 2024 supplementary workbook metrics",55 DRM list-Supplementary Material-08-16-24.xlsx; Roediger-et-al-2001b_PBR.pdf; RoedigerEtAl_2001.xlsx,4.03574983731966,,0.122,0.0,A,0.577777777777778,0.718518518518519,0.453439153439153,0.535097001763669,0.61,0.88,0.24,0.56,3.65333333333333,0.115,0.047,0.2166624900235025,0.8,4.97374651338917,3.71959647517963,4.79,4.11,3.0,5.333,0.0791339412666666,person,person,False,False,18.0,4.03574983731966,,,,,,,,,,,,,,,,,,,,,,
occ_00477,handsome,handsome,list_word,T12,12,man,man,roediger2001_55::man,Roediger2001_55_15word_lists,"Roediger et al. (2001) 55-list DRM pool, augmented with uploaded 2024 supplementary workbook metrics",55 DRM list-Supplementary Material-08-16-24.xlsx; Roediger-et-al-2001b_PBR.pdf; RoedigerEtAl_2001.xlsx,3.22659990520736,,0.144,0.0,A,0.577777777777778,0.718518518518519,0.453439153439153,0.535097001763669,0.61,0.88,0.24,0.56,3.65333333333333,0.115,0.047,0.2166624900235025,0.8,4.97374651338917,3.71959647517963,4.79,4.11,3.0,5.333,0.0791339412666666,handsome,handsome,False,False,18.0,3.22659990520736,,,,,,,,,,,,,,,,,,,,,,
occ_00478,muscle,muscle,list_word,T13,13,man,man,roediger2001_55::man,Roediger2001_55_15word_lists,"Roediger et al. (2001) 55-list DRM pool, augmented with uploaded 2024 supplementary workbook metrics",55 DRM list-Supplementary Material-08-16-24.xlsx; Roediger-et-al-2001b_PBR.pdf; RoedigerEtAl_2001.xlsx,2.84198480459011,,0.048,0.013,A,0.577777777777778,0.718518518518519,0.453439153439153,0.535097001763669,0.61,0.88,0.24,0.56,3.65333333333333,0.115,0.047,0.2166624900235025,0.8,4.97374651338917,3.71959647517963,4.79,4.11,3.0,5.333,0.0791339412666666,muscle,muscle,False,False,18.0,2.84198480459011,,,,,,,,,,,,,,,,,,,,,,
occ_00479,suit,suit,list_word,T14,14,man,man,roediger2001_55::man,Roediger2001_55_15word_lists,"Roediger et al. (2001) 55-list DRM pool, augmented with uploaded 2024 supplementary workbook metrics",55 DRM list-Supplementary Material-08-16-24.xlsx; Roediger-et-al-2001b_PBR.pdf; RoedigerEtAl_2001.xlsx,3.54406804435028,,0.074,0.0,A,0.577777777777778,0.718518518518519,0.453439153439153,0.535097001763669,0.61,0.88,0.24,0.56,3.65333333333333,0.115,0.047,0.2166624900235025,0.8,4.97374651338917,3.71959647517963,4.79,4.11,3.0,5.333,0.0791339412666666,suit,suit,False,False,18.0,3.54406804435028,,,,,,,,,,,,,,,,,,,,,,
occ_00480,old,old,list_word,T15,15,man,man,roediger2001_55::man,Roediger2001_55_15word_lists,"Roediger et al. (2001) 55-list DRM pool, augmented with uploaded 2024 supplementary workbook metrics",55 DRM list-Supplementary Material-08-16-24.xlsx; Roediger-et-al-2001b_PBR.pdf; RoedigerEtAl_2001.xlsx,4.49215950205671,,0.034,0.0,A,0.577777777777778,0.718518518518519,0.453439153439153,0.535097001763669,0.61,0.88,0.24,0.56,3.65333333333333,0.115,0.047,0.2166624900235025,0.8,4.97374651338917,3.71959647517963,4.79,4.11,3.0,5.333,0.0791339412666666,old,old,False,False,18.0,4.49215950205671,,,,,,,,,,,,,,,,,,,,,,
occ_00481,mountain,mountain,critical_distractor,CD,0,mountain,mountain,roediger2001_55::mountain,Roediger2001_55_15word_lists,"Roediger et al. (2001) 55-list DRM pool, augmented with uploaded 2024 supplementary workbook metrics",55 DRM list-Supplementary Material-08-16-24.xlsx; Roediger-et-al-2001b_PBR.pdf; RoedigerEtAl_2001.xlsx,3.25671774597749,,,,B,0.702479338842975,0.596550397018311,0.52718573292736,0.431053314219401,0.69,0.79,0.42,0.6,5.28666666666667,0.154,0.037,0.1606179921577821,0.87,3.25671774597749,2.60197227298743,4.96,4.254,8.0,5.07,0.1123574088,,,,,,3.25671774597749,,,,,,,,,,,,,,,,,,,,,,
occ_00482,hill,hill,list_word,T1,1,mountain,mountain,roediger2001_55::mountain,Roediger2001_55_15word_lists,"Roediger et al. (2001) 55-list DRM pool, augmented with uploaded 2024 supplementary workbook metrics",55 DRM list-Supplementary Material-08-16-24.xlsx; Roediger-et-al-2001b_PBR.pdf; RoedigerEtAl_2001.xlsx,3.28239550474253,,0.428,0.265,B,0.702479338842975,0.596550397018311,0.52718573292736,0.431053314219401,0.69,0.79,0.42,0.6,5.28666666666667,0.154,0.037,0.1606179921577821,0.87,3.25671774597749,2.60197227298743,4.96,4.254,8.0,5.07,0.1123574088,hill,hill,False,False,18.0,3.28239550474253,,,,,,,,,,,,,,,,,,,,,,
occ_00483,valley,valley,list_word,T2,2,mountain,mountain,roediger2001_55::mountain,Roediger2001_55_15word_lists,"Roediger et al. (2001) 55-list DRM pool, augmented with uploaded 2024 supplementary workbook metrics",55 DRM list-Supplementary Material-08-16-24.xlsx; Roediger-et-al-2001b_PBR.pdf; RoedigerEtAl_2001.xlsx,3.10585067438514,,0.195,0.02,B,0.702479338842975,0.596550397018311,0.52718573292736,0.431053314219401,0.69,0.79,0.42,0.6,5.28666666666667,0.154,0.037,0.1606179921577821,0.87,3.25671774597749,2.60197227298743,4.96,4.254,8.0,5.07,0.1123574088,valley,valley,False,False,18.0,3.10585067438514,,,,,,,,,,,,,,,,,,,,,,
occ_00484,climb,climb,list_word,T3,3,mountain,mountain,roediger2001_55::mountain,Roediger2001_55_15word_lists,"Roediger et al. (2001) 55-list DRM pool, augmented with uploaded 2024 supplementary workbook metrics",55 DRM list-Supplementary Material-08-16-24.xlsx; Roediger-et-al-2001b_PBR.pdf; RoedigerEtAl_2001.xlsx,3.00346053210951,,0.291,0.092,B,0.702479338842975,0.596550397018311,0.52718573292736,0.431053314219401,0.69,0.79,0.42,0.6,5.28666666666667,0.154,0.037,0.1606179921577821,0.87,3.25671774597749,2.60197227298743,4.96,4.254,8.0,5.07,0.1123574088,climb,climb,False,False,18.0,3.00346053210951,,,,,,,,,,,,,,,,,,,,,,
occ_00485,summit,summit,list_word,T4,4,mountain,mountain,roediger2001_55::mountain,Roediger2001_55_15word_lists,"Roediger et al. (2001) 55-list DRM pool, augmented with uploaded 2024 supplementary workbook metrics",55 DRM list-Supplementary Material-08-16-24.xlsx; Roediger-et-al-2001b_PBR.pdf; RoedigerEtAl_2001.xlsx,2.23299611039215,,0.108,0.0,B,0.702479338842975,0.596550397018311,0.52718573292736,0.431053314219401,0.69,0.79,0.42,0.6,5.28666666666667,0.154,0.037,0.1606179921577821,0.87,3.25671774597749,2.60197227298743,4.96,4.254,8.0,5.07,0.1123574088,summit,summit,False,False,18.0,2.23299611039215,,,,,,,,,,,,,,,,,,,,,,
occ_00486,top,top,list_word,T5,5,mountain,mountain,roediger2001_55::mountain,Roediger2001_55_15word_lists,"Roediger et al. (2001) 55-list DRM pool, augmented with uploaded 2024 supplementary workbook metrics",55 DRM list-Supplementary Material-08-16-24.xlsx; Roediger-et-al-2001b_PBR.pdf; RoedigerEtAl_2001.xlsx,3.83289194475979,,0.0,0.041,B,0.702479338842975,0.596550397018311,0.52718573292736,0.431053314219401,0.69,0.79,0.42,0.6,5.28666666666667,0.154,0.037,0.1606179921577821,0.87,3.25671774597749,2.60197227298743,4.96,4.254,8.0,5.07,0.1123574088,top,top,False,False,18.0,3.83289194475979,,,,,,,,,,,,,,,,,,,,,,
occ_00487,molehill,molehill,list_word,T6,6,mountain,mountain,roediger2001_55::mountain,Roediger2001_55_15word_lists,"Roediger et al. (2001) 55-list DRM pool, augmented with uploaded 2024 supplementary workbook metrics",55 DRM list-Supplementary Material-08-16-24.xlsx; Roediger-et-al-2001b_PBR.pdf; RoedigerEtAl_2001.xlsx,1.20411998265592,,0.256,0.031,B,0.702479338842975,0.596550397018311,0.52718573292736,0.431053314219401,0.69,0.79,0.42,0.6,5.28666666666667,0.154,0.037,0.1606179921577821,0.87,3.25671774597749,2.60197227298743,4.96,4.254,8.0,5.07,0.1123574088,molehill,molehill,True,False,18.0,1.20411998265592,,,,,,,,,,,,,,,,,,,,,,
occ_00488,peak,peak,list_word,T7,7,mountain,mountain,roediger2001_55::mountain,Roediger2001_55_15word_lists,"Roediger et al. (2001) 55-list DRM pool, augmented with uploaded 2024 supplementary workbook metrics",55 DRM list-Supplementary Material-08-16-24.xlsx; Roediger-et-al-2001b_PBR.pdf; RoedigerEtAl_2001.xlsx,2.48287358360875,,0.248,0.02,B,0.702479338842975,0.596550397018311,0.52718573292736,0.431053314219401,0.69,0.79,0.42,0.6,5.28666666666667,0.154,0.037,0.1606179921577821,0.87,3.25671774597749,2.60197227298743,4.96,4.254,8.0,5.07,0.1123574088,peak,peak,False,False,18.0,2.48287358360875,,,,,,,,,,,,,,,,,,,,,,
occ_00489,plain,plain,list_word,T8,8,mountain,mountain,roediger2001_55::mountain,Roediger2001_55_15word_lists,"Roediger et al. (2001) 55-list DRM pool, augmented with uploaded 2024 supplementary workbook metrics",55 DRM list-Supplementary Material-08-16-24.xlsx; Roediger-et-al-2001b_PBR.pdf; RoedigerEtAl_2001.xlsx,3.04688519083771,,0.0,0.0,B,0.702479338842975,0.596550397018311,0.52718573292736,0.431053314219401,0.69,0.79,0.42,0.6,5.28666666666667,0.154,0.037,0.1606179921577821,0.87,3.25671774597749,2.60197227298743,4.96,4.254,8.0,5.07,0.1123574088,plain,plain,False,False,18.0,3.04688519083771,,,,,,,,,,,,,,,,,,,,,,
occ_00490,glacier,glacier,list_word,T9,9,mountain,mountain,roediger2001_55::mountain,Roediger2001_55_15word_lists,"Roediger et al. (2001) 55-list DRM pool, augmented with uploaded 2024 supplementary workbook metrics",55 DRM list-Supplementary Material-08-16-24.xlsx; Roediger-et-al-2001b_PBR.pdf; RoedigerEtAl_2001.xlsx,1.5910646070265,,0.02,0.0,B,0.702479338842975,0.596550397018311,0.52718573292736,0.431053314219401,0.69,0.79,0.42,0.6,5.28666666666667,0.154,0.037,0.1606179921577821,0.87,3.25671774597749,2.60197227298743,4.96,4.254,8.0,5.07,0.1123574088,glacier,glacier,False,False,18.0,1.5910646070265,,,,,,,,,,,,,,,,,,,,,,
occ_00491,goat,goat,list_word,T10,10,mountain,mountain,roediger2001_55::mountain,Roediger2001_55_15word_lists,"Roediger et al. (2001) 55-list DRM pool, augmented with uploaded 2024 supplementary workbook metrics",55 DRM list-Supplementary Material-08-16-24.xlsx; Roediger-et-al-2001b_PBR.pdf; RoedigerEtAl_2001.xlsx,2.73078227566639,,0.028,0.0,B,0.702479338842975,0.596550397018311,0.52718573292736,0.431053314219401,0.69,0.79,0.42,0.6,5.28666666666667,0.154,0.037,0.1606179921577821,0.87,3.25671774597749,2.60197227298743,4.96,4.254,8.0,5.07,0.1123574088,goat,goat,False,False,18.0,2.73078227566639,,,,,,,,,,,,,,,,,,,,,,
occ_00492,bike,bike,list_word,T11,11,mountain,mountain,roediger2001_55::mountain,Roediger2001_55_15word_lists,"Roediger et al. (2001) 55-list DRM pool, augmented with uploaded 2024 supplementary workbook metrics",55 DRM list-Supplementary Material-08-16-24.xlsx; Roediger-et-al-2001b_PBR.pdf; RoedigerEtAl_2001.xlsx,3.12090281761453,,0.033,0.0,B,0.702479338842975,0.596550397018311,0.52718573292736,0.431053314219401,0.69,0.79,0.42,0.6,5.28666666666667,0.154,0.037,0.1606179921577821,0.87,3.25671774597749,2.60197227298743,4.96,4.254,8.0,5.07,0.1123574088,bike,bike,False,False,18.0,3.12090281761453,,,,,,,,,,,,,,,,,,,,,,
occ_00493,climber,climber,list_word,T12,12,mountain,mountain,roediger2001_55::mountain,Roediger2001_55_15word_lists,"Roediger et al. (2001) 55-list DRM pool, augmented with uploaded 2024 supplementary workbook metrics",55 DRM list-Supplementary Material-08-16-24.xlsx; Roediger-et-al-2001b_PBR.pdf; RoedigerEtAl_2001.xlsx,1.61278385671974,,0.603,0.031,B,0.702479338842975,0.596550397018311,0.52718573292736,0.431053314219401,0.69,0.79,0.42,0.6,5.28666666666667,0.154,0.037,0.1606179921577821,0.87,3.25671774597749,2.60197227298743,4.96,4.254,8.0,5.07,0.1123574088,climber,climber,False,False,18.0,1.61278385671974,,,,,,,,,,,,,,,,,,,,,,
occ_00494,range,range,list_word,T13,13,mountain,mountain,roediger2001_55::mountain,Roediger2001_55_15word_lists,"Roediger et al. (2001) 55-list DRM pool, augmented with uploaded 2024 supplementary workbook metrics",55 DRM list-Supplementary Material-08-16-24.xlsx; Roediger-et-al-2001b_PBR.pdf; RoedigerEtAl_2001.xlsx,3.06520612805431,,0.0,0.051,B,0.702479338842975,0.596550397018311,0.52718573292736,0.431053314219401,0.69,0.79,0.42,0.6,5.28666666666667,0.154,0.037,0.1606179921577821,0.87,3.25671774597749,2.60197227298743,4.96,4.254,8.0,5.07,0.1123574088,range,range,False,False,18.0,3.06520612805431,,,,,,,,,,,,,,,,,,,,,,
occ_00495,steep,steep,list_word,T14,14,mountain,mountain,roediger2001_55::mountain,Roediger2001_55_15word_lists,"Roediger et al. (2001) 55-list DRM pool, augmented with uploaded 2024 supplementary workbook metrics",55 DRM list-Supplementary Material-08-16-24.xlsx; Roediger-et-al-2001b_PBR.pdf; RoedigerEtAl_2001.xlsx,2.10037054511756,,0.061,0.0,B,0.702479338842975,0.596550397018311,0.52718573292736,0.431053314219401,0.69,0.79,0.42,0.6,5.28666666666667,0.154,0.037,0.1606179921577821,0.87,3.25671774597749,2.60197227298743,4.96,4.254,8.0,5.07,0.1123574088,steep,steep,False,False,18.0,2.10037054511756,,,,,,,,,,,,,,,,,,,,,,
occ_00496,ski,ski,list_word,T15,15,mountain,mountain,roediger2001_55::mountain,Roediger2001_55_15word_lists,"Roediger et al. (2001) 55-list DRM pool, augmented with uploaded 2024 supplementary workbook metrics",55 DRM list-Supplementary Material-08-16-24.xlsx; Roediger-et-al-2001b_PBR.pdf; RoedigerEtAl_2001.xlsx,2.6170003411209,,0.034,0.0,B,0.702479338842975,0.596550397018311,0.52718573292736,0.431053314219401,0.69,0.79,0.42,0.6,5.28666666666667,0.154,0.037,0.1606179921577821,0.87,3.25671774597749,2.60197227298743,4.96,4.254,8.0,5.07,0.1123574088,ski,ski,False,False,18.0,2.6170003411209,,,,,,,,,,,,,,,,,,,,,,
occ_00497,music,music,critical_distractor,CD,0,music,music,roediger2001_55::music,Roediger2001_55_15word_lists,"Roediger et al. (2001) 55-list DRM pool, augmented with uploaded 2024 supplementary workbook metrics",55 DRM list-Supplementary Material-08-16-24.xlsx; Roediger-et-al-2001b_PBR.pdf; RoedigerEtAl_2001.xlsx,3.88846031803539,,,,B,0.56730068060282,0.640343947496354,0.43023902167871,0.469032503437582,0.69,0.71,0.34,0.59,6.48666666666667,0.227,0.02,0.2764820604432622,1.6,3.88846031803539,3.07068414232835,4.31,4.296,5.0,5.6,0.2440942761333333,,,,,,3.88846031803539,,,,,,,,,,,,,,,,,,,,,,
occ_00498,note,note,list_word,T1,1,music,music,roediger2001_55::music,Roediger2001_55_15word_lists,"Roediger et al. (2001) 55-list DRM pool, augmented with uploaded 2024 supplementary workbook metrics",55 DRM list-Supplementary Material-08-16-24.xlsx; Roediger-et-al-2001b_PBR.pdf; RoedigerEtAl_2001.xlsx,3.43648069500949,,0.132,0.068,B,0.56730068060282,0.640343947496354,0.43023902167871,0.469032503437582,0.69,0.71,0.34,0.59,6.48666666666667,0.227,0.02,0.2764820604432622,1.6,3.88846031803539,3.07068414232835,4.31,4.296,5.0,5.6,0.2440942761333333,note,note,False,False,18.0,3.43648069500949,,,,,,,,,,,,,,,,,,,,,,
occ_00499,sound,sound,list_word,T2,2,music,music,roediger2001_55::music,Roediger2001_55_15word_lists,"Roediger et al. (2001) 55-list DRM pool, augmented with uploaded 2024 supplementary workbook metrics",55 DRM list-Supplementary Material-08-16-24.xlsx; Roediger-et-al-2001b_PBR.pdf; RoedigerEtAl_2001.xlsx,3.86415495600203,,0.205,0.02,B,0.56730068060282,0.640343947496354,0.43023902167871,0.469032503437582,0.69,0.71,0.34,0.59,6.48666666666667,0.227,0.02,0.2764820604432622,1.6,3.88846031803539,3.07068414232835,4.31,4.296,5.0,5.6,0.2440942761333333,sound,sound,False,False,18.0,3.86415495600203,,,,,,,,,,,,,,,,,,,,,,
occ_00500,piano,piano,list_word,T3,3,music,music,roediger2001_55::music,Roediger2001_55_15word_lists,"Roediger et al. (2001) 55-list DRM pool, augmented with uploaded 2024 supplementary workbook metrics",55 DRM list-Supplementary Material-08-16-24.xlsx; Roediger-et-al-2001b_PBR.pdf; RoedigerEtAl_2001.xlsx,3.1034616220947,,0.23,0.02,B,0.56730068060282,0.640343947496354,0.43023902167871,0.469032503437582,0.69,0.71,0.34,0.59,6.48666666666667,0.227,0.02,0.2764820604432622,1.6,3.88846031803539,3.07068414232835,4.31,4.296,5.0,5.6,0.2440942761333333,piano,piano,False,False,18.0,3.1034616220947,,,,,,,,,,,,,,,,,,,,,,
occ_00501,sing,sing,list_word,T4,4,music,music,roediger2001_55::music,Roediger2001_55_15word_lists,"Roediger et al. (2001) 55-list DRM pool, augmented with uploaded 2024 supplementary workbook metrics",55 DRM list-Supplementary Material-08-16-24.xlsx; Roediger-et-al-2001b_PBR.pdf; RoedigerEtAl_2001.xlsx,3.69705489227257,,0.033,0.088,B,0.56730068060282,0.640343947496354,0.43023902167871,0.469032503437582,0.69,0.71,0.34,0.59,6.48666666666667,0.227,0.02,0.2764820604432622,1.6,3.88846031803539,3.07068414232835,4.31,4.296,5.0,5.6,0.2440942761333333,sing,sing,False,False,18.0,3.69705489227257,,,,,,,,,,,,,,,,,,,,,,
occ_00502,radio,radio,list_word,T5,5,music,music,roediger2001_55::music,Roediger2001_55_15word_lists,"Roediger et al. (2001) 55-list DRM pool, augmented with uploaded 2024 supplementary workbook metrics",55 DRM list-Supplementary Material-08-16-24.xlsx; Roediger-et-al-2001b_PBR.pdf; RoedigerEtAl_2001.xlsx,3.59516541479023,,0.27,0.041,B,0.56730068060282,0.640343947496354,0.43023902167871,0.469032503437582,0.69,0.71,0.34,0.59,6.48666666666667,0.227,0.02,0.2764820604432622,1.6,3.88846031803539,3.07068414232835,4.31,4.296,5.0,5.6,0.2440942761333333,radio,radio,False,False,18.0,3.59516541479023,,,,,,,,,,,,,,,,,,,,,,
occ_00503,band,band,list_word,T6,6,music,music,roediger2001_55::music,Roediger2001_55_15word_lists,"Roediger et al. (2001) 55-list DRM pool, augmented with uploaded 2024 supplementary workbook metrics",55 DRM list-Supplementary Material-08-16-24.xlsx; Roediger-et-al-2001b_PBR.pdf; RoedigerEtAl_2001.xlsx,3.43536650661266,,0.432,0.02,B,0.56730068060282,0.640343947496354,0.43023902167871,0.469032503437582,0.69,0.71,0.34,0.59,6.48666666666667,0.227,0.02,0.2764820604432622,1.6,3.88846031803539,3.07068414232835,4.31,4.296,5.0,5.6,0.2440942761333333,band,band,False,False,18.0,3.43536650661266,,,,,,,,,,,,,,,,,,,,,,
occ_00504,melody,melody,list_word,T7,7,music,music,roediger2001_55::music,Roediger2001_55_15word_lists,"Roediger et al. (2001) 55-list DRM pool, augmented with uploaded 2024 supplementary workbook metrics",55 DRM list-Supplementary Material-08-16-24.xlsx; Roediger-et-al-2001b_PBR.pdf; RoedigerEtAl_2001.xlsx,2.52891670027765,,0.243,0.02,B,0.56730068060282,0.640343947496354,0.43023902167871,0.469032503437582,0.69,0.71,0.34,0.59,6.48666666666667,0.227,0.02,0.2764820604432622,1.6,3.88846031803539,3.07068414232835,4.31,4.296,5.0,5.6,0.2440942761333333,melody,melody,False,False,18.0,2.52891670027765,,,,,,,,,,,,,,,,,,,,,,
occ_00505,horn,horn,list_word,T8,8,music,music,roediger2001_55::music,Roediger2001_55_15word_lists,"Roediger et al. (2001) 55-list DRM pool, augmented with uploaded 2024 supplementary workbook metrics",55 DRM list-Supplementary Material-08-16-24.xlsx; Roediger-et-al-2001b_PBR.pdf; RoedigerEtAl_2001.xlsx,3.03181227133037,,0.014,0.0,B,0.56730068060282,0.640343947496354,0.43023902167871,0.469032503437582,0.69,0.71,0.34,0.59,6.48666666666667,0.227,0.02,0.2764820604432622,1.6,3.88846031803539,3.07068414232835,4.31,4.296,5.0,5.6,0.2440942761333333,horn,horn,False,False,18.0,3.03181227133037,,,,,,,,,,,,,,,,,,,,,,
occ_00506,concert,concert,list_word,T9,9,music,music,roediger2001_55::music,Roediger2001_55_15word_lists,"Roediger et al. (2001) 55-list DRM pool, augmented with uploaded 2024 supplementary workbook metrics",55 DRM list-Supplementary Material-08-16-24.xlsx; Roediger-et-al-2001b_PBR.pdf; RoedigerEtAl_2001.xlsx,2.95230800966213,,0.395,0.0,B,0.56730068060282,0.640343947496354,0.43023902167871,0.469032503437582,0.69,0.71,0.34,0.59,6.48666666666667,0.227,0.02,0.2764820604432622,1.6,3.88846031803539,3.07068414232835,4.31,4.296,5.0,5.6,0.2440942761333333,concert,concert,False,False,18.0,2.95230800966213,,,,,,,,,,,,,,,,,,,,,,
occ_00507,instrument,instrument,list_word,T10,10,music,music,roediger2001_55::music,Roediger2001_55_15word_lists,"Roediger et al. (2001) 55-list DRM pool, augmented with uploaded 2024 supplementary workbook metrics",55 DRM list-Supplementary Material-08-16-24.xlsx; Roediger-et-al-2001b_PBR.pdf; RoedigerEtAl_2001.xlsx,2.6170003411209,,0.148,0.0,B,0.56730068060282,0.640343947496354,0.43023902167871,0.469032503437582,0.69,0.71,0.34,0.59,6.48666666666667,0.227,0.02,0.2764820604432622,1.6,3.88846031803539,3.07068414232835,4.31,4.296,5.0,5.6,0.2440942761333333,instrument,instrument,False,False,18.0,2.6170003411209,,,,,,,,,,,,,,,,,,,,,,
occ_00508,symphony,symphony,list_word,T11,11,music,music,roediger2001_55::music,Roediger2001_55_15word_lists,"Roediger et al. (2001) 55-list DRM pool, augmented with uploaded 2024 supplementary workbook metrics",55 DRM list-Supplementary Material-08-16-24.xlsx; Roediger-et-al-2001b_PBR.pdf; RoedigerEtAl_2001.xlsx,2.26007138798507,,0.329,0.0,B,0.56730068060282,0.640343947496354,0.43023902167871,0.469032503437582,0.69,0.71,0.34,0.59,6.48666666666667,0.227,0.02,0.2764820604432622,1.6,3.88846031803539,3.07068414232835,4.31,4.296,5.0,5.6,0.2440942761333333,symphony,symphony,False,False,18.0,2.26007138798507,,,,,,,,,,,,,,,,,,,,,,
occ_00509,jazz,jazz,list_word,T12,12,music,music,roediger2001_55::music,Roediger2001_55_15word_lists,"Roediger et al. (2001) 55-list DRM pool, augmented with uploaded 2024 supplementary workbook metrics",55 DRM list-Supplementary Material-08-16-24.xlsx; Roediger-et-al-2001b_PBR.pdf; RoedigerEtAl_2001.xlsx,2.78461729263288,,0.367,0.0,B,0.56730068060282,0.640343947496354,0.43023902167871,0.469032503437582,0.69,0.71,0.34,0.59,6.48666666666667,0.227,0.02,0.2764820604432622,1.6,3.88846031803539,3.07068414232835,4.31,4.296,5.0,5.6,0.2440942761333333,jazz,jazz,False,False,18.0,2.78461729263288,,,,,,,,,,,,,,,,,,,,,,
occ_00510,orchestra,orchestra,list_word,T13,13,music,music,roediger2001_55::music,Roediger2001_55_15word_lists,"Roediger et al. (2001) 55-list DRM pool, augmented with uploaded 2024 supplementary workbook metrics",55 DRM list-Supplementary Material-08-16-24.xlsx; Roediger-et-al-2001b_PBR.pdf; RoedigerEtAl_2001.xlsx,2.45024910831936,,0.309,0.0,B,0.56730068060282,0.640343947496354,0.43023902167871,0.469032503437582,0.69,0.71,0.34,0.59,6.48666666666667,0.227,0.02,0.2764820604432622,1.6,3.88846031803539,3.07068414232835,4.31,4.296,5.0,5.6,0.2440942761333333,orchestra,orchestra,False,False,18.0,2.45024910831936,,,,,,,,,,,,,,,,,,,,,,
occ_00511,art,art,list_word,T14,14,music,music,roediger2001_55::music,Roediger2001_55_15word_lists,"Roediger et al. (2001) 55-list DRM pool, augmented with uploaded 2024 supplementary workbook metrics",55 DRM list-Supplementary Material-08-16-24.xlsx; Roediger-et-al-2001b_PBR.pdf; RoedigerEtAl_2001.xlsx,3.55774774164147,,0.02,0.02,B,0.56730068060282,0.640343947496354,0.43023902167871,0.469032503437582,0.69,0.71,0.34,0.59,6.48666666666667,0.227,0.02,0.2764820604432622,1.6,3.88846031803539,3.07068414232835,4.31,4.296,5.0,5.6,0.2440942761333333,art,art,False,False,18.0,3.55774774164147,,,,,,,,,,,,,,,,,,,,,,
occ_00512,rhythm,rhythm,list_word,T15,15,music,music,roediger2001_55::music,Roediger2001_55_15word_lists,"Roediger et al. (2001) 55-list DRM pool, augmented with uploaded 2024 supplementary workbook metrics",55 DRM list-Supplementary Material-08-16-24.xlsx; Roediger-et-al-2001b_PBR.pdf; RoedigerEtAl_2001.xlsx,2.74585519517373,,0.277,0.0,B,0.56730068060282,0.640343947496354,0.43023902167871,0.469032503437582,0.69,0.71,0.34,0.59,6.48666666666667,0.227,0.02,0.2764820604432622,1.6,3.88846031803539,3.07068414232835,4.31,4.296,5.0,5.6,0.2440942761333333,rhythm,rhythm,False,False,18.0,2.74585519517373,,,,,,,,,,,,,,,,,,,,,,
occ_00513,mutton,mutton,critical_distractor,CD,0,mutton,mutton,roediger2001_55::mutton,Roediger2001_55_15word_lists,"Roediger et al. (2001) 55-list DRM pool, augmented with uploaded 2024 supplementary workbook metrics",55 DRM list-Supplementary Material-08-16-24.xlsx; Roediger-et-al-2001b_PBR.pdf; RoedigerEtAl_2001.xlsx,1.61278385671974,,,,C,0.398550724637681,0.606280193236715,0.294283413848631,0.404186795491143,0.11,0.75,0.01,0.65,5.78,0.002,0.014,0.2785157357178585,2.0,1.61278385671974,2.97710356878858,4.25,4.75214285714286,6.0,4.07,0.0028683575333333,,,,,,1.61278385671974,,,,,,,,,,,,,,,,,,,,,,
occ_00514,lamb,lamb,list_word,T1,1,mutton,mutton,roediger2001_55::mutton,Roediger2001_55_15word_lists,"Roediger et al. (2001) 55-list DRM pool, augmented with uploaded 2024 supplementary workbook metrics",55 DRM list-Supplementary Material-08-16-24.xlsx; Roediger-et-al-2001b_PBR.pdf; RoedigerEtAl_2001.xlsx,2.73479982958885,,0.024,0.133,C,0.398550724637681,0.606280193236715,0.294283413848631,0.404186795491143,0.11,0.75,0.01,0.65,5.78,0.002,0.014,0.2785157357178585,2.0,1.61278385671974,2.97710356878858,4.25,4.75214285714286,6.0,4.07,0.0028683575333333,lamb,lamb,False,False,19.0,2.73479982958885,,,,,,,,,,,,,,,,,,,,,,
occ_00515,sheep,sheep,list_word,T2,2,mutton,mutton,roediger2001_55::mutton,Roediger2001_55_15word_lists,"Roediger et al. (2001) 55-list DRM pool, augmented with uploaded 2024 supplementary workbook metrics",55 DRM list-Supplementary Material-08-16-24.xlsx; Roediger-et-al-2001b_PBR.pdf; RoedigerEtAl_2001.xlsx,2.83632411570675,,0.0,0.027,C,0.398550724637681,0.606280193236715,0.294283413848631,0.404186795491143,0.11,0.75,0.01,0.65,5.78,0.002,0.014,0.2785157357178585,2.0,1.61278385671974,2.97710356878858,4.25,4.75214285714286,6.0,4.07,0.0028683575333333,sheep,sheep,False,False,19.0,2.83632411570675,,,,,,,,,,,,,,,,,,,,,,
occ_00516,meat,meat,list_word,T3,3,mutton,mutton,roediger2001_55::mutton,Roediger2001_55_15word_lists,"Roediger et al. (2001) 55-list DRM pool, augmented with uploaded 2024 supplementary workbook metrics",55 DRM list-Supplementary Material-08-16-24.xlsx; Roediger-et-al-2001b_PBR.pdf; RoedigerEtAl_2001.xlsx,3.34772021703404,,0.0,0.047,C,0.398550724637681,0.606280193236715,0.294283413848631,0.404186795491143,0.11,0.75,0.01,0.65,5.78,0.002,0.014,0.2785157357178585,2.0,1.61278385671974,2.97710356878858,4.25,4.75214285714286,6.0,4.07,0.0028683575333333,meat,meat,False,False,19.0,3.34772021703404,,,,,,,,,,,,,,,,,,,,,,
occ_00517,chops,chops,list_word,T4,4,mutton,mutton,roediger2001_55::mutton,Roediger2001_55_15word_lists,"Roediger et al. (2001) 55-list DRM pool, augmented with uploaded 2024 supplementary workbook metrics",55 DRM list-Supplementary Material-08-16-24.xlsx; Roediger-et-al-2001b_PBR.pdf; RoedigerEtAl_2001.xlsx,2.44404479591808,,0.0,0.0,C,0.398550724637681,0.606280193236715,0.294283413848631,0.404186795491143,0.11,0.75,0.01,0.65,5.78,0.002,0.014,0.2785157357178585,2.0,1.61278385671974,2.97710356878858,4.25,4.75214285714286,6.0,4.07,0.0028683575333333,chops,chops,True,False,19.0,2.44404479591808,,,,,,,,,,,,,,,,,,,,,,
occ_00518,beef,beef,list_word,T5,5,mutton,mutton,roediger2001_55::mutton,Roediger2001_55_15word_lists,"Roediger et al. (2001) 55-list DRM pool, augmented with uploaded 2024 supplementary workbook metrics",55 DRM list-Supplementary Material-08-16-24.xlsx; Roediger-et-al-2001b_PBR.pdf; RoedigerEtAl_2001.xlsx,3.00259798071991,,0.0,0.0,C,0.398550724637681,0.606280193236715,0.294283413848631,0.404186795491143,0.11,0.75,0.01,0.65,5.78,0.002,0.014,0.2785157357178585,2.0,1.61278385671974,2.97710356878858,4.25,4.75214285714286,6.0,4.07,0.0028683575333333,beef,beef,False,False,19.0,3.00259798071991,,,,,,,,,,,,,,,,,,,,,,
occ_00519,veal,veal,list_word,T6,6,mutton,mutton,roediger2001_55::mutton,Roediger2001_55_15word_lists,"Roediger et al. (2001) 55-list DRM pool, augmented with uploaded 2024 supplementary workbook metrics",55 DRM list-Supplementary Material-08-16-24.xlsx; Roediger-et-al-2001b_PBR.pdf; RoedigerEtAl_2001.xlsx,2.26007138798507,,0.0,0.0,C,0.398550724637681,0.606280193236715,0.294283413848631,0.404186795491143,0.11,0.75,0.01,0.65,5.78,0.002,0.014,0.2785157357178585,2.0,1.61278385671974,2.97710356878858,4.25,4.75214285714286,6.0,4.07,0.0028683575333333,veal,veal,False,False,19.0,2.26007138798507,,,,,,,,,,,,,,,,,,,,,,
occ_00520,collar,collar,list_word,T7,7,mutton,mutton,roediger2001_55::mutton,Roediger2001_55_15word_lists,"Roediger et al. (2001) 55-list DRM pool, augmented with uploaded 2024 supplementary workbook metrics",55 DRM list-Supplementary Material-08-16-24.xlsx; Roediger-et-al-2001b_PBR.pdf; RoedigerEtAl_2001.xlsx,2.72997428569956,,0.0,0.0,C,0.398550724637681,0.606280193236715,0.294283413848631,0.404186795491143,0.11,0.75,0.01,0.65,5.78,0.002,0.014,0.2785157357178585,2.0,1.61278385671974,2.97710356878858,4.25,4.75214285714286,6.0,4.07,0.0028683575333333,collar,collar,False,False,19.0,2.72997428569956,,,,,,,,,,,,,,,,,,,,,,
occ_00521,leg,leg,list_word,T8,8,mutton,mutton,roediger2001_55::mutton,Roediger2001_55_15word_lists,"Roediger et al. (2001) 55-list DRM pool, augmented with uploaded 2024 supplementary workbook metrics",55 DRM list-Supplementary Material-08-16-24.xlsx; Roediger-et-al-2001b_PBR.pdf; RoedigerEtAl_2001.xlsx,3.45984464238821,,0.0,0.0,C,0.398550724637681,0.606280193236715,0.294283413848631,0.404186795491143,0.11,0.75,0.01,0.65,5.78,0.002,0.014,0.2785157357178585,2.0,1.61278385671974,2.97710356878858,4.25,4.75214285714286,6.0,4.07,0.0028683575333333,leg,leg,False,False,19.0,3.45984464238821,,,,,,,,,,,,,,,,,,,,,,
occ_00522,eat,eat,list_word,T9,9,mutton,mutton,roediger2001_55::mutton,Roediger2001_55_15word_lists,"Roediger et al. (2001) 55-list DRM pool, augmented with uploaded 2024 supplementary workbook metrics",55 DRM list-Supplementary Material-08-16-24.xlsx; Roediger-et-al-2001b_PBR.pdf; RoedigerEtAl_2001.xlsx,4.10880172412203,,0.0,0.0,C,0.398550724637681,0.606280193236715,0.294283413848631,0.404186795491143,0.11,0.75,0.01,0.65,5.78,0.002,0.014,0.2785157357178585,2.0,1.61278385671974,2.97710356878858,4.25,4.75214285714286,6.0,4.07,0.0028683575333333,eat,eat,False,False,19.0,4.10880172412203,,,,,,,,,,,,,,,,,,,,,,
occ_00523,fat,fat,list_word,T10,10,mutton,mutton,roediger2001_55::mutton,Roediger2001_55_15word_lists,"Roediger et al. (2001) 55-list DRM pool, augmented with uploaded 2024 supplementary workbook metrics",55 DRM list-Supplementary Material-08-16-24.xlsx; Roediger-et-al-2001b_PBR.pdf; RoedigerEtAl_2001.xlsx,3.60766943668824,,0.0,0.0,C,0.398550724637681,0.606280193236715,0.294283413848631,0.404186795491143,0.11,0.75,0.01,0.65,5.78,0.002,0.014,0.2785157357178585,2.0,1.61278385671974,2.97710356878858,4.25,4.75214285714286,6.0,4.07,0.0028683575333333,fat,fat,False,False,19.0,3.60766943668824,,,,,,,,,,,,,,,,,,,,,,
occ_00524,coat,coat,list_word,T11,11,mutton,mutton,roediger2001_55::mutton,Roediger2001_55_15word_lists,"Roediger et al. (2001) 55-list DRM pool, augmented with uploaded 2024 supplementary workbook metrics",55 DRM list-Supplementary Material-08-16-24.xlsx; Roediger-et-al-2001b_PBR.pdf; RoedigerEtAl_2001.xlsx,3.33183204443625,,0.0,0.0,C,0.398550724637681,0.606280193236715,0.294283413848631,0.404186795491143,0.11,0.75,0.01,0.65,5.78,0.002,0.014,0.2785157357178585,2.0,1.61278385671974,2.97710356878858,4.25,4.75214285714286,6.0,4.07,0.0028683575333333,coat,coat,False,False,19.0,3.33183204443625,,,,,,,,,,,,,,,,,,,,,,
occ_00525,stew,stew,list_word,T12,12,mutton,mutton,roediger2001_55::mutton,Roediger2001_55_15word_lists,"Roediger et al. (2001) 55-list DRM pool, augmented with uploaded 2024 supplementary workbook metrics",55 DRM list-Supplementary Material-08-16-24.xlsx; Roediger-et-al-2001b_PBR.pdf; RoedigerEtAl_2001.xlsx,2.51719589794997,,0.0,0.0,C,0.398550724637681,0.606280193236715,0.294283413848631,0.404186795491143,0.11,0.75,0.01,0.65,5.78,0.002,0.014,0.2785157357178585,2.0,1.61278385671974,2.97710356878858,4.25,4.75214285714286,6.0,4.07,0.0028683575333333,stew,stew,False,False,19.0,2.51719589794997,,,,,,,,,,,,,,,,,,,,,,
occ_00526,fur,fur,list_word,T13,13,mutton,mutton,roediger2001_55::mutton,Roediger2001_55_15word_lists,"Roediger et al. (2001) 55-list DRM pool, augmented with uploaded 2024 supplementary workbook metrics",55 DRM list-Supplementary Material-08-16-24.xlsx; Roediger-et-al-2001b_PBR.pdf; RoedigerEtAl_2001.xlsx,2.62634036737504,,0.0,0.0,C,0.398550724637681,0.606280193236715,0.294283413848631,0.404186795491143,0.11,0.75,0.01,0.65,5.78,0.002,0.014,0.2785157357178585,2.0,1.61278385671974,2.97710356878858,4.25,4.75214285714286,6.0,4.07,0.0028683575333333,fur,fur,False,False,19.0,2.62634036737504,,,,,,,,,,,,,,,,,,,,,,
occ_00527,pork,pork,list_word,T14,14,mutton,mutton,roediger2001_55::mutton,Roediger2001_55_15word_lists,"Roediger et al. (2001) 55-list DRM pool, augmented with uploaded 2024 supplementary workbook metrics",55 DRM list-Supplementary Material-08-16-24.xlsx; Roediger-et-al-2001b_PBR.pdf; RoedigerEtAl_2001.xlsx,2.73078227566639,,0.0,0.0,C,0.398550724637681,0.606280193236715,0.294283413848631,0.404186795491143,0.11,0.75,0.01,0.65,5.78,0.002,0.014,0.2785157357178585,2.0,1.61278385671974,2.97710356878858,4.25,4.75214285714286,6.0,4.07,0.0028683575333333,pork,pork,False,False,19.0,2.73078227566639,,,,,,,,,,,,,,,,,,,,,,
occ_00528,steak,steak,list_word,T15,15,mutton,mutton,roediger2001_55::mutton,Roediger2001_55_15word_lists,"Roediger et al. (2001) 55-list DRM pool, augmented with uploaded 2024 supplementary workbook metrics",55 DRM list-Supplementary Material-08-16-24.xlsx; Roediger-et-al-2001b_PBR.pdf; RoedigerEtAl_2001.xlsx,2.91855453055027,,0.0,0.0,C,0.398550724637681,0.606280193236715,0.294283413848631,0.404186795491143,0.11,0.75,0.01,0.65,5.78,0.002,0.014,0.2785157357178585,2.0,1.61278385671974,2.97710356878858,4.25,4.75214285714286,6.0,4.07,0.0028683575333333,steak,steak,False,False,19.0,2.91855453055027,,,,,,,,,,,,,,,,,,,,,,
occ_00529,needle,needle,critical_distractor,CD,0,needle,needle,roediger2001_55::needle,Roediger2001_55_15word_lists,"Roediger et al. (2001) 55-list DRM pool, augmented with uploaded 2024 supplementary workbook metrics",55 DRM list-Supplementary Material-08-16-24.xlsx; Roediger-et-al-2001b_PBR.pdf; RoedigerEtAl_2001.xlsx,2.78461729263288,,,,C,0.739130434782609,0.741545893719807,0.55354267310789,0.537842190016103,0.68,0.83,0.52,0.6,4.90666666666667,0.203,0.063,0.1294443329009089,1.93,2.78461729263288,2.65669578839281,4.93,4.42666666666667,6.0,5.73,0.1514069174,,,,,,2.78461729263288,,,,,,,,,,,,,,,,,,,,,,
occ_00530,thread,thread,list_word,T1,1,needle,needle,roediger2001_55::needle,Roediger2001_55_15word_lists,"Roediger et al. (2001) 55-list DRM pool, augmented with uploaded 2024 supplementary workbook metrics",55 DRM list-Supplementary Material-08-16-24.xlsx; Roediger-et-al-2001b_PBR.pdf; RoedigerEtAl_2001.xlsx,2.42160392686983,,0.758,0.424,C,0.739130434782609,0.741545893719807,0.55354267310789,0.537842190016103,0.68,0.83,0.52,0.6,4.90666666666667,0.203,0.063,0.1294443329009089,1.93,2.78461729263288,2.65669578839281,4.93,4.42666666666667,6.0,5.73,0.1514069174,thread,thread,False,False,19.0,2.42160392686983,,,,,,,,,,,,,,,,,,,,,,
occ_00531,pin,pin,list_word,T2,2,needle,needle,roediger2001_55::needle,Roediger2001_55_15word_lists,"Roediger et al. (2001) 55-list DRM pool, augmented with uploaded 2024 supplementary workbook metrics",55 DRM list-Supplementary Material-08-16-24.xlsx; Roediger-et-al-2001b_PBR.pdf; RoedigerEtAl_2001.xlsx,2.92220627743902,,0.289,0.212,C,0.739130434782609,0.741545893719807,0.55354267310789,0.537842190016103,0.68,0.83,0.52,0.6,4.90666666666667,0.203,0.063,0.1294443329009089,1.93,2.78461729263288,2.65669578839281,4.93,4.42666666666667,6.0,5.73,0.1514069174,pin,pin,False,False,19.0,2.92220627743902,,,,,,,,,,,,,,,,,,,,,,
occ_00532,eye,eye,list_word,T3,3,needle,needle,roediger2001_55::needle,Roediger2001_55_15word_lists,"Roediger et al. (2001) 55-list DRM pool, augmented with uploaded 2024 supplementary workbook metrics",55 DRM list-Supplementary Material-08-16-24.xlsx; Roediger-et-al-2001b_PBR.pdf; RoedigerEtAl_2001.xlsx,3.75602721297344,,0.0,0.0,C,0.739130434782609,0.741545893719807,0.55354267310789,0.537842190016103,0.68,0.83,0.52,0.6,4.90666666666667,0.203,0.063,0.1294443329009089,1.93,2.78461729263288,2.65669578839281,4.93,4.42666666666667,6.0,5.73,0.1514069174,eye,eye,False,False,19.0,3.75602721297344,,,,,,,,,,,,,,,,,,,,,,
occ_00533,sewing,sewing,list_word,T4,4,needle,needle,roediger2001_55::needle,Roediger2001_55_15word_lists,"Roediger et al. (2001) 55-list DRM pool, augmented with uploaded 2024 supplementary workbook metrics",55 DRM list-Supplementary Material-08-16-24.xlsx; Roediger-et-al-2001b_PBR.pdf; RoedigerEtAl_2001.xlsx,2.29885307640971,,0.181,0.224,C,0.739130434782609,0.741545893719807,0.55354267310789,0.537842190016103,0.68,0.83,0.52,0.6,4.90666666666667,0.203,0.063,0.1294443329009089,1.93,2.78461729263288,2.65669578839281,4.93,4.42666666666667,6.0,5.73,0.1514069174,sewing,sewing,True,False,19.0,2.29885307640971,,,,,,,,,,,,,,,,,,,,,,
occ_00534,sharp,sharp,list_word,T5,5,needle,needle,roediger2001_55::needle,Roediger2001_55_15word_lists,"Roediger et al. (2001) 55-list DRM pool, augmented with uploaded 2024 supplementary workbook metrics",55 DRM list-Supplementary Material-08-16-24.xlsx; Roediger-et-al-2001b_PBR.pdf; RoedigerEtAl_2001.xlsx,3.08421868673924,,0.03,0.024,C,0.739130434782609,0.741545893719807,0.55354267310789,0.537842190016103,0.68,0.83,0.52,0.6,4.90666666666667,0.203,0.063,0.1294443329009089,1.93,2.78461729263288,2.65669578839281,4.93,4.42666666666667,6.0,5.73,0.1514069174,sharp,sharp,False,False,19.0,3.08421868673924,,,,,,,,,,,,,,,,,,,,,,
occ_00535,point,point,list_word,T6,6,needle,needle,roediger2001_55::needle,Roediger2001_55_15word_lists,"Roediger et al. (2001) 55-list DRM pool, augmented with uploaded 2024 supplementary workbook metrics",55 DRM list-Supplementary Material-08-16-24.xlsx; Roediger-et-al-2001b_PBR.pdf; RoedigerEtAl_2001.xlsx,4.0814913285257,,0.024,0.024,C,0.739130434782609,0.741545893719807,0.55354267310789,0.537842190016103,0.68,0.83,0.52,0.6,4.90666666666667,0.203,0.063,0.1294443329009089,1.93,2.78461729263288,2.65669578839281,4.93,4.42666666666667,6.0,5.73,0.1514069174,point,point,False,False,19.0,4.0814913285257,,,,,,,,,,,,,,,,,,,,,,
occ_00536,prick,prick,list_word,T7,7,needle,needle,roediger2001_55::needle,Roediger2001_55_15word_lists,"Roediger et al. (2001) 55-list DRM pool, augmented with uploaded 2024 supplementary workbook metrics",55 DRM list-Supplementary Material-08-16-24.xlsx; Roediger-et-al-2001b_PBR.pdf; RoedigerEtAl_2001.xlsx,2.85793526471943,,0.108,0.012,C,0.739130434782609,0.741545893719807,0.55354267310789,0.537842190016103,0.68,0.83,0.52,0.6,4.90666666666667,0.203,0.063,0.1294443329009089,1.93,2.78461729263288,2.65669578839281,4.93,4.42666666666667,6.0,5.73,0.1514069174,prick,prick,False,False,19.0,2.85793526471943,,,,,,,,,,,,,,,,,,,,,,
occ_00537,thimble,thimble,list_word,T8,8,needle,needle,roediger2001_55::needle,Roediger2001_55_15word_lists,"Roediger et al. (2001) 55-list DRM pool, augmented with uploaded 2024 supplementary workbook metrics",55 DRM list-Supplementary Material-08-16-24.xlsx; Roediger-et-al-2001b_PBR.pdf; RoedigerEtAl_2001.xlsx,1.17609125905568,,0.218,0.0,C,0.739130434782609,0.741545893719807,0.55354267310789,0.537842190016103,0.68,0.83,0.52,0.6,4.90666666666667,0.203,0.063,0.1294443329009089,1.93,2.78461729263288,2.65669578839281,4.93,4.42666666666667,6.0,5.73,0.1514069174,thimble,thimble,False,False,19.0,1.17609125905568,,,,,,,,,,,,,,,,,,,,,,
occ_00538,haystack,haystack,list_word,T9,9,needle,needle,roediger2001_55::needle,Roediger2001_55_15word_lists,"Roediger et al. (2001) 55-list DRM pool, augmented with uploaded 2024 supplementary workbook metrics",55 DRM list-Supplementary Material-08-16-24.xlsx; Roediger-et-al-2001b_PBR.pdf; RoedigerEtAl_2001.xlsx,1.85125834871908,,0.418,0.03,C,0.739130434782609,0.741545893719807,0.55354267310789,0.537842190016103,0.68,0.83,0.52,0.6,4.90666666666667,0.203,0.063,0.1294443329009089,1.93,2.78461729263288,2.65669578839281,4.93,4.42666666666667,6.0,5.73,0.1514069174,haystack,haystack,False,False,19.0,1.85125834871908,,,,,,,,,,,,,,,,,,,,,,
occ_00539,thorn,thorn,list_word,T10,10,needle,needle,roediger2001_55::needle,Roediger2001_55_15word_lists,"Roediger et al. (2001) 55-list DRM pool, augmented with uploaded 2024 supplementary workbook metrics",55 DRM list-Supplementary Material-08-16-24.xlsx; Roediger-et-al-2001b_PBR.pdf; RoedigerEtAl_2001.xlsx,2.41664050733828,,0.028,0.0,C,0.739130434782609,0.741545893719807,0.55354267310789,0.537842190016103,0.68,0.83,0.52,0.6,4.90666666666667,0.203,0.063,0.1294443329009089,1.93,2.78461729263288,2.65669578839281,4.93,4.42666666666667,6.0,5.73,0.1514069174,thorn,thorn,False,False,19.0,2.41664050733828,,,,,,,,,,,,,,,,,,,,,,
occ_00540,hurt,hurt,list_word,T11,11,needle,needle,roediger2001_55::needle,Roediger2001_55_15word_lists,"Roediger et al. (2001) 55-list DRM pool, augmented with uploaded 2024 supplementary workbook metrics",55 DRM list-Supplementary Material-08-16-24.xlsx; Roediger-et-al-2001b_PBR.pdf; RoedigerEtAl_2001.xlsx,4.09916249292859,,0.0,0.0,C,0.739130434782609,0.741545893719807,0.55354267310789,0.537842190016103,0.68,0.83,0.52,0.6,4.90666666666667,0.203,0.063,0.1294443329009089,1.93,2.78461729263288,2.65669578839281,4.93,4.42666666666667,6.0,5.73,0.1514069174,hurt,hurt,False,False,19.0,4.09916249292859,,,,,,,,,,,,,,,,,,,,,,
occ_00541,injection,injection,list_word,T12,12,needle,needle,roediger2001_55::needle,Roediger2001_55_15word_lists,"Roediger et al. (2001) 55-list DRM pool, augmented with uploaded 2024 supplementary workbook metrics",55 DRM list-Supplementary Material-08-16-24.xlsx; Roediger-et-al-2001b_PBR.pdf; RoedigerEtAl_2001.xlsx,2.32633586092875,,0.331,0.0,C,0.739130434782609,0.741545893719807,0.55354267310789,0.537842190016103,0.68,0.83,0.52,0.6,4.90666666666667,0.203,0.063,0.1294443329009089,1.93,2.78461729263288,2.65669578839281,4.93,4.42666666666667,6.0,5.73,0.1514069174,injection,injection,False,False,19.0,2.32633586092875,,,,,,,,,,,,,,,,,,,,,,
occ_00542,syringe,syringe,list_word,T13,13,needle,needle,roediger2001_55::needle,Roediger2001_55_15word_lists,"Roediger et al. (2001) 55-list DRM pool, augmented with uploaded 2024 supplementary workbook metrics",55 DRM list-Supplementary Material-08-16-24.xlsx; Roediger-et-al-2001b_PBR.pdf; RoedigerEtAl_2001.xlsx,2.0,,0.52,0.0,C,0.739130434782609,0.741545893719807,0.55354267310789,0.537842190016103,0.68,0.83,0.52,0.6,4.90666666666667,0.203,0.063,0.1294443329009089,1.93,2.78461729263288,2.65669578839281,4.93,4.42666666666667,6.0,5.73,0.1514069174,syringe,syringe,False,False,19.0,2.0,,,,,,,,,,,,,,,,,,,,,,
occ_00543,cloth,cloth,list_word,T14,14,needle,needle,roediger2001_55::needle,Roediger2001_55_15word_lists,"Roediger et al. (2001) 55-list DRM pool, augmented with uploaded 2024 supplementary workbook metrics",55 DRM list-Supplementary Material-08-16-24.xlsx; Roediger-et-al-2001b_PBR.pdf; RoedigerEtAl_2001.xlsx,2.49415459401844,,0.0,0.0,C,0.739130434782609,0.741545893719807,0.55354267310789,0.537842190016103,0.68,0.83,0.52,0.6,4.90666666666667,0.203,0.063,0.1294443329009089,1.93,2.78461729263288,2.65669578839281,4.93,4.42666666666667,6.0,5.73,0.1514069174,cloth,cloth,False,False,19.0,2.49415459401844,,,,,,,,,,,,,,,,,,,,,,
occ_00544,knitting,knitting,list_word,T15,15,needle,needle,roediger2001_55::needle,Roediger2001_55_15word_lists,"Roediger et al. (2001) 55-list DRM pool, augmented with uploaded 2024 supplementary workbook metrics",55 DRM list-Supplementary Material-08-16-24.xlsx; Roediger-et-al-2001b_PBR.pdf; RoedigerEtAl_2001.xlsx,2.06445798922692,,0.135,0.0,C,0.739130434782609,0.741545893719807,0.55354267310789,0.537842190016103,0.68,0.83,0.52,0.6,4.90666666666667,0.203,0.063,0.1294443329009089,1.93,2.78461729263288,2.65669578839281,4.93,4.42666666666667,6.0,5.73,0.1514069174,knitting,knitting,False,False,19.0,2.06445798922692,,,,,,,,,,,,,,,,,,,,,,
occ_00545,pen,pen,critical_distractor,CD,0,pen,pen,roediger2001_55::pen,Roediger2001_55_15word_lists,"Roediger et al. (2001) 55-list DRM pool, augmented with uploaded 2024 supplementary workbook metrics",55 DRM list-Supplementary Material-08-16-24.xlsx; Roediger-et-al-2001b_PBR.pdf; RoedigerEtAl_2001.xlsx,3.10105935490812,,,,B,0.525492221682061,0.606182142278399,0.409423363857114,0.436329149722556,0.57,0.78,0.35,0.63,5.25333333333333,0.135,0.044,0.1236221531584484,1.33,3.10105935490812,2.86271231965998,4.92,4.44642857142857,3.0,5.0,0.0841933549333333,,,,,,3.10105935490812,,,,,,,,,,,,,,,,,,,,,,
occ_00546,pencil,pencil,list_word,T1,1,pen,pen,roediger2001_55::pen,Roediger2001_55_15word_lists,"Roediger et al. (2001) 55-list DRM pool, augmented with uploaded 2024 supplementary workbook metrics",55 DRM list-Supplementary Material-08-16-24.xlsx; Roediger-et-al-2001b_PBR.pdf; RoedigerEtAl_2001.xlsx,2.70243053644553,,0.476,0.594,B,0.525492221682061,0.606182142278399,0.409423363857114,0.436329149722556,0.57,0.78,0.35,0.63,5.25333333333333,0.135,0.044,0.1236221531584484,1.33,3.10105935490812,2.86271231965998,4.92,4.44642857142857,3.0,5.0,0.0841933549333333,pencil,pencil,False,False,19.0,2.70243053644553,,,,,,,,,,,,,,,,,,,,,,
occ_00547,write,write,list_word,T2,2,pen,pen,roediger2001_55::pen,Roediger2001_55_15word_lists,"Roediger et al. (2001) 55-list DRM pool, augmented with uploaded 2024 supplementary workbook metrics",55 DRM list-Supplementary Material-08-16-24.xlsx; Roediger-et-al-2001b_PBR.pdf; RoedigerEtAl_2001.xlsx,3.81077001123436,,0.128,0.065,B,0.525492221682061,0.606182142278399,0.409423363857114,0.436329149722556,0.57,0.78,0.35,0.63,5.25333333333333,0.135,0.044,0.1236221531584484,1.33,3.10105935490812,2.86271231965998,4.92,4.44642857142857,3.0,5.0,0.0841933549333333,write,write,False,False,19.0,3.81077001123436,,,,,,,,,,,,,,,,,,,,,,
occ_00548,fountain,fountain,list_word,T3,3,pen,pen,roediger2001_55::pen,Roediger2001_55_15word_lists,"Roediger et al. (2001) 55-list DRM pool, augmented with uploaded 2024 supplementary workbook metrics",55 DRM list-Supplementary Material-08-16-24.xlsx; Roediger-et-al-2001b_PBR.pdf; RoedigerEtAl_2001.xlsx,2.54777470538782,,0.071,0.0,B,0.525492221682061,0.606182142278399,0.409423363857114,0.436329149722556,0.57,0.78,0.35,0.63,5.25333333333333,0.135,0.044,0.1236221531584484,1.33,3.10105935490812,2.86271231965998,4.92,4.44642857142857,3.0,5.0,0.0841933549333333,fountain,fountain,False,False,19.0,2.54777470538782,,,,,,,,,,,,,,,,,,,,,,
occ_00549,leak,leak,list_word,T4,4,pen,pen,roediger2001_55::pen,Roediger2001_55_15word_lists,"Roediger et al. (2001) 55-list DRM pool, augmented with uploaded 2024 supplementary workbook metrics",55 DRM list-Supplementary Material-08-16-24.xlsx; Roediger-et-al-2001b_PBR.pdf; RoedigerEtAl_2001.xlsx,2.71432975974523,,0.0,0.0,B,0.525492221682061,0.606182142278399,0.409423363857114,0.436329149722556,0.57,0.78,0.35,0.63,5.25333333333333,0.135,0.044,0.1236221531584484,1.33,3.10105935490812,2.86271231965998,4.92,4.44642857142857,3.0,5.0,0.0841933549333333,leak,leak,False,False,19.0,2.71432975974523,,,,,,,,,,,,,,,,,,,,,,
occ_00550,quill,quill,list_word,T5,5,pen,pen,roediger2001_55::pen,Roediger2001_55_15word_lists,"Roediger et al. (2001) 55-list DRM pool, augmented with uploaded 2024 supplementary workbook metrics",55 DRM list-Supplementary Material-08-16-24.xlsx; Roediger-et-al-2001b_PBR.pdf; RoedigerEtAl_2001.xlsx,2.14612803567824,,0.635,0.0,B,0.525492221682061,0.606182142278399,0.409423363857114,0.436329149722556,0.57,0.78,0.35,0.63,5.25333333333333,0.135,0.044,0.1236221531584484,1.33,3.10105935490812,2.86271231965998,4.92,4.44642857142857,3.0,5.0,0.0841933549333333,quill,quill,False,False,19.0,2.14612803567824,,,,,,,,,,,,,,,,,,,,,,
occ_00551,felt,felt,list_word,T6,6,pen,pen,roediger2001_55::pen,Roediger2001_55_15word_lists,"Roediger et al. (2001) 55-list DRM pool, augmented with uploaded 2024 supplementary workbook metrics",55 DRM list-Supplementary Material-08-16-24.xlsx; Roediger-et-al-2001b_PBR.pdf; RoedigerEtAl_2001.xlsx,3.78618334556763,,0.047,0.0,B,0.525492221682061,0.606182142278399,0.409423363857114,0.436329149722556,0.57,0.78,0.35,0.63,5.25333333333333,0.135,0.044,0.1236221531584484,1.33,3.10105935490812,2.86271231965998,4.92,4.44642857142857,3.0,5.0,0.0841933549333333,felt,felt,False,False,19.0,3.78618334556763,,,,,,,,,,,,,,,,,,,,,,
occ_00552,bic,bic,list_word,T7,7,pen,pen,roediger2001_55::pen,Roediger2001_55_15word_lists,"Roediger et al. (2001) 55-list DRM pool, augmented with uploaded 2024 supplementary workbook metrics",55 DRM list-Supplementary Material-08-16-24.xlsx; Roediger-et-al-2001b_PBR.pdf; RoedigerEtAl_2001.xlsx,1.0,,0.372,0.0,B,0.525492221682061,0.606182142278399,0.409423363857114,0.436329149722556,0.57,0.78,0.35,0.63,5.25333333333333,0.135,0.044,0.1236221531584484,1.33,3.10105935490812,2.86271231965998,4.92,4.44642857142857,3.0,5.0,0.0841933549333333,Bic,bic,True,False,19.0,1.0,,,,,,,,,,,,,,,,,,,,,,
occ_00553,scribble,scribble,list_word,T8,8,pen,pen,roediger2001_55::pen,Roediger2001_55_15word_lists,"Roediger et al. (2001) 55-list DRM pool, augmented with uploaded 2024 supplementary workbook metrics",55 DRM list-Supplementary Material-08-16-24.xlsx; Roediger-et-al-2001b_PBR.pdf; RoedigerEtAl_2001.xlsx,1.51851393987789,,0.02,0.0,B,0.525492221682061,0.606182142278399,0.409423363857114,0.436329149722556,0.57,0.78,0.35,0.63,5.25333333333333,0.135,0.044,0.1236221531584484,1.33,3.10105935490812,2.86271231965998,4.92,4.44642857142857,3.0,5.0,0.0841933549333333,scribble,scribble,False,False,19.0,1.51851393987789,,,,,,,,,,,,,,,,,,,,,,
occ_00554,crayon,crayon,list_word,T9,9,pen,pen,roediger2001_55::pen,Roediger2001_55_15word_lists,"Roediger et al. (2001) 55-list DRM pool, augmented with uploaded 2024 supplementary workbook metrics",55 DRM list-Supplementary Material-08-16-24.xlsx; Roediger-et-al-2001b_PBR.pdf; RoedigerEtAl_2001.xlsx,1.34242268082221,,0.0,0.0,B,0.525492221682061,0.606182142278399,0.409423363857114,0.436329149722556,0.57,0.78,0.35,0.63,5.25333333333333,0.135,0.044,0.1236221531584484,1.33,3.10105935490812,2.86271231965998,4.92,4.44642857142857,3.0,5.0,0.0841933549333333,crayon,crayon,False,False,19.0,1.34242268082221,,,,,,,,,,,,,,,,,,,,,,
occ_00555,cross,cross,list_word,T10,10,pen,pen,roediger2001_55::pen,Roediger2001_55_15word_lists,"Roediger et al. (2001) 55-list DRM pool, augmented with uploaded 2024 supplementary workbook metrics",55 DRM list-Supplementary Material-08-16-24.xlsx; Roediger-et-al-2001b_PBR.pdf; RoedigerEtAl_2001.xlsx,3.44839710345777,,0.013,0.0,B,0.525492221682061,0.606182142278399,0.409423363857114,0.436329149722556,0.57,0.78,0.35,0.63,5.25333333333333,0.135,0.044,0.1236221531584484,1.33,3.10105935490812,2.86271231965998,4.92,4.44642857142857,3.0,5.0,0.0841933549333333,Cross,cross,True,False,19.0,3.44839710345777,,,,,,,,,,,,,,,,,,,,,,
occ_00556,tip,tip,list_word,T11,11,pen,pen,roediger2001_55::pen,Roediger2001_55_15word_lists,"Roediger et al. (2001) 55-list DRM pool, augmented with uploaded 2024 supplementary workbook metrics",55 DRM list-Supplementary Material-08-16-24.xlsx; Roediger-et-al-2001b_PBR.pdf; RoedigerEtAl_2001.xlsx,3.14921911265538,,0.0,0.0,B,0.525492221682061,0.606182142278399,0.409423363857114,0.436329149722556,0.57,0.78,0.35,0.63,5.25333333333333,0.135,0.044,0.1236221531584484,1.33,3.10105935490812,2.86271231965998,4.92,4.44642857142857,3.0,5.0,0.0841933549333333,tip,tip,False,False,19.0,3.14921911265538,,,,,,,,,,,,,,,,,,,,,,
occ_00557,marker,marker,list_word,T12,12,pen,pen,roediger2001_55::pen,Roediger2001_55_15word_lists,"Roediger et al. (2001) 55-list DRM pool, augmented with uploaded 2024 supplementary workbook metrics",55 DRM list-Supplementary Material-08-16-24.xlsx; Roediger-et-al-2001b_PBR.pdf; RoedigerEtAl_2001.xlsx,2.42813479402879,,0.257,0.0,B,0.525492221682061,0.606182142278399,0.409423363857114,0.436329149722556,0.57,0.78,0.35,0.63,5.25333333333333,0.135,0.044,0.1236221531584484,1.33,3.10105935490812,2.86271231965998,4.92,4.44642857142857,3.0,5.0,0.0841933549333333,marker,marker,False,False,19.0,2.42813479402879,,,,,,,,,,,,,,,,,,,,,,
occ_00558,red,red,list_word,T13,13,pen,pen,roediger2001_55::pen,Roediger2001_55_15word_lists,"Roediger et al. (2001) 55-list DRM pool, augmented with uploaded 2024 supplementary workbook metrics",55 DRM list-Supplementary Material-08-16-24.xlsx; Roediger-et-al-2001b_PBR.pdf; RoedigerEtAl_2001.xlsx,3.87806198129001,,0.0,0.0,B,0.525492221682061,0.606182142278399,0.409423363857114,0.436329149722556,0.57,0.78,0.35,0.63,5.25333333333333,0.135,0.044,0.1236221531584484,1.33,3.10105935490812,2.86271231965998,4.92,4.44642857142857,3.0,5.0,0.0841933549333333,red,red,False,False,19.0,3.87806198129001,,,,,,,,,,,,,,,,,,,,,,
occ_00559,cap,cap,list_word,T14,14,pen,pen,roediger2001_55::pen,Roediger2001_55_15word_lists,"Roediger et al. (2001) 55-list DRM pool, augmented with uploaded 2024 supplementary workbook metrics",55 DRM list-Supplementary Material-08-16-24.xlsx; Roediger-et-al-2001b_PBR.pdf; RoedigerEtAl_2001.xlsx,2.98091193777684,,0.0,0.0,B,0.525492221682061,0.606182142278399,0.409423363857114,0.436329149722556,0.57,0.78,0.35,0.63,5.25333333333333,0.135,0.044,0.1236221531584484,1.33,3.10105935490812,2.86271231965998,4.92,4.44642857142857,3.0,5.0,0.0841933549333333,cap,cap,False,False,19.0,2.98091193777684,,,,,,,,,,,,,,,,,,,,,,
occ_00560,letter,letter,list_word,T15,15,pen,pen,roediger2001_55::pen,Roediger2001_55_15word_lists,"Roediger et al. (2001) 55-list DRM pool, augmented with uploaded 2024 supplementary workbook metrics",55 DRM list-Supplementary Material-08-16-24.xlsx; Roediger-et-al-2001b_PBR.pdf; RoedigerEtAl_2001.xlsx,3.62469453127208,,0.0,0.0,B,0.525492221682061,0.606182142278399,0.409423363857114,0.436329149722556,0.57,0.78,0.35,0.63,5.25333333333333,0.135,0.044,0.1236221531584484,1.33,3.10105935490812,2.86271231965998,4.92,4.44642857142857,3.0,5.0,0.0841933549333333,letter,letter,False,False,19.0,3.62469453127208,,,,,,,,,,,,,,,,,,,,,,
occ_00561,river,river,critical_distractor,CD,0,river,river,roediger2001_55::river,Roediger2001_55_15word_lists,"Roediger et al. (2001) 55-list DRM pool, augmented with uploaded 2024 supplementary workbook metrics",55 DRM list-Supplementary Material-08-16-24.xlsx; Roediger-et-al-2001b_PBR.pdf; RoedigerEtAl_2001.xlsx,3.45178643552429,,,,B,0.772149975692756,0.68458313077297,0.606096954448377,0.501648089094331,0.67,0.85,0.42,0.64,5.56,0.147,0.036,0.2312089960575326,2.47,3.45178643552429,3.00145902980599,4.89,4.53071428571429,5.0,5.13,0.0631619113333333,,,,,,3.45178643552429,,,,,,,,,,,,,,,,,,,,,,
occ_00562,water,water,list_word,T1,1,river,river,roediger2001_55::river,Roediger2001_55_15word_lists,"Roediger et al. (2001) 55-list DRM pool, augmented with uploaded 2024 supplementary workbook metrics",55 DRM list-Supplementary Material-08-16-24.xlsx; Roediger-et-al-2001b_PBR.pdf; RoedigerEtAl_2001.xlsx,4.05990405588441,,0.0,0.071,B,0.772149975692756,0.68458313077297,0.606096954448377,0.501648089094331,0.67,0.85,0.42,0.64,5.56,0.147,0.036,0.2312089960575326,2.47,3.45178643552429,3.00145902980599,4.89,4.53071428571429,5.0,5.13,0.0631619113333333,water,water,False,False,19.0,4.05990405588441,,,,,,,,,,,,,,,,,,,,,,
occ_00563,stream,stream,list_word,T2,2,river,river,roediger2001_55::river,Roediger2001_55_15word_lists,"Roediger et al. (2001) 55-list DRM pool, augmented with uploaded 2024 supplementary workbook metrics",55 DRM list-Supplementary Material-08-16-24.xlsx; Roediger-et-al-2001b_PBR.pdf; RoedigerEtAl_2001.xlsx,2.61384182187607,,0.321,0.118,B,0.772149975692756,0.68458313077297,0.606096954448377,0.501648089094331,0.67,0.85,0.42,0.64,5.56,0.147,0.036,0.2312089960575326,2.47,3.45178643552429,3.00145902980599,4.89,4.53071428571429,5.0,5.13,0.0631619113333333,stream,stream,False,False,19.0,2.61384182187607,,,,,,,,,,,,,,,,,,,,,,
occ_00564,lake,lake,list_word,T3,3,river,river,roediger2001_55::river,Roediger2001_55_15word_lists,"Roediger et al. (2001) 55-list DRM pool, augmented with uploaded 2024 supplementary workbook metrics",55 DRM list-Supplementary Material-08-16-24.xlsx; Roediger-et-al-2001b_PBR.pdf; RoedigerEtAl_2001.xlsx,3.26410915630581,,0.142,0.118,B,0.772149975692756,0.68458313077297,0.606096954448377,0.501648089094331,0.67,0.85,0.42,0.64,5.56,0.147,0.036,0.2312089960575326,2.47,3.45178643552429,3.00145902980599,4.89,4.53071428571429,5.0,5.13,0.0631619113333333,lake,lake,False,False,19.0,3.26410915630581,,,,,,,,,,,,,,,,,,,,,,
occ_00565,mississippi,mississippi,list_word,T4,4,river,river,roediger2001_55::river,Roediger2001_55_15word_lists,"Roediger et al. (2001) 55-list DRM pool, augmented with uploaded 2024 supplementary workbook metrics",55 DRM list-Supplementary Material-08-16-24.xlsx; Roediger-et-al-2001b_PBR.pdf; RoedigerEtAl_2001.xlsx,2.53147891704225,,0.654,0.031,B,0.772149975692756,0.68458313077297,0.606096954448377,0.501648089094331,0.67,0.85,0.42,0.64,5.56,0.147,0.036,0.2312089960575326,2.47,3.45178643552429,3.00145902980599,4.89,4.53071428571429,5.0,5.13,0.0631619113333333,Mississippi,mississippi,True,False,19.0,2.53147891704225,,,,,,,,,,,,,,,,,,,,,,
occ_00566,boat,boat,list_word,T5,5,river,river,roediger2001_55::river,Roediger2001_55_15word_lists,"Roediger et al. (2001) 55-list DRM pool, augmented with uploaded 2024 supplementary workbook metrics",55 DRM list-Supplementary Material-08-16-24.xlsx; Roediger-et-al-2001b_PBR.pdf; RoedigerEtAl_2001.xlsx,3.68895346263742,,0.0,0.055,B,0.772149975692756,0.68458313077297,0.606096954448377,0.501648089094331,0.67,0.85,0.42,0.64,5.56,0.147,0.036,0.2312089960575326,2.47,3.45178643552429,3.00145902980599,4.89,4.53071428571429,5.0,5.13,0.0631619113333333,boat,boat,False,False,19.0,3.68895346263742,,,,,,,,,,,,,,,,,,,,,,
occ_00567,tide,tide,list_word,T6,6,river,river,roediger2001_55::river,Roediger2001_55_15word_lists,"Roediger et al. (2001) 55-list DRM pool, augmented with uploaded 2024 supplementary workbook metrics",55 DRM list-Supplementary Material-08-16-24.xlsx; Roediger-et-al-2001b_PBR.pdf; RoedigerEtAl_2001.xlsx,2.57518784492766,,0.0,0.0,B,0.772149975692756,0.68458313077297,0.606096954448377,0.501648089094331,0.67,0.85,0.42,0.64,5.56,0.147,0.036,0.2312089960575326,2.47,3.45178643552429,3.00145902980599,4.89,4.53071428571429,5.0,5.13,0.0631619113333333,tide,tide,False,False,19.0,2.57518784492766,,,,,,,,,,,,,,,,,,,,,,
occ_00568,swim,swim,list_word,T7,7,river,river,roediger2001_55::river,Roediger2001_55_15word_lists,"Roediger et al. (2001) 55-list DRM pool, augmented with uploaded 2024 supplementary workbook metrics",55 DRM list-Supplementary Material-08-16-24.xlsx; Roediger-et-al-2001b_PBR.pdf; RoedigerEtAl_2001.xlsx,3.21031851982623,,0.0,0.016,B,0.772149975692756,0.68458313077297,0.606096954448377,0.501648089094331,0.67,0.85,0.42,0.64,5.56,0.147,0.036,0.2312089960575326,2.47,3.45178643552429,3.00145902980599,4.89,4.53071428571429,5.0,5.13,0.0631619113333333,swim,swim,False,False,19.0,3.21031851982623,,,,,,,,,,,,,,,,,,,,,,
occ_00569,flow,flow,list_word,T8,8,river,river,roediger2001_55::river,Roediger2001_55_15word_lists,"Roediger et al. (2001) 55-list DRM pool, augmented with uploaded 2024 supplementary workbook metrics",55 DRM list-Supplementary Material-08-16-24.xlsx; Roediger-et-al-2001b_PBR.pdf; RoedigerEtAl_2001.xlsx,2.84633711212981,,0.283,0.063,B,0.772149975692756,0.68458313077297,0.606096954448377,0.501648089094331,0.67,0.85,0.42,0.64,5.56,0.147,0.036,0.2312089960575326,2.47,3.45178643552429,3.00145902980599,4.89,4.53071428571429,5.0,5.13,0.0631619113333333,flow,flow,False,False,19.0,2.84633711212981,,,,,,,,,,,,,,,,,,,,,,
occ_00570,run,run,list_word,T9,9,river,river,roediger2001_55::river,Roediger2001_55_15word_lists,"Roediger et al. (2001) 55-list DRM pool, augmented with uploaded 2024 supplementary workbook metrics",55 DRM list-Supplementary Material-08-16-24.xlsx; Roediger-et-al-2001b_PBR.pdf; RoedigerEtAl_2001.xlsx,4.25234322438009,,0.0,0.016,B,0.772149975692756,0.68458313077297,0.606096954448377,0.501648089094331,0.67,0.85,0.42,0.64,5.56,0.147,0.036,0.2312089960575326,2.47,3.45178643552429,3.00145902980599,4.89,4.53071428571429,5.0,5.13,0.0631619113333333,run,run,False,False,19.0,4.25234322438009,,,,,,,,,,,,,,,,,,,,,,
occ_00571,barge,barge,list_word,T10,10,river,river,roediger2001_55::river,Roediger2001_55_15word_lists,"Roediger et al. (2001) 55-list DRM pool, augmented with uploaded 2024 supplementary workbook metrics",55 DRM list-Supplementary Material-08-16-24.xlsx; Roediger-et-al-2001b_PBR.pdf; RoedigerEtAl_2001.xlsx,2.29885307640971,,0.047,0.0,B,0.772149975692756,0.68458313077297,0.606096954448377,0.501648089094331,0.67,0.85,0.42,0.64,5.56,0.147,0.036,0.2312089960575326,2.47,3.45178643552429,3.00145902980599,4.89,4.53071428571429,5.0,5.13,0.0631619113333333,barge,barge,True,False,19.0,2.29885307640971,,,,,,,,,,,,,,,,,,,,,,
occ_00572,creek,creek,list_word,T11,11,river,river,roediger2001_55::river,Roediger2001_55_15word_lists,"Roediger et al. (2001) 55-list DRM pool, augmented with uploaded 2024 supplementary workbook metrics",55 DRM list-Supplementary Material-08-16-24.xlsx; Roediger-et-al-2001b_PBR.pdf; RoedigerEtAl_2001.xlsx,2.65801139665711,,0.397,0.0,B,0.772149975692756,0.68458313077297,0.606096954448377,0.501648089094331,0.67,0.85,0.42,0.64,5.56,0.147,0.036,0.2312089960575326,2.47,3.45178643552429,3.00145902980599,4.89,4.53071428571429,5.0,5.13,0.0631619113333333,creek,creek,False,False,19.0,2.65801139665711,,,,,,,,,,,,,,,,,,,,,,
occ_00573,brook,brook,list_word,T12,12,river,river,roediger2001_55::river,Roediger2001_55_15word_lists,"Roediger et al. (2001) 55-list DRM pool, augmented with uploaded 2024 supplementary workbook metrics",55 DRM list-Supplementary Material-08-16-24.xlsx; Roediger-et-al-2001b_PBR.pdf; RoedigerEtAl_2001.xlsx,2.02118929906994,,0.161,0.016,B,0.772149975692756,0.68458313077297,0.606096954448377,0.501648089094331,0.67,0.85,0.42,0.64,5.56,0.147,0.036,0.2312089960575326,2.47,3.45178643552429,3.00145902980599,4.89,4.53071428571429,5.0,5.13,0.0631619113333333,brook,brook,False,False,19.0,2.02118929906994,,,,,,,,,,,,,,,,,,,,,,
occ_00574,fish,fish,list_word,T13,13,river,river,roediger2001_55::river,Roediger2001_55_15word_lists,"Roediger et al. (2001) 55-list DRM pool, augmented with uploaded 2024 supplementary workbook metrics",55 DRM list-Supplementary Material-08-16-24.xlsx; Roediger-et-al-2001b_PBR.pdf; RoedigerEtAl_2001.xlsx,3.62930764007375,,0.0,0.016,B,0.772149975692756,0.68458313077297,0.606096954448377,0.501648089094331,0.67,0.85,0.42,0.64,5.56,0.147,0.036,0.2312089960575326,2.47,3.45178643552429,3.00145902980599,4.89,4.53071428571429,5.0,5.13,0.0631619113333333,fish,fish,False,False,19.0,3.62930764007375,,,,,,,,,,,,,,,,,,,,,,
occ_00575,bridge,bridge,list_word,T14,14,river,river,roediger2001_55::river,Roediger2001_55_15word_lists,"Roediger et al. (2001) 55-list DRM pool, augmented with uploaded 2024 supplementary workbook metrics",55 DRM list-Supplementary Material-08-16-24.xlsx; Roediger-et-al-2001b_PBR.pdf; RoedigerEtAl_2001.xlsx,3.36772854608698,,0.197,0.0,B,0.772149975692756,0.68458313077297,0.606096954448377,0.501648089094331,0.67,0.85,0.42,0.64,5.56,0.147,0.036,0.2312089960575326,2.47,3.45178643552429,3.00145902980599,4.89,4.53071428571429,5.0,5.13,0.0631619113333333,bridge,bridge,False,False,19.0,3.36772854608698,,,,,,,,,,,,,,,,,,,,,,
occ_00576,winding,winding,list_word,T15,15,river,river,roediger2001_55::river,Roediger2001_55_15word_lists,"Roediger et al. (2001) 55-list DRM pool, augmented with uploaded 2024 supplementary workbook metrics",55 DRM list-Supplementary Material-08-16-24.xlsx; Roediger-et-al-2001b_PBR.pdf; RoedigerEtAl_2001.xlsx,2.00432137378264,,0.0,0.016,B,0.772149975692756,0.68458313077297,0.606096954448377,0.501648089094331,0.67,0.85,0.42,0.64,5.56,0.147,0.036,0.2312089960575326,2.47,3.45178643552429,3.00145902980599,4.89,4.53071428571429,5.0,5.13,0.0631619113333333,winding,winding,False,False,19.0,2.00432137378264,,,,,,,,,,,,,,,,,,,,,,
occ_00577,rough,rough,critical_distractor,CD,0,rough,rough,roediger2001_55::rough,Roediger2001_55_15word_lists,"Roediger et al. (2001) 55-list DRM pool, augmented with uploaded 2024 supplementary workbook metrics",55 DRM list-Supplementary Material-08-16-24.xlsx; Roediger-et-al-2001b_PBR.pdf; RoedigerEtAl_2001.xlsx,3.28057837036808,,,,A,0.688888888888889,0.54320987654321,0.555026455026455,0.38694885361552,0.83,0.76,0.53,0.56,4.92,0.122,0.033,0.1813113043496929,1.27,3.28057837036808,2.52539356696489,3.83,3.82076923076923,5.0,6.07,0.093953457,,,,,,3.28057837036808,,,,,,,,,,,,,,,,,,,,,,
occ_00578,smooth,smooth,list_word,T1,1,rough,rough,roediger2001_55::rough,Roediger2001_55_15word_lists,"Roediger et al. (2001) 55-list DRM pool, augmented with uploaded 2024 supplementary workbook metrics",55 DRM list-Supplementary Material-08-16-24.xlsx; Roediger-et-al-2001b_PBR.pdf; RoedigerEtAl_2001.xlsx,2.9698816437465,,0.416,0.352,A,0.688888888888889,0.54320987654321,0.555026455026455,0.38694885361552,0.83,0.76,0.53,0.56,4.92,0.122,0.033,0.1813113043496929,1.27,3.28057837036808,2.52539356696489,3.83,3.82076923076923,5.0,6.07,0.093953457,smooth,smooth,False,False,19.0,2.9698816437465,,,,,,,,,,,,,,,,,,,,,,
occ_00579,bumpy,bumpy,list_word,T2,2,rough,rough,roediger2001_55::rough,Roediger2001_55_15word_lists,"Roediger et al. (2001) 55-list DRM pool, augmented with uploaded 2024 supplementary workbook metrics",55 DRM list-Supplementary Material-08-16-24.xlsx; Roediger-et-al-2001b_PBR.pdf; RoedigerEtAl_2001.xlsx,2.28103336724773,,0.15,0.028,A,0.688888888888889,0.54320987654321,0.555026455026455,0.38694885361552,0.83,0.76,0.53,0.56,4.92,0.122,0.033,0.1813113043496929,1.27,3.28057837036808,2.52539356696489,3.83,3.82076923076923,5.0,6.07,0.093953457,bumpy,bumpy,False,False,19.0,2.28103336724773,,,,,,,,,,,,,,,,,,,,,,
occ_00580,road,road,list_word,T3,3,rough,rough,roediger2001_55::rough,Roediger2001_55_15word_lists,"Roediger et al. (2001) 55-list DRM pool, augmented with uploaded 2024 supplementary workbook metrics",55 DRM list-Supplementary Material-08-16-24.xlsx; Roediger-et-al-2001b_PBR.pdf; RoedigerEtAl_2001.xlsx,3.75663610824585,,0.0,0.0,A,0.688888888888889,0.54320987654321,0.555026455026455,0.38694885361552,0.83,0.76,0.53,0.56,4.92,0.122,0.033,0.1813113043496929,1.27,3.28057837036808,2.52539356696489,3.83,3.82076923076923,5.0,6.07,0.093953457,road,road,False,False,19.0,3.75663610824585,,,,,,,,,,,,,,,,,,,,,,
occ_00581,tough,tough,list_word,T4,4,rough,rough,roediger2001_55::rough,Roediger2001_55_15word_lists,"Roediger et al. (2001) 55-list DRM pool, augmented with uploaded 2024 supplementary workbook metrics",55 DRM list-Supplementary Material-08-16-24.xlsx; Roediger-et-al-2001b_PBR.pdf; RoedigerEtAl_2001.xlsx,3.66435987455114,,0.192,0.048,A,0.688888888888889,0.54320987654321,0.555026455026455,0.38694885361552,0.83,0.76,0.53,0.56,4.92,0.122,0.033,0.1813113043496929,1.27,3.28057837036808,2.52539356696489,3.83,3.82076923076923,5.0,6.07,0.093953457,tough,tough,False,False,19.0,3.66435987455114,,,,,,,,,,,,,,,,,,,,,,
occ_00582,sandpaper,sandpaper,list_word,T5,5,rough,rough,roediger2001_55::rough,Roediger2001_55_15word_lists,"Roediger et al. (2001) 55-list DRM pool, augmented with uploaded 2024 supplementary workbook metrics",55 DRM list-Supplementary Material-08-16-24.xlsx; Roediger-et-al-2001b_PBR.pdf; RoedigerEtAl_2001.xlsx,1.36172783601759,,0.429,0.041,A,0.688888888888889,0.54320987654321,0.555026455026455,0.38694885361552,0.83,0.76,0.53,0.56,4.92,0.122,0.033,0.1813113043496929,1.27,3.28057837036808,2.52539356696489,3.83,3.82076923076923,5.0,6.07,0.093953457,sandpaper,sandpaper,False,False,19.0,1.36172783601759,,,,,,,,,,,,,,,,,,,,,,
occ_00583,jagged,jagged,list_word,T6,6,rough,rough,roediger2001_55::rough,Roediger2001_55_15word_lists,"Roediger et al. (2001) 55-list DRM pool, augmented with uploaded 2024 supplementary workbook metrics",55 DRM list-Supplementary Material-08-16-24.xlsx; Roediger-et-al-2001b_PBR.pdf; RoedigerEtAl_2001.xlsx,1.47712125471966,,0.128,0.0,A,0.688888888888889,0.54320987654321,0.555026455026455,0.38694885361552,0.83,0.76,0.53,0.56,4.92,0.122,0.033,0.1813113043496929,1.27,3.28057837036808,2.52539356696489,3.83,3.82076923076923,5.0,6.07,0.093953457,jagged,jagged,True,False,19.0,1.47712125471966,,,,,,,,,,,,,,,,,,,,,,
occ_00584,ready,ready,list_word,T7,7,rough,rough,roediger2001_55::rough,Roediger2001_55_15word_lists,"Roediger et al. (2001) 55-list DRM pool, augmented with uploaded 2024 supplementary workbook metrics",55 DRM list-Supplementary Material-08-16-24.xlsx; Roediger-et-al-2001b_PBR.pdf; RoedigerEtAl_2001.xlsx,4.29620433046337,,0.0,0.0,A,0.688888888888889,0.54320987654321,0.555026455026455,0.38694885361552,0.83,0.76,0.53,0.56,4.92,0.122,0.033,0.1813113043496929,1.27,3.28057837036808,2.52539356696489,3.83,3.82076923076923,5.0,6.07,0.093953457,ready,ready,False,False,19.0,4.29620433046337,,,,,,,,,,,,,,,,,,,,,,
occ_00585,coarse,coarse,list_word,T8,8,rough,rough,roediger2001_55::rough,Roediger2001_55_15word_lists,"Roediger et al. (2001) 55-list DRM pool, augmented with uploaded 2024 supplementary workbook metrics",55 DRM list-Supplementary Material-08-16-24.xlsx; Roediger-et-al-2001b_PBR.pdf; RoedigerEtAl_2001.xlsx,1.84509804001426,,0.291,0.014,A,0.688888888888889,0.54320987654321,0.555026455026455,0.38694885361552,0.83,0.76,0.53,0.56,4.92,0.122,0.033,0.1813113043496929,1.27,3.28057837036808,2.52539356696489,3.83,3.82076923076923,5.0,6.07,0.093953457,coarse,coarse,True,False,19.0,1.84509804001426,,,,,,,,,,,,,,,,,,,,,,
occ_00586,uneven,uneven,list_word,T9,9,rough,rough,roediger2001_55::rough,Roediger2001_55_15word_lists,"Roediger et al. (2001) 55-list DRM pool, augmented with uploaded 2024 supplementary workbook metrics",55 DRM list-Supplementary Material-08-16-24.xlsx; Roediger-et-al-2001b_PBR.pdf; RoedigerEtAl_2001.xlsx,1.60205999132796,,0.019,0.0,A,0.688888888888889,0.54320987654321,0.555026455026455,0.38694885361552,0.83,0.76,0.53,0.56,4.92,0.122,0.033,0.1813113043496929,1.27,3.28057837036808,2.52539356696489,3.83,3.82076923076923,5.0,6.07,0.093953457,uneven,uneven,False,False,19.0,1.60205999132796,,,,,,,,,,,,,,,,,,,,,,
occ_00587,riders,riders,list_word,T10,10,rough,rough,roediger2001_55::rough,Roediger2001_55_15word_lists,"Roediger et al. (2001) 55-list DRM pool, augmented with uploaded 2024 supplementary workbook metrics",55 DRM list-Supplementary Material-08-16-24.xlsx; Roediger-et-al-2001b_PBR.pdf; RoedigerEtAl_2001.xlsx,2.20139712432045,,0.027,0.0,A,0.688888888888889,0.54320987654321,0.555026455026455,0.38694885361552,0.83,0.76,0.53,0.56,4.92,0.122,0.033,0.1813113043496929,1.27,3.28057837036808,2.52539356696489,3.83,3.82076923076923,5.0,6.07,0.093953457,riders,riders,True,False,19.0,2.20139712432045,,,,,,,,,,,,,,,,,,,,,,
occ_00588,ragged,ragged,list_word,T11,11,rough,rough,roediger2001_55::rough,Roediger2001_55_15word_lists,"Roediger et al. (2001) 55-list DRM pool, augmented with uploaded 2024 supplementary workbook metrics",55 DRM list-Supplementary Material-08-16-24.xlsx; Roediger-et-al-2001b_PBR.pdf; RoedigerEtAl_2001.xlsx,1.90848501887865,,0.174,0.014,A,0.688888888888889,0.54320987654321,0.555026455026455,0.38694885361552,0.83,0.76,0.53,0.56,4.92,0.122,0.033,0.1813113043496929,1.27,3.28057837036808,2.52539356696489,3.83,3.82076923076923,5.0,6.07,0.093953457,rugged,rugged,True,False,19.0,1.90848501887865,,,,,,,,,,,,,,,,,,,,,,
occ_00589,sand,sand,list_word,T12,12,rough,rough,roediger2001_55::rough,Roediger2001_55_15word_lists,"Roediger et al. (2001) 55-list DRM pool, augmented with uploaded 2024 supplementary workbook metrics",55 DRM list-Supplementary Material-08-16-24.xlsx; Roediger-et-al-2001b_PBR.pdf; RoedigerEtAl_2001.xlsx,3.01535975540921,,0.0,0.0,A,0.688888888888889,0.54320987654321,0.555026455026455,0.38694885361552,0.83,0.76,0.53,0.56,4.92,0.122,0.033,0.1813113043496929,1.27,3.28057837036808,2.52539356696489,3.83,3.82076923076923,5.0,6.07,0.093953457,sand,sand,False,False,19.0,3.01535975540921,,,,,,,,,,,,,,,,,,,,,,
occ_00590,boards,boards,list_word,T13,13,rough,rough,roediger2001_55::rough,Roediger2001_55_15word_lists,"Roediger et al. (2001) 55-list DRM pool, augmented with uploaded 2024 supplementary workbook metrics",55 DRM list-Supplementary Material-08-16-24.xlsx; Roediger-et-al-2001b_PBR.pdf; RoedigerEtAl_2001.xlsx,2.06445798922692,,0.0,0.0,A,0.688888888888889,0.54320987654321,0.555026455026455,0.38694885361552,0.83,0.76,0.53,0.56,4.92,0.122,0.033,0.1813113043496929,1.27,3.28057837036808,2.52539356696489,3.83,3.82076923076923,5.0,6.07,0.093953457,boards,boards,True,False,19.0,2.06445798922692,,,,,,,,,,,,,,,,,,,,,,
occ_00591,ground,ground,list_word,T14,14,rough,rough,roediger2001_55::rough,Roediger2001_55_15word_lists,"Roediger et al. (2001) 55-list DRM pool, augmented with uploaded 2024 supplementary workbook metrics",55 DRM list-Supplementary Material-08-16-24.xlsx; Roediger-et-al-2001b_PBR.pdf; RoedigerEtAl_2001.xlsx,3.56784945057311,,0.0,0.0,A,0.688888888888889,0.54320987654321,0.555026455026455,0.38694885361552,0.83,0.76,0.53,0.56,4.92,0.122,0.033,0.1813113043496929,1.27,3.28057837036808,2.52539356696489,3.83,3.82076923076923,5.0,6.07,0.093953457,ground,ground,False,False,19.0,3.56784945057311,,,,,,,,,,,,,,,,,,,,,,
occ_00592,gravel,gravel,list_word,T15,15,rough,rough,roediger2001_55::rough,Roediger2001_55_15word_lists,"Roediger et al. (2001) 55-list DRM pool, augmented with uploaded 2024 supplementary workbook metrics",55 DRM list-Supplementary Material-08-16-24.xlsx; Roediger-et-al-2001b_PBR.pdf; RoedigerEtAl_2001.xlsx,1.86923171973098,,0.0,0.0,A,0.688888888888889,0.54320987654321,0.555026455026455,0.38694885361552,0.83,0.76,0.53,0.56,4.92,0.122,0.033,0.1813113043496929,1.27,3.28057837036808,2.52539356696489,3.83,3.82076923076923,5.0,6.07,0.093953457,gravel,gravel,False,False,19.0,1.86923171973098,,,,,,,,,,,,,,,,,,,,,,
occ_00593,rubber,rubber,critical_distractor,CD,0,rubber,rubber,roediger2001_55::rubber,Roediger2001_55_15word_lists,"Roediger et al. (2001) 55-list DRM pool, augmented with uploaded 2024 supplementary workbook metrics",55 DRM list-Supplementary Material-08-16-24.xlsx; Roediger-et-al-2001b_PBR.pdf; RoedigerEtAl_2001.xlsx,2.85430604180108,,,,C,0.623188405797101,0.608695652173913,0.475040257648953,0.398953301127214,0.67,0.72,0.32,0.53,4.50666666666667,0.033,0.017,0.1812756560831218,0.67,2.85430604180108,2.1789250828767,4.86,4.09307692307692,6.0,6.0,0.0444383976,,,,,,2.85430604180108,,,,,,,,,,,,,,,,,,,,,,
occ_00594,elastic,elastic,list_word,T1,1,rubber,rubber,roediger2001_55::rubber,Roediger2001_55_15word_lists,"Roediger et al. (2001) 55-list DRM pool, augmented with uploaded 2024 supplementary workbook metrics",55 DRM list-Supplementary Material-08-16-24.xlsx; Roediger-et-al-2001b_PBR.pdf; RoedigerEtAl_2001.xlsx,1.73239375982297,,0.035,0.0,C,0.623188405797101,0.608695652173913,0.475040257648953,0.398953301127214,0.67,0.72,0.32,0.53,4.50666666666667,0.033,0.017,0.1812756560831218,0.67,2.85430604180108,2.1789250828767,4.86,4.09307692307692,6.0,6.0,0.0444383976,elastic,elastic,True,False,19.0,1.73239375982297,,,,,,,,,,,,,,,,,,,,,,
occ_00595,bounce,bounce,list_word,T2,2,rubber,rubber,roediger2001_55::rubber,Roediger2001_55_15word_lists,"Roediger et al. (2001) 55-list DRM pool, augmented with uploaded 2024 supplementary workbook metrics",55 DRM list-Supplementary Material-08-16-24.xlsx; Roediger-et-al-2001b_PBR.pdf; RoedigerEtAl_2001.xlsx,2.70156798505593,,0.018,0.0,C,0.623188405797101,0.608695652173913,0.475040257648953,0.398953301127214,0.67,0.72,0.32,0.53,4.50666666666667,0.033,0.017,0.1812756560831218,0.67,2.85430604180108,2.1789250828767,4.86,4.09307692307692,6.0,6.0,0.0444383976,bounce,bounce,False,False,19.0,2.70156798505593,,,,,,,,,,,,,,,,,,,,,,
occ_00596,gloves,gloves,list_word,T3,3,rubber,rubber,roediger2001_55::rubber,Roediger2001_55_15word_lists,"Roediger et al. (2001) 55-list DRM pool, augmented with uploaded 2024 supplementary workbook metrics",55 DRM list-Supplementary Material-08-16-24.xlsx; Roediger-et-al-2001b_PBR.pdf; RoedigerEtAl_2001.xlsx,2.91855453055027,,0.033,0.041,C,0.623188405797101,0.608695652173913,0.475040257648953,0.398953301127214,0.67,0.72,0.32,0.53,4.50666666666667,0.033,0.017,0.1812756560831218,0.67,2.85430604180108,2.1789250828767,4.86,4.09307692307692,6.0,6.0,0.0444383976,gloves,gloves,False,False,19.0,2.91855453055027,,,,,,,,,,,,,,,,,,,,,,
occ_00597,tire,tire,list_word,T4,4,rubber,rubber,roediger2001_55::rubber,Roediger2001_55_15word_lists,"Roediger et al. (2001) 55-list DRM pool, augmented with uploaded 2024 supplementary workbook metrics",55 DRM list-Supplementary Material-08-16-24.xlsx; Roediger-et-al-2001b_PBR.pdf; RoedigerEtAl_2001.xlsx,2.80071707828239,,0.062,0.095,C,0.623188405797101,0.608695652173913,0.475040257648953,0.398953301127214,0.67,0.72,0.32,0.53,4.50666666666667,0.033,0.017,0.1812756560831218,0.67,2.85430604180108,2.1789250828767,4.86,4.09307692307692,6.0,6.0,0.0444383976,tire,tire,False,False,19.0,2.80071707828239,,,,,,,,,,,,,,,,,,,,,,
occ_00598,ball,ball,list_word,T5,5,rubber,rubber,roediger2001_55::rubber,Roediger2001_55_15word_lists,"Roediger et al. (2001) 55-list DRM pool, augmented with uploaded 2024 supplementary workbook metrics",55 DRM list-Supplementary Material-08-16-24.xlsx; Roediger-et-al-2001b_PBR.pdf; RoedigerEtAl_2001.xlsx,3.72867836685091,,0.0,0.041,C,0.623188405797101,0.608695652173913,0.475040257648953,0.398953301127214,0.67,0.72,0.32,0.53,4.50666666666667,0.033,0.017,0.1812756560831218,0.67,2.85430604180108,2.1789250828767,4.86,4.09307692307692,6.0,6.0,0.0444383976,ball,ball,False,False,19.0,3.72867836685091,,,,,,,,,,,,,,,,,,,,,,
occ_00599,eraser,eraser,list_word,T6,6,rubber,rubber,roediger2001_55::rubber,Roediger2001_55_15word_lists,"Roediger et al. (2001) 55-list DRM pool, augmented with uploaded 2024 supplementary workbook metrics",55 DRM list-Supplementary Material-08-16-24.xlsx; Roediger-et-al-2001b_PBR.pdf; RoedigerEtAl_2001.xlsx,1.7160033436348,,0.026,0.0,C,0.623188405797101,0.608695652173913,0.475040257648953,0.398953301127214,0.67,0.72,0.32,0.53,4.50666666666667,0.033,0.017,0.1812756560831218,0.67,2.85430604180108,2.1789250828767,4.86,4.09307692307692,6.0,6.0,0.0444383976,eraser,eraser,False,False,19.0,1.7160033436348,,,,,,,,,,,,,,,,,,,,,,
occ_00600,springy,springy,list_word,T7,7,rubber,rubber,roediger2001_55::rubber,Roediger2001_55_15word_lists,"Roediger et al. (2001) 55-list DRM pool, augmented with uploaded 2024 supplementary workbook metrics",55 DRM list-Supplementary Material-08-16-24.xlsx; Roediger-et-al-2001b_PBR.pdf; RoedigerEtAl_2001.xlsx,0.778151250383644,,0.0,0.0,C,0.623188405797101,0.608695652173913,0.475040257648953,0.398953301127214,0.67,0.72,0.32,0.53,4.50666666666667,0.033,0.017,0.1812756560831218,0.67,2.85430604180108,2.1789250828767,4.86,4.09307692307692,6.0,6.0,0.0444383976,springy,springy,True,False,19.0,0.778151250383644,,,,,,,,,,,,,,,,,,,,,,
occ_00601,foam,foam,list_word,T8,8,rubber,rubber,roediger2001_55::rubber,Roediger2001_55_15word_lists,"Roediger et al. (2001) 55-list DRM pool, augmented with uploaded 2024 supplementary workbook metrics",55 DRM list-Supplementary Material-08-16-24.xlsx; Roediger-et-al-2001b_PBR.pdf; RoedigerEtAl_2001.xlsx,2.25527250510331,,0.116,0.0,C,0.623188405797101,0.608695652173913,0.475040257648953,0.398953301127214,0.67,0.72,0.32,0.53,4.50666666666667,0.033,0.017,0.1812756560831218,0.67,2.85430604180108,2.1789250828767,4.86,4.09307692307692,6.0,6.0,0.0444383976,foam,foam,False,False,19.0,2.25527250510331,,,,,,,,,,,,,,,,,,,,,,
occ_00602,galoshes,galoshes,list_word,T9,9,rubber,rubber,roediger2001_55::rubber,Roediger2001_55_15word_lists,"Roediger et al. (2001) 55-list DRM pool, augmented with uploaded 2024 supplementary workbook metrics",55 DRM list-Supplementary Material-08-16-24.xlsx; Roediger-et-al-2001b_PBR.pdf; RoedigerEtAl_2001.xlsx,1.54406804435028,,0.063,0.0,C,0.623188405797101,0.608695652173913,0.475040257648953,0.398953301127214,0.67,0.72,0.32,0.53,4.50666666666667,0.033,0.017,0.1812756560831218,0.67,2.85430604180108,2.1789250828767,4.86,4.09307692307692,6.0,6.0,0.0444383976,galoshes,galoshes,False,False,19.0,1.54406804435028,,,,,,,,,,,,,,,,,,,,,,
occ_00603,soles,soles,list_word,T10,10,rubber,rubber,roediger2001_55::rubber,Roediger2001_55_15word_lists,"Roediger et al. (2001) 55-list DRM pool, augmented with uploaded 2024 supplementary workbook metrics",55 DRM list-Supplementary Material-08-16-24.xlsx; Roediger-et-al-2001b_PBR.pdf; RoedigerEtAl_2001.xlsx,1.68124123737559,,0.0,0.041,C,0.623188405797101,0.608695652173913,0.475040257648953,0.398953301127214,0.67,0.72,0.32,0.53,4.50666666666667,0.033,0.017,0.1812756560831218,0.67,2.85430604180108,2.1789250828767,4.86,4.09307692307692,6.0,6.0,0.0444383976,soles,soles,True,False,19.0,1.68124123737559,,,,,,,,,,,,,,,,,,,,,,
occ_00604,latex,latex,list_word,T11,11,rubber,rubber,roediger2001_55::rubber,Roediger2001_55_15word_lists,"Roediger et al. (2001) 55-list DRM pool, augmented with uploaded 2024 supplementary workbook metrics",55 DRM list-Supplementary Material-08-16-24.xlsx; Roediger-et-al-2001b_PBR.pdf; RoedigerEtAl_2001.xlsx,1.8750612633917,,0.107,0.014,C,0.623188405797101,0.608695652173913,0.475040257648953,0.398953301127214,0.67,0.72,0.32,0.53,4.50666666666667,0.033,0.017,0.1812756560831218,0.67,2.85430604180108,2.1789250828767,4.86,4.09307692307692,6.0,6.0,0.0444383976,latex,latex,True,False,19.0,1.8750612633917,,,,,,,,,,,,,,,,,,,,,,
occ_00605,glue,glue,list_word,T12,12,rubber,rubber,roediger2001_55::rubber,Roediger2001_55_15word_lists,"Roediger et al. (2001) 55-list DRM pool, augmented with uploaded 2024 supplementary workbook metrics",55 DRM list-Supplementary Material-08-16-24.xlsx; Roediger-et-al-2001b_PBR.pdf; RoedigerEtAl_2001.xlsx,2.47856649559384,,0.0,0.0,C,0.623188405797101,0.608695652173913,0.475040257648953,0.398953301127214,0.67,0.72,0.32,0.53,4.50666666666667,0.033,0.017,0.1812756560831218,0.67,2.85430604180108,2.1789250828767,4.86,4.09307692307692,6.0,6.0,0.0444383976,glue,glue,False,False,19.0,2.47856649559384,,,,,,,,,,,,,,,,,,,,,,
occ_00606,flexible,flexible,list_word,T13,13,rubber,rubber,roediger2001_55::rubber,Roediger2001_55_15word_lists,"Roediger et al. (2001) 55-list DRM pool, augmented with uploaded 2024 supplementary workbook metrics",55 DRM list-Supplementary Material-08-16-24.xlsx; Roediger-et-al-2001b_PBR.pdf; RoedigerEtAl_2001.xlsx,2.13672056715641,,0.041,0.0,C,0.623188405797101,0.608695652173913,0.475040257648953,0.398953301127214,0.67,0.72,0.32,0.53,4.50666666666667,0.033,0.017,0.1812756560831218,0.67,2.85430604180108,2.1789250828767,4.86,4.09307692307692,6.0,6.0,0.0444383976,flexible,flexible,False,False,19.0,2.13672056715641,,,,,,,,,,,,,,,,,,,,,,
occ_00607,resilient,resilient,list_word,T14,14,rubber,rubber,roediger2001_55::rubber,Roediger2001_55_15word_lists,"Roediger et al. (2001) 55-list DRM pool, augmented with uploaded 2024 supplementary workbook metrics",55 DRM list-Supplementary Material-08-16-24.xlsx; Roediger-et-al-2001b_PBR.pdf; RoedigerEtAl_2001.xlsx,1.46239799789896,,0.0,0.0,C,0.623188405797101,0.608695652173913,0.475040257648953,0.398953301127214,0.67,0.72,0.32,0.53,4.50666666666667,0.033,0.017,0.1812756560831218,0.67,2.85430604180108,2.1789250828767,4.86,4.09307692307692,6.0,6.0,0.0444383976,resilient,resilient,True,False,19.0,1.46239799789896,,,,,,,,,,,,,,,,,,,,,,
occ_00608,stretch,stretch,list_word,T15,15,rubber,rubber,roediger2001_55::rubber,Roediger2001_55_15word_lists,"Roediger et al. (2001) 55-list DRM pool, augmented with uploaded 2024 supplementary workbook metrics",55 DRM list-Supplementary Material-08-16-24.xlsx; Roediger-et-al-2001b_PBR.pdf; RoedigerEtAl_2001.xlsx,2.87448181769947,,0.0,0.027,C,0.623188405797101,0.608695652173913,0.475040257648953,0.398953301127214,0.67,0.72,0.32,0.53,4.50666666666667,0.033,0.017,0.1812756560831218,0.67,2.85430604180108,2.1789250828767,4.86,4.09307692307692,6.0,6.0,0.0444383976,stretch,stretch,False,False,19.0,2.87448181769947,,,,,,,,,,,,,,,,,,,,,,
occ_00609,shirt,shirt,critical_distractor,CD,0,shirt,shirt,roediger2001_55::shirt,Roediger2001_55_15word_lists,"Roediger et al. (2001) 55-list DRM pool, augmented with uploaded 2024 supplementary workbook metrics",55 DRM list-Supplementary Material-08-16-24.xlsx; Roediger-et-al-2001b_PBR.pdf; RoedigerEtAl_2001.xlsx,3.37401474029191,,,,B,0.491978609625669,0.582907956571058,0.375252333167549,0.415089279619282,0.54,0.86,0.27,0.64,6.16,0.186,0.044,0.2368466898908637,1.4,3.37401474029191,2.77539533180663,4.94,4.73307692307692,5.0,5.13,0.0809225589333333,,,,,,3.37401474029191,,,,,,,,,,,,,,,,,,,,,,
occ_00610,blouse,blouse,list_word,T1,1,shirt,shirt,roediger2001_55::shirt,Roediger2001_55_15word_lists,"Roediger et al. (2001) 55-list DRM pool, augmented with uploaded 2024 supplementary workbook metrics",55 DRM list-Supplementary Material-08-16-24.xlsx; Roediger-et-al-2001b_PBR.pdf; RoedigerEtAl_2001.xlsx,2.43616264704076,,0.647,0.135,B,0.491978609625669,0.582907956571058,0.375252333167549,0.415089279619282,0.54,0.86,0.27,0.64,6.16,0.186,0.044,0.2368466898908637,1.4,3.37401474029191,2.77539533180663,4.94,4.73307692307692,5.0,5.13,0.0809225589333333,blouse,blouse,False,False,19.0,2.43616264704076,,,,,,,,,,,,,,,,,,,,,,
occ_00611,sleeves,sleeves,list_word,T2,2,shirt,shirt,roediger2001_55::shirt,Roediger2001_55_15word_lists,"Roediger et al. (2001) 55-list DRM pool, augmented with uploaded 2024 supplementary workbook metrics",55 DRM list-Supplementary Material-08-16-24.xlsx; Roediger-et-al-2001b_PBR.pdf; RoedigerEtAl_2001.xlsx,2.19865708695442,,0.347,0.038,B,0.491978609625669,0.582907956571058,0.375252333167549,0.415089279619282,0.54,0.86,0.27,0.64,6.16,0.186,0.044,0.2368466898908637,1.4,3.37401474029191,2.77539533180663,4.94,4.73307692307692,5.0,5.13,0.0809225589333333,sleeves,sleeves,True,False,19.0,2.19865708695442,,,,,,,,,,,,,,,,,,,,,,
occ_00612,pants,pants,list_word,T3,3,shirt,shirt,roediger2001_55::shirt,Roediger2001_55_15word_lists,"Roediger et al. (2001) 55-list DRM pool, augmented with uploaded 2024 supplementary workbook metrics",55 DRM list-Supplementary Material-08-16-24.xlsx; Roediger-et-al-2001b_PBR.pdf; RoedigerEtAl_2001.xlsx,3.47668674294564,,0.185,0.269,B,0.491978609625669,0.582907956571058,0.375252333167549,0.415089279619282,0.54,0.86,0.27,0.64,6.16,0.186,0.044,0.2368466898908637,1.4,3.37401474029191,2.77539533180663,4.94,4.73307692307692,5.0,5.13,0.0809225589333333,pants,pants,False,False,19.0,3.47668674294564,,,,,,,,,,,,,,,,,,,,,,
occ_00613,tie,tie,list_word,T4,4,shirt,shirt,roediger2001_55::shirt,Roediger2001_55_15word_lists,"Roediger et al. (2001) 55-list DRM pool, augmented with uploaded 2024 supplementary workbook metrics",55 DRM list-Supplementary Material-08-16-24.xlsx; Roediger-et-al-2001b_PBR.pdf; RoedigerEtAl_2001.xlsx,3.35545152012652,,0.074,0.103,B,0.491978609625669,0.582907956571058,0.375252333167549,0.415089279619282,0.54,0.86,0.27,0.64,6.16,0.186,0.044,0.2368466898908637,1.4,3.37401474029191,2.77539533180663,4.94,4.73307692307692,5.0,5.13,0.0809225589333333,tie,tie,False,False,19.0,3.35545152012652,,,,,,,,,,,,,,,,,,,,,,
occ_00614,button,button,list_word,T5,5,shirt,shirt,roediger2001_55::shirt,Roediger2001_55_15word_lists,"Roediger et al. (2001) 55-list DRM pool, augmented with uploaded 2024 supplementary workbook metrics",55 DRM list-Supplementary Material-08-16-24.xlsx; Roediger-et-al-2001b_PBR.pdf; RoedigerEtAl_2001.xlsx,3.15896526038341,,0.24,0.064,B,0.491978609625669,0.582907956571058,0.375252333167549,0.415089279619282,0.54,0.86,0.27,0.64,6.16,0.186,0.044,0.2368466898908637,1.4,3.37401474029191,2.77539533180663,4.94,4.73307692307692,5.0,5.13,0.0809225589333333,button,button,False,False,19.0,3.15896526038341,,,,,,,,,,,,,,,,,,,,,,
occ_00615,shorts,shorts,list_word,T6,6,shirt,shirt,roediger2001_55::shirt,Roediger2001_55_15word_lists,"Roediger et al. (2001) 55-list DRM pool, augmented with uploaded 2024 supplementary workbook metrics",55 DRM list-Supplementary Material-08-16-24.xlsx; Roediger-et-al-2001b_PBR.pdf; RoedigerEtAl_2001.xlsx,2.68214507637383,,0.252,0.013,B,0.491978609625669,0.582907956571058,0.375252333167549,0.415089279619282,0.54,0.86,0.27,0.64,6.16,0.186,0.044,0.2368466898908637,1.4,3.37401474029191,2.77539533180663,4.94,4.73307692307692,5.0,5.13,0.0809225589333333,shorts,shorts,False,False,19.0,2.68214507637383,,,,,,,,,,,,,,,,,,,,,,
occ_00616,iron,iron,list_word,T7,7,shirt,shirt,roediger2001_55::shirt,Roediger2001_55_15word_lists,"Roediger et al. (2001) 55-list DRM pool, augmented with uploaded 2024 supplementary workbook metrics",55 DRM list-Supplementary Material-08-16-24.xlsx; Roediger-et-al-2001b_PBR.pdf; RoedigerEtAl_2001.xlsx,2.96189547366785,,0.01,0.0,B,0.491978609625669,0.582907956571058,0.375252333167549,0.415089279619282,0.54,0.86,0.27,0.64,6.16,0.186,0.044,0.2368466898908637,1.4,3.37401474029191,2.77539533180663,4.94,4.73307692307692,5.0,5.13,0.0809225589333333,iron,iron,False,False,19.0,2.96189547366785,,,,,,,,,,,,,,,,,,,,,,
occ_00617,polo,polo,list_word,T8,8,shirt,shirt,roediger2001_55::shirt,Roediger2001_55_15word_lists,"Roediger et al. (2001) 55-list DRM pool, augmented with uploaded 2024 supplementary workbook metrics",55 DRM list-Supplementary Material-08-16-24.xlsx; Roediger-et-al-2001b_PBR.pdf; RoedigerEtAl_2001.xlsx,2.25285303097989,,0.177,0.0,B,0.491978609625669,0.582907956571058,0.375252333167549,0.415089279619282,0.54,0.86,0.27,0.64,6.16,0.186,0.044,0.2368466898908637,1.4,3.37401474029191,2.77539533180663,4.94,4.73307692307692,5.0,5.13,0.0809225589333333,polo,polo,True,False,19.0,2.25285303097989,,,,,,,,,,,,,,,,,,,,,,
occ_00618,collar,collar,list_word,T9,9,shirt,shirt,roediger2001_55::shirt,Roediger2001_55_15word_lists,"Roediger et al. (2001) 55-list DRM pool, augmented with uploaded 2024 supplementary workbook metrics",55 DRM list-Supplementary Material-08-16-24.xlsx; Roediger-et-al-2001b_PBR.pdf; RoedigerEtAl_2001.xlsx,2.72997428569956,,0.342,0.032,B,0.491978609625669,0.582907956571058,0.375252333167549,0.415089279619282,0.54,0.86,0.27,0.64,6.16,0.186,0.044,0.2368466898908637,1.4,3.37401474029191,2.77539533180663,4.94,4.73307692307692,5.0,5.13,0.0809225589333333,collar,collar,False,False,19.0,2.72997428569956,,,,,,,,,,,,,,,,,,,,,,
occ_00619,vest,vest,list_word,T10,10,shirt,shirt,roediger2001_55::shirt,Roediger2001_55_15word_lists,"Roediger et al. (2001) 55-list DRM pool, augmented with uploaded 2024 supplementary workbook metrics",55 DRM list-Supplementary Material-08-16-24.xlsx; Roediger-et-al-2001b_PBR.pdf; RoedigerEtAl_2001.xlsx,2.45484486000851,,0.143,0.0,B,0.491978609625669,0.582907956571058,0.375252333167549,0.415089279619282,0.54,0.86,0.27,0.64,6.16,0.186,0.044,0.2368466898908637,1.4,3.37401474029191,2.77539533180663,4.94,4.73307692307692,5.0,5.13,0.0809225589333333,vest,vest,False,False,19.0,2.45484486000851,,,,,,,,,,,,,,,,,,,,,,
occ_00620,pocket,pocket,list_word,T11,11,shirt,shirt,roediger2001_55::shirt,Roediger2001_55_15word_lists,"Roediger et al. (2001) 55-list DRM pool, augmented with uploaded 2024 supplementary workbook metrics",55 DRM list-Supplementary Material-08-16-24.xlsx; Roediger-et-al-2001b_PBR.pdf; RoedigerEtAl_2001.xlsx,3.26054837263698,,0.058,0.0,B,0.491978609625669,0.582907956571058,0.375252333167549,0.415089279619282,0.54,0.86,0.27,0.64,6.16,0.186,0.044,0.2368466898908637,1.4,3.37401474029191,2.77539533180663,4.94,4.73307692307692,5.0,5.13,0.0809225589333333,pocket,pocket,False,False,19.0,3.26054837263698,,,,,,,,,,,,,,,,,,,,,,
occ_00621,jersey,jersey,list_word,T12,12,shirt,shirt,roediger2001_55::shirt,Roediger2001_55_15word_lists,"Roediger et al. (2001) 55-list DRM pool, augmented with uploaded 2024 supplementary workbook metrics",55 DRM list-Supplementary Material-08-16-24.xlsx; Roediger-et-al-2001b_PBR.pdf; RoedigerEtAl_2001.xlsx,2.96567197122011,,0.174,0.0,B,0.491978609625669,0.582907956571058,0.375252333167549,0.415089279619282,0.54,0.86,0.27,0.64,6.16,0.186,0.044,0.2368466898908637,1.4,3.37401474029191,2.77539533180663,4.94,4.73307692307692,5.0,5.13,0.0809225589333333,jersey,jersey,True,False,19.0,2.96567197122011,,,,,,,,,,,,,,,,,,,,,,
occ_00622,belt,belt,list_word,T13,13,shirt,shirt,roediger2001_55::shirt,Roediger2001_55_15word_lists,"Roediger et al. (2001) 55-list DRM pool, augmented with uploaded 2024 supplementary workbook metrics",55 DRM list-Supplementary Material-08-16-24.xlsx; Roediger-et-al-2001b_PBR.pdf; RoedigerEtAl_2001.xlsx,3.09447112864164,,0.0,0.0,B,0.491978609625669,0.582907956571058,0.375252333167549,0.415089279619282,0.54,0.86,0.27,0.64,6.16,0.186,0.044,0.2368466898908637,1.4,3.37401474029191,2.77539533180663,4.94,4.73307692307692,5.0,5.13,0.0809225589333333,belt,belt,False,False,19.0,3.09447112864164,,,,,,,,,,,,,,,,,,,,,,
occ_00623,linen,linen,list_word,T14,14,shirt,shirt,roediger2001_55::shirt,Roediger2001_55_15word_lists,"Roediger et al. (2001) 55-list DRM pool, augmented with uploaded 2024 supplementary workbook metrics",55 DRM list-Supplementary Material-08-16-24.xlsx; Roediger-et-al-2001b_PBR.pdf; RoedigerEtAl_2001.xlsx,2.17609125905568,,0.0,0.0,B,0.491978609625669,0.582907956571058,0.375252333167549,0.415089279619282,0.54,0.86,0.27,0.64,6.16,0.186,0.044,0.2368466898908637,1.4,3.37401474029191,2.77539533180663,4.94,4.73307692307692,5.0,5.13,0.0809225589333333,linen,linen,False,False,19.0,2.17609125905568,,,,,,,,,,,,,,,,,,,,,,
occ_00624,cuffs,cuffs,list_word,T15,15,shirt,shirt,roediger2001_55::shirt,Roediger2001_55_15word_lists,"Roediger et al. (2001) 55-list DRM pool, augmented with uploaded 2024 supplementary workbook metrics",55 DRM list-Supplementary Material-08-16-24.xlsx; Roediger-et-al-2001b_PBR.pdf; RoedigerEtAl_2001.xlsx,2.42651126136458,,0.143,0.0,B,0.491978609625669,0.582907956571058,0.375252333167549,0.415089279619282,0.54,0.86,0.27,0.64,6.16,0.186,0.044,0.2368466898908637,1.4,3.37401474029191,2.77539533180663,4.94,4.73307692307692,5.0,5.13,0.0809225589333333,cuffs,cuffs,True,False,19.0,2.42651126136458,,,,,,,,,,,,,,,,,,,,,,
occ_00625,sleep,sleep,critical_distractor,CD,0,sleep,sleep,roediger2001_55::sleep,Roediger2001_55_15word_lists,"Roediger et al. (2001) 55-list DRM pool, augmented with uploaded 2024 supplementary workbook metrics",55 DRM list-Supplementary Material-08-16-24.xlsx; Roediger-et-al-2001b_PBR.pdf; RoedigerEtAl_2001.xlsx,4.06543031862037,,,,C,0.72463768115942,0.683574879227053,0.558776167471819,0.474637681159421,0.8,0.82,0.61,0.61,6.53333333333333,0.431,0.047,0.2359627103332111,1.8,4.06543031862037,2.80081175731499,4.44,3.48466666666667,5.0,4.87,0.2975956487333334,,,,,,4.06543031862037,,,,,,,,,,,,,,,,,,,,,,
occ_00626,bed,bed,list_word,T1,1,sleep,sleep,roediger2001_55::sleep,Roediger2001_55_15word_lists,"Roediger et al. (2001) 55-list DRM pool, augmented with uploaded 2024 supplementary workbook metrics",55 DRM list-Supplementary Material-08-16-24.xlsx; Roediger-et-al-2001b_PBR.pdf; RoedigerEtAl_2001.xlsx,3.97973043066229,,0.638,0.092,C,0.72463768115942,0.683574879227053,0.558776167471819,0.474637681159421,0.8,0.82,0.61,0.61,6.53333333333333,0.431,0.047,0.2359627103332111,1.8,4.06543031862037,2.80081175731499,4.44,3.48466666666667,5.0,4.87,0.2975956487333334,bed,bed,False,False,19.0,3.97973043066229,,,,,,,,,,,,,,,,,,,,,,
occ_00627,rest,rest,list_word,T2,2,sleep,sleep,roediger2001_55::sleep,Roediger2001_55_15word_lists,"Roediger et al. (2001) 55-list DRM pool, augmented with uploaded 2024 supplementary workbook metrics",55 DRM list-Supplementary Material-08-16-24.xlsx; Roediger-et-al-2001b_PBR.pdf; RoedigerEtAl_2001.xlsx,4.03590979845661,,0.475,0.163,C,0.72463768115942,0.683574879227053,0.558776167471819,0.474637681159421,0.8,0.82,0.61,0.61,6.53333333333333,0.431,0.047,0.2359627103332111,1.8,4.06543031862037,2.80081175731499,4.44,3.48466666666667,5.0,4.87,0.2975956487333334,rest,rest,False,False,19.0,4.03590979845661,,,,,,,,,,,,,,,,,,,,,,
occ_00628,awake,awake,list_word,T3,3,sleep,sleep,roediger2001_55::sleep,Roediger2001_55_15word_lists,"Roediger et al. (2001) 55-list DRM pool, augmented with uploaded 2024 supplementary workbook metrics",55 DRM list-Supplementary Material-08-16-24.xlsx; Roediger-et-al-2001b_PBR.pdf; RoedigerEtAl_2001.xlsx,3.13449585583467,,0.618,0.143,C,0.72463768115942,0.683574879227053,0.558776167471819,0.474637681159421,0.8,0.82,0.61,0.61,6.53333333333333,0.431,0.047,0.2359627103332111,1.8,4.06543031862037,2.80081175731499,4.44,3.48466666666667,5.0,4.87,0.2975956487333334,awake,awake,False,False,19.0,3.13449585583467,,,,,,,,,,,,,,,,,,,,,,
occ_00629,tired,tired,list_word,T4,4,sleep,sleep,roediger2001_55::sleep,Roediger2001_55_15word_lists,"Roediger et al. (2001) 55-list DRM pool, augmented with uploaded 2024 supplementary workbook metrics",55 DRM list-Supplementary Material-08-16-24.xlsx; Roediger-et-al-2001b_PBR.pdf; RoedigerEtAl_2001.xlsx,3.75936562165593,,0.493,0.092,C,0.72463768115942,0.683574879227053,0.558776167471819,0.474637681159421,0.8,0.82,0.61,0.61,6.53333333333333,0.431,0.047,0.2359627103332111,1.8,4.06543031862037,2.80081175731499,4.44,3.48466666666667,5.0,4.87,0.2975956487333334,tired,tired,False,False,19.0,3.75936562165593,,,,,,,,,,,,,,,,,,,,,,
occ_00630,dream,dream,list_word,T5,5,sleep,sleep,roediger2001_55::sleep,Roediger2001_55_15word_lists,"Roediger et al. (2001) 55-list DRM pool, augmented with uploaded 2024 supplementary workbook metrics",55 DRM list-Supplementary Material-08-16-24.xlsx; Roediger-et-al-2001b_PBR.pdf; RoedigerEtAl_2001.xlsx,3.83244504117411,,0.247,0.194,C,0.72463768115942,0.683574879227053,0.558776167471819,0.474637681159421,0.8,0.82,0.61,0.61,6.53333333333333,0.431,0.047,0.2359627103332111,1.8,4.06543031862037,2.80081175731499,4.44,3.48466666666667,5.0,4.87,0.2975956487333334,dream,dream,False,False,19.0,3.83244504117411,,,,,,,,,,,,,,,,,,,,,,
occ_00631,wake,wake,list_word,T6,6,sleep,sleep,roediger2001_55::sleep,Roediger2001_55_15word_lists,"Roediger et al. (2001) 55-list DRM pool, augmented with uploaded 2024 supplementary workbook metrics",55 DRM list-Supplementary Material-08-16-24.xlsx; Roediger-et-al-2001b_PBR.pdf; RoedigerEtAl_2001.xlsx,3.72973159528704,,0.304,0.0,C,0.72463768115942,0.683574879227053,0.558776167471819,0.474637681159421,0.8,0.82,0.61,0.61,6.53333333333333,0.431,0.047,0.2359627103332111,1.8,4.06543031862037,2.80081175731499,4.44,3.48466666666667,5.0,4.87,0.2975956487333334,wake,wake,False,False,19.0,3.72973159528704,,,,,,,,,,,,,,,,,,,,,,
occ_00632,snooze,snooze,list_word,T7,7,sleep,sleep,roediger2001_55::sleep,Roediger2001_55_15word_lists,"Roediger et al. (2001) 55-list DRM pool, augmented with uploaded 2024 supplementary workbook metrics",55 DRM list-Supplementary Material-08-16-24.xlsx; Roediger-et-al-2001b_PBR.pdf; RoedigerEtAl_2001.xlsx,1.67209785793572,,0.52,0.02,C,0.72463768115942,0.683574879227053,0.558776167471819,0.474637681159421,0.8,0.82,0.61,0.61,6.53333333333333,0.431,0.047,0.2359627103332111,1.8,4.06543031862037,2.80081175731499,4.44,3.48466666666667,5.0,4.87,0.2975956487333334,snooze,snooze,False,False,19.0,1.67209785793572,,,,,,,,,,,,,,,,,,,,,,
occ_00633,blanket,blanket,list_word,T8,8,sleep,sleep,roediger2001_55::sleep,Roediger2001_55_15word_lists,"Roediger et al. (2001) 55-list DRM pool, augmented with uploaded 2024 supplementary workbook metrics",55 DRM list-Supplementary Material-08-16-24.xlsx; Roediger-et-al-2001b_PBR.pdf; RoedigerEtAl_2001.xlsx,2.82151352840477,,0.024,0.0,C,0.72463768115942,0.683574879227053,0.558776167471819,0.474637681159421,0.8,0.82,0.61,0.61,6.53333333333333,0.431,0.047,0.2359627103332111,1.8,4.06543031862037,2.80081175731499,4.44,3.48466666666667,5.0,4.87,0.2975956487333334,blanket,blanket,False,False,19.0,2.82151352840477,,,,,,,,,,,,,,,,,,,,,,
occ_00634,doze,doze,list_word,T9,9,sleep,sleep,roediger2001_55::sleep,Roediger2001_55_15word_lists,"Roediger et al. (2001) 55-list DRM pool, augmented with uploaded 2024 supplementary workbook metrics",55 DRM list-Supplementary Material-08-16-24.xlsx; Roediger-et-al-2001b_PBR.pdf; RoedigerEtAl_2001.xlsx,1.32221929473392,,0.682,0.0,C,0.72463768115942,0.683574879227053,0.558776167471819,0.474637681159421,0.8,0.82,0.61,0.61,6.53333333333333,0.431,0.047,0.2359627103332111,1.8,4.06543031862037,2.80081175731499,4.44,3.48466666666667,5.0,4.87,0.2975956487333334,doze,doze,False,False,19.0,1.32221929473392,,,,,,,,,,,,,,,,,,,,,,
occ_00635,slumber,slumber,list_word,T10,10,sleep,sleep,roediger2001_55::sleep,Roediger2001_55_15word_lists,"Roediger et al. (2001) 55-list DRM pool, augmented with uploaded 2024 supplementary workbook metrics",55 DRM list-Supplementary Material-08-16-24.xlsx; Roediger-et-al-2001b_PBR.pdf; RoedigerEtAl_2001.xlsx,2.14921911265538,,0.514,0.0,C,0.72463768115942,0.683574879227053,0.558776167471819,0.474637681159421,0.8,0.82,0.61,0.61,6.53333333333333,0.431,0.047,0.2359627103332111,1.8,4.06543031862037,2.80081175731499,4.44,3.48466666666667,5.0,4.87,0.2975956487333334,slumber,slumber,False,False,19.0,2.14921911265538,,,,,,,,,,,,,,,,,,,,,,
occ_00636,snore,snore,list_word,T11,11,sleep,sleep,roediger2001_55::sleep,Roediger2001_55_15word_lists,"Roediger et al. (2001) 55-list DRM pool, augmented with uploaded 2024 supplementary workbook metrics",55 DRM list-Supplementary Material-08-16-24.xlsx; Roediger-et-al-2001b_PBR.pdf; RoedigerEtAl_2001.xlsx,1.91907809237607,,0.439,0.0,C,0.72463768115942,0.683574879227053,0.558776167471819,0.474637681159421,0.8,0.82,0.61,0.61,6.53333333333333,0.431,0.047,0.2359627103332111,1.8,4.06543031862037,2.80081175731499,4.44,3.48466666666667,5.0,4.87,0.2975956487333334,snore,snore,False,False,19.0,1.91907809237607,,,,,,,,,,,,,,,,,,,,,,
occ_00637,nap,nap,list_word,T12,12,sleep,sleep,roediger2001_55::sleep,Roediger2001_55_15word_lists,"Roediger et al. (2001) 55-list DRM pool, augmented with uploaded 2024 supplementary workbook metrics",55 DRM list-Supplementary Material-08-16-24.xlsx; Roediger-et-al-2001b_PBR.pdf; RoedigerEtAl_2001.xlsx,2.81023251799508,,0.73,0.0,C,0.72463768115942,0.683574879227053,0.558776167471819,0.474637681159421,0.8,0.82,0.61,0.61,6.53333333333333,0.431,0.047,0.2359627103332111,1.8,4.06543031862037,2.80081175731499,4.44,3.48466666666667,5.0,4.87,0.2975956487333334,nap,nap,False,False,19.0,2.81023251799508,,,,,,,,,,,,,,,,,,,,,,
occ_00638,peace,peace,list_word,T13,13,sleep,sleep,roediger2001_55::sleep,Roediger2001_55_15word_lists,"Roediger et al. (2001) 55-list DRM pool, augmented with uploaded 2024 supplementary workbook metrics",55 DRM list-Supplementary Material-08-16-24.xlsx; Roediger-et-al-2001b_PBR.pdf; RoedigerEtAl_2001.xlsx,3.55035067230162,,0.0,0.0,C,0.72463768115942,0.683574879227053,0.558776167471819,0.474637681159421,0.8,0.82,0.61,0.61,6.53333333333333,0.431,0.047,0.2359627103332111,1.8,4.06543031862037,2.80081175731499,4.44,3.48466666666667,5.0,4.87,0.2975956487333334,peace,peace,False,False,19.0,3.55035067230162,,,,,,,,,,,,,,,,,,,,,,
occ_00639,yawn,yawn,list_word,T14,14,sleep,sleep,roediger2001_55::sleep,Roediger2001_55_15word_lists,"Roediger et al. (2001) 55-list DRM pool, augmented with uploaded 2024 supplementary workbook metrics",55 DRM list-Supplementary Material-08-16-24.xlsx; Roediger-et-al-2001b_PBR.pdf; RoedigerEtAl_2001.xlsx,1.7160033436348,,0.235,0.0,C,0.72463768115942,0.683574879227053,0.558776167471819,0.474637681159421,0.8,0.82,0.61,0.61,6.53333333333333,0.431,0.047,0.2359627103332111,1.8,4.06543031862037,2.80081175731499,4.44,3.48466666666667,5.0,4.87,0.2975956487333334,yawn,yawn,False,False,19.0,1.7160033436348,,,,,,,,,,,,,,,,,,,,,,
occ_00640,drowsy,drowsy,list_word,T15,15,sleep,sleep,roediger2001_55::sleep,Roediger2001_55_15word_lists,"Roediger et al. (2001) 55-list DRM pool, augmented with uploaded 2024 supplementary workbook metrics",55 DRM list-Supplementary Material-08-16-24.xlsx; Roediger-et-al-2001b_PBR.pdf; RoedigerEtAl_2001.xlsx,1.57978359661681,,0.551,0.0,C,0.72463768115942,0.683574879227053,0.558776167471819,0.474637681159421,0.8,0.82,0.61,0.61,6.53333333333333,0.431,0.047,0.2359627103332111,1.8,4.06543031862037,2.80081175731499,4.44,3.48466666666667,5.0,4.87,0.2975956487333334,drowsy,drowsy,False,False,19.0,1.57978359661681,,,,,,,,,,,,,,,,,,,,,,
occ_00641,slow,slow,critical_distractor,CD,0,slow,slow,roediger2001_55::slow,Roediger2001_55_15word_lists,"Roediger et al. (2001) 55-list DRM pool, augmented with uploaded 2024 supplementary workbook metrics",55 DRM list-Supplementary Material-08-16-24.xlsx; Roediger-et-al-2001b_PBR.pdf; RoedigerEtAl_2001.xlsx,3.58860780474269,,,,B,0.625638065143413,0.584295495057527,0.485342734267575,0.4097451800708,0.69,0.69,0.42,0.53,4.42666666666667,0.172,0.047,0.1754355679469717,1.13,3.58860780474269,2.75794982097613,3.28,3.29866666666667,4.0,6.267,0.0739862066,,,,,,3.58860780474269,,,,,,,,,,,,,,,,,,,,,,
occ_00642,fast,fast,list_word,T1,1,slow,slow,roediger2001_55::slow,Roediger2001_55_15word_lists,"Roediger et al. (2001) 55-list DRM pool, augmented with uploaded 2024 supplementary workbook metrics",55 DRM list-Supplementary Material-08-16-24.xlsx; Roediger-et-al-2001b_PBR.pdf; RoedigerEtAl_2001.xlsx,3.84577996711189,,0.598,0.527,B,0.625638065143413,0.584295495057527,0.485342734267575,0.4097451800708,0.69,0.69,0.42,0.53,4.42666666666667,0.172,0.047,0.1754355679469717,1.13,3.58860780474269,2.75794982097613,3.28,3.29866666666667,4.0,6.267,0.0739862066,fast,fast,False,False,20.0,3.84577996711189,,,,,,,,,,,,,,,,,,,,,,
occ_00643,lethargic,lethargic,list_word,T2,2,slow,slow,roediger2001_55::slow,Roediger2001_55_15word_lists,"Roediger et al. (2001) 55-list DRM pool, augmented with uploaded 2024 supplementary workbook metrics",55 DRM list-Supplementary Material-08-16-24.xlsx; Roediger-et-al-2001b_PBR.pdf; RoedigerEtAl_2001.xlsx,1.23044892137827,,0.142,0.0,B,0.625638065143413,0.584295495057527,0.485342734267575,0.4097451800708,0.69,0.69,0.42,0.53,4.42666666666667,0.172,0.047,0.1754355679469717,1.13,3.58860780474269,2.75794982097613,3.28,3.29866666666667,4.0,6.267,0.0739862066,lethargic,lethargic,True,False,20.0,1.23044892137827,,,,,,,,,,,,,,,,,,,,,,
occ_00644,stop,stop,list_word,T3,3,slow,slow,roediger2001_55::slow,Roediger2001_55_15word_lists,"Roediger et al. (2001) 55-list DRM pool, augmented with uploaded 2024 supplementary workbook metrics",55 DRM list-Supplementary Material-08-16-24.xlsx; Roediger-et-al-2001b_PBR.pdf; RoedigerEtAl_2001.xlsx,4.55717022229851,,0.0,0.034,B,0.625638065143413,0.584295495057527,0.485342734267575,0.4097451800708,0.69,0.69,0.42,0.53,4.42666666666667,0.172,0.047,0.1754355679469717,1.13,3.58860780474269,2.75794982097613,3.28,3.29866666666667,4.0,6.267,0.0739862066,stop,stop,False,False,20.0,4.55717022229851,,,,,,,,,,,,,,,,,,,,,,
occ_00645,listless,listless,list_word,T4,4,slow,slow,roediger2001_55::slow,Roediger2001_55_15word_lists,"Roediger et al. (2001) 55-list DRM pool, augmented with uploaded 2024 supplementary workbook metrics",55 DRM list-Supplementary Material-08-16-24.xlsx; Roediger-et-al-2001b_PBR.pdf; RoedigerEtAl_2001.xlsx,1.0,,0.0,0.0,B,0.625638065143413,0.584295495057527,0.485342734267575,0.4097451800708,0.69,0.69,0.42,0.53,4.42666666666667,0.172,0.047,0.1754355679469717,1.13,3.58860780474269,2.75794982097613,3.28,3.29866666666667,4.0,6.267,0.0739862066,listless,listless,True,False,20.0,1.0,,,,,,,,,,,,,,,,,,,,,,
occ_00646,snail,snail,list_word,T5,5,slow,slow,roediger2001_55::slow,Roediger2001_55_15word_lists,"Roediger et al. (2001) 55-list DRM pool, augmented with uploaded 2024 supplementary workbook metrics",55 DRM list-Supplementary Material-08-16-24.xlsx; Roediger-et-al-2001b_PBR.pdf; RoedigerEtAl_2001.xlsx,3.27415784926368,,0.486,0.02,B,0.625638065143413,0.584295495057527,0.485342734267575,0.4097451800708,0.69,0.69,0.42,0.53,4.42666666666667,0.172,0.047,0.1754355679469717,1.13,3.58860780474269,2.75794982097613,3.28,3.29866666666667,4.0,6.267,0.0739862066,snail,snail,False,False,20.0,3.27415784926368,,,,,,,,,,,,,,,,,,,,,,
occ_00647,cautious,cautious,list_word,T6,6,slow,slow,roediger2001_55::slow,Roediger2001_55_15word_lists,"Roediger et al. (2001) 55-list DRM pool, augmented with uploaded 2024 supplementary workbook metrics",55 DRM list-Supplementary Material-08-16-24.xlsx; Roediger-et-al-2001b_PBR.pdf; RoedigerEtAl_2001.xlsx,2.23552844690755,,0.027,0.0,B,0.625638065143413,0.584295495057527,0.485342734267575,0.4097451800708,0.69,0.69,0.42,0.53,4.42666666666667,0.172,0.047,0.1754355679469717,1.13,3.58860780474269,2.75794982097613,3.28,3.29866666666667,4.0,6.267,0.0739862066,cautious,cautious,False,False,20.0,2.23552844690755,,,,,,,,,,,,,,,,,,,,,,
occ_00648,delay,delay,list_word,T7,7,slow,slow,roediger2001_55::slow,Roediger2001_55_15word_lists,"Roediger et al. (2001) 55-list DRM pool, augmented with uploaded 2024 supplementary workbook metrics",55 DRM list-Supplementary Material-08-16-24.xlsx; Roediger-et-al-2001b_PBR.pdf; RoedigerEtAl_2001.xlsx,2.75050839485135,,0.059,0.0,B,0.625638065143413,0.584295495057527,0.485342734267575,0.4097451800708,0.69,0.69,0.42,0.53,4.42666666666667,0.172,0.047,0.1754355679469717,1.13,3.58860780474269,2.75794982097613,3.28,3.29866666666667,4.0,6.267,0.0739862066,delay,delay,False,False,20.0,2.75050839485135,,,,,,,,,,,,,,,,,,,,,,
occ_00649,traffic,traffic,list_word,T8,8,slow,slow,roediger2001_55::slow,Roediger2001_55_15word_lists,"Roediger et al. (2001) 55-list DRM pool, augmented with uploaded 2024 supplementary workbook metrics",55 DRM list-Supplementary Material-08-16-24.xlsx; Roediger-et-al-2001b_PBR.pdf; RoedigerEtAl_2001.xlsx,3.16286299332193,,0.02,0.0,B,0.625638065143413,0.584295495057527,0.485342734267575,0.4097451800708,0.69,0.69,0.42,0.53,4.42666666666667,0.172,0.047,0.1754355679469717,1.13,3.58860780474269,2.75794982097613,3.28,3.29866666666667,4.0,6.267,0.0739862066,traffic,traffic,False,False,20.0,3.16286299332193,,,,,,,,,,,,,,,,,,,,,,
occ_00650,turtle,turtle,list_word,T9,9,slow,slow,roediger2001_55::slow,Roediger2001_55_15word_lists,"Roediger et al. (2001) 55-list DRM pool, augmented with uploaded 2024 supplementary workbook metrics",55 DRM list-Supplementary Material-08-16-24.xlsx; Roediger-et-al-2001b_PBR.pdf; RoedigerEtAl_2001.xlsx,2.93951925261862,,0.372,0.115,B,0.625638065143413,0.584295495057527,0.485342734267575,0.4097451800708,0.69,0.69,0.42,0.53,4.42666666666667,0.172,0.047,0.1754355679469717,1.13,3.58860780474269,2.75794982097613,3.28,3.29866666666667,4.0,6.267,0.0739862066,turtle,turtle,False,False,20.0,2.93951925261862,,,,,,,,,,,,,,,,,,,,,,
occ_00651,hesitant,hesitant,list_word,T10,10,slow,slow,roediger2001_55::slow,Roediger2001_55_15word_lists,"Roediger et al. (2001) 55-list DRM pool, augmented with uploaded 2024 supplementary workbook metrics",55 DRM list-Supplementary Material-08-16-24.xlsx; Roediger-et-al-2001b_PBR.pdf; RoedigerEtAl_2001.xlsx,1.34242268082221,,0.034,0.0,B,0.625638065143413,0.584295495057527,0.485342734267575,0.4097451800708,0.69,0.69,0.42,0.53,4.42666666666667,0.172,0.047,0.1754355679469717,1.13,3.58860780474269,2.75794982097613,3.28,3.29866666666667,4.0,6.267,0.0739862066,hesitant,hesitant,True,False,20.0,1.34242268082221,,,,,,,,,,,,,,,,,,,,,,
occ_00652,speed,speed,list_word,T11,11,slow,slow,roediger2001_55::slow,Roediger2001_55_15word_lists,"Roediger et al. (2001) 55-list DRM pool, augmented with uploaded 2024 supplementary workbook metrics",55 DRM list-Supplementary Material-08-16-24.xlsx; Roediger-et-al-2001b_PBR.pdf; RoedigerEtAl_2001.xlsx,3.32325210017169,,0.061,0.014,B,0.625638065143413,0.584295495057527,0.485342734267575,0.4097451800708,0.69,0.69,0.42,0.53,4.42666666666667,0.172,0.047,0.1754355679469717,1.13,3.58860780474269,2.75794982097613,3.28,3.29866666666667,4.0,6.267,0.0739862066,speed,speed,False,False,20.0,3.32325210017169,,,,,,,,,,,,,,,,,,,,,,
occ_00653,quick,quick,list_word,T12,12,slow,slow,roediger2001_55::slow,Roediger2001_55_15word_lists,"Roediger et al. (2001) 55-list DRM pool, augmented with uploaded 2024 supplementary workbook metrics",55 DRM list-Supplementary Material-08-16-24.xlsx; Roediger-et-al-2001b_PBR.pdf; RoedigerEtAl_2001.xlsx,3.74374487859246,,0.272,0.0,B,0.625638065143413,0.584295495057527,0.485342734267575,0.4097451800708,0.69,0.69,0.42,0.53,4.42666666666667,0.172,0.047,0.1754355679469717,1.13,3.58860780474269,2.75794982097613,3.28,3.29866666666667,4.0,6.267,0.0739862066,quick,quick,False,False,20.0,3.74374487859246,,,,,,,,,,,,,,,,,,,,,,
occ_00654,sluggish,sluggish,list_word,T13,13,slow,slow,roediger2001_55::slow,Roediger2001_55_15word_lists,"Roediger et al. (2001) 55-list DRM pool, augmented with uploaded 2024 supplementary workbook metrics",55 DRM list-Supplementary Material-08-16-24.xlsx; Roediger-et-al-2001b_PBR.pdf; RoedigerEtAl_2001.xlsx,1.61278385671974,,0.34,0.0,B,0.625638065143413,0.584295495057527,0.485342734267575,0.4097451800708,0.69,0.69,0.42,0.53,4.42666666666667,0.172,0.047,0.1754355679469717,1.13,3.58860780474269,2.75794982097613,3.28,3.29866666666667,4.0,6.267,0.0739862066,sluggish,sluggish,True,False,20.0,1.61278385671974,,,,,,,,,,,,,,,,,,,,,,
occ_00655,wait,wait,list_word,T14,14,slow,slow,roediger2001_55::slow,Roediger2001_55_15word_lists,"Roediger et al. (2001) 55-list DRM pool, augmented with uploaded 2024 supplementary workbook metrics",55 DRM list-Supplementary Material-08-16-24.xlsx; Roediger-et-al-2001b_PBR.pdf; RoedigerEtAl_2001.xlsx,4.62679188098321,,0.0,0.0,B,0.625638065143413,0.584295495057527,0.485342734267575,0.4097451800708,0.69,0.69,0.42,0.53,4.42666666666667,0.172,0.047,0.1754355679469717,1.13,3.58860780474269,2.75794982097613,3.28,3.29866666666667,4.0,6.267,0.0739862066,wait,wait,False,False,20.0,4.62679188098321,,,,,,,,,,,,,,,,,,,,,,
occ_00656,molasses,molasses,list_word,T15,15,slow,slow,roediger2001_55::slow,Roediger2001_55_15word_lists,"Roediger et al. (2001) 55-list DRM pool, augmented with uploaded 2024 supplementary workbook metrics",55 DRM list-Supplementary Material-08-16-24.xlsx; Roediger-et-al-2001b_PBR.pdf; RoedigerEtAl_2001.xlsx,1.72427586960079,,0.17,0.0,B,0.625638065143413,0.584295495057527,0.485342734267575,0.4097451800708,0.69,0.69,0.42,0.53,4.42666666666667,0.172,0.047,0.1754355679469717,1.13,3.58860780474269,2.75794982097613,3.28,3.29866666666667,4.0,6.267,0.0739862066,molasses,molasses,False,False,20.0,1.72427586960079,,,,,,,,,,,,,,,,,,,,,,
occ_00657,smell,smell,critical_distractor,CD,0,smell,smell,roediger2001_55::smell,Roediger2001_55_15word_lists,"Roediger et al. (2001) 55-list DRM pool, augmented with uploaded 2024 supplementary workbook metrics",55 DRM list-Supplementary Material-08-16-24.xlsx; Roediger-et-al-2001b_PBR.pdf; RoedigerEtAl_2001.xlsx,3.62746827245971,,,,C,0.710144927536232,0.705314009661836,0.539855072463768,0.506038647342995,0.84,0.9,0.6,0.58,5.91333333333333,0.29,0.015,0.2076798541811904,1.47,3.62746827245971,2.68982129727491,3.7,3.98142857142857,5.0,5.33,0.1827476121999999,,,,,,3.62746827245971,,,,,,,,,,,,,,,,,,,,,,
occ_00658,nose,nose,list_word,T1,1,smell,smell,roediger2001_55::smell,Roediger2001_55_15word_lists,"Roediger et al. (2001) 55-list DRM pool, augmented with uploaded 2024 supplementary workbook metrics",55 DRM list-Supplementary Material-08-16-24.xlsx; Roediger-et-al-2001b_PBR.pdf; RoedigerEtAl_2001.xlsx,3.55120594374791,,0.108,0.116,C,0.710144927536232,0.705314009661836,0.539855072463768,0.506038647342995,0.84,0.9,0.6,0.58,5.91333333333333,0.29,0.015,0.2076798541811904,1.47,3.62746827245971,2.68982129727491,3.7,3.98142857142857,5.0,5.33,0.1827476121999999,nose,nose,False,False,20.0,3.55120594374791,,,,,,,,,,,,,,,,,,,,,,
occ_00659,breathe,breathe,list_word,T2,2,smell,smell,roediger2001_55::smell,Roediger2001_55_15word_lists,"Roediger et al. (2001) 55-list DRM pool, augmented with uploaded 2024 supplementary workbook metrics",55 DRM list-Supplementary Material-08-16-24.xlsx; Roediger-et-al-2001b_PBR.pdf; RoedigerEtAl_2001.xlsx,3.39357520326959,,0.0,0.0,C,0.710144927536232,0.705314009661836,0.539855072463768,0.506038647342995,0.84,0.9,0.6,0.58,5.91333333333333,0.29,0.015,0.2076798541811904,1.47,3.62746827245971,2.68982129727491,3.7,3.98142857142857,5.0,5.33,0.1827476121999999,breathe,breathe,False,False,20.0,3.39357520326959,,,,,,,,,,,,,,,,,,,,,,
occ_00660,sniff,sniff,list_word,T3,3,smell,smell,roediger2001_55::smell,Roediger2001_55_15word_lists,"Roediger et al. (2001) 55-list DRM pool, augmented with uploaded 2024 supplementary workbook metrics",55 DRM list-Supplementary Material-08-16-24.xlsx; Roediger-et-al-2001b_PBR.pdf; RoedigerEtAl_2001.xlsx,2.26007138798507,,0.442,0.043,C,0.710144927536232,0.705314009661836,0.539855072463768,0.506038647342995,0.84,0.9,0.6,0.58,5.91333333333333,0.29,0.015,0.2076798541811904,1.47,3.62746827245971,2.68982129727491,3.7,3.98142857142857,5.0,5.33,0.1827476121999999,sniff,sniff,False,False,20.0,2.26007138798507,,,,,,,,,,,,,,,,,,,,,,
occ_00661,aroma,aroma,list_word,T4,4,smell,smell,roediger2001_55::smell,Roediger2001_55_15word_lists,"Roediger et al. (2001) 55-list DRM pool, augmented with uploaded 2024 supplementary workbook metrics",55 DRM list-Supplementary Material-08-16-24.xlsx; Roediger-et-al-2001b_PBR.pdf; RoedigerEtAl_2001.xlsx,1.84509804001426,,0.678,0.0,C,0.710144927536232,0.705314009661836,0.539855072463768,0.506038647342995,0.84,0.9,0.6,0.58,5.91333333333333,0.29,0.015,0.2076798541811904,1.47,3.62746827245971,2.68982129727491,3.7,3.98142857142857,5.0,5.33,0.1827476121999999,aroma,aroma,False,False,20.0,1.84509804001426,,,,,,,,,,,,,,,,,,,,,,
occ_00662,hear,hear,list_word,T5,5,smell,smell,roediger2001_55::smell,Roediger2001_55_15word_lists,"Roediger et al. (2001) 55-list DRM pool, augmented with uploaded 2024 supplementary workbook metrics",55 DRM list-Supplementary Material-08-16-24.xlsx; Roediger-et-al-2001b_PBR.pdf; RoedigerEtAl_2001.xlsx,4.45215458571466,,0.0,0.0,C,0.710144927536232,0.705314009661836,0.539855072463768,0.506038647342995,0.84,0.9,0.6,0.58,5.91333333333333,0.29,0.015,0.2076798541811904,1.47,3.62746827245971,2.68982129727491,3.7,3.98142857142857,5.0,5.33,0.1827476121999999,hear,hear,False,False,20.0,4.45215458571466,,,,,,,,,,,,,,,,,,,,,,
occ_00663,see,see,list_word,T6,6,smell,smell,roediger2001_55::smell,Roediger2001_55_15word_lists,"Roediger et al. (2001) 55-list DRM pool, augmented with uploaded 2024 supplementary workbook metrics",55 DRM list-Supplementary Material-08-16-24.xlsx; Roediger-et-al-2001b_PBR.pdf; RoedigerEtAl_2001.xlsx,5.11525760806122,,0.0,0.0,C,0.710144927536232,0.705314009661836,0.539855072463768,0.506038647342995,0.84,0.9,0.6,0.58,5.91333333333333,0.29,0.015,0.2076798541811904,1.47,3.62746827245971,2.68982129727491,3.7,3.98142857142857,5.0,5.33,0.1827476121999999,see,see,False,False,20.0,5.11525760806122,,,,,,,,,,,,,,,,,,,,,,
occ_00664,nostril,nostril,list_word,T7,7,smell,smell,roediger2001_55::smell,Roediger2001_55_15word_lists,"Roediger et al. (2001) 55-list DRM pool, augmented with uploaded 2024 supplementary workbook metrics",55 DRM list-Supplementary Material-08-16-24.xlsx; Roediger-et-al-2001b_PBR.pdf; RoedigerEtAl_2001.xlsx,1.55630250076729,,0.0,0.0,C,0.710144927536232,0.705314009661836,0.539855072463768,0.506038647342995,0.84,0.9,0.6,0.58,5.91333333333333,0.29,0.015,0.2076798541811904,1.47,3.62746827245971,2.68982129727491,3.7,3.98142857142857,5.0,5.33,0.1827476121999999,nostril,nostril,True,False,20.0,1.55630250076729,,,,,,,,,,,,,,,,,,,,,,
occ_00665,whiff,whiff,list_word,T8,8,smell,smell,roediger2001_55::smell,Roediger2001_55_15word_lists,"Roediger et al. (2001) 55-list DRM pool, augmented with uploaded 2024 supplementary workbook metrics",55 DRM list-Supplementary Material-08-16-24.xlsx; Roediger-et-al-2001b_PBR.pdf; RoedigerEtAl_2001.xlsx,2.10720996964787,,0.577,0.0,C,0.710144927536232,0.705314009661836,0.539855072463768,0.506038647342995,0.84,0.9,0.6,0.58,5.91333333333333,0.29,0.015,0.2076798541811904,1.47,3.62746827245971,2.68982129727491,3.7,3.98142857142857,5.0,5.33,0.1827476121999999,whiff,whiff,True,False,20.0,2.10720996964787,,,,,,,,,,,,,,,,,,,,,,
occ_00666,scent,scent,list_word,T9,9,smell,smell,roediger2001_55::smell,Roediger2001_55_15word_lists,"Roediger et al. (2001) 55-list DRM pool, augmented with uploaded 2024 supplementary workbook metrics",55 DRM list-Supplementary Material-08-16-24.xlsx; Roediger-et-al-2001b_PBR.pdf; RoedigerEtAl_2001.xlsx,2.48429983934679,,0.625,0.029,C,0.710144927536232,0.705314009661836,0.539855072463768,0.506038647342995,0.84,0.9,0.6,0.58,5.91333333333333,0.29,0.015,0.2076798541811904,1.47,3.62746827245971,2.68982129727491,3.7,3.98142857142857,5.0,5.33,0.1827476121999999,scent,scent,False,False,20.0,2.48429983934679,,,,,,,,,,,,,,,,,,,,,,
occ_00667,reek,reek,list_word,T10,10,smell,smell,roediger2001_55::smell,Roediger2001_55_15word_lists,"Roediger et al. (2001) 55-list DRM pool, augmented with uploaded 2024 supplementary workbook metrics",55 DRM list-Supplementary Material-08-16-24.xlsx; Roediger-et-al-2001b_PBR.pdf; RoedigerEtAl_2001.xlsx,1.67209785793572,,0.51,0.0,C,0.710144927536232,0.705314009661836,0.539855072463768,0.506038647342995,0.84,0.9,0.6,0.58,5.91333333333333,0.29,0.015,0.2076798541811904,1.47,3.62746827245971,2.68982129727491,3.7,3.98142857142857,5.0,5.33,0.1827476121999999,reek,reek,True,False,20.0,1.67209785793572,,,,,,,,,,,,,,,,,,,,,,
occ_00668,stench,stench,list_word,T11,11,smell,smell,roediger2001_55::smell,Roediger2001_55_15word_lists,"Roediger et al. (2001) 55-list DRM pool, augmented with uploaded 2024 supplementary workbook metrics",55 DRM list-Supplementary Material-08-16-24.xlsx; Roediger-et-al-2001b_PBR.pdf; RoedigerEtAl_2001.xlsx,2.05690485133647,,0.562,0.0,C,0.710144927536232,0.705314009661836,0.539855072463768,0.506038647342995,0.84,0.9,0.6,0.58,5.91333333333333,0.29,0.015,0.2076798541811904,1.47,3.62746827245971,2.68982129727491,3.7,3.98142857142857,5.0,5.33,0.1827476121999999,stench,stench,False,False,20.0,2.05690485133647,,,,,,,,,,,,,,,,,,,,,,
occ_00669,fragrance,fragrance,list_word,T12,12,smell,smell,roediger2001_55::smell,Roediger2001_55_15word_lists,"Roediger et al. (2001) 55-list DRM pool, augmented with uploaded 2024 supplementary workbook metrics",55 DRM list-Supplementary Material-08-16-24.xlsx; Roediger-et-al-2001b_PBR.pdf; RoedigerEtAl_2001.xlsx,1.78532983501077,,0.389,0.0,C,0.710144927536232,0.705314009661836,0.539855072463768,0.506038647342995,0.84,0.9,0.6,0.58,5.91333333333333,0.29,0.015,0.2076798541811904,1.47,3.62746827245971,2.68982129727491,3.7,3.98142857142857,5.0,5.33,0.1827476121999999,fragrance,fragrance,False,False,20.0,1.78532983501077,,,,,,,,,,,,,,,,,,,,,,
occ_00670,perfume,perfume,list_word,T13,13,smell,smell,roediger2001_55::smell,Roediger2001_55_15word_lists,"Roediger et al. (2001) 55-list DRM pool, augmented with uploaded 2024 supplementary workbook metrics",55 DRM list-Supplementary Material-08-16-24.xlsx; Roediger-et-al-2001b_PBR.pdf; RoedigerEtAl_2001.xlsx,2.7664128471124,,0.393,0.036,C,0.710144927536232,0.705314009661836,0.539855072463768,0.506038647342995,0.84,0.9,0.6,0.58,5.91333333333333,0.29,0.015,0.2076798541811904,1.47,3.62746827245971,2.68982129727491,3.7,3.98142857142857,5.0,5.33,0.1827476121999999,perfume,perfume,False,False,20.0,2.7664128471124,,,,,,,,,,,,,,,,,,,,,,
occ_00671,salts,salts,list_word,T14,14,smell,smell,roediger2001_55::smell,Roediger2001_55_15word_lists,"Roediger et al. (2001) 55-list DRM pool, augmented with uploaded 2024 supplementary workbook metrics",55 DRM list-Supplementary Material-08-16-24.xlsx; Roediger-et-al-2001b_PBR.pdf; RoedigerEtAl_2001.xlsx,1.86923171973098,,0.028,0.0,C,0.710144927536232,0.705314009661836,0.539855072463768,0.506038647342995,0.84,0.9,0.6,0.58,5.91333333333333,0.29,0.015,0.2076798541811904,1.47,3.62746827245971,2.68982129727491,3.7,3.98142857142857,5.0,5.33,0.1827476121999999,salts,salts,True,False,20.0,1.86923171973098,,,,,,,,,,,,,,,,,,,,,,
occ_00672,rose,rose,list_word,T15,15,smell,smell,roediger2001_55::smell,Roediger2001_55_15word_lists,"Roediger et al. (2001) 55-list DRM pool, augmented with uploaded 2024 supplementary workbook metrics",55 DRM list-Supplementary Material-08-16-24.xlsx; Roediger-et-al-2001b_PBR.pdf; RoedigerEtAl_2001.xlsx,3.43216726944259,,0.034,0.0,C,0.710144927536232,0.705314009661836,0.539855072463768,0.506038647342995,0.84,0.9,0.6,0.58,5.91333333333333,0.29,0.015,0.2076798541811904,1.47,3.62746827245971,2.68982129727491,3.7,3.98142857142857,5.0,5.33,0.1827476121999999,rose,rose,False,False,20.0,3.43216726944259,,,,,,,,,,,,,,,,,,,,,,
occ_00673,smoke,smoke,critical_distractor,CD,0,smoke,smoke,roediger2001_55::smoke,Roediger2001_55_15word_lists,"Roediger et al. (2001) 55-list DRM pool, augmented with uploaded 2024 supplementary workbook metrics",55 DRM list-Supplementary Material-08-16-24.xlsx; Roediger-et-al-2001b_PBR.pdf; RoedigerEtAl_2001.xlsx,3.52348633234323,,,,B,0.762062469615945,0.700808215848323,0.604663409496503,0.527008181933433,0.73,0.86,0.54,0.64,5.82,0.167,0.042,0.2243432000539388,1.8,3.52348633234323,2.54013827319341,4.96,4.46,5.0,5.8,0.1141557239333333,,,,,,3.52348633234323,,,,,,,,,,,,,,,,,,,,,,
occ_00674,cigarette,cigarette,list_word,T1,1,smoke,smoke,roediger2001_55::smoke,Roediger2001_55_15word_lists,"Roediger et al. (2001) 55-list DRM pool, augmented with uploaded 2024 supplementary workbook metrics",55 DRM list-Supplementary Material-08-16-24.xlsx; Roediger-et-al-2001b_PBR.pdf; RoedigerEtAl_2001.xlsx,3.13289976994448,,0.449,0.323,B,0.762062469615945,0.700808215848323,0.604663409496503,0.527008181933433,0.73,0.86,0.54,0.64,5.82,0.167,0.042,0.2243432000539388,1.8,3.52348633234323,2.54013827319341,4.96,4.46,5.0,5.8,0.1141557239333333,cigarette,cigarette,False,False,20.0,3.13289976994448,,,,,,,,,,,,,,,,,,,,,,
occ_00675,puff,puff,list_word,T2,2,smoke,smoke,roediger2001_55::smoke,Roediger2001_55_15word_lists,"Roediger et al. (2001) 55-list DRM pool, augmented with uploaded 2024 supplementary workbook metrics",55 DRM list-Supplementary Material-08-16-24.xlsx; Roediger-et-al-2001b_PBR.pdf; RoedigerEtAl_2001.xlsx,2.35793484700045,,0.24,0.0,B,0.762062469615945,0.700808215848323,0.604663409496503,0.527008181933433,0.73,0.86,0.54,0.64,5.82,0.167,0.042,0.2243432000539388,1.8,3.52348633234323,2.54013827319341,4.96,4.46,5.0,5.8,0.1141557239333333,puff,puff,False,False,20.0,2.35793484700045,,,,,,,,,,,,,,,,,,,,,,
occ_00676,blaze,blaze,list_word,T3,3,smoke,smoke,roediger2001_55::smoke,Roediger2001_55_15word_lists,"Roediger et al. (2001) 55-list DRM pool, augmented with uploaded 2024 supplementary workbook metrics",55 DRM list-Supplementary Material-08-16-24.xlsx; Roediger-et-al-2001b_PBR.pdf; RoedigerEtAl_2001.xlsx,2.03342375548695,,0.0,0.0,B,0.762062469615945,0.700808215848323,0.604663409496503,0.527008181933433,0.73,0.86,0.54,0.64,5.82,0.167,0.042,0.2243432000539388,1.8,3.52348633234323,2.54013827319341,4.96,4.46,5.0,5.8,0.1141557239333333,blaze,blaze,False,False,20.0,2.03342375548695,,,,,,,,,,,,,,,,,,,,,,
occ_00677,billows,billows,list_word,T4,4,smoke,smoke,roediger2001_55::smoke,Roediger2001_55_15word_lists,"Roediger et al. (2001) 55-list DRM pool, augmented with uploaded 2024 supplementary workbook metrics",55 DRM list-Supplementary Material-08-16-24.xlsx; Roediger-et-al-2001b_PBR.pdf; RoedigerEtAl_2001.xlsx,0.778151250383644,,0.061,0.0,B,0.762062469615945,0.700808215848323,0.604663409496503,0.527008181933433,0.73,0.86,0.54,0.64,5.82,0.167,0.042,0.2243432000539388,1.8,3.52348633234323,2.54013827319341,4.96,4.46,5.0,5.8,0.1141557239333333,billows,billows,True,False,20.0,0.778151250383644,,,,,,,,,,,,,,,,,,,,,,
occ_00678,pollution,pollution,list_word,T5,5,smoke,smoke,roediger2001_55::smoke,Roediger2001_55_15word_lists,"Roediger et al. (2001) 55-list DRM pool, augmented with uploaded 2024 supplementary workbook metrics",55 DRM list-Supplementary Material-08-16-24.xlsx; Roediger-et-al-2001b_PBR.pdf; RoedigerEtAl_2001.xlsx,1.99122607569249,,0.068,0.0,B,0.762062469615945,0.700808215848323,0.604663409496503,0.527008181933433,0.73,0.86,0.54,0.64,5.82,0.167,0.042,0.2243432000539388,1.8,3.52348633234323,2.54013827319341,4.96,4.46,5.0,5.8,0.1141557239333333,pollution,pollution,False,False,20.0,1.99122607569249,,,,,,,,,,,,,,,,,,,,,,
occ_00679,ashes,ashes,list_word,T6,6,smoke,smoke,roediger2001_55::smoke,Roediger2001_55_15word_lists,"Roediger et al. (2001) 55-list DRM pool, augmented with uploaded 2024 supplementary workbook metrics",55 DRM list-Supplementary Material-08-16-24.xlsx; Roediger-et-al-2001b_PBR.pdf; RoedigerEtAl_2001.xlsx,2.70243053644553,,0.052,0.0,B,0.762062469615945,0.700808215848323,0.604663409496503,0.527008181933433,0.73,0.86,0.54,0.64,5.82,0.167,0.042,0.2243432000539388,1.8,3.52348633234323,2.54013827319341,4.96,4.46,5.0,5.8,0.1141557239333333,ashes,ashes,False,False,20.0,2.70243053644553,,,,,,,,,,,,,,,,,,,,,,
occ_00680,cigar,cigar,list_word,T7,7,smoke,smoke,roediger2001_55::smoke,Roediger2001_55_15word_lists,"Roediger et al. (2001) 55-list DRM pool, augmented with uploaded 2024 supplementary workbook metrics",55 DRM list-Supplementary Material-08-16-24.xlsx; Roediger-et-al-2001b_PBR.pdf; RoedigerEtAl_2001.xlsx,2.82020145948564,,0.507,0.0,B,0.762062469615945,0.700808215848323,0.604663409496503,0.527008181933433,0.73,0.86,0.54,0.64,5.82,0.167,0.042,0.2243432000539388,1.8,3.52348633234323,2.54013827319341,4.96,4.46,5.0,5.8,0.1141557239333333,cigar,cigar,False,False,20.0,2.82020145948564,,,,,,,,,,,,,,,,,,,,,,
occ_00681,chimney,chimney,list_word,T8,8,smoke,smoke,roediger2001_55::smoke,Roediger2001_55_15word_lists,"Roediger et al. (2001) 55-list DRM pool, augmented with uploaded 2024 supplementary workbook metrics",55 DRM list-Supplementary Material-08-16-24.xlsx; Roediger-et-al-2001b_PBR.pdf; RoedigerEtAl_2001.xlsx,2.33041377334919,,0.24,0.0,B,0.762062469615945,0.700808215848323,0.604663409496503,0.527008181933433,0.73,0.86,0.54,0.64,5.82,0.167,0.042,0.2243432000539388,1.8,3.52348633234323,2.54013827319341,4.96,4.46,5.0,5.8,0.1141557239333333,chimney,chimney,False,False,20.0,2.33041377334919,,,,,,,,,,,,,,,,,,,,,,
occ_00682,fire,fire,list_word,T9,9,smoke,smoke,roediger2001_55::smoke,Roediger2001_55_15word_lists,"Roediger et al. (2001) 55-list DRM pool, augmented with uploaded 2024 supplementary workbook metrics",55 DRM list-Supplementary Material-08-16-24.xlsx; Roediger-et-al-2001b_PBR.pdf; RoedigerEtAl_2001.xlsx,4.04103720786703,,0.018,0.291,B,0.762062469615945,0.700808215848323,0.604663409496503,0.527008181933433,0.73,0.86,0.54,0.64,5.82,0.167,0.042,0.2243432000539388,1.8,3.52348633234323,2.54013827319341,4.96,4.46,5.0,5.8,0.1141557239333333,fire,fire,False,False,20.0,4.04103720786703,,,,,,,,,,,,,,,,,,,,,,
occ_00683,tobacco,tobacco,list_word,T10,10,smoke,smoke,roediger2001_55::smoke,Roediger2001_55_15word_lists,"Roediger et al. (2001) 55-list DRM pool, augmented with uploaded 2024 supplementary workbook metrics",55 DRM list-Supplementary Material-08-16-24.xlsx; Roediger-et-al-2001b_PBR.pdf; RoedigerEtAl_2001.xlsx,2.55266821611219,,0.338,0.0,B,0.762062469615945,0.700808215848323,0.604663409496503,0.527008181933433,0.73,0.86,0.54,0.64,5.82,0.167,0.042,0.2243432000539388,1.8,3.52348633234323,2.54013827319341,4.96,4.46,5.0,5.8,0.1141557239333333,tobacco,tobacco,False,False,20.0,2.55266821611219,,,,,,,,,,,,,,,,,,,,,,
occ_00684,stink,stink,list_word,T11,11,smoke,smoke,roediger2001_55::smoke,Roediger2001_55_15word_lists,"Roediger et al. (2001) 55-list DRM pool, augmented with uploaded 2024 supplementary workbook metrics",55 DRM list-Supplementary Material-08-16-24.xlsx; Roediger-et-al-2001b_PBR.pdf; RoedigerEtAl_2001.xlsx,2.82865989653532,,0.0,0.0,B,0.762062469615945,0.700808215848323,0.604663409496503,0.527008181933433,0.73,0.86,0.54,0.64,5.82,0.167,0.042,0.2243432000539388,1.8,3.52348633234323,2.54013827319341,4.96,4.46,5.0,5.8,0.1141557239333333,stink,stink,False,False,20.0,2.82865989653532,,,,,,,,,,,,,,,,,,,,,,
occ_00685,pipe,pipe,list_word,T12,12,smoke,smoke,roediger2001_55::smoke,Roediger2001_55_15word_lists,"Roediger et al. (2001) 55-list DRM pool, augmented with uploaded 2024 supplementary workbook metrics",55 DRM list-Supplementary Material-08-16-24.xlsx; Roediger-et-al-2001b_PBR.pdf; RoedigerEtAl_2001.xlsx,2.99563519459755,,0.419,0.016,B,0.762062469615945,0.700808215848323,0.604663409496503,0.527008181933433,0.73,0.86,0.54,0.64,5.82,0.167,0.042,0.2243432000539388,1.8,3.52348633234323,2.54013827319341,4.96,4.46,5.0,5.8,0.1141557239333333,pipe,pipe,False,False,20.0,2.99563519459755,,,,,,,,,,,,,,,,,,,,,,
occ_00686,lungs,lungs,list_word,T13,13,smoke,smoke,roediger2001_55::smoke,Roediger2001_55_15word_lists,"Roediger et al. (2001) 55-list DRM pool, augmented with uploaded 2024 supplementary workbook metrics",55 DRM list-Supplementary Material-08-16-24.xlsx; Roediger-et-al-2001b_PBR.pdf; RoedigerEtAl_2001.xlsx,2.73319726510657,,0.119,0.0,B,0.762062469615945,0.700808215848323,0.604663409496503,0.527008181933433,0.73,0.86,0.54,0.64,5.82,0.167,0.042,0.2243432000539388,1.8,3.52348633234323,2.54013827319341,4.96,4.46,5.0,5.8,0.1141557239333333,lungs,lungs,True,False,20.0,2.73319726510657,,,,,,,,,,,,,,,,,,,,,,
occ_00687,flames,flames,list_word,T14,14,smoke,smoke,roediger2001_55::smoke,Roediger2001_55_15word_lists,"Roediger et al. (2001) 55-list DRM pool, augmented with uploaded 2024 supplementary workbook metrics",55 DRM list-Supplementary Material-08-16-24.xlsx; Roediger-et-al-2001b_PBR.pdf; RoedigerEtAl_2001.xlsx,2.58319877396862,,0.0,0.0,B,0.762062469615945,0.700808215848323,0.604663409496503,0.527008181933433,0.73,0.86,0.54,0.64,5.82,0.167,0.042,0.2243432000539388,1.8,3.52348633234323,2.54013827319341,4.96,4.46,5.0,5.8,0.1141557239333333,flames,flames,True,False,20.0,2.58319877396862,,,,,,,,,,,,,,,,,,,,,,
occ_00688,stain,stain,list_word,T15,15,smoke,smoke,roediger2001_55::smoke,Roediger2001_55_15word_lists,"Roediger et al. (2001) 55-list DRM pool, augmented with uploaded 2024 supplementary workbook metrics",55 DRM list-Supplementary Material-08-16-24.xlsx; Roediger-et-al-2001b_PBR.pdf; RoedigerEtAl_2001.xlsx,2.50105926221775,,0.0,0.0,B,0.762062469615945,0.700808215848323,0.604663409496503,0.527008181933433,0.73,0.86,0.54,0.64,5.82,0.167,0.042,0.2243432000539388,1.8,3.52348633234323,2.54013827319341,4.96,4.46,5.0,5.8,0.1141557239333333,stain,stain,False,False,20.0,2.50105926221775,,,,,,,,,,,,,,,,,,,,,,
occ_00689,soft,soft,critical_distractor,CD,0,soft,soft,roediger2001_55::soft,Roediger2001_55_15word_lists,"Roediger et al. (2001) 55-list DRM pool, augmented with uploaded 2024 supplementary workbook metrics",55 DRM list-Supplementary Material-08-16-24.xlsx; Roediger-et-al-2001b_PBR.pdf; RoedigerEtAl_2001.xlsx,3.2132520521964,,,,B,0.596256684491979,0.562094879274024,0.470012580088353,0.394078581668179,0.81,0.74,0.46,0.59,4.40666666666667,0.179,0.041,0.1648211192001172,0.8,3.2132520521964,2.77629802471406,3.88,4.15214285714286,4.0,5.13,0.0843339688666666,,,,,,3.2132520521964,,,,,,,,,,,,,,,,,,,,,,
occ_00690,hard,hard,list_word,T1,1,soft,soft,roediger2001_55::soft,Roediger2001_55_15word_lists,"Roediger et al. (2001) 55-list DRM pool, augmented with uploaded 2024 supplementary workbook metrics",55 DRM list-Supplementary Material-08-16-24.xlsx; Roediger-et-al-2001b_PBR.pdf; RoedigerEtAl_2001.xlsx,4.19592731359722,,0.564,0.509,B,0.596256684491979,0.562094879274024,0.470012580088353,0.394078581668179,0.81,0.74,0.46,0.59,4.40666666666667,0.179,0.041,0.1648211192001172,0.8,3.2132520521964,2.77629802471406,3.88,4.15214285714286,4.0,5.13,0.0843339688666666,hard,hard,False,False,20.0,4.19592731359722,,,,,,,,,,,,,,,,,,,,,,
occ_00691,light,light,list_word,T2,2,soft,soft,roediger2001_55::soft,Roediger2001_55_15word_lists,"Roediger et al. (2001) 55-list DRM pool, augmented with uploaded 2024 supplementary workbook metrics",55 DRM list-Supplementary Material-08-16-24.xlsx; Roediger-et-al-2001b_PBR.pdf; RoedigerEtAl_2001.xlsx,3.92562145479083,,0.0,0.012,B,0.596256684491979,0.562094879274024,0.470012580088353,0.394078581668179,0.81,0.74,0.46,0.59,4.40666666666667,0.179,0.041,0.1648211192001172,0.8,3.2132520521964,2.77629802471406,3.88,4.15214285714286,4.0,5.13,0.0843339688666666,light,light,False,False,20.0,3.92562145479083,,,,,,,,,,,,,,,,,,,,,,
occ_00692,pillow,pillow,list_word,T3,3,soft,soft,roediger2001_55::soft,Roediger2001_55_15word_lists,"Roediger et al. (2001) 55-list DRM pool, augmented with uploaded 2024 supplementary workbook metrics",55 DRM list-Supplementary Material-08-16-24.xlsx; Roediger-et-al-2001b_PBR.pdf; RoedigerEtAl_2001.xlsx,2.76492298464989,,0.236,0.018,B,0.596256684491979,0.562094879274024,0.470012580088353,0.394078581668179,0.81,0.74,0.46,0.59,4.40666666666667,0.179,0.041,0.1648211192001172,0.8,3.2132520521964,2.77629802471406,3.88,4.15214285714286,4.0,5.13,0.0843339688666666,pillow,pillow,False,False,20.0,2.76492298464989,,,,,,,,,,,,,,,,,,,,,,
occ_00693,plush,plush,list_word,T4,4,soft,soft,roediger2001_55::soft,Roediger2001_55_15word_lists,"Roediger et al. (2001) 55-list DRM pool, augmented with uploaded 2024 supplementary workbook metrics",55 DRM list-Supplementary Material-08-16-24.xlsx; Roediger-et-al-2001b_PBR.pdf; RoedigerEtAl_2001.xlsx,1.46239799789896,,0.178,0.0,B,0.596256684491979,0.562094879274024,0.470012580088353,0.394078581668179,0.81,0.74,0.46,0.59,4.40666666666667,0.179,0.041,0.1648211192001172,0.8,3.2132520521964,2.77629802471406,3.88,4.15214285714286,4.0,5.13,0.0843339688666666,plush,plush,False,False,20.0,1.46239799789896,,,,,,,,,,,,,,,,,,,,,,
occ_00694,loud,loud,list_word,T5,5,soft,soft,roediger2001_55::soft,Roediger2001_55_15word_lists,"Roediger et al. (2001) 55-list DRM pool, augmented with uploaded 2024 supplementary workbook metrics",55 DRM list-Supplementary Material-08-16-24.xlsx; Roediger-et-al-2001b_PBR.pdf; RoedigerEtAl_2001.xlsx,3.30792370361188,,0.333,0.0,B,0.596256684491979,0.562094879274024,0.470012580088353,0.394078581668179,0.81,0.74,0.46,0.59,4.40666666666667,0.179,0.041,0.1648211192001172,0.8,3.2132520521964,2.77629802471406,3.88,4.15214285714286,4.0,5.13,0.0843339688666666,loud,loud,False,False,20.0,3.30792370361188,,,,,,,,,,,,,,,,,,,,,,
occ_00695,cotton,cotton,list_word,T6,6,soft,soft,roediger2001_55::soft,Roediger2001_55_15word_lists,"Roediger et al. (2001) 55-list DRM pool, augmented with uploaded 2024 supplementary workbook metrics",55 DRM list-Supplementary Material-08-16-24.xlsx; Roediger-et-al-2001b_PBR.pdf; RoedigerEtAl_2001.xlsx,2.85973856619715,,0.166,0.018,B,0.596256684491979,0.562094879274024,0.470012580088353,0.394078581668179,0.81,0.74,0.46,0.59,4.40666666666667,0.179,0.041,0.1648211192001172,0.8,3.2132520521964,2.77629802471406,3.88,4.15214285714286,4.0,5.13,0.0843339688666666,cotton,cotton,False,False,20.0,2.85973856619715,,,,,,,,,,,,,,,,,,,,,,
occ_00696,fur,fur,list_word,T7,7,soft,soft,roediger2001_55::soft,Roediger2001_55_15word_lists,"Roediger et al. (2001) 55-list DRM pool, augmented with uploaded 2024 supplementary workbook metrics",55 DRM list-Supplementary Material-08-16-24.xlsx; Roediger-et-al-2001b_PBR.pdf; RoedigerEtAl_2001.xlsx,2.62634036737504,,0.061,0.0,B,0.596256684491979,0.562094879274024,0.470012580088353,0.394078581668179,0.81,0.74,0.46,0.59,4.40666666666667,0.179,0.041,0.1648211192001172,0.8,3.2132520521964,2.77629802471406,3.88,4.15214285714286,4.0,5.13,0.0843339688666666,fur,fur,False,False,20.0,2.62634036737504,,,,,,,,,,,,,,,,,,,,,,
occ_00697,touch,touch,list_word,T8,8,soft,soft,roediger2001_55::soft,Roediger2001_55_15word_lists,"Roediger et al. (2001) 55-list DRM pool, augmented with uploaded 2024 supplementary workbook metrics",55 DRM list-Supplementary Material-08-16-24.xlsx; Roediger-et-al-2001b_PBR.pdf; RoedigerEtAl_2001.xlsx,3.87708325665065,,0.061,0.012,B,0.596256684491979,0.562094879274024,0.470012580088353,0.394078581668179,0.81,0.74,0.46,0.59,4.40666666666667,0.179,0.041,0.1648211192001172,0.8,3.2132520521964,2.77629802471406,3.88,4.15214285714286,4.0,5.13,0.0843339688666666,touch,touch,False,False,20.0,3.87708325665065,,,,,,,,,,,,,,,,,,,,,,
occ_00698,fluffy,fluffy,list_word,T9,9,soft,soft,roediger2001_55::soft,Roediger2001_55_15word_lists,"Roediger et al. (2001) 55-list DRM pool, augmented with uploaded 2024 supplementary workbook metrics",55 DRM list-Supplementary Material-08-16-24.xlsx; Roediger-et-al-2001b_PBR.pdf; RoedigerEtAl_2001.xlsx,2.26951294421792,,0.266,0.0,B,0.596256684491979,0.562094879274024,0.470012580088353,0.394078581668179,0.81,0.74,0.46,0.59,4.40666666666667,0.179,0.041,0.1648211192001172,0.8,3.2132520521964,2.77629802471406,3.88,4.15214285714286,4.0,5.13,0.0843339688666666,fluffy,fluffy,False,False,20.0,2.26951294421792,,,,,,,,,,,,,,,,,,,,,,
occ_00699,feather,feather,list_word,T10,10,soft,soft,roediger2001_55::soft,Roediger2001_55_15word_lists,"Roediger et al. (2001) 55-list DRM pool, augmented with uploaded 2024 supplementary workbook metrics",55 DRM list-Supplementary Material-08-16-24.xlsx; Roediger-et-al-2001b_PBR.pdf; RoedigerEtAl_2001.xlsx,2.53019969820308,,0.045,0.024,B,0.596256684491979,0.562094879274024,0.470012580088353,0.394078581668179,0.81,0.74,0.46,0.59,4.40666666666667,0.179,0.041,0.1648211192001172,0.8,3.2132520521964,2.77629802471406,3.88,4.15214285714286,4.0,5.13,0.0843339688666666,feather,feather,False,False,20.0,2.53019969820308,,,,,,,,,,,,,,,,,,,,,,
occ_00700,furry,furry,list_word,T11,11,soft,soft,roediger2001_55::soft,Roediger2001_55_15word_lists,"Roediger et al. (2001) 55-list DRM pool, augmented with uploaded 2024 supplementary workbook metrics",55 DRM list-Supplementary Material-08-16-24.xlsx; Roediger-et-al-2001b_PBR.pdf; RoedigerEtAl_2001.xlsx,2.0899051114394,,0.061,0.0,B,0.596256684491979,0.562094879274024,0.470012580088353,0.394078581668179,0.81,0.74,0.46,0.59,4.40666666666667,0.179,0.041,0.1648211192001172,0.8,3.2132520521964,2.77629802471406,3.88,4.15214285714286,4.0,5.13,0.0843339688666666,furry,furry,False,False,20.0,2.0899051114394,,,,,,,,,,,,,,,,,,,,,,
occ_00701,downy,downy,list_word,T12,12,soft,soft,roediger2001_55::soft,Roediger2001_55_15word_lists,"Roediger et al. (2001) 55-list DRM pool, augmented with uploaded 2024 supplementary workbook metrics",55 DRM list-Supplementary Material-08-16-24.xlsx; Roediger-et-al-2001b_PBR.pdf; RoedigerEtAl_2001.xlsx,1.34242268082221,,0.221,0.0,B,0.596256684491979,0.562094879274024,0.470012580088353,0.394078581668179,0.81,0.74,0.46,0.59,4.40666666666667,0.179,0.041,0.1648211192001172,0.8,3.2132520521964,2.77629802471406,3.88,4.15214285714286,4.0,5.13,0.0843339688666666,downy,downy,True,False,20.0,1.34242268082221,,,,,,,,,,,,,,,,,,,,,,
occ_00702,kitten,kitten,list_word,T13,13,soft,soft,roediger2001_55::soft,Roediger2001_55_15word_lists,"Roediger et al. (2001) 55-list DRM pool, augmented with uploaded 2024 supplementary workbook metrics",55 DRM list-Supplementary Material-08-16-24.xlsx; Roediger-et-al-2001b_PBR.pdf; RoedigerEtAl_2001.xlsx,2.38381536598043,,0.033,0.0,B,0.596256684491979,0.562094879274024,0.470012580088353,0.394078581668179,0.81,0.74,0.46,0.59,4.40666666666667,0.179,0.041,0.1648211192001172,0.8,3.2132520521964,2.77629802471406,3.88,4.15214285714286,4.0,5.13,0.0843339688666666,kitten,kitten,False,False,20.0,2.38381536598043,,,,,,,,,,,,,,,,,,,,,,
occ_00703,skin,skin,list_word,T14,14,soft,soft,roediger2001_55::soft,Roediger2001_55_15word_lists,"Roediger et al. (2001) 55-list DRM pool, augmented with uploaded 2024 supplementary workbook metrics",55 DRM list-Supplementary Material-08-16-24.xlsx; Roediger-et-al-2001b_PBR.pdf; RoedigerEtAl_2001.xlsx,3.35160307241913,,0.161,0.018,B,0.596256684491979,0.562094879274024,0.470012580088353,0.394078581668179,0.81,0.74,0.46,0.59,4.40666666666667,0.179,0.041,0.1648211192001172,0.8,3.2132520521964,2.77629802471406,3.88,4.15214285714286,4.0,5.13,0.0843339688666666,skin,skin,False,False,20.0,3.35160307241913,,,,,,,,,,,,,,,,,,,,,,
occ_00704,tender,tender,list_word,T15,15,soft,soft,roediger2001_55::soft,Roediger2001_55_15word_lists,"Roediger et al. (2001) 55-list DRM pool, augmented with uploaded 2024 supplementary workbook metrics",55 DRM list-Supplementary Material-08-16-24.xlsx; Roediger-et-al-2001b_PBR.pdf; RoedigerEtAl_2001.xlsx,2.6570558528571,,0.297,0.0,B,0.596256684491979,0.562094879274024,0.470012580088353,0.394078581668179,0.81,0.74,0.46,0.59,4.40666666666667,0.179,0.041,0.1648211192001172,0.8,3.2132520521964,2.77629802471406,3.88,4.15214285714286,4.0,5.13,0.0843339688666666,tender,tender,False,False,20.0,2.6570558528571,,,,,,,,,,,,,,,,,,,,,,
occ_00705,spider,spider,critical_distractor,CD,0,spider,spider,roediger2001_55::spider,Roediger2001_55_15word_lists,"Roediger et al. (2001) 55-list DRM pool, augmented with uploaded 2024 supplementary workbook metrics",55 DRM list-Supplementary Material-08-16-24.xlsx; Roediger-et-al-2001b_PBR.pdf; RoedigerEtAl_2001.xlsx,2.71264970162721,,,,B,0.543418813806514,0.677858126721763,0.422617828618238,0.497215802151293,0.58,0.81,0.37,0.62,5.82666666666667,0.159,0.044,0.1661041289396206,1.33,2.71264970162721,2.68695163843326,4.97,4.09071428571429,6.0,5.4,0.0885769980666666,,,,,,2.71264970162721,,,,,,,,,,,,,,,,,,,,,,
occ_00706,web,web,list_word,T1,1,spider,spider,roediger2001_55::spider,Roediger2001_55_15word_lists,"Roediger et al. (2001) 55-list DRM pool, augmented with uploaded 2024 supplementary workbook metrics",55 DRM list-Supplementary Material-08-16-24.xlsx; Roediger-et-al-2001b_PBR.pdf; RoedigerEtAl_2001.xlsx,2.6730209071289,,0.845,0.246,B,0.543418813806514,0.677858126721763,0.422617828618238,0.497215802151293,0.58,0.81,0.37,0.62,5.82666666666667,0.159,0.044,0.1661041289396206,1.33,2.71264970162721,2.68695163843326,4.97,4.09071428571429,6.0,5.4,0.0885769980666666,web,web,False,False,20.0,2.6730209071289,,,,,,,,,,,,,,,,,,,,,,
occ_00707,insect,insect,list_word,T2,2,spider,spider,roediger2001_55::spider,Roediger2001_55_15word_lists,"Roediger et al. (2001) 55-list DRM pool, augmented with uploaded 2024 supplementary workbook metrics",55 DRM list-Supplementary Material-08-16-24.xlsx; Roediger-et-al-2001b_PBR.pdf; RoedigerEtAl_2001.xlsx,2.20951501454263,,0.0,0.127,B,0.543418813806514,0.677858126721763,0.422617828618238,0.497215802151293,0.58,0.81,0.37,0.62,5.82666666666667,0.159,0.044,0.1661041289396206,1.33,2.71264970162721,2.68695163843326,4.97,4.09071428571429,6.0,5.4,0.0885769980666666,insect,insect,False,False,20.0,2.20951501454263,,,,,,,,,,,,,,,,,,,,,,
occ_00708,bug,bug,list_word,T3,3,spider,spider,roediger2001_55::spider,Roediger2001_55_15word_lists,"Roediger et al. (2001) 55-list DRM pool, augmented with uploaded 2024 supplementary workbook metrics",55 DRM list-Supplementary Material-08-16-24.xlsx; Roediger-et-al-2001b_PBR.pdf; RoedigerEtAl_2001.xlsx,3.02897770520878,,0.04,0.127,B,0.543418813806514,0.677858126721763,0.422617828618238,0.497215802151293,0.58,0.81,0.37,0.62,5.82666666666667,0.159,0.044,0.1661041289396206,1.33,2.71264970162721,2.68695163843326,4.97,4.09071428571429,6.0,5.4,0.0885769980666666,bug,bug,False,False,20.0,3.02897770520878,,,,,,,,,,,,,,,,,,,,,,
occ_00709,fright,fright,list_word,T4,4,spider,spider,roediger2001_55::spider,Roediger2001_55_15word_lists,"Roediger et al. (2001) 55-list DRM pool, augmented with uploaded 2024 supplementary workbook metrics",55 DRM list-Supplementary Material-08-16-24.xlsx; Roediger-et-al-2001b_PBR.pdf; RoedigerEtAl_2001.xlsx,2.15228834438306,,0.0,0.0,B,0.543418813806514,0.677858126721763,0.422617828618238,0.497215802151293,0.58,0.81,0.37,0.62,5.82666666666667,0.159,0.044,0.1661041289396206,1.33,2.71264970162721,2.68695163843326,4.97,4.09071428571429,6.0,5.4,0.0885769980666666,fright,fright,False,False,20.0,2.15228834438306,,,,,,,,,,,,,,,,,,,,,,
occ_00710,fly,fly,list_word,T5,5,spider,spider,roediger2001_55::spider,Roediger2001_55_15word_lists,"Roediger et al. (2001) 55-list DRM pool, augmented with uploaded 2024 supplementary workbook metrics",55 DRM list-Supplementary Material-08-16-24.xlsx; Roediger-et-al-2001b_PBR.pdf; RoedigerEtAl_2001.xlsx,3.63708927353033,,0.0,0.016,B,0.543418813806514,0.677858126721763,0.422617828618238,0.497215802151293,0.58,0.81,0.37,0.62,5.82666666666667,0.159,0.044,0.1661041289396206,1.33,2.71264970162721,2.68695163843326,4.97,4.09071428571429,6.0,5.4,0.0885769980666666,fly,fly,False,False,20.0,3.63708927353033,,,,,,,,,,,,,,,,,,,,,,
occ_00711,arachnid,arachnid,list_word,T6,6,spider,spider,roediger2001_55::spider,Roediger2001_55_15word_lists,"Roediger et al. (2001) 55-list DRM pool, augmented with uploaded 2024 supplementary workbook metrics",55 DRM list-Supplementary Material-08-16-24.xlsx; Roediger-et-al-2001b_PBR.pdf; RoedigerEtAl_2001.xlsx,1.14612803567824,,0.704,0.079,B,0.543418813806514,0.677858126721763,0.422617828618238,0.497215802151293,0.58,0.81,0.37,0.62,5.82666666666667,0.159,0.044,0.1661041289396206,1.33,2.71264970162721,2.68695163843326,4.97,4.09071428571429,6.0,5.4,0.0885769980666666,arachnid,arachnid,True,False,20.0,1.14612803567824,,,,,,,,,,,,,,,,,,,,,,
occ_00712,crawl,crawl,list_word,T7,7,spider,spider,roediger2001_55::spider,Roediger2001_55_15word_lists,"Roediger et al. (2001) 55-list DRM pool, augmented with uploaded 2024 supplementary workbook metrics",55 DRM list-Supplementary Material-08-16-24.xlsx; Roediger-et-al-2001b_PBR.pdf; RoedigerEtAl_2001.xlsx,2.78887511577542,,0.0,0.024,B,0.543418813806514,0.677858126721763,0.422617828618238,0.497215802151293,0.58,0.81,0.37,0.62,5.82666666666667,0.159,0.044,0.1661041289396206,1.33,2.71264970162721,2.68695163843326,4.97,4.09071428571429,6.0,5.4,0.0885769980666666,crawl,crawl,False,False,20.0,2.78887511577542,,,,,,,,,,,,,,,,,,,,,,
occ_00713,tarantula,tarantula,list_word,T8,8,spider,spider,roediger2001_55::spider,Roediger2001_55_15word_lists,"Roediger et al. (2001) 55-list DRM pool, augmented with uploaded 2024 supplementary workbook metrics",55 DRM list-Supplementary Material-08-16-24.xlsx; Roediger-et-al-2001b_PBR.pdf; RoedigerEtAl_2001.xlsx,1.67209785793572,,0.744,0.0,B,0.543418813806514,0.677858126721763,0.422617828618238,0.497215802151293,0.58,0.81,0.37,0.62,5.82666666666667,0.159,0.044,0.1661041289396206,1.33,2.71264970162721,2.68695163843326,4.97,4.09071428571429,6.0,5.4,0.0885769980666666,tarantula,tarantula,True,False,20.0,1.67209785793572,,,,,,,,,,,,,,,,,,,,,,
occ_00714,poison,poison,list_word,T9,9,spider,spider,roediger2001_55::spider,Roediger2001_55_15word_lists,"Roediger et al. (2001) 55-list DRM pool, augmented with uploaded 2024 supplementary workbook metrics",55 DRM list-Supplementary Material-08-16-24.xlsx; Roediger-et-al-2001b_PBR.pdf; RoedigerEtAl_2001.xlsx,3.09795107099415,,0.0,0.0,B,0.543418813806514,0.677858126721763,0.422617828618238,0.497215802151293,0.58,0.81,0.37,0.62,5.82666666666667,0.159,0.044,0.1661041289396206,1.33,2.71264970162721,2.68695163843326,4.97,4.09071428571429,6.0,5.4,0.0885769980666666,poison,poison,False,False,20.0,3.09795107099415,,,,,,,,,,,,,,,,,,,,,,
occ_00715,bite,bite,list_word,T10,10,spider,spider,roediger2001_55::spider,Roediger2001_55_15word_lists,"Roediger et al. (2001) 55-list DRM pool, augmented with uploaded 2024 supplementary workbook metrics",55 DRM list-Supplementary Material-08-16-24.xlsx; Roediger-et-al-2001b_PBR.pdf; RoedigerEtAl_2001.xlsx,3.31827208021163,,0.0,0.0,B,0.543418813806514,0.677858126721763,0.422617828618238,0.497215802151293,0.58,0.81,0.37,0.62,5.82666666666667,0.159,0.044,0.1661041289396206,1.33,2.71264970162721,2.68695163843326,4.97,4.09071428571429,6.0,5.4,0.0885769980666666,bite,bite,False,False,20.0,3.31827208021163,,,,,,,,,,,,,,,,,,,,,,
occ_00716,creepy,creepy,list_word,T11,11,spider,spider,roediger2001_55::spider,Roediger2001_55_15word_lists,"Roediger et al. (2001) 55-list DRM pool, augmented with uploaded 2024 supplementary workbook metrics",55 DRM list-Supplementary Material-08-16-24.xlsx; Roediger-et-al-2001b_PBR.pdf; RoedigerEtAl_2001.xlsx,2.75511226639507,,0.058,0.04,B,0.543418813806514,0.677858126721763,0.422617828618238,0.497215802151293,0.58,0.81,0.37,0.62,5.82666666666667,0.159,0.044,0.1661041289396206,1.33,2.71264970162721,2.68695163843326,4.97,4.09071428571429,6.0,5.4,0.0885769980666666,creepy,creepy,True,False,20.0,2.75511226639507,,,,,,,,,,,,,,,,,,,,,,
occ_00717,animal,animal,list_word,T12,12,spider,spider,roediger2001_55::spider,Roediger2001_55_15word_lists,"Roediger et al. (2001) 55-list DRM pool, augmented with uploaded 2024 supplementary workbook metrics",55 DRM list-Supplementary Material-08-16-24.xlsx; Roediger-et-al-2001b_PBR.pdf; RoedigerEtAl_2001.xlsx,3.36567514045592,,0.0,0.0,B,0.543418813806514,0.677858126721763,0.422617828618238,0.497215802151293,0.58,0.81,0.37,0.62,5.82666666666667,0.159,0.044,0.1661041289396206,1.33,2.71264970162721,2.68695163843326,4.97,4.09071428571429,6.0,5.4,0.0885769980666666,animal,animal,False,False,20.0,3.36567514045592,,,,,,,,,,,,,,,,,,,,,,
occ_00718,ugly,ugly,list_word,T13,13,spider,spider,roediger2001_55::spider,Roediger2001_55_15word_lists,"Roediger et al. (2001) 55-list DRM pool, augmented with uploaded 2024 supplementary workbook metrics",55 DRM list-Supplementary Material-08-16-24.xlsx; Roediger-et-al-2001b_PBR.pdf; RoedigerEtAl_2001.xlsx,3.33264041038746,,0.0,0.0,B,0.543418813806514,0.677858126721763,0.422617828618238,0.497215802151293,0.58,0.81,0.37,0.62,5.82666666666667,0.159,0.044,0.1661041289396206,1.33,2.71264970162721,2.68695163843326,4.97,4.09071428571429,6.0,5.4,0.0885769980666666,ugly,ugly,False,False,20.0,3.33264041038746,,,,,,,,,,,,,,,,,,,,,,
occ_00719,feelers,feelers,list_word,T14,14,spider,spider,roediger2001_55::spider,Roediger2001_55_15word_lists,"Roediger et al. (2001) 55-list DRM pool, augmented with uploaded 2024 supplementary workbook metrics",55 DRM list-Supplementary Material-08-16-24.xlsx; Roediger-et-al-2001b_PBR.pdf; RoedigerEtAl_2001.xlsx,1.32221929473392,,0.0,0.0,B,0.543418813806514,0.677858126721763,0.422617828618238,0.497215802151293,0.58,0.81,0.37,0.62,5.82666666666667,0.159,0.044,0.1661041289396206,1.33,2.71264970162721,2.68695163843326,4.97,4.09071428571429,6.0,5.4,0.0885769980666666,feelers,feelers,True,False,20.0,1.32221929473392,,,,,,,,,,,,,,,,,,,,,,
occ_00720,small,small,list_word,T15,15,spider,spider,roediger2001_55::spider,Roediger2001_55_15word_lists,"Roediger et al. (2001) 55-list DRM pool, augmented with uploaded 2024 supplementary workbook metrics",55 DRM list-Supplementary Material-08-16-24.xlsx; Roediger-et-al-2001b_PBR.pdf; RoedigerEtAl_2001.xlsx,3.80441205913771,,0.0,0.0,B,0.543418813806514,0.677858126721763,0.422617828618238,0.497215802151293,0.58,0.81,0.37,0.62,5.82666666666667,0.159,0.044,0.1661041289396206,1.33,2.71264970162721,2.68695163843326,4.97,4.09071428571429,6.0,5.4,0.0885769980666666,small,small,False,False,20.0,3.80441205913771,,,,,,,,,,,,,,,,,,,,,,
occ_00721,stove,stove,critical_distractor,CD,0,stove,stove,roediger2001_55::stove,Roediger2001_55_15word_lists,"Roediger et al. (2001) 55-list DRM pool, augmented with uploaded 2024 supplementary workbook metrics",55 DRM list-Supplementary Material-08-16-24.xlsx; Roediger-et-al-2001b_PBR.pdf; RoedigerEtAl_2001.xlsx,2.58883172559421,,,,A,0.614814814814815,0.751851851851852,0.468783068783069,0.575661375661376,0.7,0.72,0.18,0.6,6.09333333333333,0.035,0.058,0.2042811113936936,2.0,2.58883172559421,3.13541023267314,4.96,4.44933333333333,5.0,4.27,0.0140611558,,,,,,2.58883172559421,,,,,,,,,,,,,,,,,,,,,,
occ_00722,hot,hot,list_word,T1,1,stove,stove,roediger2001_55::stove,Roediger2001_55_15word_lists,"Roediger et al. (2001) 55-list DRM pool, augmented with uploaded 2024 supplementary workbook metrics",55 DRM list-Supplementary Material-08-16-24.xlsx; Roediger-et-al-2001b_PBR.pdf; RoedigerEtAl_2001.xlsx,3.98600993185326,,0.0,0.285,A,0.614814814814815,0.751851851851852,0.468783068783069,0.575661375661376,0.7,0.72,0.18,0.6,6.09333333333333,0.035,0.058,0.2042811113936936,2.0,2.58883172559421,3.13541023267314,4.96,4.44933333333333,5.0,4.27,0.0140611558,hot,hot,False,False,20.0,3.98600993185326,,,,,,,,,,,,,,,,,,,,,,
occ_00723,heat,heat,list_word,T2,2,stove,stove,roediger2001_55::stove,Roediger2001_55_15word_lists,"Roediger et al. (2001) 55-list DRM pool, augmented with uploaded 2024 supplementary workbook metrics",55 DRM list-Supplementary Material-08-16-24.xlsx; Roediger-et-al-2001b_PBR.pdf; RoedigerEtAl_2001.xlsx,3.31069331234336,,0.0,0.03,A,0.614814814814815,0.751851851851852,0.468783068783069,0.575661375661376,0.7,0.72,0.18,0.6,6.09333333333333,0.035,0.058,0.2042811113936936,2.0,2.58883172559421,3.13541023267314,4.96,4.44933333333333,5.0,4.27,0.0140611558,heat,heat,False,False,20.0,3.31069331234336,,,,,,,,,,,,,,,,,,,,,,
occ_00724,pipe,pipe,list_word,T3,3,stove,stove,roediger2001_55::stove,Roediger2001_55_15word_lists,"Roediger et al. (2001) 55-list DRM pool, augmented with uploaded 2024 supplementary workbook metrics",55 DRM list-Supplementary Material-08-16-24.xlsx; Roediger-et-al-2001b_PBR.pdf; RoedigerEtAl_2001.xlsx,2.99563519459755,,0.0,0.018,A,0.614814814814815,0.751851851851852,0.468783068783069,0.575661375661376,0.7,0.72,0.18,0.6,6.09333333333333,0.035,0.058,0.2042811113936936,2.0,2.58883172559421,3.13541023267314,4.96,4.44933333333333,5.0,4.27,0.0140611558,pipe,pipe,False,False,20.0,2.99563519459755,,,,,,,,,,,,,,,,,,,,,,
occ_00725,cook,cook,list_word,T4,4,stove,stove,roediger2001_55::stove,Roediger2001_55_15word_lists,"Roediger et al. (2001) 55-list DRM pool, augmented with uploaded 2024 supplementary workbook metrics",55 DRM list-Supplementary Material-08-16-24.xlsx; Roediger-et-al-2001b_PBR.pdf; RoedigerEtAl_2001.xlsx,3.36642295722597,,0.0,0.212,A,0.614814814814815,0.751851851851852,0.468783068783069,0.575661375661376,0.7,0.72,0.18,0.6,6.09333333333333,0.035,0.058,0.2042811113936936,2.0,2.58883172559421,3.13541023267314,4.96,4.44933333333333,5.0,4.27,0.0140611558,cook,cook,False,False,20.0,3.36642295722597,,,,,,,,,,,,,,,,,,,,,,
occ_00726,warm,warm,list_word,T5,5,stove,stove,roediger2001_55::stove,Roediger2001_55_15word_lists,"Roediger et al. (2001) 55-list DRM pool, augmented with uploaded 2024 supplementary workbook metrics",55 DRM list-Supplementary Material-08-16-24.xlsx; Roediger-et-al-2001b_PBR.pdf; RoedigerEtAl_2001.xlsx,3.42488163663107,,0.0,0.012,A,0.614814814814815,0.751851851851852,0.468783068783069,0.575661375661376,0.7,0.72,0.18,0.6,6.09333333333333,0.035,0.058,0.2042811113936936,2.0,2.58883172559421,3.13541023267314,4.96,4.44933333333333,5.0,4.27,0.0140611558,warm,warm,False,False,20.0,3.42488163663107,,,,,,,,,,,,,,,,,,,,,,
occ_00727,fire,fire,list_word,T6,6,stove,stove,roediger2001_55::stove,Roediger2001_55_15word_lists,"Roediger et al. (2001) 55-list DRM pool, augmented with uploaded 2024 supplementary workbook metrics",55 DRM list-Supplementary Material-08-16-24.xlsx; Roediger-et-al-2001b_PBR.pdf; RoedigerEtAl_2001.xlsx,4.04103720786703,,0.0,0.0,A,0.614814814814815,0.751851851851852,0.468783068783069,0.575661375661376,0.7,0.72,0.18,0.6,6.09333333333333,0.035,0.058,0.2042811113936936,2.0,2.58883172559421,3.13541023267314,4.96,4.44933333333333,5.0,4.27,0.0140611558,fire,fire,False,False,20.0,4.04103720786703,,,,,,,,,,,,,,,,,,,,,,
occ_00728,oven,oven,list_word,T7,7,stove,stove,roediger2001_55::stove,Roediger2001_55_15word_lists,"Roediger et al. (2001) 55-list DRM pool, augmented with uploaded 2024 supplementary workbook metrics",55 DRM list-Supplementary Material-08-16-24.xlsx; Roediger-et-al-2001b_PBR.pdf; RoedigerEtAl_2001.xlsx,2.6570558528571,,0.224,0.279,A,0.614814814814815,0.751851851851852,0.468783068783069,0.575661375661376,0.7,0.72,0.18,0.6,6.09333333333333,0.035,0.058,0.2042811113936936,2.0,2.58883172559421,3.13541023267314,4.96,4.44933333333333,5.0,4.27,0.0140611558,oven,oven,False,False,20.0,2.6570558528571,,,,,,,,,,,,,,,,,,,,,,
occ_00729,wood,wood,list_word,T8,8,stove,stove,roediger2001_55::stove,Roediger2001_55_15word_lists,"Roediger et al. (2001) 55-list DRM pool, augmented with uploaded 2024 supplementary workbook metrics",55 DRM list-Supplementary Material-08-16-24.xlsx; Roediger-et-al-2001b_PBR.pdf; RoedigerEtAl_2001.xlsx,3.13924921757161,,0.03,0.0,A,0.614814814814815,0.751851851851852,0.468783068783069,0.575661375661376,0.7,0.72,0.18,0.6,6.09333333333333,0.035,0.058,0.2042811113936936,2.0,2.58883172559421,3.13541023267314,4.96,4.44933333333333,5.0,4.27,0.0140611558,wood,wood,False,False,20.0,3.13924921757161,,,,,,,,,,,,,,,,,,,,,,
occ_00730,kitchen,kitchen,list_word,T9,9,stove,stove,roediger2001_55::stove,Roediger2001_55_15word_lists,"Roediger et al. (2001) 55-list DRM pool, augmented with uploaded 2024 supplementary workbook metrics",55 DRM list-Supplementary Material-08-16-24.xlsx; Roediger-et-al-2001b_PBR.pdf; RoedigerEtAl_2001.xlsx,3.47348697006457,,0.056,0.018,A,0.614814814814815,0.751851851851852,0.468783068783069,0.575661375661376,0.7,0.72,0.18,0.6,6.09333333333333,0.035,0.058,0.2042811113936936,2.0,2.58883172559421,3.13541023267314,4.96,4.44933333333333,5.0,4.27,0.0140611558,kitchen,kitchen,False,False,20.0,3.47348697006457,,,,,,,,,,,,,,,,,,,,,,
occ_00731,lid,lid,list_word,T10,10,stove,stove,roediger2001_55::stove,Roediger2001_55_15word_lists,"Roediger et al. (2001) 55-list DRM pool, augmented with uploaded 2024 supplementary workbook metrics",55 DRM list-Supplementary Material-08-16-24.xlsx; Roediger-et-al-2001b_PBR.pdf; RoedigerEtAl_2001.xlsx,2.40140054078154,,0.0,0.0,A,0.614814814814815,0.751851851851852,0.468783068783069,0.575661375661376,0.7,0.72,0.18,0.6,6.09333333333333,0.035,0.058,0.2042811113936936,2.0,2.58883172559421,3.13541023267314,4.96,4.44933333333333,5.0,4.27,0.0140611558,lid,lid,False,False,20.0,2.40140054078154,,,,,,,,,,,,,,,,,,,,,,
occ_00732,coal,coal,list_word,T11,11,stove,stove,roediger2001_55::stove,Roediger2001_55_15word_lists,"Roediger et al. (2001) 55-list DRM pool, augmented with uploaded 2024 supplementary workbook metrics",55 DRM list-Supplementary Material-08-16-24.xlsx; Roediger-et-al-2001b_PBR.pdf; RoedigerEtAl_2001.xlsx,2.52633927738984,,0.0,0.0,A,0.614814814814815,0.751851851851852,0.468783068783069,0.575661375661376,0.7,0.72,0.18,0.6,6.09333333333333,0.035,0.058,0.2042811113936936,2.0,2.58883172559421,3.13541023267314,4.96,4.44933333333333,5.0,4.27,0.0140611558,coal,coal,False,False,20.0,2.52633927738984,,,,,,,,,,,,,,,,,,,,,,
occ_00733,gas,gas,list_word,T12,12,stove,stove,roediger2001_55::stove,Roediger2001_55_15word_lists,"Roediger et al. (2001) 55-list DRM pool, augmented with uploaded 2024 supplementary workbook metrics",55 DRM list-Supplementary Material-08-16-24.xlsx; Roediger-et-al-2001b_PBR.pdf; RoedigerEtAl_2001.xlsx,3.5388249889379,,0.026,0.0,A,0.614814814814815,0.751851851851852,0.468783068783069,0.575661375661376,0.7,0.72,0.18,0.6,6.09333333333333,0.035,0.058,0.2042811113936936,2.0,2.58883172559421,3.13541023267314,4.96,4.44933333333333,5.0,4.27,0.0140611558,gas,gas,False,False,20.0,3.5388249889379,,,,,,,,,,,,,,,,,,,,,,
occ_00734,iron,iron,list_word,T13,13,stove,stove,roediger2001_55::stove,Roediger2001_55_15word_lists,"Roediger et al. (2001) 55-list DRM pool, augmented with uploaded 2024 supplementary workbook metrics",55 DRM list-Supplementary Material-08-16-24.xlsx; Roediger-et-al-2001b_PBR.pdf; RoedigerEtAl_2001.xlsx,2.96189547366785,,0.0,0.0,A,0.614814814814815,0.751851851851852,0.468783068783069,0.575661375661376,0.7,0.72,0.18,0.6,6.09333333333333,0.035,0.058,0.2042811113936936,2.0,2.58883172559421,3.13541023267314,4.96,4.44933333333333,5.0,4.27,0.0140611558,iron,iron,False,False,20.0,2.96189547366785,,,,,,,,,,,,,,,,,,,,,,
occ_00735,range,range,list_word,T14,14,stove,stove,roediger2001_55::stove,Roediger2001_55_15word_lists,"Roediger et al. (2001) 55-list DRM pool, augmented with uploaded 2024 supplementary workbook metrics",55 DRM list-Supplementary Material-08-16-24.xlsx; Roediger-et-al-2001b_PBR.pdf; RoedigerEtAl_2001.xlsx,3.06520612805431,,0.149,0.012,A,0.614814814814815,0.751851851851852,0.468783068783069,0.575661375661376,0.7,0.72,0.18,0.6,6.09333333333333,0.035,0.058,0.2042811113936936,2.0,2.58883172559421,3.13541023267314,4.96,4.44933333333333,5.0,4.27,0.0140611558,range,range,False,False,20.0,3.06520612805431,,,,,,,,,,,,,,,,,,,,,,
occ_00736,furnace,furnace,list_word,T15,15,stove,stove,roediger2001_55::stove,Roediger2001_55_15word_lists,"Roediger et al. (2001) 55-list DRM pool, augmented with uploaded 2024 supplementary workbook metrics",55 DRM list-Supplementary Material-08-16-24.xlsx; Roediger-et-al-2001b_PBR.pdf; RoedigerEtAl_2001.xlsx,2.14301480025409,,0.041,0.0,A,0.614814814814815,0.751851851851852,0.468783068783069,0.575661375661376,0.7,0.72,0.18,0.6,6.09333333333333,0.035,0.058,0.2042811113936936,2.0,2.58883172559421,3.13541023267314,4.96,4.44933333333333,5.0,4.27,0.0140611558,furnace,furnace,True,False,20.0,2.14301480025409,,,,,,,,,,,,,,,,,,,,,,
occ_00737,sweet,sweet,critical_distractor,CD,0,sweet,sweet,roediger2001_55::sweet,Roediger2001_55_15word_lists,"Roediger et al. (2001) 55-list DRM pool, augmented with uploaded 2024 supplementary workbook metrics",55 DRM list-Supplementary Material-08-16-24.xlsx; Roediger-et-al-2001b_PBR.pdf; RoedigerEtAl_2001.xlsx,3.86958370771342,,,,A,0.703703703703704,0.641975308641975,0.564550264550265,0.468253968253968,0.78,0.78,0.54,0.63,5.55333333333333,0.172,0.054,0.2384348201768613,2.07,3.86958370771342,3.383942150686,4.0,4.04266666666667,5.0,4.8,0.1234622457333333,,,,,,3.86958370771342,,,,,,,,,,,,,,,,,,,,,,
occ_00738,sour,sour,list_word,T1,1,sweet,sweet,roediger2001_55::sweet,Roediger2001_55_15word_lists,"Roediger et al. (2001) 55-list DRM pool, augmented with uploaded 2024 supplementary workbook metrics",55 DRM list-Supplementary Material-08-16-24.xlsx; Roediger-et-al-2001b_PBR.pdf; RoedigerEtAl_2001.xlsx,2.47421626407626,,0.405,0.372,A,0.703703703703704,0.641975308641975,0.564550264550265,0.468253968253968,0.78,0.78,0.54,0.63,5.55333333333333,0.172,0.054,0.2384348201768613,2.07,3.86958370771342,3.383942150686,4.0,4.04266666666667,5.0,4.8,0.1234622457333333,sour,sour,False,False,20.0,2.47421626407626,,,,,,,,,,,,,,,,,,,,,,
occ_00739,candy,candy,list_word,T2,2,sweet,sweet,roediger2001_55::sweet,Roediger2001_55_15word_lists,"Roediger et al. (2001) 55-list DRM pool, augmented with uploaded 2024 supplementary workbook metrics",55 DRM list-Supplementary Material-08-16-24.xlsx; Roediger-et-al-2001b_PBR.pdf; RoedigerEtAl_2001.xlsx,3.26150077319828,,0.336,0.162,A,0.703703703703704,0.641975308641975,0.564550264550265,0.468253968253968,0.78,0.78,0.54,0.63,5.55333333333333,0.172,0.054,0.2384348201768613,2.07,3.86958370771342,3.383942150686,4.0,4.04266666666667,5.0,4.8,0.1234622457333333,candy,candy,False,False,20.0,3.26150077319828,,,,,,,,,,,,,,,,,,,,,,
occ_00740,sugar,sugar,list_word,T3,3,sweet,sweet,roediger2001_55::sweet,Roediger2001_55_15word_lists,"Roediger et al. (2001) 55-list DRM pool, augmented with uploaded 2024 supplementary workbook metrics",55 DRM list-Supplementary Material-08-16-24.xlsx; Roediger-et-al-2001b_PBR.pdf; RoedigerEtAl_2001.xlsx,3.28488171465545,,0.433,0.061,A,0.703703703703704,0.641975308641975,0.564550264550265,0.468253968253968,0.78,0.78,0.54,0.63,5.55333333333333,0.172,0.054,0.2384348201768613,2.07,3.86958370771342,3.383942150686,4.0,4.04266666666667,5.0,4.8,0.1234622457333333,sugar,sugar,False,False,20.0,3.28488171465545,,,,,,,,,,,,,,,,,,,,,,
occ_00741,bitter,bitter,list_word,T4,4,sweet,sweet,roediger2001_55::sweet,Roediger2001_55_15word_lists,"Roediger et al. (2001) 55-list DRM pool, augmented with uploaded 2024 supplementary workbook metrics",55 DRM list-Supplementary Material-08-16-24.xlsx; Roediger-et-al-2001b_PBR.pdf; RoedigerEtAl_2001.xlsx,2.75511226639507,,0.435,0.02,A,0.703703703703704,0.641975308641975,0.564550264550265,0.468253968253968,0.78,0.78,0.54,0.63,5.55333333333333,0.172,0.054,0.2384348201768613,2.07,3.86958370771342,3.383942150686,4.0,4.04266666666667,5.0,4.8,0.1234622457333333,bitter,bitter,False,False,20.0,2.75511226639507,,,,,,,,,,,,,,,,,,,,,,
occ_00742,good,good,list_word,T5,5,sweet,sweet,roediger2001_55::sweet,Roediger2001_55_15word_lists,"Roediger et al. (2001) 55-list DRM pool, augmented with uploaded 2024 supplementary workbook metrics",55 DRM list-Supplementary Material-08-16-24.xlsx; Roediger-et-al-2001b_PBR.pdf; RoedigerEtAl_2001.xlsx,5.12423678404063,,0.0,0.014,A,0.703703703703704,0.641975308641975,0.564550264550265,0.468253968253968,0.78,0.78,0.54,0.63,5.55333333333333,0.172,0.054,0.2384348201768613,2.07,3.86958370771342,3.383942150686,4.0,4.04266666666667,5.0,4.8,0.1234622457333333,good,good,False,False,20.0,5.12423678404063,,,,,,,,,,,,,,,,,,,,,,
occ_00743,taste,taste,list_word,T6,6,sweet,sweet,roediger2001_55::sweet,Roediger2001_55_15word_lists,"Roediger et al. (2001) 55-list DRM pool, augmented with uploaded 2024 supplementary workbook metrics",55 DRM list-Supplementary Material-08-16-24.xlsx; Roediger-et-al-2001b_PBR.pdf; RoedigerEtAl_2001.xlsx,3.41796964221474,,0.071,0.014,A,0.703703703703704,0.641975308641975,0.564550264550265,0.468253968253968,0.78,0.78,0.54,0.63,5.55333333333333,0.172,0.054,0.2384348201768613,2.07,3.86958370771342,3.383942150686,4.0,4.04266666666667,5.0,4.8,0.1234622457333333,taste,taste,False,False,20.0,3.41796964221474,,,,,,,,,,,,,,,,,,,,,,
occ_00744,tooth,tooth,list_word,T7,7,sweet,sweet,roediger2001_55::sweet,Roediger2001_55_15word_lists,"Roediger et al. (2001) 55-list DRM pool, augmented with uploaded 2024 supplementary workbook metrics",55 DRM list-Supplementary Material-08-16-24.xlsx; Roediger-et-al-2001b_PBR.pdf; RoedigerEtAl_2001.xlsx,2.84073323461181,,0.0,0.027,A,0.703703703703704,0.641975308641975,0.564550264550265,0.468253968253968,0.78,0.78,0.54,0.63,5.55333333333333,0.172,0.054,0.2384348201768613,2.07,3.86958370771342,3.383942150686,4.0,4.04266666666667,5.0,4.8,0.1234622457333333,tooth,tooth,False,False,20.0,2.84073323461181,,,,,,,,,,,,,,,,,,,,,,
occ_00745,nice,nice,list_word,T8,8,sweet,sweet,roediger2001_55::sweet,Roediger2001_55_15word_lists,"Roediger et al. (2001) 55-list DRM pool, augmented with uploaded 2024 supplementary workbook metrics",55 DRM list-Supplementary Material-08-16-24.xlsx; Roediger-et-al-2001b_PBR.pdf; RoedigerEtAl_2001.xlsx,4.52016899752378,,0.095,0.095,A,0.703703703703704,0.641975308641975,0.564550264550265,0.468253968253968,0.78,0.78,0.54,0.63,5.55333333333333,0.172,0.054,0.2384348201768613,2.07,3.86958370771342,3.383942150686,4.0,4.04266666666667,5.0,4.8,0.1234622457333333,nice,nice,False,False,20.0,4.52016899752378,,,,,,,,,,,,,,,,,,,,,,
occ_00746,honey,honey,list_word,T9,9,sweet,sweet,roediger2001_55::sweet,Roediger2001_55_15word_lists,"Roediger et al. (2001) 55-list DRM pool, augmented with uploaded 2024 supplementary workbook metrics",55 DRM list-Supplementary Material-08-16-24.xlsx; Roediger-et-al-2001b_PBR.pdf; RoedigerEtAl_2001.xlsx,4.18542882122067,,0.451,0.0,A,0.703703703703704,0.641975308641975,0.564550264550265,0.468253968253968,0.78,0.78,0.54,0.63,5.55333333333333,0.172,0.054,0.2384348201768613,2.07,3.86958370771342,3.383942150686,4.0,4.04266666666667,5.0,4.8,0.1234622457333333,honey,honey,False,False,20.0,4.18542882122067,,,,,,,,,,,,,,,,,,,,,,
occ_00747,soda,soda,list_word,T10,10,sweet,sweet,roediger2001_55::sweet,Roediger2001_55_15word_lists,"Roediger et al. (2001) 55-list DRM pool, augmented with uploaded 2024 supplementary workbook metrics",55 DRM list-Supplementary Material-08-16-24.xlsx; Roediger-et-al-2001b_PBR.pdf; RoedigerEtAl_2001.xlsx,3.00560944536028,,0.0,0.0,A,0.703703703703704,0.641975308641975,0.564550264550265,0.468253968253968,0.78,0.78,0.54,0.63,5.55333333333333,0.172,0.054,0.2384348201768613,2.07,3.86958370771342,3.383942150686,4.0,4.04266666666667,5.0,4.8,0.1234622457333333,soda,soda,False,False,20.0,3.00560944536028,,,,,,,,,,,,,,,,,,,,,,
occ_00748,chocolate,chocolate,list_word,T11,11,sweet,sweet,roediger2001_55::sweet,Roediger2001_55_15word_lists,"Roediger et al. (2001) 55-list DRM pool, augmented with uploaded 2024 supplementary workbook metrics",55 DRM list-Supplementary Material-08-16-24.xlsx; Roediger-et-al-2001b_PBR.pdf; RoedigerEtAl_2001.xlsx,3.17609125905568,,0.101,0.041,A,0.703703703703704,0.641975308641975,0.564550264550265,0.468253968253968,0.78,0.78,0.54,0.63,5.55333333333333,0.172,0.054,0.2384348201768613,2.07,3.86958370771342,3.383942150686,4.0,4.04266666666667,5.0,4.8,0.1234622457333333,chocolate,chocolate,False,False,20.0,3.17609125905568,,,,,,,,,,,,,,,,,,,,,,
occ_00749,heart,heart,list_word,T12,12,sweet,sweet,roediger2001_55::sweet,Roediger2001_55_15word_lists,"Roediger et al. (2001) 55-list DRM pool, augmented with uploaded 2024 supplementary workbook metrics",55 DRM list-Supplementary Material-08-16-24.xlsx; Roediger-et-al-2001b_PBR.pdf; RoedigerEtAl_2001.xlsx,4.09530886138538,,0.0,0.0,A,0.703703703703704,0.641975308641975,0.564550264550265,0.468253968253968,0.78,0.78,0.54,0.63,5.55333333333333,0.172,0.054,0.2384348201768613,2.07,3.86958370771342,3.383942150686,4.0,4.04266666666667,5.0,4.8,0.1234622457333333,heart,heart,False,False,20.0,4.09530886138538,,,,,,,,,,,,,,,,,,,,,,
occ_00750,cake,cake,list_word,T13,13,sweet,sweet,roediger2001_55::sweet,Roediger2001_55_15word_lists,"Roediger et al. (2001) 55-list DRM pool, augmented with uploaded 2024 supplementary workbook metrics",55 DRM list-Supplementary Material-08-16-24.xlsx; Roediger-et-al-2001b_PBR.pdf; RoedigerEtAl_2001.xlsx,3.36153897126928,,0.027,0.0,A,0.703703703703704,0.641975308641975,0.564550264550265,0.468253968253968,0.78,0.78,0.54,0.63,5.55333333333333,0.172,0.054,0.2384348201768613,2.07,3.86958370771342,3.383942150686,4.0,4.04266666666667,5.0,4.8,0.1234622457333333,cake,cake,False,False,20.0,3.36153897126928,,,,,,,,,,,,,,,,,,,,,,
occ_00751,tart,tart,list_word,T14,14,sweet,sweet,roediger2001_55::sweet,Roediger2001_55_15word_lists,"Roediger et al. (2001) 55-list DRM pool, augmented with uploaded 2024 supplementary workbook metrics",55 DRM list-Supplementary Material-08-16-24.xlsx; Roediger-et-al-2001b_PBR.pdf; RoedigerEtAl_2001.xlsx,2.0899051114394,,0.223,0.0,A,0.703703703703704,0.641975308641975,0.564550264550265,0.468253968253968,0.78,0.78,0.54,0.63,5.55333333333333,0.172,0.054,0.2384348201768613,2.07,3.86958370771342,3.383942150686,4.0,4.04266666666667,5.0,4.8,0.1234622457333333,tart,tart,False,False,20.0,2.0899051114394,,,,,,,,,,,,,,,,,,,,,,
occ_00752,pie,pie,list_word,T15,15,sweet,sweet,roediger2001_55::sweet,Roediger2001_55_15word_lists,"Roediger et al. (2001) 55-list DRM pool, augmented with uploaded 2024 supplementary workbook metrics",55 DRM list-Supplementary Material-08-16-24.xlsx; Roediger-et-al-2001b_PBR.pdf; RoedigerEtAl_2001.xlsx,3.16643011384328,,0.0,0.0,A,0.703703703703704,0.641975308641975,0.564550264550265,0.468253968253968,0.78,0.78,0.54,0.63,5.55333333333333,0.172,0.054,0.2384348201768613,2.07,3.86958370771342,3.383942150686,4.0,4.04266666666667,5.0,4.8,0.1234622457333333,pie,pie,False,False,20.0,3.16643011384328,,,,,,,,,,,,,,,,,,,,,,
occ_00753,swift,swift,critical_distractor,CD,0,swift,swift,roediger2001_55::swift,Roediger2001_55_15word_lists,"Roediger et al. (2001) 55-list DRM pool, augmented with uploaded 2024 supplementary workbook metrics",55 DRM list-Supplementary Material-08-16-24.xlsx; Roediger-et-al-2001b_PBR.pdf; RoedigerEtAl_2001.xlsx,2.29666519026153,,,,A,0.340740740740741,0.679012345679012,0.26031746031746,0.50652557319224,0.35,0.73,0.14,0.63,2.92,0.006,0.058,,1.73,2.29666519026153,3.28478143367922,3.04,3.85846153846154,5.0,5.13,0.002,,,,,,,,,,,,,,,,,,,,,,,,,,,,
occ_00754,fast,fast,list_word,T1,1,swift,swift,roediger2001_55::swift,Roediger2001_55_15word_lists,"Roediger et al. (2001) 55-list DRM pool, augmented with uploaded 2024 supplementary workbook metrics",55 DRM list-Supplementary Material-08-16-24.xlsx; Roediger-et-al-2001b_PBR.pdf; RoedigerEtAl_2001.xlsx,,,0.016,0.606,A,0.340740740740741,0.679012345679012,0.26031746031746,0.50652557319224,0.35,0.73,0.14,0.63,2.92,0.006,0.058,,1.73,2.29666519026153,3.28478143367922,3.04,3.85846153846154,5.0,5.13,0.002,fast,fast,False,False,20.0,,,,,,,,,,,,,,,,,,,,,,,
occ_00755,slow,slow,list_word,T2,2,swift,swift,roediger2001_55::swift,Roediger2001_55_15word_lists,"Roediger et al. (2001) 55-list DRM pool, augmented with uploaded 2024 supplementary workbook metrics",55 DRM list-Supplementary Material-08-16-24.xlsx; Roediger-et-al-2001b_PBR.pdf; RoedigerEtAl_2001.xlsx,,,0.0,0.176,A,0.340740740740741,0.679012345679012,0.26031746031746,0.50652557319224,0.35,0.73,0.14,0.63,2.92,0.006,0.058,,1.73,2.29666519026153,3.28478143367922,3.04,3.85846153846154,5.0,5.13,0.002,slow,slow,False,False,20.0,,,,,,,,,,,,,,,,,,,,,,,
occ_00756,river,river,list_word,T3,3,swift,swift,roediger2001_55::swift,Roediger2001_55_15word_lists,"Roediger et al. (2001) 55-list DRM pool, augmented with uploaded 2024 supplementary workbook metrics",55 DRM list-Supplementary Material-08-16-24.xlsx; Roediger-et-al-2001b_PBR.pdf; RoedigerEtAl_2001.xlsx,,,0.0,0.0,A,0.340740740740741,0.679012345679012,0.26031746031746,0.50652557319224,0.35,0.73,0.14,0.63,2.92,0.006,0.058,,1.73,2.29666519026153,3.28478143367922,3.04,3.85846153846154,5.0,5.13,0.002,river,river,False,False,20.0,,,,,,,,,,,,,,,,,,,,,,,
occ_00757,jonathan,jonathan,list_word,T4,4,swift,swift,roediger2001_55::swift,Roediger2001_55_15word_lists,"Roediger et al. (2001) 55-list DRM pool, augmented with uploaded 2024 supplementary workbook metrics",55 DRM list-Supplementary Material-08-16-24.xlsx; Roediger-et-al-2001b_PBR.pdf; RoedigerEtAl_2001.xlsx,,,0.054,0.0,A,0.340740740740741,0.679012345679012,0.26031746031746,0.50652557319224,0.35,0.73,0.14,0.63,2.92,0.006,0.058,,1.73,2.29666519026153,3.28478143367922,3.04,3.85846153846154,5.0,5.13,0.002,Jonathan,jonathan,True,False,20.0,,,,,,,,,,,,,,,,,,,,,,,
occ_00758,current,current,list_word,T5,5,swift,swift,roediger2001_55::swift,Roediger2001_55_15word_lists,"Roediger et al. (2001) 55-list DRM pool, augmented with uploaded 2024 supplementary workbook metrics",55 DRM list-Supplementary Material-08-16-24.xlsx; Roediger-et-al-2001b_PBR.pdf; RoedigerEtAl_2001.xlsx,,,0.0,0.0,A,0.340740740740741,0.679012345679012,0.26031746031746,0.50652557319224,0.35,0.73,0.14,0.63,2.92,0.006,0.058,,1.73,2.29666519026153,3.28478143367922,3.04,3.85846153846154,5.0,5.13,0.002,current,current,False,False,20.0,,,,,,,,,,,,,,,,,,,,,,,
occ_00759,rapid,rapid,list_word,T6,6,swift,swift,roediger2001_55::swift,Roediger2001_55_15word_lists,"Roediger et al. (2001) 55-list DRM pool, augmented with uploaded 2024 supplementary workbook metrics",55 DRM list-Supplementary Material-08-16-24.xlsx; Roediger-et-al-2001b_PBR.pdf; RoedigerEtAl_2001.xlsx,,,0.021,0.012,A,0.340740740740741,0.679012345679012,0.26031746031746,0.50652557319224,0.35,0.73,0.14,0.63,2.92,0.006,0.058,,1.73,2.29666519026153,3.28478143367922,3.04,3.85846153846154,5.0,5.13,0.002,rapid,rapid,False,False,20.0,,,,,,,,,,,,,,,,,,,,,,,
occ_00760,stream,stream,list_word,T7,7,swift,swift,roediger2001_55::swift,Roediger2001_55_15word_lists,"Roediger et al. (2001) 55-list DRM pool, augmented with uploaded 2024 supplementary workbook metrics",55 DRM list-Supplementary Material-08-16-24.xlsx; Roediger-et-al-2001b_PBR.pdf; RoedigerEtAl_2001.xlsx,,,0.0,0.0,A,0.340740740740741,0.679012345679012,0.26031746031746,0.50652557319224,0.35,0.73,0.14,0.63,2.92,0.006,0.058,,1.73,2.29666519026153,3.28478143367922,3.04,3.85846153846154,5.0,5.13,0.002,stream,stream,False,False,20.0,,,,,,,,,,,,,,,,,,,,,,,
occ_00761,water,water,list_word,T8,8,swift,swift,roediger2001_55::swift,Roediger2001_55_15word_lists,"Roediger et al. (2001) 55-list DRM pool, augmented with uploaded 2024 supplementary workbook metrics",55 DRM list-Supplementary Material-08-16-24.xlsx; Roediger-et-al-2001b_PBR.pdf; RoedigerEtAl_2001.xlsx,,,0.0,0.0,A,0.340740740740741,0.679012345679012,0.26031746031746,0.50652557319224,0.35,0.73,0.14,0.63,2.92,0.006,0.058,,1.73,2.29666519026153,3.28478143367922,3.04,3.85846153846154,5.0,5.13,0.002,water,water,False,False,20.0,,,,,,,,,,,,,,,,,,,,,,,
occ_00762,quick,quick,list_word,T9,9,swift,swift,roediger2001_55::swift,Roediger2001_55_15word_lists,"Roediger et al. (2001) 55-list DRM pool, augmented with uploaded 2024 supplementary workbook metrics",55 DRM list-Supplementary Material-08-16-24.xlsx; Roediger-et-al-2001b_PBR.pdf; RoedigerEtAl_2001.xlsx,,,0.0,0.048,A,0.340740740740741,0.679012345679012,0.26031746031746,0.50652557319224,0.35,0.73,0.14,0.63,2.92,0.006,0.058,,1.73,2.29666519026153,3.28478143367922,3.04,3.85846153846154,5.0,5.13,0.002,quick,quick,False,False,20.0,,,,,,,,,,,,,,,,,,,,,,,
occ_00763,gulliver,gulliver,list_word,T10,10,swift,swift,roediger2001_55::swift,Roediger2001_55_15word_lists,"Roediger et al. (2001) 55-list DRM pool, augmented with uploaded 2024 supplementary workbook metrics",55 DRM list-Supplementary Material-08-16-24.xlsx; Roediger-et-al-2001b_PBR.pdf; RoedigerEtAl_2001.xlsx,,,0.0,0.0,A,0.340740740740741,0.679012345679012,0.26031746031746,0.50652557319224,0.35,0.73,0.14,0.63,2.92,0.006,0.058,,1.73,2.29666519026153,3.28478143367922,3.04,3.85846153846154,5.0,5.13,0.002,Gulliver,gulliver,True,False,20.0,,,,,,,,,,,,,,,,,,,,,,,
occ_00764,run,run,list_word,T11,11,swift,swift,roediger2001_55::swift,Roediger2001_55_15word_lists,"Roediger et al. (2001) 55-list DRM pool, augmented with uploaded 2024 supplementary workbook metrics",55 DRM list-Supplementary Material-08-16-24.xlsx; Roediger-et-al-2001b_PBR.pdf; RoedigerEtAl_2001.xlsx,,,0.0,0.024,A,0.340740740740741,0.679012345679012,0.26031746031746,0.50652557319224,0.35,0.73,0.14,0.63,2.92,0.006,0.058,,1.73,2.29666519026153,3.28478143367922,3.04,3.85846153846154,5.0,5.13,0.002,run,run,False,False,20.0,,,,,,,,,,,,,,,,,,,,,,,
occ_00765,sure,sure,list_word,T12,12,swift,swift,roediger2001_55::swift,Roediger2001_55_15word_lists,"Roediger et al. (2001) 55-list DRM pool, augmented with uploaded 2024 supplementary workbook metrics",55 DRM list-Supplementary Material-08-16-24.xlsx; Roediger-et-al-2001b_PBR.pdf; RoedigerEtAl_2001.xlsx,,,0.0,0.0,A,0.340740740740741,0.679012345679012,0.26031746031746,0.50652557319224,0.35,0.73,0.14,0.63,2.92,0.006,0.058,,1.73,2.29666519026153,3.28478143367922,3.04,3.85846153846154,5.0,5.13,0.002,sure,sure,False,False,20.0,,,,,,,,,,,,,,,,,,,,,,,
occ_00766,deer,deer,list_word,T13,13,swift,swift,roediger2001_55::swift,Roediger2001_55_15word_lists,"Roediger et al. (2001) 55-list DRM pool, augmented with uploaded 2024 supplementary workbook metrics",55 DRM list-Supplementary Material-08-16-24.xlsx; Roediger-et-al-2001b_PBR.pdf; RoedigerEtAl_2001.xlsx,,,0.0,0.0,A,0.340740740740741,0.679012345679012,0.26031746031746,0.50652557319224,0.35,0.73,0.14,0.63,2.92,0.006,0.058,,1.73,2.29666519026153,3.28478143367922,3.04,3.85846153846154,5.0,5.13,0.002,deer,deer,False,False,20.0,,,,,,,,,,,,,,,,,,,,,,,
occ_00767,car,car,list_word,T14,14,swift,swift,roediger2001_55::swift,Roediger2001_55_15word_lists,"Roediger et al. (2001) 55-list DRM pool, augmented with uploaded 2024 supplementary workbook metrics",55 DRM list-Supplementary Material-08-16-24.xlsx; Roediger-et-al-2001b_PBR.pdf; RoedigerEtAl_2001.xlsx,,,0.0,0.0,A,0.340740740740741,0.679012345679012,0.26031746031746,0.50652557319224,0.35,0.73,0.14,0.63,2.92,0.006,0.058,,1.73,2.29666519026153,3.28478143367922,3.04,3.85846153846154,5.0,5.13,0.002,car,car,False,False,20.0,,,,,,,,,,,,,,,,,,,,,,,
occ_00768,author,author,list_word,T15,15,swift,swift,roediger2001_55::swift,Roediger2001_55_15word_lists,"Roediger et al. (2001) 55-list DRM pool, augmented with uploaded 2024 supplementary workbook metrics",55 DRM list-Supplementary Material-08-16-24.xlsx; Roediger-et-al-2001b_PBR.pdf; RoedigerEtAl_2001.xlsx,,,0.0,0.0,A,0.340740740740741,0.679012345679012,0.26031746031746,0.50652557319224,0.35,0.73,0.14,0.63,2.92,0.006,0.058,,1.73,2.29666519026153,3.28478143367922,3.04,3.85846153846154,5.0,5.13,0.002,author,author,False,False,20.0,,,,,,,,,,,,,,,,,,,,,,,
occ_00769,thief,thief,critical_distractor,CD,0,thief,thief,roediger2001_55::thief,Roediger2001_55_15word_lists,"Roediger et al. (2001) 55-list DRM pool, augmented with uploaded 2024 supplementary workbook metrics",55 DRM list-Supplementary Material-08-16-24.xlsx; Roediger-et-al-2001b_PBR.pdf; RoedigerEtAl_2001.xlsx,3.09307130637606,,,,B,0.757474477394263,0.76300437530384,0.599382697990111,0.591283656612348,0.7,0.81,0.23,0.61,6.41333333333333,0.1,0.056,0.2314912884567211,4.27,3.09307130637606,3.22386498304375,4.37,4.02066666666667,5.0,4.93,0.1297296850666666,,,,,,3.09307130637606,,,,,,,,,,,,,,,,,,,,,,
occ_00770,steal,steal,list_word,T1,1,thief,thief,roediger2001_55::thief,Roediger2001_55_15word_lists,"Roediger et al. (2001) 55-list DRM pool, augmented with uploaded 2024 supplementary workbook metrics",55 DRM list-Supplementary Material-08-16-24.xlsx; Roediger-et-al-2001b_PBR.pdf; RoedigerEtAl_2001.xlsx,3.43472854177976,,0.089,0.388,B,0.757474477394263,0.76300437530384,0.599382697990111,0.591283656612348,0.7,0.81,0.23,0.61,6.41333333333333,0.1,0.056,0.2314912884567211,4.27,3.09307130637606,3.22386498304375,4.37,4.02066666666667,5.0,4.93,0.1297296850666666,steal,steal,False,False,21.0,3.43472854177976,,,,,,,,,,,,,,,,,,,,,,
occ_00771,robber,robber,list_word,T2,2,thief,thief,roediger2001_55::thief,Roediger2001_55_15word_lists,"Roediger et al. (2001) 55-list DRM pool, augmented with uploaded 2024 supplementary workbook metrics",55 DRM list-Supplementary Material-08-16-24.xlsx; Roediger-et-al-2001b_PBR.pdf; RoedigerEtAl_2001.xlsx,2.38021124171161,,0.361,0.224,B,0.757474477394263,0.76300437530384,0.599382697990111,0.591283656612348,0.7,0.81,0.23,0.61,6.41333333333333,0.1,0.056,0.2314912884567211,4.27,3.09307130637606,3.22386498304375,4.37,4.02066666666667,5.0,4.93,0.1297296850666666,robber,robber,True,False,21.0,2.38021124171161,,,,,,,,,,,,,,,,,,,,,,
occ_00772,crook,crook,list_word,T3,3,thief,thief,roediger2001_55::thief,Roediger2001_55_15word_lists,"Roediger et al. (2001) 55-list DRM pool, augmented with uploaded 2024 supplementary workbook metrics",55 DRM list-Supplementary Material-08-16-24.xlsx; Roediger-et-al-2001b_PBR.pdf; RoedigerEtAl_2001.xlsx,2.46239799789896,,0.459,0.091,B,0.757474477394263,0.76300437530384,0.599382697990111,0.591283656612348,0.7,0.81,0.23,0.61,6.41333333333333,0.1,0.056,0.2314912884567211,4.27,3.09307130637606,3.22386498304375,4.37,4.02066666666667,5.0,4.93,0.1297296850666666,crook,crook,False,False,21.0,2.46239799789896,,,,,,,,,,,,,,,,,,,,,,
occ_00773,burglar,burglar,list_word,T4,4,thief,thief,roediger2001_55::thief,Roediger2001_55_15word_lists,"Roediger et al. (2001) 55-list DRM pool, augmented with uploaded 2024 supplementary workbook metrics",55 DRM list-Supplementary Material-08-16-24.xlsx; Roediger-et-al-2001b_PBR.pdf; RoedigerEtAl_2001.xlsx,2.45178643552429,,0.257,0.085,B,0.757474477394263,0.76300437530384,0.599382697990111,0.591283656612348,0.7,0.81,0.23,0.61,6.41333333333333,0.1,0.056,0.2314912884567211,4.27,3.09307130637606,3.22386498304375,4.37,4.02066666666667,5.0,4.93,0.1297296850666666,burglar,burglar,False,False,21.0,2.45178643552429,,,,,,,,,,,,,,,,,,,,,,
occ_00774,money,money,list_word,T5,5,thief,thief,roediger2001_55::thief,Roediger2001_55_15word_lists,"Roediger et al. (2001) 55-list DRM pool, augmented with uploaded 2024 supplementary workbook metrics",55 DRM list-Supplementary Material-08-16-24.xlsx; Roediger-et-al-2001b_PBR.pdf; RoedigerEtAl_2001.xlsx,4.51428204786038,,0.0,0.012,B,0.757474477394263,0.76300437530384,0.599382697990111,0.591283656612348,0.7,0.81,0.23,0.61,6.41333333333333,0.1,0.056,0.2314912884567211,4.27,3.09307130637606,3.22386498304375,4.37,4.02066666666667,5.0,4.93,0.1297296850666666,money,money,False,False,21.0,4.51428204786038,,,,,,,,,,,,,,,,,,,,,,
occ_00775,cop,cop,list_word,T6,6,thief,thief,roediger2001_55::thief,Roediger2001_55_15word_lists,"Roediger et al. (2001) 55-list DRM pool, augmented with uploaded 2024 supplementary workbook metrics",55 DRM list-Supplementary Material-08-16-24.xlsx; Roediger-et-al-2001b_PBR.pdf; RoedigerEtAl_2001.xlsx,3.64286005258449,,0.0,0.0,B,0.757474477394263,0.76300437530384,0.599382697990111,0.591283656612348,0.7,0.81,0.23,0.61,6.41333333333333,0.1,0.056,0.2314912884567211,4.27,3.09307130637606,3.22386498304375,4.37,4.02066666666667,5.0,4.93,0.1297296850666666,cop,cop,False,False,21.0,3.64286005258449,,,,,,,,,,,,,,,,,,,,,,
occ_00776,bad,bad,list_word,T7,7,thief,thief,roediger2001_55::thief,Roediger2001_55_15word_lists,"Roediger et al. (2001) 55-list DRM pool, augmented with uploaded 2024 supplementary workbook metrics",55 DRM list-Supplementary Material-08-16-24.xlsx; Roediger-et-al-2001b_PBR.pdf; RoedigerEtAl_2001.xlsx,4.44412289941292,,0.0,0.012,B,0.757474477394263,0.76300437530384,0.599382697990111,0.591283656612348,0.7,0.81,0.23,0.61,6.41333333333333,0.1,0.056,0.2314912884567211,4.27,3.09307130637606,3.22386498304375,4.37,4.02066666666667,5.0,4.93,0.1297296850666666,bad,bad,False,False,21.0,4.44412289941292,,,,,,,,,,,,,,,,,,,,,,
occ_00777,rob,rob,list_word,T8,8,thief,thief,roediger2001_55::thief,Roediger2001_55_15word_lists,"Roediger et al. (2001) 55-list DRM pool, augmented with uploaded 2024 supplementary workbook metrics",55 DRM list-Supplementary Material-08-16-24.xlsx; Roediger-et-al-2001b_PBR.pdf; RoedigerEtAl_2001.xlsx,2.38021124171161,,0.074,0.0,B,0.757474477394263,0.76300437530384,0.599382697990111,0.591283656612348,0.7,0.81,0.23,0.61,6.41333333333333,0.1,0.056,0.2314912884567211,4.27,3.09307130637606,3.22386498304375,4.37,4.02066666666667,5.0,4.93,0.1297296850666666,rob,rob,False,False,21.0,2.38021124171161,,,,,,,,,,,,,,,,,,,,,,
occ_00778,jail,jail,list_word,T9,9,thief,thief,roediger2001_55::thief,Roediger2001_55_15word_lists,"Roediger et al. (2001) 55-list DRM pool, augmented with uploaded 2024 supplementary workbook metrics",55 DRM list-Supplementary Material-08-16-24.xlsx; Roediger-et-al-2001b_PBR.pdf; RoedigerEtAl_2001.xlsx,3.55666426212257,,0.013,0.0,B,0.757474477394263,0.76300437530384,0.599382697990111,0.591283656612348,0.7,0.81,0.23,0.61,6.41333333333333,0.1,0.056,0.2314912884567211,4.27,3.09307130637606,3.22386498304375,4.37,4.02066666666667,5.0,4.93,0.1297296850666666,jail,jail,False,False,21.0,3.55666426212257,,,,,,,,,,,,,,,,,,,,,,
occ_00779,gun,gun,list_word,T10,10,thief,thief,roediger2001_55::thief,Roediger2001_55_15word_lists,"Roediger et al. (2001) 55-list DRM pool, augmented with uploaded 2024 supplementary workbook metrics",55 DRM list-Supplementary Material-08-16-24.xlsx; Roediger-et-al-2001b_PBR.pdf; RoedigerEtAl_2001.xlsx,4.03638932866569,,0.0,0.0,B,0.757474477394263,0.76300437530384,0.599382697990111,0.591283656612348,0.7,0.81,0.23,0.61,6.41333333333333,0.1,0.056,0.2314912884567211,4.27,3.09307130637606,3.22386498304375,4.37,4.02066666666667,5.0,4.93,0.1297296850666666,gun,gun,False,False,21.0,4.03638932866569,,,,,,,,,,,,,,,,,,,,,,
occ_00780,villain,villain,list_word,T11,11,thief,thief,roediger2001_55::thief,Roediger2001_55_15word_lists,"Roediger et al. (2001) 55-list DRM pool, augmented with uploaded 2024 supplementary workbook metrics",55 DRM list-Supplementary Material-08-16-24.xlsx; Roediger-et-al-2001b_PBR.pdf; RoedigerEtAl_2001.xlsx,2.32837960343874,,0.0,0.0,B,0.757474477394263,0.76300437530384,0.599382697990111,0.591283656612348,0.7,0.81,0.23,0.61,6.41333333333333,0.1,0.056,0.2314912884567211,4.27,3.09307130637606,3.22386498304375,4.37,4.02066666666667,5.0,4.93,0.1297296850666666,villain,villain,False,False,21.0,2.32837960343874,,,,,,,,,,,,,,,,,,,,,,
occ_00781,crime,crime,list_word,T12,12,thief,thief,roediger2001_55::thief,Roediger2001_55_15word_lists,"Roediger et al. (2001) 55-list DRM pool, augmented with uploaded 2024 supplementary workbook metrics",55 DRM list-Supplementary Material-08-16-24.xlsx; Roediger-et-al-2001b_PBR.pdf; RoedigerEtAl_2001.xlsx,3.56038492297202,,0.028,0.012,B,0.757474477394263,0.76300437530384,0.599382697990111,0.591283656612348,0.7,0.81,0.23,0.61,6.41333333333333,0.1,0.056,0.2314912884567211,4.27,3.09307130637606,3.22386498304375,4.37,4.02066666666667,5.0,4.93,0.1297296850666666,crime,crime,False,False,21.0,3.56038492297202,,,,,,,,,,,,,,,,,,,,,,
occ_00782,bank,bank,list_word,T13,13,thief,thief,roediger2001_55::thief,Roediger2001_55_15word_lists,"Roediger et al. (2001) 55-list DRM pool, augmented with uploaded 2024 supplementary workbook metrics",55 DRM list-Supplementary Material-08-16-24.xlsx; Roediger-et-al-2001b_PBR.pdf; RoedigerEtAl_2001.xlsx,3.63698910181223,,0.0,0.0,B,0.757474477394263,0.76300437530384,0.599382697990111,0.591283656612348,0.7,0.81,0.23,0.61,6.41333333333333,0.1,0.056,0.2314912884567211,4.27,3.09307130637606,3.22386498304375,4.37,4.02066666666667,5.0,4.93,0.1297296850666666,bank,bank,False,False,21.0,3.63698910181223,,,,,,,,,,,,,,,,,,,,,,
occ_00783,bandit,bandit,list_word,T14,14,thief,thief,roediger2001_55::thief,Roediger2001_55_15word_lists,"Roediger et al. (2001) 55-list DRM pool, augmented with uploaded 2024 supplementary workbook metrics",55 DRM list-Supplementary Material-08-16-24.xlsx; Roediger-et-al-2001b_PBR.pdf; RoedigerEtAl_2001.xlsx,2.28330122870355,,0.167,0.0,B,0.757474477394263,0.76300437530384,0.599382697990111,0.591283656612348,0.7,0.81,0.23,0.61,6.41333333333333,0.1,0.056,0.2314912884567211,4.27,3.09307130637606,3.22386498304375,4.37,4.02066666666667,5.0,4.93,0.1297296850666666,bandit,bandit,False,False,21.0,2.28330122870355,,,,,,,,,,,,,,,,,,,,,,
occ_00784,criminal,criminal,list_word,T15,15,thief,thief,roediger2001_55::thief,Roediger2001_55_15word_lists,"Roediger et al. (2001) 55-list DRM pool, augmented with uploaded 2024 supplementary workbook metrics",55 DRM list-Supplementary Material-08-16-24.xlsx; Roediger-et-al-2001b_PBR.pdf; RoedigerEtAl_2001.xlsx,3.24526583945746,,0.051,0.012,B,0.757474477394263,0.76300437530384,0.599382697990111,0.591283656612348,0.7,0.81,0.23,0.61,6.41333333333333,0.1,0.056,0.2314912884567211,4.27,3.09307130637606,3.22386498304375,4.37,4.02066666666667,5.0,4.93,0.1297296850666666,criminal,criminal,False,False,21.0,3.24526583945746,,,,,,,,,,,,,,,,,,,,,,
occ_00785,trash,trash,critical_distractor,CD,0,trash,trash,roediger2001_55::trash,Roediger2001_55_15word_lists,"Roediger et al. (2001) 55-list DRM pool, augmented with uploaded 2024 supplementary workbook metrics",55 DRM list-Supplementary Material-08-16-24.xlsx; Roediger-et-al-2001b_PBR.pdf; RoedigerEtAl_2001.xlsx,3.05956341790127,,,,C,0.731884057971015,0.695652173913043,0.559983896940418,0.493961352657005,0.78,0.83,0.49,0.54,6.50666666666667,0.14,0.055,0.2576939993600885,2.6,3.05956341790127,2.85801886097734,4.7,4.18,5.0,5.333,0.1267435064666666,,,,,,3.05956341790127,,,,,,,,,,,,,,,,,,,,,,
occ_00786,garbage,garbage,list_word,T1,1,trash,trash,roediger2001_55::trash,Roediger2001_55_15word_lists,"Roediger et al. (2001) 55-list DRM pool, augmented with uploaded 2024 supplementary workbook metrics",55 DRM list-Supplementary Material-08-16-24.xlsx; Roediger-et-al-2001b_PBR.pdf; RoedigerEtAl_2001.xlsx,3.12450422483428,,0.456,0.526,C,0.731884057971015,0.695652173913043,0.559983896940418,0.493961352657005,0.78,0.83,0.49,0.54,6.50666666666667,0.14,0.055,0.2576939993600885,2.6,3.05956341790127,2.85801886097734,4.7,4.18,5.0,5.333,0.1267435064666666,garbage,garbage,False,False,21.0,3.12450422483428,,,,,,,,,,,,,,,,,,,,,,
occ_00787,waste,waste,list_word,T2,2,trash,trash,roediger2001_55::trash,Roediger2001_55_15word_lists,"Roediger et al. (2001) 55-list DRM pool, augmented with uploaded 2024 supplementary workbook metrics",55 DRM list-Supplementary Material-08-16-24.xlsx; Roediger-et-al-2001b_PBR.pdf; RoedigerEtAl_2001.xlsx,3.43408963841789,,0.067,0.026,C,0.731884057971015,0.695652173913043,0.559983896940418,0.493961352657005,0.78,0.83,0.49,0.54,6.50666666666667,0.14,0.055,0.2576939993600885,2.6,3.05956341790127,2.85801886097734,4.7,4.18,5.0,5.333,0.1267435064666666,waste,waste,False,False,21.0,3.43408963841789,,,,,,,,,,,,,,,,,,,,,,
occ_00788,can,can,list_word,T3,3,trash,trash,roediger2001_55::trash,Roediger2001_55_15word_lists,"Roediger et al. (2001) 55-list DRM pool, augmented with uploaded 2024 supplementary workbook metrics",55 DRM list-Supplementary Material-08-16-24.xlsx; Roediger-et-al-2001b_PBR.pdf; RoedigerEtAl_2001.xlsx,5.42752018916411,,0.014,0.212,C,0.731884057971015,0.695652173913043,0.559983896940418,0.493961352657005,0.78,0.83,0.49,0.54,6.50666666666667,0.14,0.055,0.2576939993600885,2.6,3.05956341790127,2.85801886097734,4.7,4.18,5.0,5.333,0.1267435064666666,can,can,False,False,21.0,5.42752018916411,,,,,,,,,,,,,,,,,,,,,,
occ_00789,refuse,refuse,list_word,T4,4,trash,trash,roediger2001_55::trash,Roediger2001_55_15word_lists,"Roediger et al. (2001) 55-list DRM pool, augmented with uploaded 2024 supplementary workbook metrics",55 DRM list-Supplementary Material-08-16-24.xlsx; Roediger-et-al-2001b_PBR.pdf; RoedigerEtAl_2001.xlsx,3.02978947083186,,0.017,0.0,C,0.731884057971015,0.695652173913043,0.559983896940418,0.493961352657005,0.78,0.83,0.49,0.54,6.50666666666667,0.14,0.055,0.2576939993600885,2.6,3.05956341790127,2.85801886097734,4.7,4.18,5.0,5.333,0.1267435064666666,refuse,refuse,False,False,21.0,3.02978947083186,,,,,,,,,,,,,,,,,,,,,,
occ_00790,sewage,sewage,list_word,T5,5,trash,trash,roediger2001_55::trash,Roediger2001_55_15word_lists,"Roediger et al. (2001) 55-list DRM pool, augmented with uploaded 2024 supplementary workbook metrics",55 DRM list-Supplementary Material-08-16-24.xlsx; Roediger-et-al-2001b_PBR.pdf; RoedigerEtAl_2001.xlsx,1.78532983501077,,0.053,0.0,C,0.731884057971015,0.695652173913043,0.559983896940418,0.493961352657005,0.78,0.83,0.49,0.54,6.50666666666667,0.14,0.055,0.2576939993600885,2.6,3.05956341790127,2.85801886097734,4.7,4.18,5.0,5.333,0.1267435064666666,sewage,sewage,True,False,21.0,1.78532983501077,,,,,,,,,,,,,,,,,,,,,,
occ_00791,bag,bag,list_word,T6,6,trash,trash,roediger2001_55::trash,Roediger2001_55_15word_lists,"Roediger et al. (2001) 55-list DRM pool, augmented with uploaded 2024 supplementary workbook metrics",55 DRM list-Supplementary Material-08-16-24.xlsx; Roediger-et-al-2001b_PBR.pdf; RoedigerEtAl_2001.xlsx,3.6809697184659,,0.0,0.026,C,0.731884057971015,0.695652173913043,0.559983896940418,0.493961352657005,0.78,0.83,0.49,0.54,6.50666666666667,0.14,0.055,0.2576939993600885,2.6,3.05956341790127,2.85801886097734,4.7,4.18,5.0,5.333,0.1267435064666666,bag,bag,False,False,21.0,3.6809697184659,,,,,,,,,,,,,,,,,,,,,,
occ_00792,junk,junk,list_word,T7,7,trash,trash,roediger2001_55::trash,Roediger2001_55_15word_lists,"Roediger et al. (2001) 55-list DRM pool, augmented with uploaded 2024 supplementary workbook metrics",55 DRM list-Supplementary Material-08-16-24.xlsx; Roediger-et-al-2001b_PBR.pdf; RoedigerEtAl_2001.xlsx,2.89486965674525,,0.126,0.013,C,0.731884057971015,0.695652173913043,0.559983896940418,0.493961352657005,0.78,0.83,0.49,0.54,6.50666666666667,0.14,0.055,0.2576939993600885,2.6,3.05956341790127,2.85801886097734,4.7,4.18,5.0,5.333,0.1267435064666666,junk,junk,False,False,21.0,2.89486965674525,,,,,,,,,,,,,,,,,,,,,,
occ_00793,rubbish,rubbish,list_word,T8,8,trash,trash,roediger2001_55::trash,Roediger2001_55_15word_lists,"Roediger et al. (2001) 55-list DRM pool, augmented with uploaded 2024 supplementary workbook metrics",55 DRM list-Supplementary Material-08-16-24.xlsx; Roediger-et-al-2001b_PBR.pdf; RoedigerEtAl_2001.xlsx,2.45636603312904,,0.397,0.013,C,0.731884057971015,0.695652173913043,0.559983896940418,0.493961352657005,0.78,0.83,0.49,0.54,6.50666666666667,0.14,0.055,0.2576939993600885,2.6,3.05956341790127,2.85801886097734,4.7,4.18,5.0,5.333,0.1267435064666666,rubbish,rubbish,True,False,21.0,2.45636603312904,,,,,,,,,,,,,,,,,,,,,,
occ_00794,sweep,sweep,list_word,T9,9,trash,trash,roediger2001_55::trash,Roediger2001_55_15word_lists,"Roediger et al. (2001) 55-list DRM pool, augmented with uploaded 2024 supplementary workbook metrics",55 DRM list-Supplementary Material-08-16-24.xlsx; Roediger-et-al-2001b_PBR.pdf; RoedigerEtAl_2001.xlsx,2.68663626926229,,0.0,0.0,C,0.731884057971015,0.695652173913043,0.559983896940418,0.493961352657005,0.78,0.83,0.49,0.54,6.50666666666667,0.14,0.055,0.2576939993600885,2.6,3.05956341790127,2.85801886097734,4.7,4.18,5.0,5.333,0.1267435064666666,sweep,sweep,False,False,21.0,2.68663626926229,,,,,,,,,,,,,,,,,,,,,,
occ_00795,scraps,scraps,list_word,T10,10,trash,trash,roediger2001_55::trash,Roediger2001_55_15word_lists,"Roediger et al. (2001) 55-list DRM pool, augmented with uploaded 2024 supplementary workbook metrics",55 DRM list-Supplementary Material-08-16-24.xlsx; Roediger-et-al-2001b_PBR.pdf; RoedigerEtAl_2001.xlsx,2.02118929906994,,0.048,0.0,C,0.731884057971015,0.695652173913043,0.559983896940418,0.493961352657005,0.78,0.83,0.49,0.54,6.50666666666667,0.14,0.055,0.2576939993600885,2.6,3.05956341790127,2.85801886097734,4.7,4.18,5.0,5.333,0.1267435064666666,scraps,scraps,True,False,21.0,2.02118929906994,,,,,,,,,,,,,,,,,,,,,,
occ_00796,pile,pile,list_word,T11,11,trash,trash,roediger2001_55::trash,Roediger2001_55_15word_lists,"Roediger et al. (2001) 55-list DRM pool, augmented with uploaded 2024 supplementary workbook metrics",55 DRM list-Supplementary Material-08-16-24.xlsx; Roediger-et-al-2001b_PBR.pdf; RoedigerEtAl_2001.xlsx,2.82801506422398,,0.049,0.0,C,0.731884057971015,0.695652173913043,0.559983896940418,0.493961352657005,0.78,0.83,0.49,0.54,6.50666666666667,0.14,0.055,0.2576939993600885,2.6,3.05956341790127,2.85801886097734,4.7,4.18,5.0,5.333,0.1267435064666666,pile,pile,False,False,21.0,2.82801506422398,,,,,,,,,,,,,,,,,,,,,,
occ_00797,dump,dump,list_word,T12,12,trash,trash,roediger2001_55::trash,Roediger2001_55_15word_lists,"Roediger et al. (2001) 55-list DRM pool, augmented with uploaded 2024 supplementary workbook metrics",55 DRM list-Supplementary Material-08-16-24.xlsx; Roediger-et-al-2001b_PBR.pdf; RoedigerEtAl_2001.xlsx,3.16761267272753,,0.218,0.013,C,0.731884057971015,0.695652173913043,0.559983896940418,0.493961352657005,0.78,0.83,0.49,0.54,6.50666666666667,0.14,0.055,0.2576939993600885,2.6,3.05956341790127,2.85801886097734,4.7,4.18,5.0,5.333,0.1267435064666666,dump,dump,False,False,21.0,3.16761267272753,,,,,,,,,,,,,,,,,,,,,,
occ_00798,landfill,landfill,list_word,T13,13,trash,trash,roediger2001_55::trash,Roediger2001_55_15word_lists,"Roediger et al. (2001) 55-list DRM pool, augmented with uploaded 2024 supplementary workbook metrics",55 DRM list-Supplementary Material-08-16-24.xlsx; Roediger-et-al-2001b_PBR.pdf; RoedigerEtAl_2001.xlsx,1.82607480270083,,0.186,0.0,C,0.731884057971015,0.695652173913043,0.559983896940418,0.493961352657005,0.78,0.83,0.49,0.54,6.50666666666667,0.14,0.055,0.2576939993600885,2.6,3.05956341790127,2.85801886097734,4.7,4.18,5.0,5.333,0.1267435064666666,landfill,landfill,True,False,21.0,1.82607480270083,,,,,,,,,,,,,,,,,,,,,,
occ_00799,debris,debris,list_word,T14,14,trash,trash,roediger2001_55::trash,Roediger2001_55_15word_lists,"Roediger et al. (2001) 55-list DRM pool, augmented with uploaded 2024 supplementary workbook metrics",55 DRM list-Supplementary Material-08-16-24.xlsx; Roediger-et-al-2001b_PBR.pdf; RoedigerEtAl_2001.xlsx,2.20411998265592,,0.266,0.0,C,0.731884057971015,0.695652173913043,0.559983896940418,0.493961352657005,0.78,0.83,0.49,0.54,6.50666666666667,0.14,0.055,0.2576939993600885,2.6,3.05956341790127,2.85801886097734,4.7,4.18,5.0,5.333,0.1267435064666666,debris,debris,True,False,21.0,2.20411998265592,,,,,,,,,,,,,,,,,,,,,,
occ_00800,litter,litter,list_word,T15,15,trash,trash,roediger2001_55::trash,Roediger2001_55_15word_lists,"Roediger et al. (2001) 55-list DRM pool, augmented with uploaded 2024 supplementary workbook metrics",55 DRM list-Supplementary Material-08-16-24.xlsx; Roediger-et-al-2001b_PBR.pdf; RoedigerEtAl_2001.xlsx,2.30319605742049,,0.209,0.0,C,0.731884057971015,0.695652173913043,0.559983896940418,0.493961352657005,0.78,0.83,0.49,0.54,6.50666666666667,0.14,0.055,0.2576939993600885,2.6,3.05956341790127,2.85801886097734,4.7,4.18,5.0,5.333,0.1267435064666666,litter,litter,False,False,21.0,2.30319605742049,,,,,,,,,,,,,,,,,,,,,,
occ_00801,trouble,trouble,critical_distractor,CD,0,trouble,trouble,roediger2001_55::trouble,Roediger2001_55_15word_lists,"Roediger et al. (2001) 55-list DRM pool, augmented with uploaded 2024 supplementary workbook metrics",55 DRM list-Supplementary Material-08-16-24.xlsx; Roediger-et-al-2001b_PBR.pdf; RoedigerEtAl_2001.xlsx,4.05698103666811,,,,C,0.384057971014493,0.615942028985507,0.277375201288245,0.4170692431562,0.54,0.7,0.08,0.58,4.66,0.01,0.026,0.1551692743316267,1.07,4.05698103666811,3.59286393997794,2.25,3.24666666666667,7.0,5.4,0.0054015064666666,,,,,,4.05698103666811,,,,,,,,,,,,,,,,,,,,,,
occ_00802,bad,bad,list_word,T1,1,trouble,trouble,roediger2001_55::trouble,Roediger2001_55_15word_lists,"Roediger et al. (2001) 55-list DRM pool, augmented with uploaded 2024 supplementary workbook metrics",55 DRM list-Supplementary Material-08-16-24.xlsx; Roediger-et-al-2001b_PBR.pdf; RoedigerEtAl_2001.xlsx,4.44412289941292,,0.0,0.123,C,0.384057971014493,0.615942028985507,0.277375201288245,0.4170692431562,0.54,0.7,0.08,0.58,4.66,0.01,0.026,0.1551692743316267,1.07,4.05698103666811,3.59286393997794,2.25,3.24666666666667,7.0,5.4,0.0054015064666666,bad,bad,False,False,21.0,4.44412289941292,,,,,,,,,,,,,,,,,,,,,,
occ_00803,shooter,shooter,list_word,T2,2,trouble,trouble,roediger2001_55::trouble,Roediger2001_55_15word_lists,"Roediger et al. (2001) 55-list DRM pool, augmented with uploaded 2024 supplementary workbook metrics",55 DRM list-Supplementary Material-08-16-24.xlsx; Roediger-et-al-2001b_PBR.pdf; RoedigerEtAl_2001.xlsx,2.69897000433602,,0.0,0.048,C,0.384057971014493,0.615942028985507,0.277375201288245,0.4170692431562,0.54,0.7,0.08,0.58,4.66,0.01,0.026,0.1551692743316267,1.07,4.05698103666811,3.59286393997794,2.25,3.24666666666667,7.0,5.4,0.0054015064666666,shooter,shooter,True,False,21.0,2.69897000433602,,,,,,,,,,,,,,,,,,,,,,
occ_00804,worry,worry,list_word,T3,3,trouble,trouble,roediger2001_55::trouble,Roediger2001_55_15word_lists,"Roediger et al. (2001) 55-list DRM pool, augmented with uploaded 2024 supplementary workbook metrics",55 DRM list-Supplementary Material-08-16-24.xlsx; Roediger-et-al-2001b_PBR.pdf; RoedigerEtAl_2001.xlsx,4.16551141078555,,0.0,0.0,C,0.384057971014493,0.615942028985507,0.277375201288245,0.4170692431562,0.54,0.7,0.08,0.58,4.66,0.01,0.026,0.1551692743316267,1.07,4.05698103666811,3.59286393997794,2.25,3.24666666666667,7.0,5.4,0.0054015064666666,worry,worry,False,False,21.0,4.16551141078555,,,,,,,,,,,,,,,,,,,,,,
occ_00805,danger,danger,list_word,T4,4,trouble,trouble,roediger2001_55::trouble,Roediger2001_55_15word_lists,"Roediger et al. (2001) 55-list DRM pool, augmented with uploaded 2024 supplementary workbook metrics",55 DRM list-Supplementary Material-08-16-24.xlsx; Roediger-et-al-2001b_PBR.pdf; RoedigerEtAl_2001.xlsx,3.34791518650169,,0.048,0.027,C,0.384057971014493,0.615942028985507,0.277375201288245,0.4170692431562,0.54,0.7,0.08,0.58,4.66,0.01,0.026,0.1551692743316267,1.07,4.05698103666811,3.59286393997794,2.25,3.24666666666667,7.0,5.4,0.0054015064666666,danger,danger,False,False,21.0,3.34791518650169,,,,,,,,,,,,,,,,,,,,,,
occ_00806,sorrow,sorrow,list_word,T5,5,trouble,trouble,roediger2001_55::trouble,Roediger2001_55_15word_lists,"Roediger et al. (2001) 55-list DRM pool, augmented with uploaded 2024 supplementary workbook metrics",55 DRM list-Supplementary Material-08-16-24.xlsx; Roediger-et-al-2001b_PBR.pdf; RoedigerEtAl_2001.xlsx,2.54530711646582,,0.0,0.0,C,0.384057971014493,0.615942028985507,0.277375201288245,0.4170692431562,0.54,0.7,0.08,0.58,4.66,0.01,0.026,0.1551692743316267,1.07,4.05698103666811,3.59286393997794,2.25,3.24666666666667,7.0,5.4,0.0054015064666666,sorrow,sorrow,False,False,21.0,2.54530711646582,,,,,,,,,,,,,,,,,,,,,,
occ_00807,fear,fear,list_word,T6,6,trouble,trouble,roediger2001_55::trouble,Roediger2001_55_15word_lists,"Roediger et al. (2001) 55-list DRM pool, augmented with uploaded 2024 supplementary workbook metrics",55 DRM list-Supplementary Material-08-16-24.xlsx; Roediger-et-al-2001b_PBR.pdf; RoedigerEtAl_2001.xlsx,3.54703589974001,,0.0,0.0,C,0.384057971014493,0.615942028985507,0.277375201288245,0.4170692431562,0.54,0.7,0.08,0.58,4.66,0.01,0.026,0.1551692743316267,1.07,4.05698103666811,3.59286393997794,2.25,3.24666666666667,7.0,5.4,0.0054015064666666,fear,fear,False,False,21.0,3.54703589974001,,,,,,,,,,,,,,,,,,,,,,
occ_00808,school,school,list_word,T7,7,trouble,trouble,roediger2001_55::trouble,Roediger2001_55_15word_lists,"Roediger et al. (2001) 55-list DRM pool, augmented with uploaded 2024 supplementary workbook metrics",55 DRM list-Supplementary Material-08-16-24.xlsx; Roediger-et-al-2001b_PBR.pdf; RoedigerEtAl_2001.xlsx,4.23019337886905,,0.0,0.0,C,0.384057971014493,0.615942028985507,0.277375201288245,0.4170692431562,0.54,0.7,0.08,0.58,4.66,0.01,0.026,0.1551692743316267,1.07,4.05698103666811,3.59286393997794,2.25,3.24666666666667,7.0,5.4,0.0054015064666666,school,school,False,False,21.0,4.23019337886905,,,,,,,,,,,,,,,,,,,,,,
occ_00809,problem,problem,list_word,T8,8,trouble,trouble,roediger2001_55::trouble,Roediger2001_55_15word_lists,"Roediger et al. (2001) 55-list DRM pool, augmented with uploaded 2024 supplementary workbook metrics",55 DRM list-Supplementary Material-08-16-24.xlsx; Roediger-et-al-2001b_PBR.pdf; RoedigerEtAl_2001.xlsx,4.22618732283988,,0.027,0.089,C,0.384057971014493,0.615942028985507,0.277375201288245,0.4170692431562,0.54,0.7,0.08,0.58,4.66,0.01,0.026,0.1551692743316267,1.07,4.05698103666811,3.59286393997794,2.25,3.24666666666667,7.0,5.4,0.0054015064666666,problem,problem,False,False,21.0,4.22618732283988,,,,,,,,,,,,,,,,,,,,,,
occ_00810,police,police,list_word,T9,9,trouble,trouble,roediger2001_55::trouble,Roediger2001_55_15word_lists,"Roediger et al. (2001) 55-list DRM pool, augmented with uploaded 2024 supplementary workbook metrics",55 DRM list-Supplementary Material-08-16-24.xlsx; Roediger-et-al-2001b_PBR.pdf; RoedigerEtAl_2001.xlsx,4.08080680433436,,0.0,0.041,C,0.384057971014493,0.615942028985507,0.277375201288245,0.4170692431562,0.54,0.7,0.08,0.58,4.66,0.01,0.026,0.1551692743316267,1.07,4.05698103666811,3.59286393997794,2.25,3.24666666666667,7.0,5.4,0.0054015064666666,police,police,False,False,21.0,4.08080680433436,,,,,,,,,,,,,,,,,,,,,,
occ_00811,fight,fight,list_word,T10,10,trouble,trouble,roediger2001_55::trouble,Roediger2001_55_15word_lists,"Roediger et al. (2001) 55-list DRM pool, augmented with uploaded 2024 supplementary workbook metrics",55 DRM list-Supplementary Material-08-16-24.xlsx; Roediger-et-al-2001b_PBR.pdf; RoedigerEtAl_2001.xlsx,4.01097801217474,,0.0,0.027,C,0.384057971014493,0.615942028985507,0.277375201288245,0.4170692431562,0.54,0.7,0.08,0.58,4.66,0.01,0.026,0.1551692743316267,1.07,4.05698103666811,3.59286393997794,2.25,3.24666666666667,7.0,5.4,0.0054015064666666,fight,fight,False,False,21.0,4.01097801217474,,,,,,,,,,,,,,,,,,,,,,
occ_00812,sad,sad,list_word,T11,11,trouble,trouble,roediger2001_55::trouble,Roediger2001_55_15word_lists,"Roediger et al. (2001) 55-list DRM pool, augmented with uploaded 2024 supplementary workbook metrics",55 DRM list-Supplementary Material-08-16-24.xlsx; Roediger-et-al-2001b_PBR.pdf; RoedigerEtAl_2001.xlsx,3.50960570461156,,0.0,0.0,C,0.384057971014493,0.615942028985507,0.277375201288245,0.4170692431562,0.54,0.7,0.08,0.58,4.66,0.01,0.026,0.1551692743316267,1.07,4.05698103666811,3.59286393997794,2.25,3.24666666666667,7.0,5.4,0.0054015064666666,sad,sad,False,False,21.0,3.50960570461156,,,,,,,,,,,,,,,,,,,,,,
occ_00813,difficulty,difficulty,list_word,T12,12,trouble,trouble,roediger2001_55::trouble,Roediger2001_55_15word_lists,"Roediger et al. (2001) 55-list DRM pool, augmented with uploaded 2024 supplementary workbook metrics",55 DRM list-Supplementary Material-08-16-24.xlsx; Roediger-et-al-2001b_PBR.pdf; RoedigerEtAl_2001.xlsx,2.45636603312904,,0.031,0.0,C,0.384057971014493,0.615942028985507,0.277375201288245,0.4170692431562,0.54,0.7,0.08,0.58,4.66,0.01,0.026,0.1551692743316267,1.07,4.05698103666811,3.59286393997794,2.25,3.24666666666667,7.0,5.4,0.0054015064666666,difficulty,difficulty,False,False,21.0,2.45636603312904,,,,,,,,,,,,,,,,,,,,,,
occ_00814,help,help,list_word,T13,13,trouble,trouble,roediger2001_55::trouble,Roediger2001_55_15word_lists,"Roediger et al. (2001) 55-list DRM pool, augmented with uploaded 2024 supplementary workbook metrics",55 DRM list-Supplementary Material-08-16-24.xlsx; Roediger-et-al-2001b_PBR.pdf; RoedigerEtAl_2001.xlsx,4.67189452356435,,0.049,0.041,C,0.384057971014493,0.615942028985507,0.277375201288245,0.4170692431562,0.54,0.7,0.08,0.58,4.66,0.01,0.026,0.1551692743316267,1.07,4.05698103666811,3.59286393997794,2.25,3.24666666666667,7.0,5.4,0.0054015064666666,help,help,False,False,21.0,4.67189452356435,,,,,,,,,,,,,,,,,,,,,,
occ_00815,maker,maker,list_word,T14,14,trouble,trouble,roediger2001_55::trouble,Roediger2001_55_15word_lists,"Roediger et al. (2001) 55-list DRM pool, augmented with uploaded 2024 supplementary workbook metrics",55 DRM list-Supplementary Material-08-16-24.xlsx; Roediger-et-al-2001b_PBR.pdf; RoedigerEtAl_2001.xlsx,2.40140054078154,,0.0,0.0,C,0.384057971014493,0.615942028985507,0.277375201288245,0.4170692431562,0.54,0.7,0.08,0.58,4.66,0.01,0.026,0.1551692743316267,1.07,4.05698103666811,3.59286393997794,2.25,3.24666666666667,7.0,5.4,0.0054015064666666,maker,maker,False,False,21.0,2.40140054078154,,,,,,,,,,,,,,,,,,,,,,
occ_00816,jail,jail,list_word,T15,15,trouble,trouble,roediger2001_55::trouble,Roediger2001_55_15word_lists,"Roediger et al. (2001) 55-list DRM pool, augmented with uploaded 2024 supplementary workbook metrics",55 DRM list-Supplementary Material-08-16-24.xlsx; Roediger-et-al-2001b_PBR.pdf; RoedigerEtAl_2001.xlsx,3.55666426212257,,0.0,0.0,C,0.384057971014493,0.615942028985507,0.277375201288245,0.4170692431562,0.54,0.7,0.08,0.58,4.66,0.01,0.026,0.1551692743316267,1.07,4.05698103666811,3.59286393997794,2.25,3.24666666666667,7.0,5.4,0.0054015064666666,jail,jail,False,False,21.0,3.55666426212257,,,,,,,,,,,,,,,,,,,,,,
occ_00817,whiskey,whiskey,critical_distractor,CD,0,whiskey,whiskey,roediger2001_55::whiskey,Roediger2001_55_15word_lists,"Roediger et al. (2001) 55-list DRM pool, augmented with uploaded 2024 supplementary workbook metrics",55 DRM list-Supplementary Material-08-16-24.xlsx; Roediger-et-al-2001b_PBR.pdf; RoedigerEtAl_2001.xlsx,2.91539983521227,,,,B,0.632049100631988,0.704494814454707,0.489160644802668,0.520566981656476,0.53,0.82,0.03,0.72,6.28,0.022,0.042,0.3482213853300947,4.93,2.91539983521227,3.14888292148208,4.74,4.45928571428571,7.0,4.8,0.0694799624666666,,,,,,2.91539983521227,,,,,,,,,,,,,,,,,,,,,,
occ_00818,drink,drink,list_word,T1,1,whiskey,whiskey,roediger2001_55::whiskey,Roediger2001_55_15word_lists,"Roediger et al. (2001) 55-list DRM pool, augmented with uploaded 2024 supplementary workbook metrics",55 DRM list-Supplementary Material-08-16-24.xlsx; Roediger-et-al-2001b_PBR.pdf; RoedigerEtAl_2001.xlsx,4.10099052306996,,0.0,0.081,B,0.632049100631988,0.704494814454707,0.489160644802668,0.520566981656476,0.53,0.82,0.03,0.72,6.28,0.022,0.042,0.3482213853300947,4.93,2.91539983521227,3.14888292148208,4.74,4.45928571428571,7.0,4.8,0.0694799624666666,drink,drink,False,False,21.0,4.10099052306996,,,,,,,,,,,,,,,,,,,,,,
occ_00819,drunk,drunk,list_word,T2,2,whiskey,whiskey,roediger2001_55::whiskey,Roediger2001_55_15word_lists,"Roediger et al. (2001) 55-list DRM pool, augmented with uploaded 2024 supplementary workbook metrics",55 DRM list-Supplementary Material-08-16-24.xlsx; Roediger-et-al-2001b_PBR.pdf; RoedigerEtAl_2001.xlsx,3.59162103821332,,0.0,0.121,B,0.632049100631988,0.704494814454707,0.489160644802668,0.520566981656476,0.53,0.82,0.03,0.72,6.28,0.022,0.042,0.3482213853300947,4.93,2.91539983521227,3.14888292148208,4.74,4.45928571428571,7.0,4.8,0.0694799624666666,drunk,drunk,False,False,21.0,3.59162103821332,,,,,,,,,,,,,,,,,,,,,,
occ_00820,beer,beer,list_word,T3,3,whiskey,whiskey,roediger2001_55::whiskey,Roediger2001_55_15word_lists,"Roediger et al. (2001) 55-list DRM pool, augmented with uploaded 2024 supplementary workbook metrics",55 DRM list-Supplementary Material-08-16-24.xlsx; Roediger-et-al-2001b_PBR.pdf; RoedigerEtAl_2001.xlsx,3.58557351862273,,0.0,0.051,B,0.632049100631988,0.704494814454707,0.489160644802668,0.520566981656476,0.53,0.82,0.03,0.72,6.28,0.022,0.042,0.3482213853300947,4.93,2.91539983521227,3.14888292148208,4.74,4.45928571428571,7.0,4.8,0.0694799624666666,beer,beer,False,False,21.0,3.58557351862273,,,,,,,,,,,,,,,,,,,,,,
occ_00821,liquor,liquor,list_word,T4,4,whiskey,whiskey,roediger2001_55::whiskey,Roediger2001_55_15word_lists,"Roediger et al. (2001) 55-list DRM pool, augmented with uploaded 2024 supplementary workbook metrics",55 DRM list-Supplementary Material-08-16-24.xlsx; Roediger-et-al-2001b_PBR.pdf; RoedigerEtAl_2001.xlsx,2.94596070357757,,0.0,0.081,B,0.632049100631988,0.704494814454707,0.489160644802668,0.520566981656476,0.53,0.82,0.03,0.72,6.28,0.022,0.042,0.3482213853300947,4.93,2.91539983521227,3.14888292148208,4.74,4.45928571428571,7.0,4.8,0.0694799624666666,liquor,liquor,False,False,21.0,2.94596070357757,,,,,,,,,,,,,,,,,,,,,,
occ_00822,gin,gin,list_word,T5,5,whiskey,whiskey,roediger2001_55::whiskey,Roediger2001_55_15word_lists,"Roediger et al. (2001) 55-list DRM pool, augmented with uploaded 2024 supplementary workbook metrics",55 DRM list-Supplementary Material-08-16-24.xlsx; Roediger-et-al-2001b_PBR.pdf; RoedigerEtAl_2001.xlsx,2.76042248342321,,0.021,0.0,B,0.632049100631988,0.704494814454707,0.489160644802668,0.520566981656476,0.53,0.82,0.03,0.72,6.28,0.022,0.042,0.3482213853300947,4.93,2.91539983521227,3.14888292148208,4.74,4.45928571428571,7.0,4.8,0.0694799624666666,gin,gin,False,False,21.0,2.76042248342321,,,,,,,,,,,,,,,,,,,,,,
occ_00823,bottles,bottles,list_word,T6,6,whiskey,whiskey,roediger2001_55::whiskey,Roediger2001_55_15word_lists,"Roediger et al. (2001) 55-list DRM pool, augmented with uploaded 2024 supplementary workbook metrics",55 DRM list-Supplementary Material-08-16-24.xlsx; Roediger-et-al-2001b_PBR.pdf; RoedigerEtAl_2001.xlsx,2.83442070368153,,0.0,0.02,B,0.632049100631988,0.704494814454707,0.489160644802668,0.520566981656476,0.53,0.82,0.03,0.72,6.28,0.022,0.042,0.3482213853300947,4.93,2.91539983521227,3.14888292148208,4.74,4.45928571428571,7.0,4.8,0.0694799624666666,bottles,bottles,False,False,21.0,2.83442070368153,,,,,,,,,,,,,,,,,,,,,,
occ_00824,alcohol,alcohol,list_word,T7,7,whiskey,whiskey,roediger2001_55::whiskey,Roediger2001_55_15word_lists,"Roediger et al. (2001) 55-list DRM pool, augmented with uploaded 2024 supplementary workbook metrics",55 DRM list-Supplementary Material-08-16-24.xlsx; Roediger-et-al-2001b_PBR.pdf; RoedigerEtAl_2001.xlsx,2.92737036303902,,0.0,0.051,B,0.632049100631988,0.704494814454707,0.489160644802668,0.520566981656476,0.53,0.82,0.03,0.72,6.28,0.022,0.042,0.3482213853300947,4.93,2.91539983521227,3.14888292148208,4.74,4.45928571428571,7.0,4.8,0.0694799624666666,alcohol,alcohol,False,False,21.0,2.92737036303902,,,,,,,,,,,,,,,,,,,,,,
occ_00825,rye,rye,list_word,T8,8,whiskey,whiskey,roediger2001_55::whiskey,Roediger2001_55_15word_lists,"Roediger et al. (2001) 55-list DRM pool, augmented with uploaded 2024 supplementary workbook metrics",55 DRM list-Supplementary Material-08-16-24.xlsx; Roediger-et-al-2001b_PBR.pdf; RoedigerEtAl_2001.xlsx,2.32837960343874,,0.0,0.0,B,0.632049100631988,0.704494814454707,0.489160644802668,0.520566981656476,0.53,0.82,0.03,0.72,6.28,0.022,0.042,0.3482213853300947,4.93,2.91539983521227,3.14888292148208,4.74,4.45928571428571,7.0,4.8,0.0694799624666666,rye,rye,False,False,21.0,2.32837960343874,,,,,,,,,,,,,,,,,,,,,,
occ_00826,glass,glass,list_word,T9,9,whiskey,whiskey,roediger2001_55::whiskey,Roediger2001_55_15word_lists,"Roediger et al. (2001) 55-list DRM pool, augmented with uploaded 2024 supplementary workbook metrics",55 DRM list-Supplementary Material-08-16-24.xlsx; Roediger-et-al-2001b_PBR.pdf; RoedigerEtAl_2001.xlsx,3.49094120535679,,0.0,0.02,B,0.632049100631988,0.704494814454707,0.489160644802668,0.520566981656476,0.53,0.82,0.03,0.72,6.28,0.022,0.042,0.3482213853300947,4.93,2.91539983521227,3.14888292148208,4.74,4.45928571428571,7.0,4.8,0.0694799624666666,glass,glass,False,False,21.0,3.49094120535679,,,,,,,,,,,,,,,,,,,,,,
occ_00827,wine,wine,list_word,T10,10,whiskey,whiskey,roediger2001_55::whiskey,Roediger2001_55_15word_lists,"Roediger et al. (2001) 55-list DRM pool, augmented with uploaded 2024 supplementary workbook metrics",55 DRM list-Supplementary Material-08-16-24.xlsx; Roediger-et-al-2001b_PBR.pdf; RoedigerEtAl_2001.xlsx,3.4884096889032,,0.0,0.03,B,0.632049100631988,0.704494814454707,0.489160644802668,0.520566981656476,0.53,0.82,0.03,0.72,6.28,0.022,0.042,0.3482213853300947,4.93,2.91539983521227,3.14888292148208,4.74,4.45928571428571,7.0,4.8,0.0694799624666666,wine,wine,False,False,21.0,3.4884096889032,,,,,,,,,,,,,,,,,,,,,,
occ_00828,rum,rum,list_word,T11,11,whiskey,whiskey,roediger2001_55::whiskey,Roediger2001_55_15word_lists,"Roediger et al. (2001) 55-list DRM pool, augmented with uploaded 2024 supplementary workbook metrics",55 DRM list-Supplementary Material-08-16-24.xlsx; Roediger-et-al-2001b_PBR.pdf; RoedigerEtAl_2001.xlsx,2.58319877396862,,0.035,0.081,B,0.632049100631988,0.704494814454707,0.489160644802668,0.520566981656476,0.53,0.82,0.03,0.72,6.28,0.022,0.042,0.3482213853300947,4.93,2.91539983521227,3.14888292148208,4.74,4.45928571428571,7.0,4.8,0.0694799624666666,rum,rum,False,False,21.0,2.58319877396862,,,,,,,,,,,,,,,,,,,,,,
occ_00829,bourbon,bourbon,list_word,T12,12,whiskey,whiskey,roediger2001_55::whiskey,Roediger2001_55_15word_lists,"Roediger et al. (2001) 55-list DRM pool, augmented with uploaded 2024 supplementary workbook metrics",55 DRM list-Supplementary Material-08-16-24.xlsx; Roediger-et-al-2001b_PBR.pdf; RoedigerEtAl_2001.xlsx,2.50514997831991,,0.144,0.051,B,0.632049100631988,0.704494814454707,0.489160644802668,0.520566981656476,0.53,0.82,0.03,0.72,6.28,0.022,0.042,0.3482213853300947,4.93,2.91539983521227,3.14888292148208,4.74,4.45928571428571,7.0,4.8,0.0694799624666666,bourbon,bourbon,False,False,21.0,2.50514997831991,,,,,,,,,,,,,,,,,,,,,,
occ_00830,evil,evil,list_word,T13,13,whiskey,whiskey,roediger2001_55::whiskey,Roediger2001_55_15word_lists,"Roediger et al. (2001) 55-list DRM pool, augmented with uploaded 2024 supplementary workbook metrics",55 DRM list-Supplementary Material-08-16-24.xlsx; Roediger-et-al-2001b_PBR.pdf; RoedigerEtAl_2001.xlsx,3.57194163507446,,0.0,0.0,B,0.632049100631988,0.704494814454707,0.489160644802668,0.520566981656476,0.53,0.82,0.03,0.72,6.28,0.022,0.042,0.3482213853300947,4.93,2.91539983521227,3.14888292148208,4.74,4.45928571428571,7.0,4.8,0.0694799624666666,evil,evil,False,False,21.0,3.57194163507446,,,,,,,,,,,,,,,,,,,,,,
occ_00831,bar,bar,list_word,T14,14,whiskey,whiskey,roediger2001_55::whiskey,Roediger2001_55_15word_lists,"Roediger et al. (2001) 55-list DRM pool, augmented with uploaded 2024 supplementary workbook metrics",55 DRM list-Supplementary Material-08-16-24.xlsx; Roediger-et-al-2001b_PBR.pdf; RoedigerEtAl_2001.xlsx,3.6420686273415,,0.0,0.0,B,0.632049100631988,0.704494814454707,0.489160644802668,0.520566981656476,0.53,0.82,0.03,0.72,6.28,0.022,0.042,0.3482213853300947,4.93,2.91539983521227,3.14888292148208,4.74,4.45928571428571,7.0,4.8,0.0694799624666666,bar,bar,False,False,21.0,3.6420686273415,,,,,,,,,,,,,,,,,,,,,,
occ_00832,scotch,scotch,list_word,T15,15,whiskey,whiskey,roediger2001_55::whiskey,Roediger2001_55_15word_lists,"Roediger et al. (2001) 55-list DRM pool, augmented with uploaded 2024 supplementary workbook metrics",55 DRM list-Supplementary Material-08-16-24.xlsx; Roediger-et-al-2001b_PBR.pdf; RoedigerEtAl_2001.xlsx,2.8767949762007,,0.135,0.04,B,0.632049100631988,0.704494814454707,0.489160644802668,0.520566981656476,0.53,0.82,0.03,0.72,6.28,0.022,0.042,0.3482213853300947,4.93,2.91539983521227,3.14888292148208,4.74,4.45928571428571,7.0,4.8,0.0694799624666666,scotch,scotch,False,False,21.0,2.8767949762007,,,,,,,,,,,,,,,,,,,,,,
occ_00833,whistle,whistle,critical_distractor,CD,0,whistle,whistle,roediger2001_55::whistle,Roediger2001_55_15word_lists,"Roediger et al. (2001) 55-list DRM pool, augmented with uploaded 2024 supplementary workbook metrics",55 DRM list-Supplementary Material-08-16-24.xlsx; Roediger-et-al-2001b_PBR.pdf; RoedigerEtAl_2001.xlsx,2.89707700320942,,,,C,0.442028985507246,0.557971014492754,0.312399355877617,0.367552334943639,0.19,0.73,0.09,0.6,3.47333333333333,0.005,0.038,0.1529446459894399,1.13,2.89707700320942,3.55480043173491,4.42,4.04714285714286,7.0,4.2,0.0054019274666666,,,,,,2.89707700320942,,,,,,,,,,,,,,,,,,,,,,
occ_00834,stop,stop,list_word,T1,1,whistle,whistle,roediger2001_55::whistle,Roediger2001_55_15word_lists,"Roediger et al. (2001) 55-list DRM pool, augmented with uploaded 2024 supplementary workbook metrics",55 DRM list-Supplementary Material-08-16-24.xlsx; Roediger-et-al-2001b_PBR.pdf; RoedigerEtAl_2001.xlsx,4.55717022229851,,0.0,0.032,C,0.442028985507246,0.557971014492754,0.312399355877617,0.367552334943639,0.19,0.73,0.09,0.6,3.47333333333333,0.005,0.038,0.1529446459894399,1.13,2.89707700320942,3.55480043173491,4.42,4.04714285714286,7.0,4.2,0.0054019274666666,stop,stop,False,False,21.0,4.55717022229851,,,,,,,,,,,,,,,,,,,,,,
occ_00835,train,train,list_word,T2,2,whistle,whistle,roediger2001_55::whistle,Roediger2001_55_15word_lists,"Roediger et al. (2001) 55-list DRM pool, augmented with uploaded 2024 supplementary workbook metrics",55 DRM list-Supplementary Material-08-16-24.xlsx; Roediger-et-al-2001b_PBR.pdf; RoedigerEtAl_2001.xlsx,3.68565218411552,,0.045,0.016,C,0.442028985507246,0.557971014492754,0.312399355877617,0.367552334943639,0.19,0.73,0.09,0.6,3.47333333333333,0.005,0.038,0.1529446459894399,1.13,2.89707700320942,3.55480043173491,4.42,4.04714285714286,7.0,4.2,0.0054019274666666,train,train,False,False,21.0,3.68565218411552,,,,,,,,,,,,,,,,,,,,,,
occ_00836,noise,noise,list_word,T3,3,whistle,whistle,roediger2001_55::whistle,Roediger2001_55_15word_lists,"Roediger et al. (2001) 55-list DRM pool, augmented with uploaded 2024 supplementary workbook metrics",55 DRM list-Supplementary Material-08-16-24.xlsx; Roediger-et-al-2001b_PBR.pdf; RoedigerEtAl_2001.xlsx,3.25042000230889,,0.0,0.071,C,0.442028985507246,0.557971014492754,0.312399355877617,0.367552334943639,0.19,0.73,0.09,0.6,3.47333333333333,0.005,0.038,0.1529446459894399,1.13,2.89707700320942,3.55480043173491,4.42,4.04714285714286,7.0,4.2,0.0054019274666666,noise,noise,False,False,21.0,3.25042000230889,,,,,,,,,,,,,,,,,,,,,,
occ_00837,sing,sing,list_word,T4,4,whistle,whistle,roediger2001_55::whistle,Roediger2001_55_15word_lists,"Roediger et al. (2001) 55-list DRM pool, augmented with uploaded 2024 supplementary workbook metrics",55 DRM list-Supplementary Material-08-16-24.xlsx; Roediger-et-al-2001b_PBR.pdf; RoedigerEtAl_2001.xlsx,3.69705489227257,,0.0,0.016,C,0.442028985507246,0.557971014492754,0.312399355877617,0.367552334943639,0.19,0.73,0.09,0.6,3.47333333333333,0.005,0.038,0.1529446459894399,1.13,2.89707700320942,3.55480043173491,4.42,4.04714285714286,7.0,4.2,0.0054019274666666,sing,sing,False,False,21.0,3.69705489227257,,,,,,,,,,,,,,,,,,,,,,
occ_00838,blow,blow,list_word,T5,5,whistle,whistle,roediger2001_55::whistle,Roediger2001_55_15word_lists,"Roediger et al. (2001) 55-list DRM pool, augmented with uploaded 2024 supplementary workbook metrics",55 DRM list-Supplementary Material-08-16-24.xlsx; Roediger-et-al-2001b_PBR.pdf; RoedigerEtAl_2001.xlsx,3.69696764074402,,0.034,0.175,C,0.442028985507246,0.557971014492754,0.312399355877617,0.367552334943639,0.19,0.73,0.09,0.6,3.47333333333333,0.005,0.038,0.1529446459894399,1.13,2.89707700320942,3.55480043173491,4.42,4.04714285714286,7.0,4.2,0.0054019274666666,blow,blow,False,False,21.0,3.69696764074402,,,,,,,,,,,,,,,,,,,,,,
occ_00839,tune,tune,list_word,T6,6,whistle,whistle,roediger2001_55::whistle,Roediger2001_55_15word_lists,"Roediger et al. (2001) 55-list DRM pool, augmented with uploaded 2024 supplementary workbook metrics",55 DRM list-Supplementary Material-08-16-24.xlsx; Roediger-et-al-2001b_PBR.pdf; RoedigerEtAl_2001.xlsx,2.90145832139611,,0.0,0.032,C,0.442028985507246,0.557971014492754,0.312399355877617,0.367552334943639,0.19,0.73,0.09,0.6,3.47333333333333,0.005,0.038,0.1529446459894399,1.13,2.89707700320942,3.55480043173491,4.42,4.04714285714286,7.0,4.2,0.0054019274666666,tune,tune,False,False,21.0,2.90145832139611,,,,,,,,,,,,,,,,,,,,,,
occ_00840,sound,sound,list_word,T7,7,whistle,whistle,roediger2001_55::whistle,Roediger2001_55_15word_lists,"Roediger et al. (2001) 55-list DRM pool, augmented with uploaded 2024 supplementary workbook metrics",55 DRM list-Supplementary Material-08-16-24.xlsx; Roediger-et-al-2001b_PBR.pdf; RoedigerEtAl_2001.xlsx,3.86415495600203,,0.0,0.0,C,0.442028985507246,0.557971014492754,0.312399355877617,0.367552334943639,0.19,0.73,0.09,0.6,3.47333333333333,0.005,0.038,0.1529446459894399,1.13,2.89707700320942,3.55480043173491,4.42,4.04714285714286,7.0,4.2,0.0054019274666666,sound,sound,False,False,21.0,3.86415495600203,,,,,,,,,,,,,,,,,,,,,,
occ_00841,dog,dog,list_word,T8,8,whistle,whistle,roediger2001_55::whistle,Roediger2001_55_15word_lists,"Roediger et al. (2001) 55-list DRM pool, augmented with uploaded 2024 supplementary workbook metrics",55 DRM list-Supplementary Material-08-16-24.xlsx; Roediger-et-al-2001b_PBR.pdf; RoedigerEtAl_2001.xlsx,3.99281852006668,,0.0,0.016,C,0.442028985507246,0.557971014492754,0.312399355877617,0.367552334943639,0.19,0.73,0.09,0.6,3.47333333333333,0.005,0.038,0.1529446459894399,1.13,2.89707700320942,3.55480043173491,4.42,4.04714285714286,7.0,4.2,0.0054019274666666,dog,dog,False,False,21.0,3.99281852006668,,,,,,,,,,,,,,,,,,,,,,
occ_00842,song,song,list_word,T9,9,whistle,whistle,roediger2001_55::whistle,Roediger2001_55_15word_lists,"Roediger et al. (2001) 55-list DRM pool, augmented with uploaded 2024 supplementary workbook metrics",55 DRM list-Supplementary Material-08-16-24.xlsx; Roediger-et-al-2001b_PBR.pdf; RoedigerEtAl_2001.xlsx,3.67933703052079,,0.0,0.127,C,0.442028985507246,0.557971014492754,0.312399355877617,0.367552334943639,0.19,0.73,0.09,0.6,3.47333333333333,0.005,0.038,0.1529446459894399,1.13,2.89707700320942,3.55480043173491,4.42,4.04714285714286,7.0,4.2,0.0054019274666666,song,song,False,False,21.0,3.67933703052079,,,,,,,,,,,,,,,,,,,,,,
occ_00843,shrill,shrill,list_word,T10,10,whistle,whistle,roediger2001_55::whistle,Roediger2001_55_15word_lists,"Roediger et al. (2001) 55-list DRM pool, augmented with uploaded 2024 supplementary workbook metrics",55 DRM list-Supplementary Material-08-16-24.xlsx; Roediger-et-al-2001b_PBR.pdf; RoedigerEtAl_2001.xlsx,1.39794000867204,,0.0,0.0,C,0.442028985507246,0.557971014492754,0.312399355877617,0.367552334943639,0.19,0.73,0.09,0.6,3.47333333333333,0.005,0.038,0.1529446459894399,1.13,2.89707700320942,3.55480043173491,4.42,4.04714285714286,7.0,4.2,0.0054019274666666,shrill,shrill,True,False,21.0,1.39794000867204,,,,,,,,,,,,,,,,,,,,,,
occ_00844,boy,boy,list_word,T11,11,whistle,whistle,roediger2001_55::whistle,Roediger2001_55_15word_lists,"Roediger et al. (2001) 55-list DRM pool, augmented with uploaded 2024 supplementary workbook metrics",55 DRM list-Supplementary Material-08-16-24.xlsx; Roediger-et-al-2001b_PBR.pdf; RoedigerEtAl_2001.xlsx,4.43171748964601,,0.0,0.0,C,0.442028985507246,0.557971014492754,0.312399355877617,0.367552334943639,0.19,0.73,0.09,0.6,3.47333333333333,0.005,0.038,0.1529446459894399,1.13,2.89707700320942,3.55480043173491,4.42,4.04714285714286,7.0,4.2,0.0054019274666666,boy,boy,False,False,21.0,4.43171748964601,,,,,,,,,,,,,,,,,,,,,,
occ_00845,lips,lips,list_word,T12,12,whistle,whistle,roediger2001_55::whistle,Roediger2001_55_15word_lists,"Roediger et al. (2001) 55-list DRM pool, augmented with uploaded 2024 supplementary workbook metrics",55 DRM list-Supplementary Material-08-16-24.xlsx; Roediger-et-al-2001b_PBR.pdf; RoedigerEtAl_2001.xlsx,3.20167017964658,,0.0,0.024,C,0.442028985507246,0.557971014492754,0.312399355877617,0.367552334943639,0.19,0.73,0.09,0.6,3.47333333333333,0.005,0.038,0.1529446459894399,1.13,2.89707700320942,3.55480043173491,4.42,4.04714285714286,7.0,4.2,0.0054019274666666,lips,lips,False,False,21.0,3.20167017964658,,,,,,,,,,,,,,,,,,,,,,
occ_00846,wolf,wolf,list_word,T13,13,whistle,whistle,roediger2001_55::whistle,Roediger2001_55_15word_lists,"Roediger et al. (2001) 55-list DRM pool, augmented with uploaded 2024 supplementary workbook metrics",55 DRM list-Supplementary Material-08-16-24.xlsx; Roediger-et-al-2001b_PBR.pdf; RoedigerEtAl_2001.xlsx,3.01494034979294,,0.0,0.0,C,0.442028985507246,0.557971014492754,0.312399355877617,0.367552334943639,0.19,0.73,0.09,0.6,3.47333333333333,0.005,0.038,0.1529446459894399,1.13,2.89707700320942,3.55480043173491,4.42,4.04714285714286,7.0,4.2,0.0054019274666666,wolf,wolf,False,False,21.0,3.01494034979294,,,,,,,,,,,,,,,,,,,,,,
occ_00847,call,call,list_word,T14,14,whistle,whistle,roediger2001_55::whistle,Roediger2001_55_15word_lists,"Roediger et al. (2001) 55-list DRM pool, augmented with uploaded 2024 supplementary workbook metrics",55 DRM list-Supplementary Material-08-16-24.xlsx; Roediger-et-al-2001b_PBR.pdf; RoedigerEtAl_2001.xlsx,4.64278097492916,,0.0,0.016,C,0.442028985507246,0.557971014492754,0.312399355877617,0.367552334943639,0.19,0.73,0.09,0.6,3.47333333333333,0.005,0.038,0.1529446459894399,1.13,2.89707700320942,3.55480043173491,4.42,4.04714285714286,7.0,4.2,0.0054019274666666,call,call,False,False,21.0,4.64278097492916,,,,,,,,,,,,,,,,,,,,,,
occ_00848,loud,loud,list_word,T15,15,whistle,whistle,roediger2001_55::whistle,Roediger2001_55_15word_lists,"Roediger et al. (2001) 55-list DRM pool, augmented with uploaded 2024 supplementary workbook metrics",55 DRM list-Supplementary Material-08-16-24.xlsx; Roediger-et-al-2001b_PBR.pdf; RoedigerEtAl_2001.xlsx,3.30792370361188,,0.0,0.048,C,0.442028985507246,0.557971014492754,0.312399355877617,0.367552334943639,0.19,0.73,0.09,0.6,3.47333333333333,0.005,0.038,0.1529446459894399,1.13,2.89707700320942,3.55480043173491,4.42,4.04714285714286,7.0,4.2,0.0054019274666666,loud,loud,False,False,21.0,3.30792370361188,,,,,,,,,,,,,,,,,,,,,,
occ_00849,window,window,critical_distractor,CD,0,window,window,roediger2001_55::window,Roediger2001_55_15word_lists,"Roediger et al. (2001) 55-list DRM pool, augmented with uploaded 2024 supplementary workbook metrics",55 DRM list-Supplementary Material-08-16-24.xlsx; Roediger-et-al-2001b_PBR.pdf; RoedigerEtAl_2001.xlsx,3.64216763440495,,,,C,0.72463768115942,0.676328502415459,0.551932367149758,0.465378421900161,0.84,0.82,0.65,0.63,5.27333333333333,0.184,0.058,0.1821586883025317,0.67,3.64216763440495,2.80148338065498,4.86,4.266,6.0,5.0,0.1623230306666666,,,,,,3.64216763440495,,,,,,,,,,,,,,,,,,,,,,
occ_00850,door,door,list_word,T1,1,window,window,roediger2001_55::window,Roediger2001_55_15word_lists,"Roediger et al. (2001) 55-list DRM pool, augmented with uploaded 2024 supplementary workbook metrics",55 DRM list-Supplementary Material-08-16-24.xlsx; Roediger-et-al-2001b_PBR.pdf; RoedigerEtAl_2001.xlsx,4.17306966363727,,0.156,0.147,C,0.72463768115942,0.676328502415459,0.551932367149758,0.465378421900161,0.84,0.82,0.65,0.63,5.27333333333333,0.184,0.058,0.1821586883025317,0.67,3.64216763440495,2.80148338065498,4.86,4.266,6.0,5.0,0.1623230306666666,door,door,False,False,21.0,4.17306966363727,,,,,,,,,,,,,,,,,,,,,,
occ_00851,glass,glass,list_word,T2,2,window,window,roediger2001_55::window,Roediger2001_55_15word_lists,"Roediger et al. (2001) 55-list DRM pool, augmented with uploaded 2024 supplementary workbook metrics",55 DRM list-Supplementary Material-08-16-24.xlsx; Roediger-et-al-2001b_PBR.pdf; RoedigerEtAl_2001.xlsx,3.49094120535679,,0.144,0.256,C,0.72463768115942,0.676328502415459,0.551932367149758,0.465378421900161,0.84,0.82,0.65,0.63,5.27333333333333,0.184,0.058,0.1821586883025317,0.67,3.64216763440495,2.80148338065498,4.86,4.266,6.0,5.0,0.1623230306666666,glass,glass,False,False,21.0,3.49094120535679,,,,,,,,,,,,,,,,,,,,,,
occ_00852,pane,pane,list_word,T3,3,window,window,roediger2001_55::window,Roediger2001_55_15word_lists,"Roediger et al. (2001) 55-list DRM pool, augmented with uploaded 2024 supplementary workbook metrics",55 DRM list-Supplementary Material-08-16-24.xlsx; Roediger-et-al-2001b_PBR.pdf; RoedigerEtAl_2001.xlsx,1.39794000867204,,0.833,0.179,C,0.72463768115942,0.676328502415459,0.551932367149758,0.465378421900161,0.84,0.82,0.65,0.63,5.27333333333333,0.184,0.058,0.1821586883025317,0.67,3.64216763440495,2.80148338065498,4.86,4.266,6.0,5.0,0.1623230306666666,pane,pane,False,False,21.0,1.39794000867204,,,,,,,,,,,,,,,,,,,,,,
occ_00853,shade,shade,list_word,T4,4,window,window,roediger2001_55::window,Roediger2001_55_15word_lists,"Roediger et al. (2001) 55-list DRM pool, augmented with uploaded 2024 supplementary workbook metrics",55 DRM list-Supplementary Material-08-16-24.xlsx; Roediger-et-al-2001b_PBR.pdf; RoedigerEtAl_2001.xlsx,2.48429983934679,,0.021,0.058,C,0.72463768115942,0.676328502415459,0.551932367149758,0.465378421900161,0.84,0.82,0.65,0.63,5.27333333333333,0.184,0.058,0.1821586883025317,0.67,3.64216763440495,2.80148338065498,4.86,4.266,6.0,5.0,0.1623230306666666,shade,shade,False,False,21.0,2.48429983934679,,,,,,,,,,,,,,,,,,,,,,
occ_00854,ledge,ledge,list_word,T5,5,window,window,roediger2001_55::window,Roediger2001_55_15word_lists,"Roediger et al. (2001) 55-list DRM pool, augmented with uploaded 2024 supplementary workbook metrics",55 DRM list-Supplementary Material-08-16-24.xlsx; Roediger-et-al-2001b_PBR.pdf; RoedigerEtAl_2001.xlsx,2.25527250510331,,0.152,0.013,C,0.72463768115942,0.676328502415459,0.551932367149758,0.465378421900161,0.84,0.82,0.65,0.63,5.27333333333333,0.184,0.058,0.1821586883025317,0.67,3.64216763440495,2.80148338065498,4.86,4.266,6.0,5.0,0.1623230306666666,ledge,ledge,False,False,21.0,2.25527250510331,,,,,,,,,,,,,,,,,,,,,,
occ_00855,sill,sill,list_word,T6,6,window,window,roediger2001_55::window,Roediger2001_55_15word_lists,"Roediger et al. (2001) 55-list DRM pool, augmented with uploaded 2024 supplementary workbook metrics",55 DRM list-Supplementary Material-08-16-24.xlsx; Roediger-et-al-2001b_PBR.pdf; RoedigerEtAl_2001.xlsx,1.38021124171161,,0.682,0.128,C,0.72463768115942,0.676328502415459,0.551932367149758,0.465378421900161,0.84,0.82,0.65,0.63,5.27333333333333,0.184,0.058,0.1821586883025317,0.67,3.64216763440495,2.80148338065498,4.86,4.266,6.0,5.0,0.1623230306666666,sill,sill,False,False,21.0,1.38021124171161,,,,,,,,,,,,,,,,,,,,,,
occ_00856,house,house,list_word,T7,7,window,window,roediger2001_55::window,Roediger2001_55_15word_lists,"Roediger et al. (2001) 55-list DRM pool, augmented with uploaded 2024 supplementary workbook metrics",55 DRM list-Supplementary Material-08-16-24.xlsx; Roediger-et-al-2001b_PBR.pdf; RoedigerEtAl_2001.xlsx,4.41854986204974,,0.0,0.0,C,0.72463768115942,0.676328502415459,0.551932367149758,0.465378421900161,0.84,0.82,0.65,0.63,5.27333333333333,0.184,0.058,0.1821586883025317,0.67,3.64216763440495,2.80148338065498,4.86,4.266,6.0,5.0,0.1623230306666666,house,house,False,False,21.0,4.41854986204974,,,,,,,,,,,,,,,,,,,,,,
occ_00857,open,open,list_word,T8,8,window,window,roediger2001_55::window,Roediger2001_55_15word_lists,"Roediger et al. (2001) 55-list DRM pool, augmented with uploaded 2024 supplementary workbook metrics",55 DRM list-Supplementary Material-08-16-24.xlsx; Roediger-et-al-2001b_PBR.pdf; RoedigerEtAl_2001.xlsx,4.21330520616279,,0.014,0.019,C,0.72463768115942,0.676328502415459,0.551932367149758,0.465378421900161,0.84,0.82,0.65,0.63,5.27333333333333,0.184,0.058,0.1821586883025317,0.67,3.64216763440495,2.80148338065498,4.86,4.266,6.0,5.0,0.1623230306666666,open,open,False,False,21.0,4.21330520616279,,,,,,,,,,,,,,,,,,,,,,
occ_00858,curtain,curtain,list_word,T9,9,window,window,roediger2001_55::window,Roediger2001_55_15word_lists,"Roediger et al. (2001) 55-list DRM pool, augmented with uploaded 2024 supplementary workbook metrics",55 DRM list-Supplementary Material-08-16-24.xlsx; Roediger-et-al-2001b_PBR.pdf; RoedigerEtAl_2001.xlsx,2.72098574415374,,0.189,0.038,C,0.72463768115942,0.676328502415459,0.551932367149758,0.465378421900161,0.84,0.82,0.65,0.63,5.27333333333333,0.184,0.058,0.1821586883025317,0.67,3.64216763440495,2.80148338065498,4.86,4.266,6.0,5.0,0.1623230306666666,curtain,curtain,False,False,21.0,2.72098574415374,,,,,,,,,,,,,,,,,,,,,,
occ_00859,frame,frame,list_word,T10,10,window,window,roediger2001_55::window,Roediger2001_55_15word_lists,"Roediger et al. (2001) 55-list DRM pool, augmented with uploaded 2024 supplementary workbook metrics",55 DRM list-Supplementary Material-08-16-24.xlsx; Roediger-et-al-2001b_PBR.pdf; RoedigerEtAl_2001.xlsx,2.85733249643127,,0.014,0.013,C,0.72463768115942,0.676328502415459,0.551932367149758,0.465378421900161,0.84,0.82,0.65,0.63,5.27333333333333,0.184,0.058,0.1821586883025317,0.67,3.64216763440495,2.80148338065498,4.86,4.266,6.0,5.0,0.1623230306666666,frame,frame,False,False,21.0,2.85733249643127,,,,,,,,,,,,,,,,,,,,,,
occ_00860,view,view,list_word,T11,11,window,window,roediger2001_55::window,Roediger2001_55_15word_lists,"Roediger et al. (2001) 55-list DRM pool, augmented with uploaded 2024 supplementary workbook metrics",55 DRM list-Supplementary Material-08-16-24.xlsx; Roediger-et-al-2001b_PBR.pdf; RoedigerEtAl_2001.xlsx,3.29358351349612,,0.048,0.026,C,0.72463768115942,0.676328502415459,0.551932367149758,0.465378421900161,0.84,0.82,0.65,0.63,5.27333333333333,0.184,0.058,0.1821586883025317,0.67,3.64216763440495,2.80148338065498,4.86,4.266,6.0,5.0,0.1623230306666666,view,view,False,False,21.0,3.29358351349612,,,,,,,,,,,,,,,,,,,,,,
occ_00861,breeze,breeze,list_word,T12,12,window,window,roediger2001_55::window,Roediger2001_55_15word_lists,"Roediger et al. (2001) 55-list DRM pool, augmented with uploaded 2024 supplementary workbook metrics",55 DRM list-Supplementary Material-08-16-24.xlsx; Roediger-et-al-2001b_PBR.pdf; RoedigerEtAl_2001.xlsx,2.61384182187607,,0.0,0.0,C,0.72463768115942,0.676328502415459,0.551932367149758,0.465378421900161,0.84,0.82,0.65,0.63,5.27333333333333,0.184,0.058,0.1821586883025317,0.67,3.64216763440495,2.80148338065498,4.86,4.266,6.0,5.0,0.1623230306666666,breeze,breeze,False,False,21.0,2.61384182187607,,,,,,,,,,,,,,,,,,,,,,
occ_00862,sash,sash,list_word,T13,13,window,window,roediger2001_55::window,Roediger2001_55_15word_lists,"Roediger et al. (2001) 55-list DRM pool, augmented with uploaded 2024 supplementary workbook metrics",55 DRM list-Supplementary Material-08-16-24.xlsx; Roediger-et-al-2001b_PBR.pdf; RoedigerEtAl_2001.xlsx,1.77085201164214,,0.0,0.0,C,0.72463768115942,0.676328502415459,0.551932367149758,0.465378421900161,0.84,0.82,0.65,0.63,5.27333333333333,0.184,0.058,0.1821586883025317,0.67,3.64216763440495,2.80148338065498,4.86,4.266,6.0,5.0,0.1623230306666666,sash,sash,False,False,21.0,1.77085201164214,,,,,,,,,,,,,,,,,,,,,,
occ_00863,screen,screen,list_word,T14,14,window,window,roediger2001_55::window,Roediger2001_55_15word_lists,"Roediger et al. (2001) 55-list DRM pool, augmented with uploaded 2024 supplementary workbook metrics",55 DRM list-Supplementary Material-08-16-24.xlsx; Roediger-et-al-2001b_PBR.pdf; RoedigerEtAl_2001.xlsx,3.07700432679335,,0.027,0.0,C,0.72463768115942,0.676328502415459,0.551932367149758,0.465378421900161,0.84,0.82,0.65,0.63,5.27333333333333,0.184,0.058,0.1821586883025317,0.67,3.64216763440495,2.80148338065498,4.86,4.266,6.0,5.0,0.1623230306666666,screen,screen,False,False,21.0,3.07700432679335,,,,,,,,,,,,,,,,,,,,,,
occ_00864,shutter,shutter,list_word,T15,15,window,window,roediger2001_55::window,Roediger2001_55_15word_lists,"Roediger et al. (2001) 55-list DRM pool, augmented with uploaded 2024 supplementary workbook metrics",55 DRM list-Supplementary Material-08-16-24.xlsx; Roediger-et-al-2001b_PBR.pdf; RoedigerEtAl_2001.xlsx,1.8750612633917,,0.48,0.0,C,0.72463768115942,0.676328502415459,0.551932367149758,0.465378421900161,0.84,0.82,0.65,0.63,5.27333333333333,0.184,0.058,0.1821586883025317,0.67,3.64216763440495,2.80148338065498,4.86,4.266,6.0,5.0,0.1623230306666666,shutter,shutter,False,False,21.0,1.8750612633917,,,,,,,,,,,,,,,,,,,,,,
occ_00865,wish,wish,critical_distractor,CD,0,wish,wish,roediger2001_55::wish,Roediger2001_55_15word_lists,"Roediger et al. (2001) 55-list DRM pool, augmented with uploaded 2024 supplementary workbook metrics",55 DRM list-Supplementary Material-08-16-24.xlsx; Roediger-et-al-2001b_PBR.pdf; RoedigerEtAl_2001.xlsx,4.07889161984022,,,,A,0.614814814814815,0.508641975308642,0.465079365079365,0.330864197530864,0.8,0.65,0.29,0.58,3.89333333333333,0.012,0.053,0.1900883839762922,0.87,4.07889161984022,4.30779682103851,1.77,2.946,4.0,4.4,0.0073333333333333,,,,,,4.07889161984022,,,,,,,,,,,,,,,,,,,,,,
occ_00866,want,want,list_word,T1,1,wish,wish,roediger2001_55::wish,Roediger2001_55_15word_lists,"Roediger et al. (2001) 55-list DRM pool, augmented with uploaded 2024 supplementary workbook metrics",55 DRM list-Supplementary Material-08-16-24.xlsx; Roediger-et-al-2001b_PBR.pdf; RoedigerEtAl_2001.xlsx,5.14835274020704,,0.028,0.071,A,0.614814814814815,0.508641975308642,0.465079365079365,0.330864197530864,0.8,0.65,0.29,0.58,3.89333333333333,0.012,0.053,0.1900883839762922,0.87,4.07889161984022,4.30779682103851,1.77,2.946,4.0,4.4,0.0073333333333333,want,want,False,False,21.0,5.14835274020704,,,,,,,,,,,,,,,,,,,,,,
occ_00867,dream,dream,list_word,T2,2,wish,wish,roediger2001_55::wish,Roediger2001_55_15word_lists,"Roediger et al. (2001) 55-list DRM pool, augmented with uploaded 2024 supplementary workbook metrics",55 DRM list-Supplementary Material-08-16-24.xlsx; Roediger-et-al-2001b_PBR.pdf; RoedigerEtAl_2001.xlsx,3.83244504117411,,0.014,0.165,A,0.614814814814815,0.508641975308642,0.465079365079365,0.330864197530864,0.8,0.65,0.29,0.58,3.89333333333333,0.012,0.053,0.1900883839762922,0.87,4.07889161984022,4.30779682103851,1.77,2.946,4.0,4.4,0.0073333333333333,dream,dream,False,False,21.0,3.83244504117411,,,,,,,,,,,,,,,,,,,,,,
occ_00868,desire,desire,list_word,T3,3,wish,wish,roediger2001_55::wish,Roediger2001_55_15word_lists,"Roediger et al. (2001) 55-list DRM pool, augmented with uploaded 2024 supplementary workbook metrics",55 DRM list-Supplementary Material-08-16-24.xlsx; Roediger-et-al-2001b_PBR.pdf; RoedigerEtAl_2001.xlsx,3.01494034979294,,0.027,0.039,A,0.614814814814815,0.508641975308642,0.465079365079365,0.330864197530864,0.8,0.65,0.29,0.58,3.89333333333333,0.012,0.053,0.1900883839762922,0.87,4.07889161984022,4.30779682103851,1.77,2.946,4.0,4.4,0.0073333333333333,desire,desire,False,False,21.0,3.01494034979294,,,,,,,,,,,,,,,,,,,,,,
occ_00869,hope,hope,list_word,T4,4,wish,wish,roediger2001_55::wish,Roediger2001_55_15word_lists,"Roediger et al. (2001) 55-list DRM pool, augmented with uploaded 2024 supplementary workbook metrics",55 DRM list-Supplementary Material-08-16-24.xlsx; Roediger-et-al-2001b_PBR.pdf; RoedigerEtAl_2001.xlsx,4.21359743674736,,0.068,0.213,A,0.614814814814815,0.508641975308642,0.465079365079365,0.330864197530864,0.8,0.65,0.29,0.58,3.89333333333333,0.012,0.053,0.1900883839762922,0.87,4.07889161984022,4.30779682103851,1.77,2.946,4.0,4.4,0.0073333333333333,hope,hope,False,False,21.0,4.21359743674736,,,,,,,,,,,,,,,,,,,,,,
occ_00870,well,well,list_word,T5,5,wish,wish,roediger2001_55::wish,Roediger2001_55_15word_lists,"Roediger et al. (2001) 55-list DRM pool, augmented with uploaded 2024 supplementary workbook metrics",55 DRM list-Supplementary Material-08-16-24.xlsx; Roediger-et-al-2001b_PBR.pdf; RoedigerEtAl_2001.xlsx,5.1833381862892,,0.0,0.039,A,0.614814814814815,0.508641975308642,0.465079365079365,0.330864197530864,0.8,0.65,0.29,0.58,3.89333333333333,0.012,0.053,0.1900883839762922,0.87,4.07889161984022,4.30779682103851,1.77,2.946,4.0,4.4,0.0073333333333333,well,well,False,False,21.0,5.1833381862892,,,,,,,,,,,,,,,,,,,,,,
occ_00871,think,think,list_word,T6,6,wish,wish,roediger2001_55::wish,Roediger2001_55_15word_lists,"Roediger et al. (2001) 55-list DRM pool, augmented with uploaded 2024 supplementary workbook metrics",55 DRM list-Supplementary Material-08-16-24.xlsx; Roediger-et-al-2001b_PBR.pdf; RoedigerEtAl_2001.xlsx,5.13755032256453,,0.0,0.031,A,0.614814814814815,0.508641975308642,0.465079365079365,0.330864197530864,0.8,0.65,0.29,0.58,3.89333333333333,0.012,0.053,0.1900883839762922,0.87,4.07889161984022,4.30779682103851,1.77,2.946,4.0,4.4,0.0073333333333333,think,think,False,False,21.0,5.13755032256453,,,,,,,,,,,,,,,,,,,,,,
occ_00872,star,star,list_word,T7,7,wish,wish,roediger2001_55::wish,Roediger2001_55_15word_lists,"Roediger et al. (2001) 55-list DRM pool, augmented with uploaded 2024 supplementary workbook metrics",55 DRM list-Supplementary Material-08-16-24.xlsx; Roediger-et-al-2001b_PBR.pdf; RoedigerEtAl_2001.xlsx,3.61804809671209,,0.045,0.126,A,0.614814814814815,0.508641975308642,0.465079365079365,0.330864197530864,0.8,0.65,0.29,0.58,3.89333333333333,0.012,0.053,0.1900883839762922,0.87,4.07889161984022,4.30779682103851,1.77,2.946,4.0,4.4,0.0073333333333333,star,star,False,False,21.0,3.61804809671209,,,,,,,,,,,,,,,,,,,,,,
occ_00873,bone,bone,list_word,T8,8,wish,wish,roediger2001_55::wish,Roediger2001_55_15word_lists,"Roediger et al. (2001) 55-list DRM pool, augmented with uploaded 2024 supplementary workbook metrics",55 DRM list-Supplementary Material-08-16-24.xlsx; Roediger-et-al-2001b_PBR.pdf; RoedigerEtAl_2001.xlsx,3.12385164096709,,0.0,0.079,A,0.614814814814815,0.508641975308642,0.465079365079365,0.330864197530864,0.8,0.65,0.29,0.58,3.89333333333333,0.012,0.053,0.1900883839762922,0.87,4.07889161984022,4.30779682103851,1.77,2.946,4.0,4.4,0.0073333333333333,bone,bone,False,False,21.0,3.12385164096709,,,,,,,,,,,,,,,,,,,,,,
occ_00874,ring,ring,list_word,T9,9,wish,wish,roediger2001_55::wish,Roediger2001_55_15word_lists,"Roediger et al. (2001) 55-list DRM pool, augmented with uploaded 2024 supplementary workbook metrics",55 DRM list-Supplementary Material-08-16-24.xlsx; Roediger-et-al-2001b_PBR.pdf; RoedigerEtAl_2001.xlsx,3.67495294804857,,0.0,0.0,A,0.614814814814815,0.508641975308642,0.465079365079365,0.330864197530864,0.8,0.65,0.29,0.58,3.89333333333333,0.012,0.053,0.1900883839762922,0.87,4.07889161984022,4.30779682103851,1.77,2.946,4.0,4.4,0.0073333333333333,ring,ring,False,False,21.0,3.67495294804857,,,,,,,,,,,,,,,,,,,,,,
occ_00875,wash,wash,list_word,T10,10,wish,wish,roediger2001_55::wish,Roediger2001_55_15word_lists,"Roediger et al. (2001) 55-list DRM pool, augmented with uploaded 2024 supplementary workbook metrics",55 DRM list-Supplementary Material-08-16-24.xlsx; Roediger-et-al-2001b_PBR.pdf; RoedigerEtAl_2001.xlsx,3.31764554322116,,0.0,0.016,A,0.614814814814815,0.508641975308642,0.465079365079365,0.330864197530864,0.8,0.65,0.29,0.58,3.89333333333333,0.012,0.053,0.1900883839762922,0.87,4.07889161984022,4.30779682103851,1.77,2.946,4.0,4.4,0.0073333333333333,wash,wash,False,False,21.0,3.31764554322116,,,,,,,,,,,,,,,,,,,,,,
occ_00876,thought,thought,list_word,T11,11,wish,wish,roediger2001_55::wish,Roediger2001_55_15word_lists,"Roediger et al. (2001) 55-list DRM pool, augmented with uploaded 2024 supplementary workbook metrics",55 DRM list-Supplementary Material-08-16-24.xlsx; Roediger-et-al-2001b_PBR.pdf; RoedigerEtAl_2001.xlsx,4.61524493402638,,0.0,0.0,A,0.614814814814815,0.508641975308642,0.465079365079365,0.330864197530864,0.8,0.65,0.29,0.58,3.89333333333333,0.012,0.053,0.1900883839762922,0.87,4.07889161984022,4.30779682103851,1.77,2.946,4.0,4.4,0.0073333333333333,thought,thought,False,False,21.0,4.61524493402638,,,,,,,,,,,,,,,,,,,,,,
occ_00877,get,get,list_word,T12,12,wish,wish,roediger2001_55::wish,Roediger2001_55_15word_lists,"Roediger et al. (2001) 55-list DRM pool, augmented with uploaded 2024 supplementary workbook metrics",55 DRM list-Supplementary Material-08-16-24.xlsx; Roediger-et-al-2001b_PBR.pdf; RoedigerEtAl_2001.xlsx,5.36879435016141,,0.0,0.0,A,0.614814814814815,0.508641975308642,0.465079365079365,0.330864197530864,0.8,0.65,0.29,0.58,3.89333333333333,0.012,0.053,0.1900883839762922,0.87,4.07889161984022,4.30779682103851,1.77,2.946,4.0,4.4,0.0073333333333333,get,get,False,False,21.0,5.36879435016141,,,,,,,,,,,,,,,,,,,,,,
occ_00878,true,true,list_word,T13,13,wish,wish,roediger2001_55::wish,Roediger2001_55_15word_lists,"Roediger et al. (2001) 55-list DRM pool, augmented with uploaded 2024 supplementary workbook metrics",55 DRM list-Supplementary Material-08-16-24.xlsx; Roediger-et-al-2001b_PBR.pdf; RoedigerEtAl_2001.xlsx,4.11132973670415,,0.0,0.016,A,0.614814814814815,0.508641975308642,0.465079365079365,0.330864197530864,0.8,0.65,0.29,0.58,3.89333333333333,0.012,0.053,0.1900883839762922,0.87,4.07889161984022,4.30779682103851,1.77,2.946,4.0,4.4,0.0073333333333333,true,true,False,False,21.0,4.11132973670415,,,,,,,,,,,,,,,,,,,,,,
occ_00879,for,for,list_word,T14,14,wish,wish,roediger2001_55::wish,Roediger2001_55_15word_lists,"Roediger et al. (2001) 55-list DRM pool, augmented with uploaded 2024 supplementary workbook metrics",55 DRM list-Supplementary Material-08-16-24.xlsx; Roediger-et-al-2001b_PBR.pdf; RoedigerEtAl_2001.xlsx,5.54611185676681,,0.0,0.0,A,0.614814814814815,0.508641975308642,0.465079365079365,0.330864197530864,0.8,0.65,0.29,0.58,3.89333333333333,0.012,0.053,0.1900883839762922,0.87,4.07889161984022,4.30779682103851,1.77,2.946,4.0,4.4,0.0073333333333333,for,for,False,False,21.0,5.54611185676681,,,,,,,,,,,,,,,,,,,,,,
occ_00880,money,money,list_word,T15,15,wish,wish,roediger2001_55::wish,Roediger2001_55_15word_lists,"Roediger et al. (2001) 55-list DRM pool, augmented with uploaded 2024 supplementary workbook metrics",55 DRM list-Supplementary Material-08-16-24.xlsx; Roediger-et-al-2001b_PBR.pdf; RoedigerEtAl_2001.xlsx,4.51428204786038,,0.0,0.0,A,0.614814814814815,0.508641975308642,0.465079365079365,0.330864197530864,0.8,0.65,0.29,0.58,3.89333333333333,0.012,0.053,0.1900883839762922,0.87,4.07889161984022,4.30779682103851,1.77,2.946,4.0,4.4,0.0073333333333333,money,money,False,False,21.0,4.51428204786038,,,,,,,,,,,,,,,,,,,,,,
